key,label,family,role,subepisode,reward,temp_mae,comp_mae,outside_band_frac,sg_policy_step_frac,sg_supervisor_step_frac,sg_held_step_frac,sg_fallback_step_frac,sg_policy_decision_frac,sg_adv_median,sg_adv_q10,sg_adv_q90,sg_decision_count
ofmpc,OF-MPC,baseline,baseline,1,-2.476675969510907,0.2927732284734549,0.0026222558162572783,0.4425,nan,nan,nan,nan,nan,nan,nan,nan,nan
ofmpc,OF-MPC,baseline,baseline,2,7.873268440319639,0.1859443400722817,0.001504918606746554,0.2525,nan,nan,nan,nan,nan,nan,nan,nan,nan
ofmpc,OF-MPC,baseline,baseline,3,7.984065811175101,0.18506170835357416,0.0014993545878393077,0.2525,nan,nan,nan,nan,nan,nan,nan,nan,nan
ofmpc,OF-MPC,baseline,baseline,4,8.105314648841453,0.18410433280222827,0.0014934912403808188,0.2525,nan,nan,nan,nan,nan,nan,nan,nan,nan
ofmpc,OF-MPC,baseline,baseline,5,8.225176767892254,0.18307377468237043,0.0014873239022055184,0.255,nan,nan,nan,nan,nan,nan,nan,nan,nan
ofmpc,OF-MPC,baseline,baseline,6,8.348162221262948,0.18196794796153287,0.0014808790919532302,0.25,nan,nan,nan,nan,nan,nan,nan,nan,nan
ofmpc,OF-MPC,baseline,baseline,7,8.481457057038652,0.18077406538560614,0.0014741186759694492,0.25,nan,nan,nan,nan,nan,nan,nan,nan,nan
ofmpc,OF-MPC,baseline,baseline,8,8.645506168281027,0.17952259314884092,0.0014670029785861297,0.2525,nan,nan,nan,nan,nan,nan,nan,nan,nan
ofmpc,OF-MPC,baseline,baseline,9,8.805426287438875,0.17844941759630806,0.001459538116298835,0.2475,nan,nan,nan,nan,nan,nan,nan,nan,nan
ofmpc,OF-MPC,baseline,baseline,10,8.92119540916416,0.1775348211956434,0.001451493760816787,0.2475,nan,nan,nan,nan,nan,nan,nan,nan,nan
ofmpc,OF-MPC,baseline,baseline,11,9.069503086859898,0.1765203100347273,0.00144319845785996,0.245,nan,nan,nan,nan,nan,nan,nan,nan,nan
ofmpc,OF-MPC,baseline,baseline,12,9.243185570367876,0.1753988610256166,0.0014345666710235622,0.2425,nan,nan,nan,nan,nan,nan,nan,nan,nan
ofmpc,OF-MPC,baseline,baseline,13,9.45387380507967,0.1742016073916669,0.0014255053836890108,0.2375,nan,nan,nan,nan,nan,nan,nan,nan,nan
ofmpc,OF-MPC,baseline,baseline,14,9.61788057954454,0.17312851630756904,0.0014159502630637813,0.2325,nan,nan,nan,nan,nan,nan,nan,nan,nan
ofmpc,OF-MPC,baseline,baseline,15,10.100128986671564,0.17205239472159162,0.001401390535097299,0.2275,nan,nan,nan,nan,nan,nan,nan,nan,nan
ofmpc,OF-MPC,baseline,baseline,16,10.176873784431722,0.17168944406692405,0.001393234579787609,0.2275,nan,nan,nan,nan,nan,nan,nan,nan,nan
ofmpc,OF-MPC,baseline,baseline,17,10.219684132854095,0.17139963400450678,0.0013906836628214878,0.2275,nan,nan,nan,nan,nan,nan,nan,nan,nan
ofmpc,OF-MPC,baseline,baseline,18,10.264523988789927,0.17109971799372922,0.0013881200272814387,0.225,nan,nan,nan,nan,nan,nan,nan,nan,nan
ofmpc,OF-MPC,baseline,baseline,19,10.30937578095216,0.17079688979140342,0.001385501770701865,0.225,nan,nan,nan,nan,nan,nan,nan,nan,nan
ofmpc,OF-MPC,baseline,baseline,20,10.35485349832279,0.17048790864636948,0.0013828495606076285,0.225,nan,nan,nan,nan,nan,nan,nan,nan,nan
ofmpc,OF-MPC,baseline,baseline,21,10.401200014757492,0.17017150367727332,0.0013801582149528524,0.225,nan,nan,nan,nan,nan,nan,nan,nan,nan
ofmpc,OF-MPC,baseline,baseline,22,10.448583628614108,0.16984697820819192,0.0013774804343535518,0.225,nan,nan,nan,nan,nan,nan,nan,nan,nan
ofmpc,OF-MPC,baseline,baseline,23,10.496895861215647,0.16951615418640872,0.0013747251789687181,0.2225,nan,nan,nan,nan,nan,nan,nan,nan,nan
ofmpc,OF-MPC,baseline,baseline,24,10.54544063381245,0.16917820209054635,0.001371967433045807,0.2225,nan,nan,nan,nan,nan,nan,nan,nan,nan
ofmpc,OF-MPC,baseline,baseline,25,10.59335721509868,0.16883439596278357,0.0013691919896722427,0.22,nan,nan,nan,nan,nan,nan,nan,nan,nan
ofmpc,OF-MPC,baseline,baseline,26,10.643358103697313,0.168475480644632,0.0013663854504692779,0.2175,nan,nan,nan,nan,nan,nan,nan,nan,nan
ofmpc,OF-MPC,baseline,baseline,27,10.692889207875144,0.16811582424725124,0.0013634884335715328,0.2175,nan,nan,nan,nan,nan,nan,nan,nan,nan
ofmpc,OF-MPC,baseline,baseline,28,10.742518071456754,0.1677506515991219,0.0013605979565293378,0.215,nan,nan,nan,nan,nan,nan,nan,nan,nan
ofmpc,OF-MPC,baseline,baseline,29,10.793186449238156,0.16737780928593624,0.0013576519161884193,0.215,nan,nan,nan,nan,nan,nan,nan,nan,nan
ofmpc,OF-MPC,baseline,baseline,30,10.844988742232466,0.1669946026775802,0.0013547003202693518,0.2125,nan,nan,nan,nan,nan,nan,nan,nan,nan
ofmpc,OF-MPC,baseline,baseline,31,10.89685595228568,0.16660586532791669,0.001351682644561278,0.2125,nan,nan,nan,nan,nan,nan,nan,nan,nan
ofmpc,OF-MPC,baseline,baseline,32,10.158011037998962,0.16639159687308377,0.0013571225090201788,0.21,nan,nan,nan,nan,nan,nan,nan,nan,nan
ofmpc,OF-MPC,baseline,baseline,33,9.944378844136448,0.16929305846349504,0.0013600278104826868,0.22,nan,nan,nan,nan,nan,nan,nan,nan,nan
ofmpc,OF-MPC,baseline,baseline,34,9.451666614244294,0.17269981997254227,0.001389164962377678,0.2275,nan,nan,nan,nan,nan,nan,nan,nan,nan
ofmpc,OF-MPC,baseline,baseline,35,9.014879891842476,0.17559741926100622,0.0014148614433917794,0.24,nan,nan,nan,nan,nan,nan,nan,nan,nan
ofmpc,OF-MPC,baseline,baseline,36,8.597737526049297,0.17841203693238267,0.0014373488671479008,0.2475,nan,nan,nan,nan,nan,nan,nan,nan,nan
ofmpc,OF-MPC,baseline,baseline,37,8.196275536822368,0.1814006955167634,0.001457304944483974,0.25,nan,nan,nan,nan,nan,nan,nan,nan,nan
ofmpc,OF-MPC,baseline,baseline,38,7.853028297506255,0.1843873773327971,0.0014748551811481067,0.255,nan,nan,nan,nan,nan,nan,nan,nan,nan
ofmpc,OF-MPC,baseline,baseline,39,7.551944271923657,0.1868293232331721,0.0014902947420262558,0.255,nan,nan,nan,nan,nan,nan,nan,nan,nan
ofmpc,OF-MPC,baseline,baseline,40,7.264850161607337,0.18906898152068108,0.0015039276497949856,0.2525,nan,nan,nan,nan,nan,nan,nan,nan,nan
ofmpc,OF-MPC,baseline,baseline,41,7.002541474482475,0.1909520640681528,0.001515921108129223,0.255,nan,nan,nan,nan,nan,nan,nan,nan,nan
ofmpc,OF-MPC,baseline,baseline,42,6.800034482563541,0.19240640650741495,0.00152643554815798,0.2575,nan,nan,nan,nan,nan,nan,nan,nan,nan
ofmpc,OF-MPC,baseline,baseline,43,6.573252606329734,0.19367461224142343,0.0015356580122755086,0.2525,nan,nan,nan,nan,nan,nan,nan,nan,nan
ofmpc,OF-MPC,baseline,baseline,44,6.364201858330659,0.19488125062669784,0.0015436421427291389,0.25,nan,nan,nan,nan,nan,nan,nan,nan,nan
ofmpc,OF-MPC,baseline,baseline,45,6.157954441059336,0.19617497606463588,0.0015506951869593676,0.2475,nan,nan,nan,nan,nan,nan,nan,nan,nan
ofmpc,OF-MPC,baseline,baseline,46,5.887413530440242,0.1979338119612958,0.001556961943273239,0.25,nan,nan,nan,nan,nan,nan,nan,nan,nan
ofmpc,OF-MPC,baseline,baseline,47,5.730695471434379,0.19952846734561455,0.0015624853858065217,0.245,nan,nan,nan,nan,nan,nan,nan,nan,nan
ofmpc,OF-MPC,baseline,baseline,48,5.479958658694686,0.20127104503906498,0.0015674936018734696,0.245,nan,nan,nan,nan,nan,nan,nan,nan,nan
ofmpc,OF-MPC,baseline,baseline,49,5.643162620116858,0.2027032048531191,0.0015691513267016217,0.24,nan,nan,nan,nan,nan,nan,nan,nan,nan
ofmpc,OF-MPC,baseline,baseline,50,5.10956248506398,0.20152726961118603,0.0015924713151098818,0.2375,nan,nan,nan,nan,nan,nan,nan,nan,nan
ofmpc,OF-MPC,baseline,baseline,51,5.286139646568635,0.20038135614636698,0.0015896066591013802,0.2425,nan,nan,nan,nan,nan,nan,nan,nan,nan
ofmpc,OF-MPC,baseline,baseline,52,5.4598006850109115,0.19924052042747484,0.0015867120459357356,0.24,nan,nan,nan,nan,nan,nan,nan,nan,nan
ofmpc,OF-MPC,baseline,baseline,53,5.562988276479739,0.19829154028125529,0.0015835221930248383,0.245,nan,nan,nan,nan,nan,nan,nan,nan,nan
ofmpc,OF-MPC,baseline,baseline,54,5.68596509159391,0.19727974312416,0.0015799607225435916,0.2475,nan,nan,nan,nan,nan,nan,nan,nan,nan
ofmpc,OF-MPC,baseline,baseline,55,5.872359298117765,0.1961153420130516,0.001576055810811361,0.245,nan,nan,nan,nan,nan,nan,nan,nan,nan
ofmpc,OF-MPC,baseline,baseline,56,6.060408403566564,0.1951620386832567,0.001572008896361934,0.2475,nan,nan,nan,nan,nan,nan,nan,nan,nan
ofmpc,OF-MPC,baseline,baseline,57,6.189391655366002,0.19439575529216582,0.0015678532831760567,0.2475,nan,nan,nan,nan,nan,nan,nan,nan,nan
ofmpc,OF-MPC,baseline,baseline,58,6.351840641714521,0.19357098736616826,0.0015630656763434758,0.25,nan,nan,nan,nan,nan,nan,nan,nan,nan
ofmpc,OF-MPC,baseline,baseline,59,6.503650312827745,0.19284541035923639,0.001557861736158226,0.2525,nan,nan,nan,nan,nan,nan,nan,nan,nan
ofmpc,OF-MPC,baseline,baseline,60,6.676103710998977,0.1920567288391215,0.0015523371297999084,0.255,nan,nan,nan,nan,nan,nan,nan,nan,nan
ofmpc,OF-MPC,baseline,baseline,61,6.790329580861189,0.191279879096694,0.001546285297493556,0.255,nan,nan,nan,nan,nan,nan,nan,nan,nan
ofmpc,OF-MPC,baseline,baseline,62,6.940895732690129,0.1903423764184341,0.0015397037817695216,0.2525,nan,nan,nan,nan,nan,nan,nan,nan,nan
ofmpc,OF-MPC,baseline,baseline,63,7.110965111310391,0.18924398690185862,0.0015326226469068937,0.2525,nan,nan,nan,nan,nan,nan,nan,nan,nan
ofmpc,OF-MPC,baseline,baseline,64,7.293888415807614,0.18797252416305818,0.0015249324286994142,0.2525,nan,nan,nan,nan,nan,nan,nan,nan,nan
ofmpc,OF-MPC,baseline,baseline,65,7.4901018962943455,0.186575539165405,0.0015166689914126623,0.2525,nan,nan,nan,nan,nan,nan,nan,nan,nan
ofmpc,OF-MPC,baseline,baseline,66,8.088654491733344,0.18634930603930727,0.0015018484364830284,0.2525,nan,nan,nan,nan,nan,nan,nan,nan,nan
ofmpc,OF-MPC,baseline,baseline,67,8.061275135720997,0.18675050440540644,0.00149578624758807,0.255,nan,nan,nan,nan,nan,nan,nan,nan,nan
ofmpc,OF-MPC,baseline,baseline,68,7.981085236199107,0.18735341005931805,0.0014995187220877254,0.255,nan,nan,nan,nan,nan,nan,nan,nan,nan
ofmpc,OF-MPC,baseline,baseline,69,7.8943467860872785,0.18797009015601682,0.001503175730603112,0.255,nan,nan,nan,nan,nan,nan,nan,nan,nan
ofmpc,OF-MPC,baseline,baseline,70,7.817140536180359,0.18855935052360132,0.0015066736586192564,0.2525,nan,nan,nan,nan,nan,nan,nan,nan,nan
ofmpc,OF-MPC,baseline,baseline,71,7.743074595047205,0.18910883606900478,0.001510068592134064,0.255,nan,nan,nan,nan,nan,nan,nan,nan,nan
ofmpc,OF-MPC,baseline,baseline,72,7.665119364175399,0.18963678713665352,0.0015133333538373173,0.255,nan,nan,nan,nan,nan,nan,nan,nan,nan
ofmpc,OF-MPC,baseline,baseline,73,7.591221097437804,0.19013023009790442,0.001516488046209561,0.255,nan,nan,nan,nan,nan,nan,nan,nan,nan
ofmpc,OF-MPC,baseline,baseline,74,7.521673713423663,0.19059303602280095,0.0015195393215879638,0.255,nan,nan,nan,nan,nan,nan,nan,nan,nan
ofmpc,OF-MPC,baseline,baseline,75,7.460781355493362,0.19102134824491926,0.0015224218701729102,0.2575,nan,nan,nan,nan,nan,nan,nan,nan,nan
ofmpc,OF-MPC,baseline,baseline,76,7.404162137971807,0.19142286550486837,0.0015252420389242803,0.2575,nan,nan,nan,nan,nan,nan,nan,nan,nan
ofmpc,OF-MPC,baseline,baseline,77,7.352644168661485,0.19179111118118933,0.0015279677761622329,0.2575,nan,nan,nan,nan,nan,nan,nan,nan,nan
ofmpc,OF-MPC,baseline,baseline,78,7.312549683131399,0.19212438732576062,0.0015305925090190224,0.255,nan,nan,nan,nan,nan,nan,nan,nan,nan
ofmpc,OF-MPC,baseline,baseline,79,7.2691036095272485,0.19244708880765024,0.0015331152053290379,0.255,nan,nan,nan,nan,nan,nan,nan,nan,nan
ofmpc,OF-MPC,baseline,baseline,80,7.197487597196195,0.192794932362706,0.0015355550264734659,0.255,nan,nan,nan,nan,nan,nan,nan,nan,nan
ofmpc,OF-MPC,baseline,baseline,81,7.11581775238301,0.19314446946567546,0.0015379790219529211,0.2525,nan,nan,nan,nan,nan,nan,nan,nan,nan
ofmpc,OF-MPC,baseline,baseline,82,7.045060516457707,0.1934721064887939,0.0015403104273786859,0.2525,nan,nan,nan,nan,nan,nan,nan,nan,nan
ofmpc,OF-MPC,baseline,baseline,83,6.988472081656312,0.19377732850872206,0.001542559025815053,0.2525,nan,nan,nan,nan,nan,nan,nan,nan,nan
ofmpc,OF-MPC,baseline,baseline,84,6.926389313609362,0.1941109090419895,0.0015447238268988784,0.2525,nan,nan,nan,nan,nan,nan,nan,nan,nan
ofmpc,OF-MPC,baseline,baseline,85,6.856472919754368,0.19446917454145513,0.0015467672439229813,0.25,nan,nan,nan,nan,nan,nan,nan,nan,nan
ofmpc,OF-MPC,baseline,baseline,86,6.819777732744428,0.19477948292181235,0.0015486584257280547,0.25,nan,nan,nan,nan,nan,nan,nan,nan,nan
ofmpc,OF-MPC,baseline,baseline,87,6.780319981103694,0.19510298911790788,0.0015505212768061598,0.2475,nan,nan,nan,nan,nan,nan,nan,nan,nan
ofmpc,OF-MPC,baseline,baseline,88,6.7063133422790635,0.1954650210241632,0.0015524009939601113,0.2475,nan,nan,nan,nan,nan,nan,nan,nan,nan
ofmpc,OF-MPC,baseline,baseline,89,6.63493042837759,0.19583212396657687,0.001554191416377067,0.2475,nan,nan,nan,nan,nan,nan,nan,nan,nan
ofmpc,OF-MPC,baseline,baseline,90,5.799678543703757,0.19497254329387279,0.0015678400027444627,0.2475,nan,nan,nan,nan,nan,nan,nan,nan,nan
ofmpc,OF-MPC,baseline,baseline,91,5.916998268207581,0.19416282871405252,0.001573528342714282,0.2475,nan,nan,nan,nan,nan,nan,nan,nan,nan
ofmpc,OF-MPC,baseline,baseline,92,6.134241600192885,0.1931011977668115,0.001566809625488797,0.2525,nan,nan,nan,nan,nan,nan,nan,nan,nan
ofmpc,OF-MPC,baseline,baseline,93,6.3731798546090275,0.19204592785316585,0.0015593849310228103,0.255,nan,nan,nan,nan,nan,nan,nan,nan,nan
ofmpc,OF-MPC,baseline,baseline,94,6.537733512666039,0.19096228209438437,0.001551110996688378,0.255,nan,nan,nan,nan,nan,nan,nan,nan,nan
ofmpc,OF-MPC,baseline,baseline,95,6.760803288837756,0.18958354100712857,0.0015418582808623097,0.2525,nan,nan,nan,nan,nan,nan,nan,nan,nan
ofmpc,OF-MPC,baseline,baseline,96,7.006732350971806,0.1878944417883362,0.0015315850337067221,0.2525,nan,nan,nan,nan,nan,nan,nan,nan,nan
ofmpc,OF-MPC,baseline,baseline,97,7.2580014237053705,0.18603500324594605,0.0015201482519531797,0.2525,nan,nan,nan,nan,nan,nan,nan,nan,nan
ofmpc,OF-MPC,baseline,baseline,98,7.516087748346076,0.18400002384473713,0.0015075720185622516,0.2525,nan,nan,nan,nan,nan,nan,nan,nan,nan
ofmpc,OF-MPC,baseline,baseline,99,7.787305872536573,0.18160572493143923,0.0014934811459614286,0.25,nan,nan,nan,nan,nan,nan,nan,nan,nan
ofmpc,OF-MPC,baseline,baseline,100,8.132037194666463,0.17893825511527284,0.0014777377090982743,0.2475,nan,nan,nan,nan,nan,nan,nan,nan,nan
ofmpc,OF-MPC,baseline,baseline,101,8.431144428481307,0.1767567266126242,0.0014602730072693934,0.245,nan,nan,nan,nan,nan,nan,nan,nan,nan
ofmpc,OF-MPC,baseline,baseline,102,8.84270480580574,0.1742109194962703,0.0014408580245553716,0.2375,nan,nan,nan,nan,nan,nan,nan,nan,nan
ofmpc,OF-MPC,baseline,baseline,103,9.191440860350978,0.1717732075089895,0.0014193475285850519,0.23,nan,nan,nan,nan,nan,nan,nan,nan,nan
ofmpc,OF-MPC,baseline,baseline,104,9.59439093229934,0.16891109212678498,0.0013953617548485558,0.2225,nan,nan,nan,nan,nan,nan,nan,nan,nan
ofmpc,OF-MPC,baseline,baseline,105,10.056588160318318,0.16542201851602514,0.0013685956536840247,0.21,nan,nan,nan,nan,nan,nan,nan,nan,nan
ofmpc,OF-MPC,baseline,baseline,106,10.581009788989432,0.16142800510209343,0.0013387958489382052,0.195,nan,nan,nan,nan,nan,nan,nan,nan,nan
ofmpc,OF-MPC,baseline,baseline,107,11.14741605239739,0.15743912714577635,0.0013057168951687988,0.13,nan,nan,nan,nan,nan,nan,nan,nan,nan
ofmpc,OF-MPC,baseline,baseline,108,12.230856112907947,0.1546384595347501,0.0012684726807433147,0.11,nan,nan,nan,nan,nan,nan,nan,nan,nan
ofmpc,OF-MPC,baseline,baseline,109,11.802129248179245,0.1578641094045584,0.0012729664524845858,0.1225,nan,nan,nan,nan,nan,nan,nan,nan,nan
ofmpc,OF-MPC,baseline,baseline,110,11.364806886446837,0.16088799634666792,0.0012984927274541647,0.14,nan,nan,nan,nan,nan,nan,nan,nan,nan
ofmpc,OF-MPC,baseline,baseline,111,10.946537830832645,0.16392148330755185,0.0013221359202814393,0.1975,nan,nan,nan,nan,nan,nan,nan,nan,nan
ofmpc,OF-MPC,baseline,baseline,112,10.555302726708357,0.16687516449674686,0.0013439962389651375,0.2075,nan,nan,nan,nan,nan,nan,nan,nan,nan
ofmpc,OF-MPC,baseline,baseline,113,10.156464121695757,0.16943697852608458,0.0013647133557064051,0.22,nan,nan,nan,nan,nan,nan,nan,nan,nan
ofmpc,OF-MPC,baseline,baseline,114,9.873571493254374,0.17162444939187652,0.0013829296459605051,0.225,nan,nan,nan,nan,nan,nan,nan,nan,nan
ofmpc,OF-MPC,baseline,baseline,115,9.598478751987052,0.17352056469870106,0.0014002223659077195,0.2325,nan,nan,nan,nan,nan,nan,nan,nan,nan
ofmpc,OF-MPC,baseline,baseline,116,9.305611528530562,0.1753750340677299,0.001416132404522385,0.24,nan,nan,nan,nan,nan,nan,nan,nan,nan
ofmpc,OF-MPC,baseline,baseline,117,9.022138179472224,0.17724815708910494,0.001430634594021327,0.245,nan,nan,nan,nan,nan,nan,nan,nan,nan
ofmpc,OF-MPC,baseline,baseline,118,8.805917957610005,0.1788726209865501,0.0014442086892195035,0.2475,nan,nan,nan,nan,nan,nan,nan,nan,nan
ofmpc,OF-MPC,baseline,baseline,119,8.529527569096803,0.1808278850609175,0.0014567166703257927,0.25,nan,nan,nan,nan,nan,nan,nan,nan,nan
ofmpc,OF-MPC,baseline,baseline,120,8.295505386847609,0.18283317590294845,0.001468256131916275,0.255,nan,nan,nan,nan,nan,nan,nan,nan,nan
ofmpc,OF-MPC,baseline,baseline,121,8.089680861698866,0.18460261063366842,0.00147888779084455,0.2525,nan,nan,nan,nan,nan,nan,nan,nan,nan
ofmpc,OF-MPC,baseline,baseline,122,7.89238091418817,0.18616436720549245,0.00148868670477829,0.255,nan,nan,nan,nan,nan,nan,nan,nan,nan
ofmpc,OF-MPC,baseline,baseline,123,7.717679737211893,0.18758036757805643,0.0014976989975920502,0.255,nan,nan,nan,nan,nan,nan,nan,nan,nan
ofmpc,OF-MPC,baseline,baseline,124,7.533905518074375,0.18898357353638212,0.0015060588555797878,0.255,nan,nan,nan,nan,nan,nan,nan,nan,nan
ofmpc,OF-MPC,baseline,baseline,125,7.356470361884339,0.1902145139080541,0.0015138018399212876,0.255,nan,nan,nan,nan,nan,nan,nan,nan,nan
ofmpc,OF-MPC,baseline,baseline,126,7.199040859644793,0.19127243931055835,0.001520910088696454,0.2575,nan,nan,nan,nan,nan,nan,nan,nan,nan
ofmpc,OF-MPC,baseline,baseline,127,7.08475741480806,0.19215095893549133,0.0015273831825559575,0.2575,nan,nan,nan,nan,nan,nan,nan,nan,nan
ofmpc,OF-MPC,baseline,baseline,128,6.9603903078046025,0.192942978565379,0.0015333548929451811,0.255,nan,nan,nan,nan,nan,nan,nan,nan,nan
ofmpc,OF-MPC,baseline,baseline,129,6.789587114656187,0.19374283773878342,0.0015389113287605357,0.2525,nan,nan,nan,nan,nan,nan,nan,nan,nan
ofmpc,OF-MPC,baseline,baseline,130,6.643118587493276,0.19452837190240013,0.0015440469470736678,0.25,nan,nan,nan,nan,nan,nan,nan,nan,nan
ofmpc,OF-MPC,baseline,baseline,131,6.544649672157035,0.19528488741650585,0.0015485895052059218,0.25,nan,nan,nan,nan,nan,nan,nan,nan,nan
ofmpc,OF-MPC,baseline,baseline,132,6.959331901479978,0.19598321683322045,0.0015469294233295843,0.2475,nan,nan,nan,nan,nan,nan,nan,nan,nan
ofmpc,OF-MPC,baseline,baseline,133,6.670059323089269,0.19577941989632014,0.0015588394627507674,0.2475,nan,nan,nan,nan,nan,nan,nan,nan,nan
ofmpc,OF-MPC,baseline,baseline,134,6.695852057032908,0.1956370559638369,0.0015581875609717293,0.2475,nan,nan,nan,nan,nan,nan,nan,nan,nan
ofmpc,OF-MPC,baseline,baseline,135,6.718349777981229,0.19550610344291872,0.0015575338640746498,0.2475,nan,nan,nan,nan,nan,nan,nan,nan,nan
ofmpc,OF-MPC,baseline,baseline,136,6.747630585799065,0.19536519307567388,0.0015568689413727943,0.2475,nan,nan,nan,nan,nan,nan,nan,nan,nan
ofmpc,OF-MPC,baseline,baseline,137,6.778287952922654,0.19522596634331443,0.0015562193650540098,0.2475,nan,nan,nan,nan,nan,nan,nan,nan,nan
ofmpc,OF-MPC,baseline,baseline,138,6.806772363676224,0.19509211769802057,0.0015555489005328483,0.2475,nan,nan,nan,nan,nan,nan,nan,nan,nan
ofmpc,OF-MPC,baseline,baseline,139,6.831513150723431,0.19496098114936944,0.0015548589673447149,0.2475,nan,nan,nan,nan,nan,nan,nan,nan,nan
ofmpc,OF-MPC,baseline,baseline,140,6.855510024014518,0.19483143843448095,0.0015541730163905242,0.2475,nan,nan,nan,nan,nan,nan,nan,nan,nan
ofmpc,OF-MPC,baseline,baseline,141,6.868483482777176,0.1947159614198798,0.0015534813171866368,0.2475,nan,nan,nan,nan,nan,nan,nan,nan,nan
ofmpc,OF-MPC,baseline,baseline,142,6.879554724597752,0.1946032122019389,0.0015527880939960508,0.2475,nan,nan,nan,nan,nan,nan,nan,nan,nan
ofmpc,OF-MPC,baseline,baseline,143,6.892892791402423,0.19448871377868288,0.0015520867699913433,0.2475,nan,nan,nan,nan,nan,nan,nan,nan,nan
ofmpc,OF-MPC,baseline,baseline,144,6.906810990443725,0.19437965674440555,0.0015513863895556036,0.2475,nan,nan,nan,nan,nan,nan,nan,nan,nan
ofmpc,OF-MPC,baseline,baseline,145,6.928842452532158,0.19425126256240163,0.0015506777807858566,0.2475,nan,nan,nan,nan,nan,nan,nan,nan,nan
ofmpc,OF-MPC,baseline,baseline,146,6.95378183762135,0.1941196505139085,0.0015499025429917817,0.25,nan,nan,nan,nan,nan,nan,nan,nan,nan
ofmpc,OF-MPC,baseline,baseline,147,6.982907644041454,0.1939810125598661,0.0015491369234413546,0.2525,nan,nan,nan,nan,nan,nan,nan,nan,nan
ofmpc,OF-MPC,baseline,baseline,148,7.0143045893721565,0.19384423825208896,0.0015483399869731804,0.2525,nan,nan,nan,nan,nan,nan,nan,nan,nan
ofmpc,OF-MPC,baseline,baseline,149,7.036144358196537,0.19371886122498894,0.0015475514733766802,0.2525,nan,nan,nan,nan,nan,nan,nan,nan,nan
ofmpc,OF-MPC,baseline,baseline,150,7.05579453781208,0.19360433140778674,0.0015467435929443047,0.2525,nan,nan,nan,nan,nan,nan,nan,nan,nan
ofmpc,OF-MPC,baseline,baseline,151,7.076619503545521,0.19349275048707174,0.0015459278838171105,0.2525,nan,nan,nan,nan,nan,nan,nan,nan,nan
ofmpc,OF-MPC,baseline,baseline,152,7.098584740805673,0.193379339758853,0.0015450919780602063,0.2525,nan,nan,nan,nan,nan,nan,nan,nan,nan
ofmpc,OF-MPC,baseline,baseline,153,7.122416157308999,0.19326360588071423,0.0015442489753094803,0.2525,nan,nan,nan,nan,nan,nan,nan,nan,nan
ofmpc,OF-MPC,baseline,baseline,154,7.148556959930254,0.19314409697934376,0.0015434009373662227,0.2525,nan,nan,nan,nan,nan,nan,nan,nan,nan
ofmpc,OF-MPC,baseline,baseline,155,7.176077118718796,0.1930212119827265,0.0015425310589483293,0.2525,nan,nan,nan,nan,nan,nan,nan,nan,nan
ofmpc,OF-MPC,baseline,baseline,156,7.204872710392483,0.192896238524524,0.0015416731915431853,0.2525,nan,nan,nan,nan,nan,nan,nan,nan,nan
ofmpc,OF-MPC,baseline,baseline,157,6.885154227837259,0.19280906670092413,0.0015440104132441368,0.2525,nan,nan,nan,nan,nan,nan,nan,nan,nan
ofmpc,OF-MPC,baseline,baseline,158,6.9958534863825355,0.19216895973664871,0.001545360635546359,0.255,nan,nan,nan,nan,nan,nan,nan,nan,nan
ofmpc,OF-MPC,baseline,baseline,159,7.058482360333255,0.19172039222466733,0.0015417657879467249,0.255,nan,nan,nan,nan,nan,nan,nan,nan,nan
ofmpc,OF-MPC,baseline,baseline,160,7.133230520658649,0.19121900685891824,0.0015379944591518038,0.255,nan,nan,nan,nan,nan,nan,nan,nan,nan
ofmpc,OF-MPC,baseline,baseline,161,7.220362541614925,0.19065547175462974,0.0015340418078295835,0.255,nan,nan,nan,nan,nan,nan,nan,nan,nan
ofmpc,OF-MPC,baseline,baseline,162,7.315996423109495,0.19003487183073378,0.0015299344591582986,0.2525,nan,nan,nan,nan,nan,nan,nan,nan,nan
ofmpc,OF-MPC,baseline,baseline,163,7.4191460841365755,0.1893505105396082,0.0015255975282535007,0.255,nan,nan,nan,nan,nan,nan,nan,nan,nan
ofmpc,OF-MPC,baseline,baseline,164,7.5272219867727745,0.1886057687077345,0.00152104705209974,0.255,nan,nan,nan,nan,nan,nan,nan,nan,nan
ofmpc,OF-MPC,baseline,baseline,165,7.6357314415228394,0.1877986680153005,0.0015162469727834505,0.255,nan,nan,nan,nan,nan,nan,nan,nan,nan
ofmpc,OF-MPC,baseline,baseline,166,7.759176522549776,0.18693705350799114,0.0015112214132646507,0.2525,nan,nan,nan,nan,nan,nan,nan,nan,nan
ofmpc,OF-MPC,baseline,baseline,167,7.8542950512584255,0.18612666597444558,0.0015060315965493274,0.2525,nan,nan,nan,nan,nan,nan,nan,nan,nan
ofmpc,OF-MPC,baseline,baseline,168,7.96128666223119,0.1852650445861868,0.0015005419536801867,0.2525,nan,nan,nan,nan,nan,nan,nan,nan,nan
ofmpc,OF-MPC,baseline,baseline,169,8.079440423339856,0.18433156189491307,0.0014947818674499692,0.2525,nan,nan,nan,nan,nan,nan,nan,nan,nan
ofmpc,OF-MPC,baseline,baseline,170,8.200192090555722,0.1833225611155035,0.001488730286219708,0.255,nan,nan,nan,nan,nan,nan,nan,nan,nan
ofmpc,OF-MPC,baseline,baseline,171,8.321048542197866,0.18224116240914298,0.0014824088126113252,0.2525,nan,nan,nan,nan,nan,nan,nan,nan,nan
ofmpc,OF-MPC,baseline,baseline,172,8.449744480853946,0.18107798589475294,0.0014757499916016295,0.25,nan,nan,nan,nan,nan,nan,nan,nan,nan
ofmpc,OF-MPC,baseline,baseline,173,8.607246467293862,0.17982467114317044,0.001468767184303511,0.25,nan,nan,nan,nan,nan,nan,nan,nan,nan
ofmpc,OF-MPC,baseline,baseline,174,8.77472471780527,0.17870370475108657,0.0014614487470763972,0.2475,nan,nan,nan,nan,nan,nan,nan,nan,nan
ofmpc,OF-MPC,baseline,baseline,175,8.8802892822519,0.177785920418259,0.0014537198296760013,0.2475,nan,nan,nan,nan,nan,nan,nan,nan,nan
ofmpc,OF-MPC,baseline,baseline,176,8.864399048609773,0.1784071579378128,0.0014447748608706313,0.2475,nan,nan,nan,nan,nan,nan,nan,nan,nan
ofmpc,OF-MPC,baseline,baseline,177,8.65630831774841,0.17993646155479973,0.0014516997515352443,0.2525,nan,nan,nan,nan,nan,nan,nan,nan,nan
ofmpc,OF-MPC,baseline,baseline,178,8.387164532068418,0.18203942723731578,0.0014636166125440722,0.25,nan,nan,nan,nan,nan,nan,nan,nan,nan
ofmpc,OF-MPC,baseline,baseline,179,8.171433086835789,0.18390280084014812,0.0014746291372998565,0.255,nan,nan,nan,nan,nan,nan,nan,nan,nan
ofmpc,OF-MPC,baseline,baseline,180,7.972028922533843,0.18554312870478717,0.0014847609108287203,0.2525,nan,nan,nan,nan,nan,nan,nan,nan,nan
ofmpc,OF-MPC,baseline,baseline,181,7.799357269178459,0.18698025156145653,0.0014940545516519469,0.255,nan,nan,nan,nan,nan,nan,nan,nan,nan
ofmpc,OF-MPC,baseline,baseline,182,7.605532199893221,0.18842700459666673,0.0015027024344548558,0.255,nan,nan,nan,nan,nan,nan,nan,nan,nan
ofmpc,OF-MPC,baseline,baseline,183,7.427264057066595,0.18972992567520577,0.0015107146271141508,0.255,nan,nan,nan,nan,nan,nan,nan,nan,nan
ofmpc,OF-MPC,baseline,baseline,184,7.259926338165053,0.19085980184149098,0.001518071927780867,0.2575,nan,nan,nan,nan,nan,nan,nan,nan,nan
ofmpc,OF-MPC,baseline,baseline,185,7.124195574285044,0.19181571628063743,0.0015247947467719363,0.2575,nan,nan,nan,nan,nan,nan,nan,nan,nan
ofmpc,OF-MPC,baseline,baseline,186,7.024983406052622,0.19260817830454344,0.0015309573925612217,0.2575,nan,nan,nan,nan,nan,nan,nan,nan,nan
ofmpc,OF-MPC,baseline,baseline,187,6.852017886055087,0.19342908163663391,0.0015366921939889134,0.2525,nan,nan,nan,nan,nan,nan,nan,nan,nan
ofmpc,OF-MPC,baseline,baseline,188,6.721886613719089,0.19416228200795335,0.0015420188482789191,0.2525,nan,nan,nan,nan,nan,nan,nan,nan,nan
ofmpc,OF-MPC,baseline,baseline,189,6.585217724831753,0.19496726097739503,0.0015467310783896582,0.25,nan,nan,nan,nan,nan,nan,nan,nan,nan
ofmpc,OF-MPC,baseline,baseline,190,6.444371745397555,0.1957962002581651,0.0015511573840476403,0.2475,nan,nan,nan,nan,nan,nan,nan,nan,nan
ofmpc,OF-MPC,baseline,baseline,191,6.263412712907577,0.19680424625526155,0.0015552792992767036,0.2475,nan,nan,nan,nan,nan,nan,nan,nan,nan
ofmpc,OF-MPC,baseline,baseline,192,6.103808512695573,0.1979731090572539,0.0015591423371596996,0.25,nan,nan,nan,nan,nan,nan,nan,nan,nan
ofmpc,OF-MPC,baseline,baseline,193,6.002944238107996,0.19898542432368457,0.0015626931679561433,0.245,nan,nan,nan,nan,nan,nan,nan,nan,nan
ofmpc,OF-MPC,baseline,baseline,194,4.693654039167194,0.1980056795569783,0.0015782092398037057,0.245,nan,nan,nan,nan,nan,nan,nan,nan,nan
ofmpc,OF-MPC,baseline,baseline,195,4.488489332146679,0.1953713298126555,0.0016072745274215748,0.245,nan,nan,nan,nan,nan,nan,nan,nan,nan
ofmpc,OF-MPC,baseline,baseline,196,4.941753208850347,0.19314226464305972,0.0015951376802012085,0.25,nan,nan,nan,nan,nan,nan,nan,nan,nan
ofmpc,OF-MPC,baseline,baseline,197,5.377501576007403,0.19104517702495363,0.0015797804736876792,0.255,nan,nan,nan,nan,nan,nan,nan,nan,nan
ofmpc,OF-MPC,baseline,baseline,198,5.837302069624602,0.18810036937182822,0.0015608778266241823,0.25,nan,nan,nan,nan,nan,nan,nan,nan,nan
ofmpc,OF-MPC,baseline,baseline,199,6.339231715493111,0.18427027528892012,0.0015374805417436208,0.2525,nan,nan,nan,nan,nan,nan,nan,nan,nan
ofmpc,OF-MPC,baseline,baseline,200,6.926159462874596,0.1792269320609332,0.001508683107589077,0.25,nan,nan,nan,nan,nan,nan,nan,nan,nan
weights_current,Weights SG-TD3 current,weights,current,1,-2.4757971343220584,0.2927707191778444,0.002622321657885212,0.4425,0.0,0.0,0.0,0.0,nan,nan,nan,nan,0
weights_current,Weights SG-TD3 current,weights,current,2,7.874069683245648,0.18594152231035466,0.0015049713189922193,0.2525,0.0,0.0,0.0,0.0,nan,nan,nan,nan,0
weights_current,Weights SG-TD3 current,weights,current,3,7.9847975595233605,0.18505905208111023,0.00149940613132385,0.2525,0.0,0.0,0.0,0.0,nan,nan,nan,nan,0
weights_current,Weights SG-TD3 current,weights,current,4,8.105924556201765,0.18410211055489434,0.0014935419865018456,0.2525,0.0,0.0,0.0,0.0,nan,nan,nan,nan,0
weights_current,Weights SG-TD3 current,weights,current,5,8.225657526245664,0.18307196649804552,0.0014873741488288144,0.255,0.0,0.0,0.0,0.0,nan,nan,nan,nan,0
weights_current,Weights SG-TD3 current,weights,current,6,8.348965000563991,0.18196566273979833,0.0014809316486112634,0.25,0.0,0.0,0.0,0.0,nan,nan,nan,nan,0
weights_current,Weights SG-TD3 current,weights,current,7,8.481938704380315,0.18077234278615023,0.0014741697172206752,0.25,0.0,0.0,0.0,0.0,nan,nan,nan,nan,0
weights_current,Weights SG-TD3 current,weights,current,8,8.646113114652538,0.17952075608766044,0.0014670518705704732,0.2525,0.0,0.0,0.0,0.0,nan,nan,nan,nan,0
weights_current,Weights SG-TD3 current,weights,current,9,8.806242397490184,0.1784467768279042,0.0014595864385182817,0.2475,0.0,0.0,0.0,0.0,nan,nan,nan,nan,0
weights_current,Weights SG-TD3 current,weights,current,10,8.921790762841676,0.17753237362988525,0.0014515408397545338,0.2475,0.0,0.0,0.0,0.0,nan,nan,nan,nan,0
weights_current,Weights SG-TD3 current,weights,current,11,9.070162947450875,0.1765178214087376,0.0014432441652684016,0.245,0.0,0.9975,0.0,0.0,0.0,nan,nan,nan,399
weights_current,Weights SG-TD3 current,weights,current,12,9.243795266627322,0.17539656692687244,0.0014346148404482768,0.2425,0.0,1.0,0.0,0.0,0.0,nan,nan,nan,400
weights_current,Weights SG-TD3 current,weights,current,13,9.454461497921823,0.17419942079565698,0.001425550484335849,0.2375,0.0,1.0,0.0,0.0,0.0,nan,nan,nan,400
weights_current,Weights SG-TD3 current,weights,current,14,9.613663415315454,0.17293139617391304,0.0014026931151718952,0.2325,0.705,0.295,0.0,0.0,0.705,14.634714270542887,-10.073205741677953,29.032775189956677,400
weights_current,Weights SG-TD3 current,weights,current,15,9.451500103865742,0.17447078433400942,0.001396502289399788,0.23,0.2975,0.7025,0.0,0.0,0.2975,-2.282194486348317,-13.17091217686826,8.45991578617911,400
weights_current,Weights SG-TD3 current,weights,current,16,7.460474029518391,0.1830595118358148,0.0015607973268913135,0.245,0.1825,0.8175,0.0,0.0,0.1825,-3.5538587991469477,-23.92959325402669,6.16710463552085,400
weights_current,Weights SG-TD3 current,weights,current,17,11.148267271468958,0.16741127780633844,0.001415374188482349,0.2325,0.225,0.775,0.0,0.0,0.225,-3.041900135117828,-28.24125081421673,2.433510990696997,400
weights_current,Weights SG-TD3 current,weights,current,18,10.127164134529735,0.17222814507675543,0.0014623021582416652,0.2375,0.185,0.815,0.0,0.0,0.185,-3.445892826655893,-25.47534594971673,1.8003396883413256,400
weights_current,Weights SG-TD3 current,weights,current,19,8.000390769318674,0.17949549646010318,0.0015891877455560066,0.2375,0.215,0.785,0.0,0.0,0.215,-3.3224114293527407,-20.34703984521145,4.0262826574975925,400
weights_current,Weights SG-TD3 current,weights,current,20,7.659822895672116,0.1767743444039863,0.00147137685199077,0.235,0.3025,0.6975,0.0,0.0,0.3025,-3.1818478512061006,-25.34400152972437,4.383002211351809,400
weights_current,Weights SG-TD3 current,weights,current,21,9.224549780424027,0.17263460420005547,0.0015565534269740315,0.25,0.2625,0.7375,0.0,0.0,0.2625,-2.9443492416080286,-21.195851121525713,3.664957318111148,400
weights_current,Weights SG-TD3 current,weights,current,22,11.493191058177421,0.16387495274836872,0.0014286101937665463,0.24,0.245,0.755,0.0,0.0,0.245,-3.4990916810374983,-31.433153498077886,2.8846985257213977,400
weights_current,Weights SG-TD3 current,weights,current,23,12.491463921192098,0.16046677846010554,0.001370957068767043,0.2425,0.2625,0.7375,0.0,0.0,0.2625,-2.674310550465893,-27.697049480062446,3.968415452956778,400
weights_current,Weights SG-TD3 current,weights,current,24,12.29140660038159,0.1619059147813624,0.0014238534568808282,0.2375,0.2725,0.7275,0.0,0.0,0.2725,-3.1014655667245563,-24.67785416722195,2.7219440901352185,400
weights_current,Weights SG-TD3 current,weights,current,25,12.968155912424711,0.16121768303374304,0.0013782332655090173,0.2225,0.235,0.765,0.0,0.0,0.235,-4.302491258430642,-31.810926722480097,2.4099464590552677,400
weights_current,Weights SG-TD3 current,weights,current,26,12.512669063543829,0.1608183812705617,0.001463302128559867,0.23,0.2575,0.7425,0.0,0.0,0.2575,-3.2765441267610775,-32.475496790420245,3.467510642190963,400
weights_current,Weights SG-TD3 current,weights,current,27,12.406051016661234,0.16023390671422788,0.0015153976935958651,0.2475,0.26,0.74,0.0,0.0,0.26,-2.5736539261575047,-33.970529061536666,4.4312300425791085,400
weights_current,Weights SG-TD3 current,weights,current,28,11.716839808258314,0.1620557867452499,0.0015938239679568606,0.25,0.2925,0.7075,0.0,0.0,0.2925,-2.5298277487530534,-22.70902586702248,6.484503956674747,400
weights_current,Weights SG-TD3 current,weights,current,29,11.74885471139672,0.1583295755197315,0.0015676227760867273,0.2475,0.3375,0.6625,0.0,0.0,0.3375,-2.1282591148805565,-25.578489906993877,6.832059064124847,400
weights_current,Weights SG-TD3 current,weights,current,30,11.322527870325796,0.15985603499769624,0.0016108880419986298,0.2375,0.335,0.665,0.0,0.0,0.335,-2.259348803135559,-30.085532086089575,5.761284787967964,400
weights_current,Weights SG-TD3 current,weights,current,31,13.336137915796092,0.15537810318459447,0.001438912789799597,0.22,0.3475,0.6525,0.0,0.0,0.3475,-1.976801972370545,-36.1137274144796,4.808846302871248,400
weights_current,Weights SG-TD3 current,weights,current,32,12.608616652870685,0.15574464902296614,0.0014681748832745401,0.2325,0.325,0.675,0.0,0.0,0.325,-2.525025074447015,-26.38994959977599,4.6838639464114715,400
weights_current,Weights SG-TD3 current,weights,current,33,12.633565386217278,0.15761555467362004,0.0014454778205002187,0.2275,0.3275,0.6725,0.0,0.0,0.3275,-2.689143929574275,-26.165968587069322,5.495805124008839,400
weights_current,Weights SG-TD3 current,weights,current,34,12.416279163824804,0.16083329621312956,0.0014557455879918779,0.24,0.38,0.62,0.0,0.0,0.38,-1.638521523000648,-24.99330898393768,5.9345610404254385,400
weights_current,Weights SG-TD3 current,weights,current,35,12.35789548751907,0.1641087618703275,0.0013936040685968458,0.2425,0.4125,0.5875,0.0,0.0,0.4125,-1.0760972883479951,-25.456463345737255,6.8005712697713845,400
weights_current,Weights SG-TD3 current,weights,current,36,12.41723269872206,0.1640666074780642,0.0014737812445046593,0.255,0.47,0.53,0.0,0.0,0.47,-0.2743039240860554,-15.007913590805977,8.747428454112947,400
weights_current,Weights SG-TD3 current,weights,current,37,11.608653103946825,0.1686275001480357,0.0015684607445753574,0.265,0.495,0.505,0.0,0.0,0.495,-0.1173811892543597,-17.85977481273062,12.12445977078817,400
weights_current,Weights SG-TD3 current,weights,current,38,11.96753190472073,0.17023613827283957,0.0015223193653339411,0.275,0.53,0.47,0.0,0.0,0.53,0.81352302114324,-16.334602434764474,13.39539374691633,400
weights_current,Weights SG-TD3 current,weights,current,39,11.886136416572763,0.17334127101601532,0.00149724489524783,0.2675,0.6125,0.3875,0.0,0.0,0.6125,2.0295003610082603,-9.294026735204215,17.240026602066475,400
weights_current,Weights SG-TD3 current,weights,current,40,11.628476417132152,0.17462867766329765,0.001524779819044921,0.28,0.6575,0.3425,0.0,0.0,0.6575,3.8351627920047573,-14.594411311772546,20.613031783306866,400
weights_current,Weights SG-TD3 current,weights,current,41,11.278487735574965,0.17813240634680944,0.0013810639184530294,0.25,0.7225,0.2775,0.0,0.0,0.7225,5.7114913736903645,-11.685090930957964,33.231736567864914,400
weights_current,Weights SG-TD3 current,weights,current,42,11.874764815307794,0.1780934107601869,0.0014532567554781037,0.265,0.64,0.36,0.0,0.0,0.64,4.6875528464235,-16.16465775047566,43.29981699441719,400
weights_current,Weights SG-TD3 current,weights,current,43,11.552236020517533,0.1815872195975002,0.0014704020364904652,0.26,0.79,0.21,0.0,0.0,0.79,10.473558458101223,-5.494603043810683,55.41319856745327,400
weights_current,Weights SG-TD3 current,weights,current,44,11.545852848775885,0.1817262031963369,0.0014667274688562432,0.25,0.83,0.17,0.0,0.0,0.83,12.115403258389598,-3.5459689607444704,55.144553767653406,400
weights_current,Weights SG-TD3 current,weights,current,45,12.159680847111135,0.17811964049655807,0.0014363838733687123,0.245,0.915,0.085,0.0,0.0,0.915,15.889383028265586,1.1620411812540712,58.55731121346553,400
weights_current,Weights SG-TD3 current,weights,current,46,11.700001684800931,0.1755889040695969,0.0015507598777654303,0.26,0.9125,0.0875,0.0,0.0,0.9125,16.22414553009635,0.6763863894066875,65.90972685051112,400
weights_current,Weights SG-TD3 current,weights,current,47,11.29004605062044,0.17613397658541893,0.0015691327979260854,0.2575,0.91,0.09,0.0,0.0,0.91,20.333604158902176,1.2812346125493497,64.2752474351624,400
weights_current,Weights SG-TD3 current,weights,current,48,10.917631888904147,0.17954025302001214,0.0016071421271400949,0.26,0.9225,0.0775,0.0,0.0,0.9225,20.390824626365102,1.7602116675480275,74.32978425611296,400
weights_current,Weights SG-TD3 current,weights,current,49,12.602799509954009,0.17390051098503817,0.0015784762728043814,0.2475,0.9125,0.0875,0.0,0.0,0.9125,20.822783742720155,1.4970730141440332,72.2483589860087,400
weights_current,Weights SG-TD3 current,weights,current,50,14.067321476775568,0.16659645018351177,0.0015514833579642854,0.245,0.7625,0.2375,0.0,0.0,0.7625,12.901432055496286,-13.386991269513658,53.340962733363135,400
weights_current,Weights SG-TD3 current,weights,current,51,11.532685951233457,0.17269388128855961,0.0015530121279523185,0.2325,0.635,0.365,0.0,0.0,0.635,4.868111253698885,-12.657705812709263,64.67928421439821,400
weights_current,Weights SG-TD3 current,weights,current,52,13.681801740850526,0.16998883843189058,0.001539594664458735,0.2575,0.565,0.435,0.0,0.0,0.565,2.997153519117063,-22.772250179586408,39.52773286593981,400
weights_current,Weights SG-TD3 current,weights,current,53,12.872001628537749,0.174986645354254,0.0015176464285229653,0.2425,0.5725,0.4275,0.0,0.0,0.5725,1.9375066097344131,-18.04285179550709,58.903149145199286,400
weights_current,Weights SG-TD3 current,weights,current,54,12.64416772784419,0.17717290985819542,0.0015148046855978348,0.2475,0.5075,0.4925,0.0,0.0,0.5075,0.25047191178907724,-20.420718175784145,49.41593616322792,400
weights_current,Weights SG-TD3 current,weights,current,55,12.065523029158431,0.17798932548001337,0.0015188788746701835,0.25,0.5425,0.4575,0.0,0.0,0.5425,1.1202872362304106,-16.89878600039303,63.038131966176536,400
weights_current,Weights SG-TD3 current,weights,current,56,13.15035304159785,0.17325913282230446,0.0015458540207090859,0.2575,0.4775,0.5225,0.0,0.0,0.4775,-0.3118573146597896,-16.804031638837838,31.792457706247635,400
weights_current,Weights SG-TD3 current,weights,current,57,12.190693302832477,0.1737758524674106,0.0015038358589353354,0.255,0.5375,0.4625,0.0,0.0,0.5375,0.9533420861244508,-15.012484582299177,50.87295594163695,400
weights_current,Weights SG-TD3 current,weights,current,58,13.068154765869304,0.17311276069521087,0.0015277100970969937,0.2575,0.5525,0.4475,0.0,0.0,0.5525,0.727922243050898,-18.820993095258654,31.14523309804077,400
weights_current,Weights SG-TD3 current,weights,current,59,13.015386972534962,0.17307149172175407,0.0015000581470768304,0.255,0.4925,0.5075,0.0,0.0,0.4925,-0.10391691232527833,-15.800501781581685,46.400521606190004,400
weights_current,Weights SG-TD3 current,weights,current,60,13.563376616989508,0.16848546514691026,0.001439377178418238,0.25,0.505,0.495,0.0,0.0,0.505,0.1864520752521912,-16.50112712184772,33.72955222710552,400
weights_current,Weights SG-TD3 current,weights,current,61,14.242452986279085,0.1658655110218695,0.0014610210950297656,0.2525,0.49,0.51,0.0,0.0,0.49,-0.14739315777615047,-13.971302422114967,14.790150153869824,400
weights_current,Weights SG-TD3 current,weights,current,62,13.00736016290046,0.1707367428316564,0.0014885253432151265,0.255,0.4975,0.5025,0.0,0.0,0.4975,-0.10814036693391671,-15.168196149497145,39.91544581561405,400
weights_current,Weights SG-TD3 current,weights,current,63,13.0346284302446,0.16906816226109897,0.0013902125551265216,0.245,0.485,0.515,0.0,0.0,0.485,-0.19221379755981616,-10.955326529074226,49.026144678718936,400
weights_current,Weights SG-TD3 current,weights,current,64,13.094962000382566,0.16957038123631224,0.0014764344973960176,0.2575,0.5275,0.4725,0.0,0.0,0.5275,0.46300618709045693,-13.236915773058564,32.211844832372165,400
weights_current,Weights SG-TD3 current,weights,current,65,13.603023552003222,0.16732225123694733,0.0014176198240391869,0.255,0.4725,0.5275,0.0,0.0,0.4725,-0.4574808640968655,-13.711353168327433,15.014615234274192,400
weights_current,Weights SG-TD3 current,weights,current,66,12.766257582044496,0.16657829782781522,0.0013814243193998824,0.2475,0.525,0.475,0.0,0.0,0.525,0.47997754580859464,-10.975202555920385,39.33125335819089,400
weights_current,Weights SG-TD3 current,weights,current,67,14.134182621880804,0.16650427325596007,0.001460019878894146,0.26,0.4925,0.5075,0.0,0.0,0.4925,-0.08233390459326984,-12.036789189825946,12.482502714915883,400
weights_current,Weights SG-TD3 current,weights,current,68,13.187106895855267,0.1711823040605881,0.0015090202280307967,0.2625,0.6075,0.3925,0.0,0.0,0.6075,1.757407921183372,-8.132702291396253,22.06749733188508,400
weights_current,Weights SG-TD3 current,weights,current,69,13.02674423735777,0.17284799112024923,0.0014341173247064902,0.2525,0.5025,0.4975,0.0,0.0,0.5025,0.0787564632818345,-11.087057735008047,37.77265150647799,400
weights_current,Weights SG-TD3 current,weights,current,70,14.309502876244322,0.1667243161208788,0.0014465304113068511,0.2625,0.4475,0.5525,0.0,0.0,0.4475,-0.896228596595904,-16.195488419539696,11.230441949940301,400
weights_current,Weights SG-TD3 current,weights,current,71,16.445079067606866,0.16728740965640274,0.0012717107886606705,0.2725,0.4825,0.5175,0.0,0.0,0.4825,-0.2926936744556201,-19.383376416819267,18.627357330803353,400
weights_current,Weights SG-TD3 current,weights,current,72,16.02975983145972,0.1636073551188742,0.0013779326902190986,0.2625,0.4325,0.5675,0.0,0.0,0.4325,-1.1789988538507714,-13.80301665007291,14.184416629725618,400
weights_current,Weights SG-TD3 current,weights,current,73,14.998932282806015,0.1703558326022269,0.0013768665990679268,0.2525,0.4575,0.5425,0.0,0.0,0.4575,-0.49403791474577474,-11.148057640480168,13.870391291305516,400
weights_current,Weights SG-TD3 current,weights,current,74,14.978281011605088,0.16513844904838249,0.0014235125819676382,0.25,0.395,0.605,0.0,0.0,0.395,-1.833886136614268,-15.568001860639558,10.670845255149745,400
weights_current,Weights SG-TD3 current,weights,current,75,14.28127082520124,0.16931662428753885,0.001413752113405804,0.245,0.4675,0.5325,0.0,0.0,0.4675,-0.7026930413669561,-12.53527186520046,14.823608715230298,400
weights_current,Weights SG-TD3 current,weights,current,76,15.34030855047071,0.17006910953760068,0.0013101731721695026,0.2575,0.36,0.64,0.0,0.0,0.36,-2.280262500946833,-14.111476567805713,12.874507283358126,400
weights_current,Weights SG-TD3 current,weights,current,77,14.611154937115172,0.1706811187579541,0.0013566781756072076,0.2525,0.4275,0.5725,0.0,0.0,0.4275,-1.1592388644798177,-15.407097216998272,24.111759839872022,400
weights_current,Weights SG-TD3 current,weights,current,78,14.280262812475208,0.17288721718540428,0.001415343331539098,0.2525,0.47,0.53,0.0,0.0,0.47,-0.5252323516361344,-12.136151032546817,19.18659164097043,400
weights_current,Weights SG-TD3 current,weights,current,79,12.427129724190912,0.17624889864824225,0.0014598526006176415,0.255,0.4675,0.5325,0.0,0.0,0.4675,-0.3751445886463216,-11.737775192404387,73.185205349135,400
weights_current,Weights SG-TD3 current,weights,current,80,14.254714585128529,0.16883289767491486,0.0014769133949881108,0.255,0.4825,0.5175,0.0,0.0,0.4825,-0.41161033036792105,-12.489576737488777,21.43729593565936,400
weights_current,Weights SG-TD3 current,weights,current,81,14.759749692232408,0.17009627973469882,0.0014635424580118639,0.255,0.4925,0.5075,0.0,0.0,0.4925,-0.11845679701397671,-12.762570674301273,18.15765691444358,400
weights_current,Weights SG-TD3 current,weights,current,82,14.54370045644078,0.17254943030918757,0.0014417935650390219,0.2525,0.485,0.515,0.0,0.0,0.485,-0.1637510407423406,-12.124869776716247,20.0885808244153,400
weights_current,Weights SG-TD3 current,weights,current,83,14.89514769361273,0.17011258132349347,0.0014622015644202146,0.2525,0.4425,0.5575,0.0,0.0,0.4425,-1.3547791749891402,-14.254120180874473,16.69858817538817,400
weights_current,Weights SG-TD3 current,weights,current,84,14.070858912295703,0.16868072880350876,0.0014713605921869528,0.2475,0.4925,0.5075,0.0,0.0,0.4925,-0.1549322666115529,-11.916152918199941,26.646531977403225,400
weights_current,Weights SG-TD3 current,weights,current,85,14.031812157817926,0.16856786591923295,0.0015120807312549818,0.2525,0.38,0.62,0.0,0.0,0.38,-2.314333289002821,-16.6771995123431,23.06841816424539,400
weights_current,Weights SG-TD3 current,weights,current,86,14.139166217718603,0.1684634897452137,0.0014784483599190057,0.2475,0.55,0.45,0.0,0.0,0.55,0.6757868256809729,-10.129289392458075,27.181895672439268,400
weights_current,Weights SG-TD3 current,weights,current,87,13.343410159862271,0.17259505567974207,0.001471240622679405,0.2475,0.45,0.55,0.0,0.0,0.45,-0.9013576962789784,-15.660840629665962,32.941369472713646,400
weights_current,Weights SG-TD3 current,weights,current,88,14.165537387758977,0.16875099566555826,0.0014774752312256717,0.2475,0.5025,0.4975,0.0,0.0,0.5025,0.03976658065857919,-10.566365512155835,23.584611417766645,400
weights_current,Weights SG-TD3 current,weights,current,89,14.163885290979806,0.16809393753031165,0.0014608781962696788,0.245,0.5225,0.4775,0.0,0.0,0.5225,0.5347657808002566,-10.126598953388191,36.531674175812675,400
weights_current,Weights SG-TD3 current,weights,current,90,14.061844238488945,0.16912339009699673,0.0014958065351678529,0.245,0.445,0.555,0.0,0.0,0.445,-0.7660272096730978,-14.802744754046488,34.95338506388995,400
weights_current,Weights SG-TD3 current,weights,current,91,13.61459342063426,0.16966731971010224,0.001535207854793813,0.25,0.495,0.505,0.0,0.0,0.495,-0.07944425917742137,-10.912361314740473,17.041235205320692,400
weights_current,Weights SG-TD3 current,weights,current,92,12.673323795243526,0.174930256706831,0.001509857267404842,0.2525,0.5075,0.4925,0.0,0.0,0.5075,0.2673056983127253,-11.840781696204521,45.458732494331535,400
weights_current,Weights SG-TD3 current,weights,current,93,14.871994252757531,0.16882911445574209,0.001421709097608781,0.245,0.4675,0.5325,0.0,0.0,0.4675,-0.814311295920902,-11.32260632027637,15.219014125250952,400
weights_current,Weights SG-TD3 current,weights,current,94,14.691955066170642,0.17007874641519635,0.0014509550342097085,0.2575,0.47,0.53,0.0,0.0,0.47,-0.8922638153508444,-11.135943554182402,17.275045248384888,400
weights_current,Weights SG-TD3 current,weights,current,95,14.245212002101358,0.1708189999418646,0.0014083088931664681,0.245,0.4475,0.5525,0.0,0.0,0.4475,-0.3721843398516419,-12.018789311146518,15.566941783908307,400
weights_current,Weights SG-TD3 current,weights,current,96,13.88604056406426,0.1680943473715115,0.0014986265294831456,0.2575,0.515,0.485,0.0,0.0,0.515,0.29828987948832264,-8.330889377355662,37.336123444952484,400
weights_current,Weights SG-TD3 current,weights,current,97,14.72050770029567,0.16445261468972447,0.0014273379480635134,0.255,0.48,0.52,0.0,0.0,0.48,-0.3043951829007483,-9.067260971596077,19.261183315298066,400
weights_current,Weights SG-TD3 current,weights,current,98,14.998125110989271,0.15932299190306054,0.0013671326871080053,0.2375,0.4825,0.5175,0.0,0.0,0.4825,-0.1572635491522476,-8.553596357707283,21.2638219789771,400
weights_current,Weights SG-TD3 current,weights,current,99,14.147272593964814,0.15905631355920336,0.0014408777748584356,0.245,0.4725,0.5275,0.0,0.0,0.4725,-0.6209601987864062,-7.975208084904679,17.517914441275643,400
weights_current,Weights SG-TD3 current,weights,current,100,14.312931592349317,0.15563921730785793,0.001391595052378342,0.24,0.5125,0.4875,0.0,0.0,0.5125,0.20856222933451818,-9.078327573523232,11.181115616402746,400
weights_current,Weights SG-TD3 current,weights,current,101,14.04588630960949,0.15814387538469152,0.0013080192145187356,0.235,0.54,0.46,0.0,0.0,0.54,0.45490672599908066,-9.165935840298605,20.095489536173318,400
weights_current,Weights SG-TD3 current,weights,current,102,15.03833617659337,0.15280299270616987,0.0012761526226253471,0.23,0.47,0.53,0.0,0.0,0.47,-0.3859928766904943,-10.663747126756787,10.40488882608207,400
weights_current,Weights SG-TD3 current,weights,current,103,14.96172656437059,0.15157947739249353,0.001234182955513228,0.215,0.5075,0.4925,0.0,0.0,0.5075,0.09849331661547467,-10.151082203890404,17.072955994108195,400
weights_current,Weights SG-TD3 current,weights,current,104,14.840396448285544,0.14467991020308588,0.0013163482109177999,0.21,0.5275,0.4725,0.0,0.0,0.5275,0.3483539978594212,-11.704201938049618,13.098782482694546,400
weights_current,Weights SG-TD3 current,weights,current,105,15.010439005408852,0.1411661789627183,0.0012157138155273056,0.195,0.5625,0.4375,0.0,0.0,0.5625,1.589000263343877,-18.574024594282672,16.656358148833032,400
weights_current,Weights SG-TD3 current,weights,current,106,14.922712879055583,0.1386089515876213,0.0012957282273818396,0.195,0.6425,0.3575,0.0,0.0,0.6425,2.5032496646802116,-10.298462957363608,24.50156068541799,400
weights_current,Weights SG-TD3 current,weights,current,107,15.528958359458874,0.13569162499183532,0.001153089288280619,0.13,0.67,0.33,0.0,0.0,0.67,3.2449784041303324,-8.428970647230608,28.29590697310932,400
weights_current,Weights SG-TD3 current,weights,current,108,16.3349848609568,0.13451605465163094,0.0010991081096901984,0.105,0.725,0.275,0.0,0.0,0.725,5.49099778758648,-4.203160228973502,41.20187452824096,400
weights_current,Weights SG-TD3 current,weights,current,109,15.711153569260645,0.13924150798538892,0.0010701221298717437,0.1075,0.725,0.275,0.0,0.0,0.725,3.548394282902848,-3.093975470428364,58.66190135723782,400
weights_current,Weights SG-TD3 current,weights,current,110,16.1525336791685,0.1394646184036954,0.0011549221027434878,0.1575,0.63,0.37,0.0,0.0,0.63,1.3203977314375948,-6.71938895610192,14.99780633442916,400
weights_current,Weights SG-TD3 current,weights,current,111,15.963346948660636,0.14290391247542036,0.0011730771980641636,0.1875,0.5875,0.4125,0.0,0.0,0.5875,0.989093120519243,-7.671604304503436,25.546380297964504,400
weights_current,Weights SG-TD3 current,weights,current,112,15.666840024548327,0.14370917384639767,0.001205164448903443,0.1925,0.57,0.43,0.0,0.0,0.57,0.6809944811087405,-5.884523683063343,16.12355179522012,400
weights_current,Weights SG-TD3 current,weights,current,113,15.734282387947268,0.14561847473623213,0.0012174858981610626,0.2075,0.5975,0.4025,0.0,0.0,0.5975,1.0919735717964159,-7.815145263152408,19.60391217621685,400
weights_current,Weights SG-TD3 current,weights,current,114,17.01302299055947,0.15285150368248934,0.0011180102175156973,0.2475,0.425,0.575,0.0,0.0,0.425,-1.1618841890658587,-15.732221337477084,11.218672939239772,400
weights_current,Weights SG-TD3 current,weights,current,115,17.249286386781733,0.1536548190551317,0.0011188468147130903,0.295,0.4625,0.5375,0.0,0.0,0.4625,-0.7623780590074887,-13.578476981142554,12.028936821823828,400
weights_current,Weights SG-TD3 current,weights,current,116,16.65545119922674,0.1529354747190778,0.0011388869895489996,0.2875,0.5725,0.4275,0.0,0.0,0.5725,1.0220154338163638,-10.807039225314153,19.531063734197904,400
weights_current,Weights SG-TD3 current,weights,current,117,15.53841988689976,0.15654493325914576,0.0012651074723466482,0.28,0.5775,0.4225,0.0,0.0,0.5775,1.5385601924831462,-9.572765138085652,20.836843450941796,400
weights_current,Weights SG-TD3 current,weights,current,118,14.439259797612186,0.1561820680059579,0.0013614497365472056,0.2725,0.595,0.405,0.0,0.0,0.595,1.1311414803180648,-8.759922018271936,12.752528236345864,400
weights_current,Weights SG-TD3 current,weights,current,119,15.312124901816855,0.15716629698732174,0.0013141397205092007,0.28,0.4725,0.5275,0.0,0.0,0.4725,-0.4734723014215376,-16.14657162992294,13.137155522273043,400
weights_current,Weights SG-TD3 current,weights,current,120,16.252932488078933,0.15865083803740318,0.0012421877900229122,0.275,0.5625,0.4375,0.0,0.0,0.5625,1.1152173457945196,-11.3066820964008,16.26999648867714,400
weights_current,Weights SG-TD3 current,weights,current,121,15.501665908552217,0.16222611823358796,0.00125256817362459,0.2675,0.5775,0.4225,0.0,0.0,0.5775,1.028549385154065,-8.391766249977604,36.53300711174776,400
weights_current,Weights SG-TD3 current,weights,current,122,16.394093707401215,0.16285307471080251,0.0011906437149638335,0.285,0.5575,0.4425,0.0,0.0,0.5575,1.2794220954603048,-11.614191110641373,39.33152731844157,400
weights_current,Weights SG-TD3 current,weights,current,123,16.446491092494092,0.16314704236463776,0.001179987087331071,0.28,0.5925,0.4075,0.0,0.0,0.5925,3.014385799557431,-11.234847956981772,56.139080664044386,400
weights_current,Weights SG-TD3 current,weights,current,124,16.13638612656488,0.1638871054467461,0.0012748754257638315,0.2875,0.56,0.44,0.0,0.0,0.56,0.9837539750799351,-10.583227478170691,31.15382652658466,400
weights_current,Weights SG-TD3 current,weights,current,125,15.963370168344374,0.16077278260459632,0.0012655259214272435,0.285,0.59,0.41,0.0,0.0,0.59,1.8696653064625366,-11.33846981258225,39.36568559062153,400
weights_current,Weights SG-TD3 current,weights,current,126,15.721997243621718,0.16431392545681342,0.0012016531115435027,0.285,0.525,0.475,0.0,0.0,0.525,0.7652990501911745,-14.489381042574035,38.45367432928785,400
weights_current,Weights SG-TD3 current,weights,current,127,16.041367955753103,0.16583100750368196,0.0013077894318746376,0.3025,0.6525,0.3475,0.0,0.0,0.6525,3.576402443799907,-7.067771676995016,37.492114077777124,400
weights_current,Weights SG-TD3 current,weights,current,128,15.653192641409667,0.16720933393689846,0.0013406992720666673,0.3025,0.6475,0.3525,0.0,0.0,0.6475,2.48840969992483,-7.910470577348177,45.94772367216268,400
weights_current,Weights SG-TD3 current,weights,current,129,16.536910765411843,0.16118277080998605,0.0013170807246241127,0.29,0.725,0.275,0.0,0.0,0.725,5.534149974779837,-5.723965986273423,40.69165316115246,400
weights_current,Weights SG-TD3 current,weights,current,130,15.165357605539166,0.16666835646064249,0.0013353349581113332,0.29,0.7275,0.2725,0.0,0.0,0.7275,5.394037071194035,-8.154488285657452,70.81216455290364,400
weights_current,Weights SG-TD3 current,weights,current,131,16.67238579027363,0.16247742007063803,0.0012919900983509951,0.28,0.685,0.315,0.0,0.0,0.685,4.433612971356183,-10.010881966963368,52.36411019168195,400
weights_current,Weights SG-TD3 current,weights,current,132,17.384969326190816,0.16415596244199557,0.0012946739287150873,0.2875,0.7125,0.2875,0.0,0.0,0.7125,6.119057767586,-4.917918124731114,78.07909340653403,400
weights_current,Weights SG-TD3 current,weights,current,133,18.912999669679692,0.16139158624065333,0.0013055259690978693,0.2875,0.765,0.235,0.0,0.0,0.765,9.902574065211866,-5.4391437962164675,72.35317905804622,400
weights_current,Weights SG-TD3 current,weights,current,134,19.741500956097088,0.1605256362194208,0.0012349322493594897,0.285,0.7125,0.2875,0.0,0.0,0.7125,7.975844762177303,-6.335494795439627,77.07565914411461,400
weights_current,Weights SG-TD3 current,weights,current,135,18.693792369486633,0.16288891380463635,0.0013490540320148278,0.295,0.7075,0.2925,0.0,0.0,0.7075,4.695339116976356,-5.77688945516536,65.82897065121625,400
weights_current,Weights SG-TD3 current,weights,current,136,17.845745757341042,0.16598940501636456,0.0013309636052415764,0.2975,0.765,0.235,0.0,0.0,0.765,7.289290650347766,-4.625798494111313,71.31055468571265,400
weights_current,Weights SG-TD3 current,weights,current,137,18.865456397469398,0.1627733571954728,0.0012615629677302182,0.29,0.735,0.265,0.0,0.0,0.735,6.943645848307824,-4.19509174926543,73.40398341286853,400
weights_current,Weights SG-TD3 current,weights,current,138,18.047059831528795,0.16726253928392662,0.0012687510791958446,0.2925,0.75,0.25,0.0,0.0,0.75,10.292638665236154,-5.1270706796848105,98.36640664134615,400
weights_current,Weights SG-TD3 current,weights,current,139,18.128363346831737,0.16537532531196653,0.0012446193681952815,0.2875,0.7925,0.2075,0.0,0.0,0.7925,8.546794581490545,-3.9803619849803167,111.23631009390527,400
weights_current,Weights SG-TD3 current,weights,current,140,17.53394751650805,0.16685013729490586,0.001246674318175272,0.2825,0.785,0.215,0.0,0.0,0.785,9.480233496569411,-5.211537062887302,111.87083532163464,400
weights_current,Weights SG-TD3 current,weights,current,141,17.612354354130037,0.16468209044108967,0.0012588099761740145,0.285,0.73,0.27,0.0,0.0,0.73,8.385087070626014,-5.32965258192375,118.00417801635307,400
weights_current,Weights SG-TD3 current,weights,current,142,17.490140345087372,0.16898529985645616,0.0013353200000065576,0.3025,0.6725,0.3275,0.0,0.0,0.6725,7.152965299772859,-10.233135651474436,64.70813341874239,400
weights_current,Weights SG-TD3 current,weights,current,143,17.549052764062154,0.16750228485406013,0.0012567799528468082,0.29,0.6875,0.3125,0.0,0.0,0.6875,7.36192557078266,-8.356456837360291,82.29097815190586,400
weights_current,Weights SG-TD3 current,weights,current,144,17.298007470192363,0.17067751040601592,0.0012431389843356934,0.29,0.705,0.295,0.0,0.0,0.705,6.167217134134489,-9.151945002401316,98.50283452226637,400
weights_current,Weights SG-TD3 current,weights,current,145,17.141724741283543,0.16777818741557227,0.001157360854095314,0.275,0.725,0.275,0.0,0.0,0.725,6.260341581793682,-8.44624885138728,130.19016009146964,400
weights_current,Weights SG-TD3 current,weights,current,146,17.478580072166768,0.17021457992672986,0.0011816562989274357,0.2775,0.72,0.28,0.0,0.0,0.72,8.14731377827502,-7.714598687303533,139.8832134025463,400
weights_current,Weights SG-TD3 current,weights,current,147,17.278648442107073,0.16665164288253512,0.00116539788261132,0.2775,0.7625,0.2375,0.0,0.0,0.7625,5.289782038469866,-4.124436286923719,109.8350744323312,400
weights_current,Weights SG-TD3 current,weights,current,148,18.63668185255858,0.1664778027924346,0.0011455853588678187,0.2775,0.755,0.245,0.0,0.0,0.755,10.155391924494666,-4.1185715738636635,118.42407942226849,400
weights_current,Weights SG-TD3 current,weights,current,149,18.49148406663564,0.16601236407620726,0.0011878488046059186,0.2875,0.7075,0.2925,0.0,0.0,0.7075,5.705101214050288,-4.950443025038975,101.99616053996125,400
weights_current,Weights SG-TD3 current,weights,current,150,17.076935384502278,0.16632890400397626,0.0011691242751205363,0.27,0.71,0.29,0.0,0.0,0.71,4.811410369817622,-6.686293266967368,95.8683414552343,400
weights_current,Weights SG-TD3 current,weights,current,151,18.998965358680202,0.16328899846698655,0.0011551236726531126,0.2825,0.67,0.33,0.0,0.0,0.67,5.603455152909191,-9.13509618181997,94.72335648131961,400
weights_current,Weights SG-TD3 current,weights,current,152,18.83871065947099,0.1621636532296877,0.0011276823988041048,0.275,0.6375,0.3625,0.0,0.0,0.6375,2.468603286916732,-7.552866213639118,116.82862959374967,400
weights_current,Weights SG-TD3 current,weights,current,153,19.48636796761096,0.16323348285692302,0.0011275634093618361,0.275,0.7025,0.2975,0.0,0.0,0.7025,3.574088221550255,-4.888640369922222,129.19679871596043,400
weights_current,Weights SG-TD3 current,weights,current,154,18.56012806099709,0.1649458996990675,0.0010853082478877532,0.265,0.675,0.325,0.0,0.0,0.675,3.233162042410811,-5.383561392441288,103.31970554899645,400
weights_current,Weights SG-TD3 current,weights,current,155,19.1539897313805,0.16337009863367138,0.0010062548134707372,0.26,0.675,0.325,0.0,0.0,0.675,3.2953152032154094,-6.1487206718230025,110.36543022501353,400
weights_current,Weights SG-TD3 current,weights,current,156,19.378245286717558,0.16326946186637697,0.0010983715089728382,0.275,0.6825,0.3175,0.0,0.0,0.6825,3.8188388125927304,-7.923432978886239,44.21691062639014,400
weights_current,Weights SG-TD3 current,weights,current,157,18.810211864171436,0.16400629626992214,0.0010312033374119706,0.265,0.6625,0.3375,0.0,0.0,0.6625,3.781466372726129,-9.543881449917352,74.17472524777617,400
weights_current,Weights SG-TD3 current,weights,current,158,19.390526637954405,0.1618183077881609,0.0009642486299166409,0.255,0.655,0.345,0.0,0.0,0.655,3.6982350450219883,-9.30851963509159,102.41596689884564,400
weights_current,Weights SG-TD3 current,weights,current,159,19.162416554749573,0.16295476730397435,0.001003576821813498,0.26,0.59,0.41,0.0,0.0,0.59,1.9639284835861872,-8.642823690246768,84.21433628410868,400
weights_current,Weights SG-TD3 current,weights,current,160,18.389521106526452,0.1624022487100697,0.0010759767640594214,0.27,0.595,0.405,0.0,0.0,0.595,1.5953362543895082,-6.427728695374529,54.24987447312919,400
weights_current,Weights SG-TD3 current,weights,current,161,19.109337647663583,0.16049532767952754,0.0010411273573439775,0.2725,0.6375,0.3625,0.0,0.0,0.6375,2.563136292745071,-6.9555722143566525,41.97318202578462,400
weights_current,Weights SG-TD3 current,weights,current,162,15.10920182937907,0.1605607080546492,0.001212112662845369,0.2275,0.5625,0.4375,0.0,0.0,0.5625,1.8248156861175175,-65.18974903849059,25.55472905961161,400
weights_current,Weights SG-TD3 current,weights,current,163,15.049704550349563,0.15932846351169228,0.0012476068966873594,0.2325,0.5175,0.4825,0.0,0.0,0.5175,0.8680712820679446,-59.05763907553581,34.130085039481685,400
weights_current,Weights SG-TD3 current,weights,current,164,14.570827351856988,0.160117277357552,0.0012415367379800307,0.2325,0.535,0.465,0.0,0.0,0.535,0.6830938009802594,-50.63784770141504,75.6220907691054,400
weights_current,Weights SG-TD3 current,weights,current,165,14.89096870469222,0.15977576591936382,0.0013082900386531338,0.2425,0.4525,0.5475,0.0,0.0,0.4525,-1.3240126028184704,-41.072755962205804,29.02115135816892,400
weights_current,Weights SG-TD3 current,weights,current,166,16.488067796869956,0.1618824766875668,0.0011961588446769528,0.24,0.5025,0.4975,0.0,0.0,0.5025,0.030885658718744935,-25.05213346920933,41.361303866094126,400
weights_current,Weights SG-TD3 current,weights,current,167,19.020287811762252,0.1634255407608885,0.0009715608770679752,0.275,0.6225,0.3775,0.0,0.0,0.6225,3.205032280076921,-7.577183499000239,63.45702394388428,400
weights_current,Weights SG-TD3 current,weights,current,168,16.6364696756119,0.16122844951601928,0.001162409004391021,0.29,0.57,0.43,0.0,0.0,0.57,1.9675697906818073,-8.513583341823596,34.50416968434908,400
weights_current,Weights SG-TD3 current,weights,current,169,19.40554836976214,0.15534835671283223,0.0009926455399665774,0.27,0.715,0.285,0.0,0.0,0.715,3.667999678567867,-4.868139769216872,50.19658039891362,400
weights_current,Weights SG-TD3 current,weights,current,170,18.381013286877252,0.15556622004228296,0.0009625394674909442,0.2575,0.6125,0.3875,0.0,0.0,0.6125,2.153981493940705,-7.164047984170565,45.09660253042798,400
weights_current,Weights SG-TD3 current,weights,current,171,19.30960240423946,0.15262976500507713,0.0009078558766739675,0.26,0.59,0.41,0.0,0.0,0.59,1.8505260226531846,-7.084019745727028,52.01109417149253,400
weights_current,Weights SG-TD3 current,weights,current,172,18.223298435815728,0.15642084396799752,0.0010554534631485952,0.285,0.6125,0.3875,0.0,0.0,0.6125,2.1133049602594838,-8.033211826338354,45.14736772621356,400
weights_current,Weights SG-TD3 current,weights,current,173,19.599594685998532,0.15361150128133352,0.000889149354191865,0.265,0.5575,0.4425,0.0,0.0,0.5575,1.3745374663855046,-10.943575722257036,48.016164414777045,400
weights_current,Weights SG-TD3 current,weights,current,174,19.798646570789078,0.1515585476826023,0.000887510295252397,0.2675,0.5825,0.4175,0.0,0.0,0.5825,1.7595216190766223,-10.40256049120685,52.66063870255512,400
weights_current,Weights SG-TD3 current,weights,current,175,19.539953100408002,0.1504272390298793,0.0008531093905325321,0.265,0.5325,0.4675,0.0,0.0,0.5325,1.1303704040376488,-12.959340767268714,48.52588073284302,400
weights_current,Weights SG-TD3 current,weights,current,176,19.709310988560027,0.1513599618228362,0.0008496615241480588,0.265,0.6125,0.3875,0.0,0.0,0.6125,2.0521198194401506,-7.539857555118577,54.89765751241634,400
weights_current,Weights SG-TD3 current,weights,current,177,17.288671372030976,0.15437477898694493,0.0008234869179380046,0.23,0.5325,0.4675,0.0,0.0,0.5325,0.9895172807628114,-8.898305569545135,56.27248629954084,400
weights_current,Weights SG-TD3 current,weights,current,178,19.43571937711347,0.15378762139189683,0.0007648733596871309,0.2475,0.53,0.47,0.0,0.0,0.53,0.8319477100952781,-9.855224719868055,70.20189157104993,400
weights_current,Weights SG-TD3 current,weights,current,179,19.501251933060193,0.15797102182787245,0.0007942283398815298,0.25,0.6725,0.3275,0.0,0.0,0.6725,3.436830670274844,-5.042873627250446,88.73879796386953,400
weights_current,Weights SG-TD3 current,weights,current,180,19.7921195677588,0.15314437923393512,0.0007980027688382341,0.245,0.5875,0.4125,0.0,0.0,0.5875,1.9886562508059171,-9.05895561497873,77.59131673588524,400
weights_current,Weights SG-TD3 current,weights,current,181,18.95008708851354,0.15281895447105012,0.0008769235175688674,0.23,0.6225,0.3775,0.0,0.0,0.6225,2.4078383317860244,-8.291882205423962,31.44373206996343,400
weights_current,Weights SG-TD3 current,weights,current,182,21.019079974996593,0.15270330434735527,0.0008536326744654159,0.2475,0.6975,0.3025,0.0,0.0,0.6975,4.267271041268714,-7.755303345174468,47.735503598223055,400
weights_current,Weights SG-TD3 current,weights,current,183,20.32178426788723,0.15515204176956437,0.0008278133458315644,0.245,0.765,0.235,0.0,0.0,0.765,9.10289355032694,-3.810919265320274,66.89246714226692,400
weights_current,Weights SG-TD3 current,weights,current,184,20.817062491669095,0.1535304390766739,0.0008974846829208323,0.2525,0.785,0.215,0.0,0.0,0.785,10.812537456511564,-4.97923467053065,60.88199421108972,400
weights_current,Weights SG-TD3 current,weights,current,185,19.876795951066455,0.15550218115746714,0.0009046631243026626,0.2475,0.79,0.21,0.0,0.0,0.79,7.319963379584806,-3.9492758541401485,55.45685566211549,400
weights_current,Weights SG-TD3 current,weights,current,186,19.360874374129853,0.15827342370701086,0.0009667839132017958,0.255,0.705,0.295,0.0,0.0,0.705,7.522851633028722,-8.529050754609852,59.86670393801452,400
weights_current,Weights SG-TD3 current,weights,current,187,18.916432199258278,0.15883545259114892,0.000957464625347176,0.2575,0.665,0.335,0.0,0.0,0.665,3.887301034155016,-8.849105880754722,81.31161093152669,400
weights_current,Weights SG-TD3 current,weights,current,188,19.566845976383046,0.15636263005825252,0.000921807613297103,0.2425,0.835,0.165,0.0,0.0,0.835,10.113717285377447,-3.519188472571659,64.0744723208907,400
weights_current,Weights SG-TD3 current,weights,current,189,19.399606080189773,0.15743920807073886,0.0010416833599506952,0.2575,0.6375,0.3625,0.0,0.0,0.6375,2.5512056755374033,-7.8669447730151205,55.015827794319385,400
weights_current,Weights SG-TD3 current,weights,current,190,19.721187372752762,0.15505020658149932,0.0010007303999817099,0.2475,0.755,0.245,0.0,0.0,0.755,4.296416993967796,-4.545822479040179,77.62239007032784,400
weights_current,Weights SG-TD3 current,weights,current,191,19.249502123886383,0.1582820567144114,0.0009749062816014248,0.2375,0.765,0.235,0.0,0.0,0.765,5.644652460531688,-4.7620293173768715,71.69881241030157,400
weights_current,Weights SG-TD3 current,weights,current,192,17.9032449573037,0.16710692472546973,0.001070586170218199,0.25,0.7225,0.2775,0.0,0.0,0.7225,4.003774200566568,-7.185961331148597,76.24890407699972,400
weights_current,Weights SG-TD3 current,weights,current,193,18.947927928331367,0.15826854993777242,0.0009661462422350667,0.23,0.7825,0.2175,0.0,0.0,0.7825,7.495330471035231,-4.326666646280408,87.4717838843303,400
weights_current,Weights SG-TD3 current,weights,current,194,17.180201000326697,0.15989024719957196,0.000966993327638389,0.2275,0.7175,0.2825,0.0,0.0,0.7175,11.294177103033462,-12.144955834961362,110.47577282409445,400
weights_current,Weights SG-TD3 current,weights,current,195,17.62799445460046,0.15726611803481882,0.0010685157572995036,0.24,0.715,0.285,0.0,0.0,0.715,8.041369226074721,-6.444574522607125,88.0039052850406,400
weights_current,Weights SG-TD3 current,weights,current,196,18.056015791759418,0.1548681966826583,0.0009418366309522905,0.225,0.8125,0.1875,0.0,0.0,0.8125,6.426946396432868,-3.788854854001874,120.29683238983995,400
weights_current,Weights SG-TD3 current,weights,current,197,18.559980504881686,0.15101344713169212,0.0009441455879527082,0.2375,0.54,0.46,0.0,0.0,0.54,1.299195428022358,-10.056112956277957,94.17586665888554,400
weights_current,Weights SG-TD3 current,weights,current,198,18.641524380577074,0.1527901196763876,0.00094604203513808,0.2425,0.6675,0.3325,0.0,0.0,0.6675,4.990592642032539,-7.251811915857979,113.40846542060791,400
weights_current,Weights SG-TD3 current,weights,current,199,18.36081541812676,0.15329249989909616,0.0010441761097196242,0.265,0.67,0.33,0.0,0.0,0.67,4.124796911523163,-5.931938637818544,40.33322747424483,400
weights_current,Weights SG-TD3 current,weights,current,200,18.450635444769574,0.15050886426012627,0.0009758486469940504,0.2625,0.625,0.375,0.0,0.0,0.625,2.130097308088466,-5.600583467129035,42.763043064521874,400
weights_previous,Weights SG-TD3 previous,weights,reference,1,-2.4757971343220584,0.2927707191778444,0.002622321657885212,0.4425,0.0,0.0,0.0,0.0,nan,nan,nan,nan,0
weights_previous,Weights SG-TD3 previous,weights,reference,2,7.874069683245648,0.18594152231035466,0.0015049713189922193,0.2525,0.0,0.0,0.0,0.0,nan,nan,nan,nan,0
weights_previous,Weights SG-TD3 previous,weights,reference,3,7.9847975595233605,0.18505905208111023,0.00149940613132385,0.2525,0.0,0.0,0.0,0.0,nan,nan,nan,nan,0
weights_previous,Weights SG-TD3 previous,weights,reference,4,8.105924556201765,0.18410211055489434,0.0014935419865018456,0.2525,0.0,0.0,0.0,0.0,nan,nan,nan,nan,0
weights_previous,Weights SG-TD3 previous,weights,reference,5,8.225657526245664,0.18307196649804552,0.0014873741488288144,0.255,0.0,0.0,0.0,0.0,nan,nan,nan,nan,0
weights_previous,Weights SG-TD3 previous,weights,reference,6,8.348965000563991,0.18196566273979833,0.0014809316486112634,0.25,0.0,0.0,0.0,0.0,nan,nan,nan,nan,0
weights_previous,Weights SG-TD3 previous,weights,reference,7,8.481938704380315,0.18077234278615023,0.0014741697172206752,0.25,0.0,0.0,0.0,0.0,nan,nan,nan,nan,0
weights_previous,Weights SG-TD3 previous,weights,reference,8,8.646113114652538,0.17952075608766044,0.0014670518705704732,0.2525,0.0,0.0,0.0,0.0,nan,nan,nan,nan,0
weights_previous,Weights SG-TD3 previous,weights,reference,9,8.806242397490184,0.1784467768279042,0.0014595864385182817,0.2475,0.0,0.0,0.0,0.0,nan,nan,nan,nan,0
weights_previous,Weights SG-TD3 previous,weights,reference,10,8.921790762841676,0.17753237362988525,0.0014515408397545338,0.2475,0.0,0.0,0.0,0.0,nan,nan,nan,nan,0
weights_previous,Weights SG-TD3 previous,weights,reference,11,9.070162947450875,0.1765178214087376,0.0014432441652684016,0.245,0.0,0.9975,0.0,0.0,0.0,nan,nan,nan,399
weights_previous,Weights SG-TD3 previous,weights,reference,12,9.243795266627322,0.17539656692687244,0.0014346148404482768,0.2425,0.0,1.0,0.0,0.0,0.0,nan,nan,nan,400
weights_previous,Weights SG-TD3 previous,weights,reference,13,9.454461497921823,0.17419942079565698,0.001425550484335849,0.2375,0.0,1.0,0.0,0.0,0.0,nan,nan,nan,400
weights_previous,Weights SG-TD3 previous,weights,reference,14,9.849612883984477,0.1708638000093308,0.0014030633269997736,0.23,0.56,0.44,0.0,0.0,0.56,1.8158625031524949,-13.714012913431054,22.306268184089934,400
weights_previous,Weights SG-TD3 previous,weights,reference,15,10.202005210261666,0.17196965136541312,0.0013453805722206523,0.2325,0.4575,0.5425,0.0,0.0,0.4575,-0.575798064803493,-16.436023501644183,10.330429622525385,400
weights_previous,Weights SG-TD3 previous,weights,reference,16,1.626684305454377,0.18907263362377652,0.0010997208294307708,0.21,0.3725,0.6275,0.0,0.0,0.3725,-1.3734491806755926,-18.040946110869193,21.774617614453003,400
weights_previous,Weights SG-TD3 previous,weights,reference,17,3.1368951428288643,0.1970480305068108,0.0017238538257616479,0.2625,0.3475,0.6525,0.0,0.0,0.3475,-1.7874724019377197,-20.650020167310746,11.085759339833658,400
weights_previous,Weights SG-TD3 previous,weights,reference,18,6.23473444532367,0.18101919862973953,0.0015493825637377479,0.2425,0.3,0.7,0.0,0.0,0.3,-2.1841406241785606,-21.587518083891734,6.9364998424869,400
weights_previous,Weights SG-TD3 previous,weights,reference,19,9.303900892819168,0.17242528578888863,0.001457142626768167,0.245,0.2625,0.7375,0.0,0.0,0.2625,-2.586179981432778,-23.202648615696038,2.165288432041565,400
weights_previous,Weights SG-TD3 previous,weights,reference,20,8.965651863764892,0.17032203273462151,0.0015972769229118061,0.2475,0.2775,0.7225,0.0,0.0,0.2775,-2.297745427808578,-28.78403386890054,10.125487772299236,400
weights_previous,Weights SG-TD3 previous,weights,reference,21,11.475938854321544,0.1645880329764133,0.0014730343741922044,0.2575,0.2925,0.7075,0.0,0.0,0.2925,-2.600944313525112,-29.220717234886376,3.5127148750472768,400
weights_previous,Weights SG-TD3 previous,weights,reference,22,11.184871758618273,0.1669824839164792,0.0014368346376767193,0.25,0.2925,0.7075,0.0,0.0,0.2925,-2.5288085906675377,-26.275774820232037,4.110437506492647,400
weights_previous,Weights SG-TD3 previous,weights,reference,23,11.223474364592928,0.16260253207046588,0.0014900971766323187,0.255,0.295,0.705,0.0,0.0,0.295,-3.0084883474216717,-28.519660087366628,4.041550664166194,400
weights_previous,Weights SG-TD3 previous,weights,reference,24,13.015210895050902,0.1582370472312194,0.0013899854726275812,0.245,0.3,0.7,0.0,0.0,0.3,-2.6344726530362443,-28.960805381141856,4.417017212922604,400
weights_previous,Weights SG-TD3 previous,weights,reference,25,14.083562297148996,0.15576772128365782,0.0013185938616235096,0.2325,0.2375,0.7625,0.0,0.0,0.2375,-2.9578777039372426,-33.465605563175345,2.7361146724425613,400
weights_previous,Weights SG-TD3 previous,weights,reference,26,13.817562488039773,0.15576204214393707,0.0013463866355203841,0.24,0.31,0.69,0.0,0.0,0.31,-2.2286689455698294,-29.60051882463681,2.9203703655273614,400
weights_previous,Weights SG-TD3 previous,weights,reference,27,13.676964175219439,0.15634305791125633,0.0013594490422880277,0.245,0.2875,0.7125,0.0,0.0,0.2875,-2.7257339060952006,-30.347545265083426,3.870964109230649,400
weights_previous,Weights SG-TD3 previous,weights,reference,28,13.905888704168946,0.1555959759024859,0.001346820827202535,0.245,0.315,0.685,0.0,0.0,0.315,-2.3494032680705175,-28.721301207748933,3.1815162519528495,400
weights_previous,Weights SG-TD3 previous,weights,reference,29,12.494618910863533,0.15599584181196108,0.001451881881524642,0.26,0.3175,0.6825,0.0,0.0,0.3175,-2.5019433010091916,-27.550133403572136,6.050205106556471,400
weights_previous,Weights SG-TD3 previous,weights,reference,30,12.384770562946358,0.15606064668546218,0.0014640609177874475,0.2575,0.35,0.65,0.0,0.0,0.35,-1.6580679401599525,-35.3926614984221,8.454378468916953,400
weights_previous,Weights SG-TD3 previous,weights,reference,31,12.666940944260707,0.15434661450851975,0.0014621487163197944,0.2475,0.3425,0.6575,0.0,0.0,0.3425,-1.6322619047933102,-28.633050190029614,6.24182191703811,400
weights_previous,Weights SG-TD3 previous,weights,reference,32,11.899176909027256,0.15424404901321864,0.0014999031851302628,0.2475,0.37,0.63,0.0,0.0,0.37,-1.8669862114413007,-38.04269650983692,5.980237989036395,400
weights_previous,Weights SG-TD3 previous,weights,reference,33,12.490734899916625,0.15537530637740582,0.0014391723709079834,0.2575,0.365,0.635,0.0,0.0,0.365,-1.5226166475530079,-33.58795302009146,8.164870289884174,400
weights_previous,Weights SG-TD3 previous,weights,reference,34,12.454279240609052,0.15827917829690274,0.001476522251234929,0.25,0.3825,0.6175,0.0,0.0,0.3825,-1.5128392404223518,-29.264235262879467,5.892802417793224,400
weights_previous,Weights SG-TD3 previous,weights,reference,35,13.51137612108103,0.1566910648475857,0.0013284368897503354,0.2475,0.4175,0.5825,0.0,0.0,0.4175,-1.3835047376273906,-24.62012172145644,8.509734263956714,400
weights_previous,Weights SG-TD3 previous,weights,reference,36,13.3237391251285,0.15964930157414076,0.0013096078268495445,0.24,0.45,0.55,0.0,0.0,0.45,-1.1332890702099832,-21.089624927896736,7.574085248209774,400
weights_previous,Weights SG-TD3 previous,weights,reference,37,13.148756565966217,0.1620898616425958,0.0013954231466453031,0.235,0.4825,0.5175,0.0,0.0,0.4825,-0.6728136502899673,-14.655978866580584,12.18400922635686,400
weights_previous,Weights SG-TD3 previous,weights,reference,38,12.616523535553428,0.1655348835582834,0.001470611321286054,0.2475,0.47,0.53,0.0,0.0,0.47,-0.6762361323669097,-18.223774732301422,10.900439908617365,400
weights_previous,Weights SG-TD3 previous,weights,reference,39,12.918983771507023,0.16553087679665868,0.001453328741714374,0.25,0.5775,0.4225,0.0,0.0,0.5775,1.4595652931657526,-13.813498508481798,18.003972152779014,400
weights_previous,Weights SG-TD3 previous,weights,reference,40,13.358475759861255,0.16402034833296333,0.0014382608322381929,0.2275,0.6675,0.3325,0.0,0.0,0.6675,3.4955154813828813,-7.10091931719944,22.741900473220394,400
weights_previous,Weights SG-TD3 previous,weights,reference,41,12.986090909204068,0.16838375132866829,0.0014437675650503428,0.2425,0.6925,0.3075,0.0,0.0,0.6925,4.011016759983534,-10.870350500545523,22.29820432302056,400
weights_previous,Weights SG-TD3 previous,weights,reference,42,12.555051134494073,0.17072112723111618,0.0015072861435293649,0.255,0.745,0.255,0.0,0.0,0.745,5.932373035894763,-5.46941863797591,24.570957576225492,400
weights_previous,Weights SG-TD3 previous,weights,reference,43,13.12658676754706,0.16980243632087424,0.001451835728714593,0.255,0.7775,0.2225,0.0,0.0,0.7775,8.317269865611571,-5.725184046187854,28.96718546079421,400
weights_previous,Weights SG-TD3 previous,weights,reference,44,12.482835995285463,0.17287969966377556,0.0014803936072149931,0.2475,0.795,0.205,0.0,0.0,0.795,8.117271806332766,-5.6635375257158795,34.319911371841854,400
weights_previous,Weights SG-TD3 previous,weights,reference,45,12.077214236056337,0.1743794937944475,0.0015600173539987222,0.2575,0.7675,0.2325,0.0,0.0,0.7675,10.184507234776675,-5.309305081266039,36.821311892222454,400
weights_previous,Weights SG-TD3 previous,weights,reference,46,13.469815073706418,0.1749441002303379,0.001492725779419586,0.2475,0.8825,0.1175,0.0,0.0,0.8825,11.840074489595736,-1.0548649194049058,40.24453861048512,400
weights_previous,Weights SG-TD3 previous,weights,reference,47,12.222257027830073,0.17682303142743508,0.0015303439835489552,0.2525,0.875,0.125,0.0,0.0,0.875,16.15190956155417,-1.152273405092876,44.759244590189326,400
weights_previous,Weights SG-TD3 previous,weights,reference,48,12.527583429455094,0.17438509342699157,0.0015084602993283888,0.24,0.915,0.085,0.0,0.0,0.915,23.518553813489234,1.3442451194193714,57.02320557837083,400
weights_previous,Weights SG-TD3 previous,weights,reference,49,13.134482841531831,0.17364200520266124,0.0014956996693245724,0.24,0.855,0.145,0.0,0.0,0.855,12.323565382161718,-3.176865495621493,57.61586881739746,400
weights_previous,Weights SG-TD3 previous,weights,reference,50,12.712337494181844,0.17169645805997155,0.001510411615529904,0.2425,0.6275,0.3725,0.0,0.0,0.6275,4.551812711880046,-19.8114115371437,40.81344906087085,400
weights_previous,Weights SG-TD3 previous,weights,reference,51,11.192694584315037,0.1750512366366244,0.0014639611454554636,0.2325,0.5325,0.4675,0.0,0.0,0.5325,0.8402645792924943,-18.201999731150583,38.48424857680564,400
weights_previous,Weights SG-TD3 previous,weights,reference,52,11.826195350421262,0.17114995485453818,0.0013890180437852037,0.22,0.5075,0.4925,0.0,0.0,0.5075,0.19032002952599214,-18.873078612683496,45.6148381364676,400
weights_previous,Weights SG-TD3 previous,weights,reference,53,12.936084688562083,0.17074716014934335,0.0013669629566227606,0.225,0.355,0.645,0.0,0.0,0.355,-3.3586702074868526,-18.559952338067294,23.2770296466501,400
weights_previous,Weights SG-TD3 previous,weights,reference,54,12.472614104875708,0.16978381166448794,0.001362948358434591,0.23,0.4525,0.5475,0.0,0.0,0.4525,-0.8199469196445648,-15.002374528290646,31.891087786715513,400
weights_previous,Weights SG-TD3 previous,weights,reference,55,12.776499592151012,0.1708008838181729,0.0014914171519962072,0.24,0.385,0.615,0.0,0.0,0.385,-2.3392595228258415,-26.12420504132185,25.09578684033984,400
weights_previous,Weights SG-TD3 previous,weights,reference,56,13.216359754521845,0.17001964032298067,0.001499300406270324,0.2525,0.455,0.545,0.0,0.0,0.455,-1.1750846091268272,-17.037188038966573,19.443657697915583,400
weights_previous,Weights SG-TD3 previous,weights,reference,57,11.734291911836836,0.17138515272430646,0.0015986558583425314,0.2625,0.425,0.575,0.0,0.0,0.425,-1.3936112104354947,-18.275863125619797,21.499976077740047,400
weights_previous,Weights SG-TD3 previous,weights,reference,58,13.194201792873853,0.1675959436143698,0.0015739559638620548,0.26,0.44,0.56,0.0,0.0,0.44,-1.365863112511306,-18.806077909865778,19.12397753116488,400
weights_previous,Weights SG-TD3 previous,weights,reference,59,13.542615908398808,0.16619574093540887,0.001545320769742451,0.255,0.4325,0.5675,0.0,0.0,0.4325,-1.4858831651188709,-22.7130541583389,14.590927017178211,400
weights_previous,Weights SG-TD3 previous,weights,reference,60,13.510308861666008,0.1670388696488182,0.0015421395729341909,0.26,0.38,0.62,0.0,0.0,0.38,-2.6261680648792662,-19.56233613159292,10.790286423993354,400
weights_previous,Weights SG-TD3 previous,weights,reference,61,13.467134151044753,0.16688220711241997,0.0014839489468537583,0.2575,0.415,0.585,0.0,0.0,0.415,-1.492235518715006,-16.471008388660902,10.903157568028407,400
weights_previous,Weights SG-TD3 previous,weights,reference,62,13.178476105635744,0.16927502137542055,0.0014989304211829098,0.2575,0.455,0.545,0.0,0.0,0.455,-1.1002414034772698,-20.953533023248994,14.963469520424661,400
weights_previous,Weights SG-TD3 previous,weights,reference,63,15.729765897154158,0.16987757879890344,0.001414323859777759,0.2625,0.56,0.44,0.0,0.0,0.56,2.039801081398565,-15.708429894475147,69.59742564798911,400
weights_previous,Weights SG-TD3 previous,weights,reference,64,15.369599667581141,0.16626304179589574,0.001382296363875158,0.255,0.4875,0.5125,0.0,0.0,0.4875,-0.21524024820533327,-19.8250918353943,19.719882467975363,400
weights_previous,Weights SG-TD3 previous,weights,reference,65,15.15101796787389,0.16611315053923514,0.001374966487524837,0.2525,0.5125,0.4875,0.0,0.0,0.5125,0.21133394824801144,-19.523709768667548,21.519222843967125,400
weights_previous,Weights SG-TD3 previous,weights,reference,66,15.342372784227937,0.16367369925008682,0.0013687677097544576,0.25,0.45,0.55,0.0,0.0,0.45,-0.8033705277086938,-17.604897027883496,13.71653874343941,400
weights_previous,Weights SG-TD3 previous,weights,reference,67,14.936804270028324,0.16451921436236247,0.0013178990136994784,0.2475,0.41,0.59,0.0,0.0,0.41,-1.4380510079216293,-15.133647883246315,10.101518607581134,400
weights_previous,Weights SG-TD3 previous,weights,reference,68,16.09773530997613,0.16771214215177416,0.0013205535860745152,0.2475,0.5725,0.4275,0.0,0.0,0.5725,1.6196012523354284,-11.114025594360916,22.644383617583767,400
weights_previous,Weights SG-TD3 previous,weights,reference,69,14.498909225872174,0.16691266866595988,0.0014159342473997053,0.26,0.485,0.515,0.0,0.0,0.485,-0.24354559924722707,-14.375608086195461,19.743442082518744,400
weights_previous,Weights SG-TD3 previous,weights,reference,70,14.436260139833792,0.16585661556858036,0.001392656806833069,0.2575,0.4525,0.5475,0.0,0.0,0.4525,-0.9329877674680347,-16.990566452441364,12.580516527502448,400
weights_previous,Weights SG-TD3 previous,weights,reference,71,13.728243910410818,0.16874637439176535,0.001422046178385488,0.2575,0.505,0.495,0.0,0.0,0.505,0.10476831845448942,-16.123942227844505,19.72721847220075,400
weights_previous,Weights SG-TD3 previous,weights,reference,72,13.530020016890637,0.16891451314450973,0.0014569142092959175,0.2625,0.45,0.55,0.0,0.0,0.45,-0.8785584944957918,-14.510727613674748,11.470920206982068,400
weights_previous,Weights SG-TD3 previous,weights,reference,73,13.47555479629603,0.1655231381798818,0.0014596886502935475,0.2625,0.445,0.555,0.0,0.0,0.445,-1.1283088085473736,-16.708816011939412,13.307391975165558,400
weights_previous,Weights SG-TD3 previous,weights,reference,74,14.943640164545787,0.16383048770186448,0.001423458519461409,0.26,0.515,0.485,0.0,0.0,0.515,0.28953048107939594,-15.180821415859578,9.647290208569709,400
weights_previous,Weights SG-TD3 previous,weights,reference,75,14.364447116494455,0.1680719430397945,0.0014211753683734307,0.265,0.52,0.48,0.0,0.0,0.52,0.2702586726204572,-15.66784589773633,9.298382109373975,400
weights_previous,Weights SG-TD3 previous,weights,reference,76,14.656201641318845,0.1676503757775891,0.0014774329356921434,0.2675,0.4475,0.5525,0.0,0.0,0.4475,-1.1046021579180323,-15.320307693077096,10.55218524232066,400
weights_previous,Weights SG-TD3 previous,weights,reference,77,14.883985798537612,0.16925637567016383,0.001399297097178201,0.2625,0.52,0.48,0.0,0.0,0.52,0.46504674403752233,-14.213738876143019,11.510758654069575,400
weights_previous,Weights SG-TD3 previous,weights,reference,78,14.707221713515734,0.16972132078797697,0.0014680986179626554,0.2675,0.54,0.46,0.0,0.0,0.54,0.669206996169919,-15.055908417654074,11.499123183739982,400
weights_previous,Weights SG-TD3 previous,weights,reference,79,13.528403502218584,0.1710645874213165,0.0014155325282517418,0.2525,0.475,0.525,0.0,0.0,0.475,-0.4272741966402016,-12.0177188432615,17.837634346915237,400
weights_previous,Weights SG-TD3 previous,weights,reference,80,14.126597891108672,0.17086398476439618,0.0014363775264174688,0.2525,0.465,0.535,0.0,0.0,0.465,-0.8412067791060878,-15.854264528043949,15.272558255107766,400
weights_previous,Weights SG-TD3 previous,weights,reference,81,13.70810717984301,0.17138169899431863,0.0014667828247181558,0.2475,0.4325,0.5675,0.0,0.0,0.4325,-1.652761782676805,-17.794985916286166,11.150535524382079,400
weights_previous,Weights SG-TD3 previous,weights,reference,82,13.636953486772349,0.17331094746639708,0.0016092059534625145,0.2725,0.505,0.495,0.0,0.0,0.505,0.23583107715126062,-16.832437798229417,13.06622186284985,400
weights_previous,Weights SG-TD3 previous,weights,reference,83,15.170876680681612,0.16696823002310943,0.0013808657611720685,0.245,0.52,0.48,0.0,0.0,0.52,0.5579426948558037,-13.23039362584451,13.153733418109958,400
weights_previous,Weights SG-TD3 previous,weights,reference,84,14.791446415097411,0.16586562358276713,0.0013787462378906637,0.235,0.485,0.515,0.0,0.0,0.485,-0.35153329122283594,-16.30524782562711,15.71676973307485,400
weights_previous,Weights SG-TD3 previous,weights,reference,85,15.86730141096941,0.16197641514064656,0.0013709843843386432,0.225,0.49,0.51,0.0,0.0,0.49,-0.17117244610324178,-13.686124433040778,17.403650550530223,400
weights_previous,Weights SG-TD3 previous,weights,reference,86,14.973155599013646,0.16581462902580854,0.0013466280464507442,0.225,0.51,0.49,0.0,0.0,0.51,0.17284587251384664,-15.378217170659173,19.83423249630104,400
weights_previous,Weights SG-TD3 previous,weights,reference,87,15.323903689846581,0.16595126226490645,0.0013903786402496715,0.225,0.48,0.52,0.0,0.0,0.48,-0.5950714592666486,-13.715636416677262,14.7372425458002,400
weights_previous,Weights SG-TD3 previous,weights,reference,88,15.239015446193275,0.16393889970421294,0.0013923875303530541,0.225,0.455,0.545,0.0,0.0,0.455,-1.0105090400732024,-16.85348596765989,19.318301460486182,400
weights_previous,Weights SG-TD3 previous,weights,reference,89,15.859316173582192,0.16534940827238018,0.0014168008268266707,0.235,0.54,0.46,0.0,0.0,0.54,0.7940029281165266,-13.70756568687484,17.602516890787534,400
weights_previous,Weights SG-TD3 previous,weights,reference,90,15.1413223652851,0.166611701693156,0.001373311408603338,0.2375,0.53,0.47,0.0,0.0,0.53,0.6166747033902311,-12.957181472136654,21.42173369984613,400
weights_previous,Weights SG-TD3 previous,weights,reference,91,14.317152293466236,0.1646879066488235,0.0014256597367563123,0.2275,0.5725,0.4275,0.0,0.0,0.5725,1.23771750133551,-13.659588403660836,18.473248846614997,400
weights_previous,Weights SG-TD3 previous,weights,reference,92,14.421257755094068,0.16672546903286892,0.0014484536104166128,0.25,0.4875,0.5125,0.0,0.0,0.4875,-0.2790828195142403,-17.959416369976584,17.754532863255804,400
weights_previous,Weights SG-TD3 previous,weights,reference,93,14.898745334867751,0.16458042574628165,0.0013607083770259293,0.23,0.475,0.525,0.0,0.0,0.475,-0.5150523919164698,-13.727866096562478,14.697133780215612,400
weights_previous,Weights SG-TD3 previous,weights,reference,94,14.63971890018229,0.16392515570352129,0.0014320069254928534,0.2375,0.57,0.43,0.0,0.0,0.57,0.7474406134173819,-10.259809080731975,10.801624732893655,400
weights_previous,Weights SG-TD3 previous,weights,reference,95,14.366144838770289,0.16562141552293916,0.0014248860329496471,0.2525,0.63,0.37,0.0,0.0,0.63,2.006652059845919,-13.70589995731368,26.909290996816445,400
weights_previous,Weights SG-TD3 previous,weights,reference,96,13.993543215594674,0.16428343252390712,0.0013551077705254181,0.2375,0.625,0.375,0.0,0.0,0.625,1.7340532203766372,-9.74038773782696,33.78961731211122,400
weights_previous,Weights SG-TD3 previous,weights,reference,97,14.365446683532928,0.1676883666770862,0.0013484316406332298,0.245,0.505,0.495,0.0,0.0,0.505,0.13693398946890056,-13.654853389414024,34.222991093175885,400
weights_previous,Weights SG-TD3 previous,weights,reference,98,14.203533076989753,0.1667959600899841,0.0013234580933452747,0.2375,0.51,0.49,0.0,0.0,0.51,0.15777397307152796,-10.758117250255047,22.479129526035354,400
weights_previous,Weights SG-TD3 previous,weights,reference,99,15.258723944521272,0.16413721342552112,0.0013023167551639576,0.2325,0.4975,0.5025,0.0,0.0,0.4975,-0.10016778475346655,-12.647878351740518,36.01491541953052,400
weights_previous,Weights SG-TD3 previous,weights,reference,100,14.370733835438735,0.16677124389574138,0.0012386768984738044,0.2325,0.5625,0.4375,0.0,0.0,0.5625,1.4545718609898586,-10.855064428516743,36.36075267063983,400
weights_previous,Weights SG-TD3 previous,weights,reference,101,15.026081799171518,0.16196287069585405,0.001186499176156116,0.225,0.585,0.415,0.0,0.0,0.585,2.352499434411495,-16.00778892201308,34.15771511630352,400
weights_previous,Weights SG-TD3 previous,weights,reference,102,14.372874886035786,0.16034869173076116,0.0012678150932473884,0.2325,0.465,0.535,0.0,0.0,0.465,-0.7731440497840651,-13.522010416251828,36.666210470735315,400
weights_previous,Weights SG-TD3 previous,weights,reference,103,15.177752977134782,0.15757096450378438,0.0011134968094545644,0.2125,0.565,0.435,0.0,0.0,0.565,1.1200182292784007,-15.278373442376276,73.27902173831346,400
weights_previous,Weights SG-TD3 previous,weights,reference,104,15.372534922826413,0.15613074760583273,0.0011383745599386002,0.2,0.5975,0.4025,0.0,0.0,0.5975,2.1687465075041956,-14.18743245345995,78.30439803015148,400
weights_previous,Weights SG-TD3 previous,weights,reference,105,15.118357454629065,0.15374856624073222,0.0011341798133018676,0.195,0.6025,0.3975,0.0,0.0,0.6025,2.5054089522477057,-10.630062162104785,99.2213795032731,400
weights_previous,Weights SG-TD3 previous,weights,reference,106,15.47895925641361,0.15027878215846452,0.0010745559666089503,0.1625,0.7475,0.2525,0.0,0.0,0.7475,9.252037431793951,-5.2814948896784095,97.8548024088055,400
weights_previous,Weights SG-TD3 previous,weights,reference,107,15.01421789120075,0.14990156237296207,0.0010942753102659592,0.1275,0.7125,0.2875,0.0,0.0,0.7125,6.145097230487465,-6.441332047082775,78.99963959793479,400
weights_previous,Weights SG-TD3 previous,weights,reference,108,15.650910981641948,0.14805549095709997,0.0010366651800965655,0.1075,0.79,0.21,0.0,0.0,0.79,16.83533530821674,-4.001418474697643,82.52353147075895,400
weights_previous,Weights SG-TD3 previous,weights,reference,109,15.496587670525603,0.152598975774028,0.0010392179325998568,0.1125,0.77,0.23,0.0,0.0,0.77,9.542214408869768,-4.8296033032959365,107.98690060237242,400
weights_previous,Weights SG-TD3 previous,weights,reference,110,15.574962504322588,0.15314726454444774,0.001079876652864752,0.1525,0.7125,0.2875,0.0,0.0,0.7125,5.045829350333506,-9.435938969485274,117.94009921538425,400
weights_previous,Weights SG-TD3 previous,weights,reference,111,15.408419727383189,0.15734861624643898,0.001092330425841876,0.1875,0.63,0.37,0.0,0.0,0.63,2.564938558628576,-9.042503023324295,124.74955064649451,400
weights_previous,Weights SG-TD3 previous,weights,reference,112,16.241944585222047,0.15435497174787358,0.0010661704592220085,0.195,0.5575,0.4425,0.0,0.0,0.5575,1.2429122212327854,-18.195665623469722,122.88931140795387,400
weights_previous,Weights SG-TD3 previous,weights,reference,113,15.506149447956664,0.1601462964649819,0.0010741038758131265,0.2025,0.6175,0.3825,0.0,0.0,0.6175,2.377233630687215,-13.296305109288003,113.41892515819853,400
weights_previous,Weights SG-TD3 previous,weights,reference,114,16.343519523593827,0.15669412711685288,0.0010990102685718213,0.205,0.585,0.415,0.0,0.0,0.585,1.9506880630922865,-13.656159193534222,95.4294866616571,400
weights_previous,Weights SG-TD3 previous,weights,reference,115,16.192516485298324,0.15929608378010823,0.0010864930691595021,0.21,0.6075,0.3925,0.0,0.0,0.6075,2.2248837851302596,-9.416685518091436,82.95178812115569,400
weights_previous,Weights SG-TD3 previous,weights,reference,116,15.691731771489492,0.16086918343043688,0.0011068498294665072,0.22,0.615,0.385,0.0,0.0,0.615,2.409152260573819,-8.42731387933175,90.59798904474926,400
weights_previous,Weights SG-TD3 previous,weights,reference,117,16.39345757920081,0.162547612945679,0.001083060173721952,0.2325,0.5975,0.4025,0.0,0.0,0.5975,2.3511524595649007,-13.930774015722681,81.79945918670657,400
weights_previous,Weights SG-TD3 previous,weights,reference,118,16.859690944111026,0.16414173731144366,0.001049959518410742,0.295,0.6825,0.3175,0.0,0.0,0.6825,4.302801976889526,-10.608113651252324,72.80913981523004,400
weights_previous,Weights SG-TD3 previous,weights,reference,119,16.81267940392531,0.16407572150062255,0.0010807474331700699,0.285,0.645,0.355,0.0,0.0,0.645,2.91779173059399,-7.643984493496964,72.94782006500064,400
weights_previous,Weights SG-TD3 previous,weights,reference,120,17.749947686875952,0.1633123251363209,0.0011086429807110473,0.3,0.63,0.37,0.0,0.0,0.63,2.38251417177662,-9.141068231700046,63.29171148874499,400
weights_previous,Weights SG-TD3 previous,weights,reference,121,16.29386543993205,0.16885366275180191,0.0010963339017158432,0.275,0.585,0.415,0.0,0.0,0.585,1.9204931172032502,-10.990378583914069,71.4726213169176,400
weights_previous,Weights SG-TD3 previous,weights,reference,122,17.224095833089432,0.16762862711880147,0.0010955778861541415,0.2775,0.63,0.37,0.0,0.0,0.63,3.069303601096692,-10.806065260009335,53.44113752222607,400
weights_previous,Weights SG-TD3 previous,weights,reference,123,17.268806801805553,0.16507928548298423,0.0011146582317897345,0.275,0.525,0.475,0.0,0.0,0.525,0.40030564244555933,-11.932041904845185,46.501035431596236,400
weights_previous,Weights SG-TD3 previous,weights,reference,124,16.724588290678593,0.16734659106531274,0.0011589768878996778,0.2625,0.6,0.4,0.0,0.0,0.6,1.71682023433641,-10.808008646803092,37.332914381401885,400
weights_previous,Weights SG-TD3 previous,weights,reference,125,16.18291543584617,0.16893006917108955,0.0011768358376053544,0.2675,0.545,0.455,0.0,0.0,0.545,1.1412809924368617,-10.91824485582342,37.86429019197659,400
weights_previous,Weights SG-TD3 previous,weights,reference,126,15.6354147519412,0.17434007174509916,0.00114569609373528,0.2625,0.76,0.24,0.0,0.0,0.76,6.056713103200536,-5.234379985430904,73.58243286978733,400
weights_previous,Weights SG-TD3 previous,weights,reference,127,15.680605833642234,0.1711953110072013,0.001224040075545018,0.275,0.63,0.37,0.0,0.0,0.63,3.935448511832419,-7.939400375463833,46.84883974946794,400
weights_previous,Weights SG-TD3 previous,weights,reference,128,15.820334119207097,0.17299097483339262,0.0011808046745509604,0.2775,0.5975,0.4025,0.0,0.0,0.5975,2.3131788942104663,-10.86104296218486,57.06777222709355,400
weights_previous,Weights SG-TD3 previous,weights,reference,129,16.314550970526184,0.16836230497255747,0.0011951263818702573,0.2675,0.63,0.37,0.0,0.0,0.63,2.990314763610627,-11.644176595902682,42.362422443741664,400
weights_previous,Weights SG-TD3 previous,weights,reference,130,16.627939462697142,0.17120335019128347,0.001224132186677761,0.27,0.54,0.46,0.0,0.0,0.54,1.061216784481779,-11.684959791231494,24.095535939379875,400
weights_previous,Weights SG-TD3 previous,weights,reference,131,15.689693033158132,0.17633890403002478,0.0011692541574732575,0.265,0.6025,0.3975,0.0,0.0,0.6025,2.4798265392850567,-11.212344128067366,70.6173588540142,400
weights_previous,Weights SG-TD3 previous,weights,reference,132,16.013001631055115,0.17574438385815486,0.0011705265486301236,0.2675,0.55,0.45,0.0,0.0,0.55,1.1320211240500981,-13.325717384668632,67.56662089542876,400
weights_previous,Weights SG-TD3 previous,weights,reference,133,16.25107001256156,0.17393627388777766,0.0012751137167497564,0.275,0.635,0.365,0.0,0.0,0.635,2.470975446043667,-9.161732621900136,60.48171392698385,400
weights_previous,Weights SG-TD3 previous,weights,reference,134,16.21428224102794,0.17281993527423872,0.00134373411559706,0.265,0.5425,0.4575,0.0,0.0,0.5425,1.0476940136940343,-12.132947721135405,40.43926846712328,400
weights_previous,Weights SG-TD3 previous,weights,reference,135,16.580252092981222,0.17367527410024125,0.0012435756431171364,0.2825,0.6075,0.3925,0.0,0.0,0.6075,2.1619729580163494,-8.654171201485587,39.80386227916818,400
weights_previous,Weights SG-TD3 previous,weights,reference,136,16.88414627269932,0.1709990684620838,0.001235850803194014,0.275,0.57,0.43,0.0,0.0,0.57,1.427063905132,-14.212050625508981,33.20503154108403,400
weights_previous,Weights SG-TD3 previous,weights,reference,137,16.719209354899164,0.1689937457639348,0.0013615840292730314,0.2925,0.53,0.47,0.0,0.0,0.53,1.1437512956317022,-14.296565357852796,38.493643023132165,400
weights_previous,Weights SG-TD3 previous,weights,reference,138,17.43492321307242,0.1663334929401303,0.0013901915460546427,0.2925,0.525,0.475,0.0,0.0,0.525,0.9420654828497845,-13.289425734819575,23.59583880232398,400
weights_previous,Weights SG-TD3 previous,weights,reference,139,16.957652350404214,0.16826657636773085,0.0013850858950709788,0.2925,0.53,0.47,0.0,0.0,0.53,0.8025957339347372,-17.043738695086674,24.607742119955812,400
weights_previous,Weights SG-TD3 previous,weights,reference,140,17.2172455563982,0.16874724027006102,0.0013757876857950796,0.29,0.5875,0.4125,0.0,0.0,0.5875,2.415841911129519,-12.254904845583132,22.87961022210476,400
weights_previous,Weights SG-TD3 previous,weights,reference,141,16.845160646404437,0.1690937380538523,0.0013323829513586754,0.2825,0.535,0.465,0.0,0.0,0.535,0.8194110572828777,-13.414450374953093,42.26681904854484,400
weights_previous,Weights SG-TD3 previous,weights,reference,142,16.889602438350117,0.1676868218920683,0.001415632295957,0.3025,0.54,0.46,0.0,0.0,0.54,1.0165700827140824,-14.588976749491575,31.111682179171073,400
weights_previous,Weights SG-TD3 previous,weights,reference,143,17.498976591877636,0.1657549886016264,0.001345856140101455,0.285,0.635,0.365,0.0,0.0,0.635,2.6437247680073597,-10.563668833213068,37.315816367994024,400
weights_previous,Weights SG-TD3 previous,weights,reference,144,16.83357222547997,0.16804029858311648,0.0014058482409442768,0.285,0.6375,0.3625,0.0,0.0,0.6375,2.8515529950272125,-8.5948082283536,31.63452551434441,400
weights_previous,Weights SG-TD3 previous,weights,reference,145,17.165932225516176,0.16566153955005775,0.0013090995620682105,0.295,0.595,0.405,0.0,0.0,0.595,1.517294032887321,-7.464956653805029,35.56759134580522,400
weights_previous,Weights SG-TD3 previous,weights,reference,146,17.497282375806112,0.164669750534343,0.0013466446487468337,0.3,0.6275,0.3725,0.0,0.0,0.6275,2.5198494091535224,-8.624869521420667,27.954986858902927,400
weights_previous,Weights SG-TD3 previous,weights,reference,147,16.688818771180962,0.1675810524453183,0.0013165689591414498,0.29,0.5625,0.4375,0.0,0.0,0.5625,1.1968406779205907,-10.109062762792428,53.41469657382201,400
weights_previous,Weights SG-TD3 previous,weights,reference,148,16.78195023870347,0.16800797747630764,0.0012925541739580986,0.2875,0.57,0.43,0.0,0.0,0.57,1.7796270075711504,-15.402739070200367,39.21531520909576,400
weights_previous,Weights SG-TD3 previous,weights,reference,149,18.03971112575636,0.16354943708488745,0.0013023408483915427,0.295,0.5175,0.4825,0.0,0.0,0.5175,0.39053542516143125,-15.253168561451183,32.1354491488793,400
weights_previous,Weights SG-TD3 previous,weights,reference,150,17.48348219653612,0.16367927267395152,0.0012751842309196876,0.275,0.61,0.39,0.0,0.0,0.61,2.404593777248465,-10.646334061762957,32.7808802569536,400
weights_previous,Weights SG-TD3 previous,weights,reference,151,16.689929172664275,0.16621833965123614,0.0013127084968556275,0.2825,0.6025,0.3975,0.0,0.0,0.6025,1.8680773340038286,-8.829309143868363,42.26675869278312,400
weights_previous,Weights SG-TD3 previous,weights,reference,152,17.13344468522333,0.16372117686945883,0.0013259093777763797,0.2775,0.48,0.52,0.0,0.0,0.48,-0.5787571447341406,-10.996505451765255,28.620488169879273,400
weights_previous,Weights SG-TD3 previous,weights,reference,153,17.9807476867796,0.16159425733688626,0.001280117005300137,0.3075,0.5625,0.4375,0.0,0.0,0.5625,1.6581155557329055,-12.331555681671034,23.20244481777147,400
weights_previous,Weights SG-TD3 previous,weights,reference,154,16.464795302347383,0.16284496817747343,0.0013802732589987777,0.3,0.5525,0.4475,0.0,0.0,0.5525,1.0717696636354503,-11.820390013715656,26.08404129742391,400
weights_previous,Weights SG-TD3 previous,weights,reference,155,17.236617825767013,0.1616165863070218,0.001358779389269426,0.295,0.5625,0.4375,0.0,0.0,0.5625,1.504465598582101,-11.049665799338253,16.353154377280752,400
weights_previous,Weights SG-TD3 previous,weights,reference,156,17.885859863780787,0.15991646266849138,0.001359377327637923,0.2875,0.59,0.41,0.0,0.0,0.59,1.8404493903784669,-14.352406408656678,17.162275590714312,400
weights_previous,Weights SG-TD3 previous,weights,reference,157,17.840617720922864,0.16242114231712804,0.001284884525806319,0.295,0.5575,0.4425,0.0,0.0,0.5575,1.1908384341525107,-12.779131952838904,14.219898926038313,400
weights_previous,Weights SG-TD3 previous,weights,reference,158,18.318230999528,0.1580913080904302,0.001319486069704425,0.295,0.57,0.43,0.0,0.0,0.57,1.1167071112919018,-12.931545527898288,15.749278900840318,400
weights_previous,Weights SG-TD3 previous,weights,reference,159,18.01720568624477,0.16172500562716216,0.0013014953656166684,0.3075,0.4825,0.5175,0.0,0.0,0.4825,-0.4921836581464234,-13.75501336846637,16.03934293386806,400
weights_previous,Weights SG-TD3 previous,weights,reference,160,18.186532591696007,0.1611301925620514,0.0013236838840064524,0.3075,0.62,0.38,0.0,0.0,0.62,1.7751231779047885,-9.921592027126461,14.399994365095743,400
weights_previous,Weights SG-TD3 previous,weights,reference,161,18.461242918468237,0.1585027190440634,0.0012546719997457313,0.2875,0.57,0.43,0.0,0.0,0.57,1.5465025621293762,-12.945321873587567,15.26072300499406,400
weights_previous,Weights SG-TD3 previous,weights,reference,162,18.46741638524229,0.15827716545920165,0.0013170249563562938,0.27,0.5075,0.4925,0.0,0.0,0.5075,0.09329540362352873,-20.31310734117196,23.183762776574987,400
weights_previous,Weights SG-TD3 previous,weights,reference,163,18.681461556900302,0.16003466953276885,0.0012586464049468837,0.2825,0.59,0.41,0.0,0.0,0.59,1.9567667029797988,-12.120958175010944,17.865410830004365,400
weights_previous,Weights SG-TD3 previous,weights,reference,164,18.62250864575713,0.1586611870525072,0.0012657592890946156,0.315,0.46,0.54,0.0,0.0,0.46,-1.3714468846135333,-17.694923230736823,11.953271813993663,400
weights_previous,Weights SG-TD3 previous,weights,reference,165,18.253855753399677,0.15950300154708144,0.0012598959504559967,0.2925,0.555,0.445,0.0,0.0,0.555,1.04541176990665,-12.01716799166643,17.329414905918465,400
weights_previous,Weights SG-TD3 previous,weights,reference,166,18.10952418832948,0.15989856949839548,0.001232178984374356,0.31,0.53,0.47,0.0,0.0,0.53,0.6968554835302516,-13.221675334381143,17.83357305947386,400
weights_previous,Weights SG-TD3 previous,weights,reference,167,18.657503513076378,0.15859537819245056,0.0012108733056716923,0.3025,0.4875,0.5125,0.0,0.0,0.4875,-0.366516387194622,-15.961989962174515,16.91557554150277,400
weights_previous,Weights SG-TD3 previous,weights,reference,168,19.00945385263933,0.15740415996038631,0.0011754754923405486,0.29,0.5475,0.4525,0.0,0.0,0.5475,1.321114176931701,-16.097605783682866,14.557808951570859,400
weights_previous,Weights SG-TD3 previous,weights,reference,169,18.87970437241175,0.15789690487147579,0.0011658329885459453,0.3,0.5075,0.4925,0.0,0.0,0.5075,0.38715984194504927,-14.104438886181379,18.85126587779321,400
weights_previous,Weights SG-TD3 previous,weights,reference,170,19.1751127257275,0.155873984705439,0.0011330037454149958,0.2875,0.5175,0.4825,0.0,0.0,0.5175,0.40724100512869654,-15.292167060912016,15.664997732185933,400
weights_previous,Weights SG-TD3 previous,weights,reference,171,18.86504836882949,0.15638962967563028,0.001148161063024955,0.295,0.5075,0.4925,0.0,0.0,0.5075,0.4666039880177095,-12.990705409592897,16.121771849797323,400
weights_previous,Weights SG-TD3 previous,weights,reference,172,18.085411281518333,0.15390956256948185,0.0010831600116696048,0.27,0.58,0.42,0.0,0.0,0.58,2.2194634077577575,-11.883099624565121,23.352629884325708,400
weights_previous,Weights SG-TD3 previous,weights,reference,173,18.940539441036886,0.1536387859843506,0.0010827852429867028,0.265,0.44,0.56,0.0,0.0,0.44,-1.4561469792129174,-16.820459722851773,14.527034814222548,400
weights_previous,Weights SG-TD3 previous,weights,reference,174,19.142775151140903,0.1528974292925454,0.0010540893235939305,0.28,0.5275,0.4725,0.0,0.0,0.5275,0.9689236608046485,-12.852800288090338,14.664743259217994,400
weights_previous,Weights SG-TD3 previous,weights,reference,175,18.726938422864418,0.15153990662766062,0.0010823991508463432,0.28,0.55,0.45,0.0,0.0,0.55,1.7366531367351854,-15.25484221483302,17.79049536335395,400
weights_previous,Weights SG-TD3 previous,weights,reference,176,18.48981470911526,0.15460230684477191,0.00101382927937434,0.265,0.56,0.44,0.0,0.0,0.56,1.182659363821358,-14.311363719331913,16.28455008032918,400
weights_previous,Weights SG-TD3 previous,weights,reference,177,18.503651656710492,0.15494620762683975,0.0010348793044085442,0.28,0.5775,0.4225,0.0,0.0,0.5775,1.7075913169892374,-12.25643447479797,18.781465651768478,400
weights_previous,Weights SG-TD3 previous,weights,reference,178,18.917472140862248,0.15442993112052716,0.0010750914107379769,0.28,0.5825,0.4175,0.0,0.0,0.5825,2.046135596836052,-9.386435462884355,18.497072749074416,400
weights_previous,Weights SG-TD3 previous,weights,reference,179,19.996846233032286,0.15083385257706142,0.001102568293954017,0.2775,0.5325,0.4675,0.0,0.0,0.5325,0.8758289795358678,-12.102320879828904,18.243172315594443,400
weights_previous,Weights SG-TD3 previous,weights,reference,180,20.226076198035997,0.15168818420510388,0.0010842166832608225,0.28,0.48,0.52,0.0,0.0,0.48,-0.5040484178464908,-15.8554927413963,17.805771838149948,400
weights_previous,Weights SG-TD3 previous,weights,reference,181,20.451977589650195,0.15162832596685122,0.0010517583283784762,0.2525,0.535,0.465,0.0,0.0,0.535,0.7992371143875516,-11.745068116425681,13.500134219213074,400
weights_previous,Weights SG-TD3 previous,weights,reference,182,19.90120599426416,0.15271473534161994,0.0011656646916100525,0.2825,0.4675,0.5325,0.0,0.0,0.4675,-0.5139196572253013,-13.723186079443984,14.511981799305245,400
weights_previous,Weights SG-TD3 previous,weights,reference,183,19.642326112823472,0.1565065047009696,0.0011320219069084895,0.29,0.505,0.495,0.0,0.0,0.505,0.16566346605463877,-13.124664616329847,16.913867102446655,400
weights_previous,Weights SG-TD3 previous,weights,reference,184,18.893433638409206,0.1552508672030859,0.0011755892344445184,0.265,0.54,0.46,0.0,0.0,0.54,0.9011430985974584,-14.891688010482175,16.22581003367272,400
weights_previous,Weights SG-TD3 previous,weights,reference,185,19.740753285801226,0.15534445227851626,0.0011789580650030651,0.28,0.6075,0.3925,0.0,0.0,0.6075,2.38028294306082,-9.739320977777789,14.980531767576778,400
weights_previous,Weights SG-TD3 previous,weights,reference,186,19.31100417085258,0.15498164763040415,0.0011452158463829743,0.28,0.5925,0.4075,0.0,0.0,0.5925,1.682862075012281,-13.24039263357672,24.135219544835447,400
weights_previous,Weights SG-TD3 previous,weights,reference,187,19.160252939624964,0.1546641137180474,0.0012008214699540077,0.25,0.63,0.37,0.0,0.0,0.63,2.643561066529628,-8.865694431621339,15.770296090983585,400
weights_previous,Weights SG-TD3 previous,weights,reference,188,19.448627191026933,0.15664416190553185,0.0012250512225894553,0.27,0.565,0.435,0.0,0.0,0.565,2.4668661580609523,-14.44637057495479,15.031987682375442,400
weights_previous,Weights SG-TD3 previous,weights,reference,189,19.820737065514876,0.15312834444347337,0.0012730734443212749,0.2675,0.5725,0.4275,0.0,0.0,0.5725,1.7632156434694934,-9.662914564362016,19.320425936133695,400
weights_previous,Weights SG-TD3 previous,weights,reference,190,19.11636939651837,0.15543798511601625,0.0012866953618044486,0.27,0.48,0.52,0.0,0.0,0.48,-0.4940082500898697,-15.257301249529426,17.726458741641196,400
weights_previous,Weights SG-TD3 previous,weights,reference,191,18.20432748378782,0.1567758038236066,0.0012966049687854924,0.2825,0.53,0.47,0.0,0.0,0.53,0.8040171364602884,-18.623926122075133,25.94304448507048,400
weights_previous,Weights SG-TD3 previous,weights,reference,192,18.409928117666773,0.15530228606864505,0.0013049165131752258,0.2675,0.625,0.375,0.0,0.0,0.625,3.1498177566450067,-11.538014078779767,21.197261498555374,400
weights_previous,Weights SG-TD3 previous,weights,reference,193,18.11671721619481,0.15400963192734782,0.001337745262198748,0.2475,0.5925,0.4075,0.0,0.0,0.5925,2.3515322118571476,-12.964805237766905,29.354994674792458,400
weights_previous,Weights SG-TD3 previous,weights,reference,194,15.796589292755684,0.15503556763274617,0.0013497580122447922,0.245,0.6825,0.3175,0.0,0.0,0.6825,5.671589971224677,-13.633711520447603,21.299390544812454,400
weights_previous,Weights SG-TD3 previous,weights,reference,195,16.927598049449067,0.15501553521246372,0.0013441191137536712,0.26,0.59,0.41,0.0,0.0,0.59,2.6899717819226687,-11.016956881244733,25.09709827478457,400
weights_previous,Weights SG-TD3 previous,weights,reference,196,16.78860121430734,0.1566523674089159,0.001271253831842814,0.27,0.7275,0.2725,0.0,0.0,0.7275,6.4573680674425304,-7.092022033615103,35.26720976977651,400
weights_previous,Weights SG-TD3 previous,weights,reference,197,17.16402751763917,0.15422521451357846,0.0012288915179534397,0.285,0.6725,0.3275,0.0,0.0,0.6725,4.701052982570673,-10.972115763640158,24.632426564913246,400
weights_previous,Weights SG-TD3 previous,weights,reference,198,17.941814650269926,0.15035072801200536,0.0011231774296124862,0.2725,0.5675,0.4325,0.0,0.0,0.5675,2.0829812218657935,-12.96328399268541,21.603665764453847,400
weights_previous,Weights SG-TD3 previous,weights,reference,199,17.208925191169513,0.15391527525731954,0.0010893832991972954,0.27,0.57,0.43,0.0,0.0,0.57,1.6283353523810433,-16.75292833020885,23.80688650313709,400
weights_previous,Weights SG-TD3 previous,weights,reference,200,16.195274174300852,0.15214478341085716,0.0011408761987761046,0.2925,0.5275,0.4725,0.0,0.0,0.5275,0.8033495170676233,-6.299368997903002,22.72758405900336,400
residual_current,Residual SG-TD3 current,residual,current,1,-2.475463115745954,0.2927706401858373,0.0026223177021771865,0.4425,0.0,0.0,0.0,0.0,nan,nan,nan,nan,0
residual_current,Residual SG-TD3 current,residual,current,2,7.874010893845127,0.18594178333833639,0.0015049683573207361,0.2525,0.0,0.0,0.0,0.0,nan,nan,nan,nan,0
residual_current,Residual SG-TD3 current,residual,current,3,7.984692406601336,0.18505932937001168,0.0014994051015581027,0.2525,0.0,0.0,0.0,0.0,nan,nan,nan,nan,0
residual_current,Residual SG-TD3 current,residual,current,4,8.105861238562058,0.1841020657455247,0.0014935434553698503,0.2525,0.0,0.0,0.0,0.0,nan,nan,nan,nan,0
residual_current,Residual SG-TD3 current,residual,current,5,8.225751087395833,0.18307175951326818,0.0014873750083868498,0.255,0.0,0.0,0.0,0.0,nan,nan,nan,nan,0
residual_current,Residual SG-TD3 current,residual,current,6,8.349040538526186,0.18196550985806736,0.001480928696848447,0.25,0.0,0.0,0.0,0.0,nan,nan,nan,nan,0
residual_current,Residual SG-TD3 current,residual,current,7,8.48203890090931,0.18077219647381912,0.0014741684335295396,0.25,0.0,0.0,0.0,0.0,nan,nan,nan,nan,0
residual_current,Residual SG-TD3 current,residual,current,8,8.646030864361617,0.17952055136780726,0.0014670556034361666,0.2525,0.0,0.0,0.0,0.0,nan,nan,nan,nan,0
residual_current,Residual SG-TD3 current,residual,current,9,8.806049896434699,0.17844642803999952,0.0014595874684215548,0.2475,0.0,0.0,0.0,0.0,nan,nan,nan,nan,0
residual_current,Residual SG-TD3 current,residual,current,10,8.921949093624567,0.17753203477088633,0.0014515436935976767,0.2475,0.0,0.0,0.0,0.0,nan,nan,nan,nan,0
residual_current,Residual SG-TD3 current,residual,current,11,9.070040135753617,0.17651791590726362,0.001443245649421826,0.245,0.0,0.9975,0.0,0.0,0.0,nan,nan,nan,399
residual_current,Residual SG-TD3 current,residual,current,12,9.243794819209684,0.17539661429877662,0.0014346139093514949,0.2425,0.0,1.0,0.0,0.0,0.0,nan,nan,nan,400
residual_current,Residual SG-TD3 current,residual,current,13,9.454507113939478,0.1741993588824333,0.001425552107496523,0.2375,0.0,1.0,0.0,0.0,0.0,nan,nan,nan,400
residual_current,Residual SG-TD3 current,residual,current,14,7.9166425114502434,0.17861882733692078,0.0015595769487837662,0.2225,0.085,0.915,0.0,0.0,0.085,-9.683334736989117,-33.67969329801137,0.10250978306578053,400
residual_current,Residual SG-TD3 current,residual,current,15,4.155472615808355,0.1871227726012198,0.0017351164158116734,0.2575,0.1325,0.8675,0.0,0.0,0.1325,-7.727082882328698,-44.283067579289444,1.680326760636948,400
residual_current,Residual SG-TD3 current,residual,current,16,10.027566837654906,0.16103413791130936,0.001696371143192428,0.24,0.1675,0.8325,0.0,0.0,0.1675,-10.3108572748373,-51.54026755923086,4.687955573944797,400
residual_current,Residual SG-TD3 current,residual,current,17,-10.483225845662625,0.17089281242419435,0.003133651666249134,0.28,0.2875,0.7125,0.0,0.0,0.2875,-5.340524452863078,-33.01453826637433,27.17529871846262,400
residual_current,Residual SG-TD3 current,residual,current,18,-15.99714812677589,0.19515832046353435,0.00571157099430582,0.5725,0.4025,0.5975,0.0,0.0,0.4025,-2.713395857857374,-28.99014834497121,47.78641572567669,400
residual_current,Residual SG-TD3 current,residual,current,19,-3.3087293655613985,0.1624435666522107,0.004093601313919401,0.4075,0.36,0.64,0.0,0.0,0.36,-4.789142074208167,-42.70174777236007,39.03797885938694,400
residual_current,Residual SG-TD3 current,residual,current,20,-6.69075810964835,0.1958955843281393,0.003434915440163985,0.3525,0.4225,0.5775,0.0,0.0,0.4225,-0.6104569719048811,-13.439681078449196,15.484465273194209,400
residual_current,Residual SG-TD3 current,residual,current,21,-4.040474464871002,0.19350950837556702,0.003095610988455346,0.4,0.3675,0.6325,0.0,0.0,0.3675,-0.8493496369115903,-17.6967313754764,15.325928150499124,400
residual_current,Residual SG-TD3 current,residual,current,22,5.186580617238279,0.17060368332588915,0.0024231787207337914,0.35,0.3025,0.6975,0.0,0.0,0.3025,-2.17448397725542,-39.45346640463552,6.863518658321065,400
residual_current,Residual SG-TD3 current,residual,current,23,9.59413321820834,0.144062995663854,0.0021917063134261543,0.255,0.255,0.745,0.0,0.0,0.255,-3.248237828762857,-58.88251037306874,5.904041457221971,400
residual_current,Residual SG-TD3 current,residual,current,24,9.725152448019522,0.133948684077778,0.002216942416971142,0.2325,0.2975,0.7025,0.0,0.0,0.2975,-2.7382521274271134,-61.639114760534646,7.731744202549105,400
residual_current,Residual SG-TD3 current,residual,current,25,8.309578003030843,0.1341902576639917,0.0022749694944538645,0.24,0.325,0.675,0.0,0.0,0.325,-2.0496890096993408,-40.27529833793162,9.481523097293785,400
residual_current,Residual SG-TD3 current,residual,current,26,6.921439275673174,0.12576394200524477,0.002238682279931468,0.2425,0.3525,0.6475,0.0,0.0,0.3525,-1.6594384936730293,-34.077817865288665,11.714933642303508,400
residual_current,Residual SG-TD3 current,residual,current,27,12.238212593707626,0.12757061249189267,0.0022044278129938837,0.245,0.34,0.66,0.0,0.0,0.34,-3.2309253566304434,-53.19903547131685,12.688531590631005,400
residual_current,Residual SG-TD3 current,residual,current,28,12.496886675995006,0.11811399186015943,0.0022140879033207233,0.26,0.355,0.645,0.0,0.0,0.355,-1.9340810950769054,-55.085769277484566,12.109898723298812,400
residual_current,Residual SG-TD3 current,residual,current,29,15.957837860608516,0.11470054636693573,0.002063495465445653,0.25,0.3375,0.6625,0.0,0.0,0.3375,-4.21134160760387,-71.41838267257145,13.578665850449882,400
residual_current,Residual SG-TD3 current,residual,current,30,17.455830662896254,0.11018820420979526,0.0019192907155282605,0.2325,0.33,0.67,0.0,0.0,0.33,-3.9923474717944245,-59.6155754024408,13.387425307753315,400
residual_current,Residual SG-TD3 current,residual,current,31,17.88669374074722,0.10987347188678215,0.0017990942318582806,0.235,0.3525,0.6475,0.0,0.0,0.3525,-3.6033064046782926,-60.74561616951187,14.589556631302715,400
residual_current,Residual SG-TD3 current,residual,current,32,13.897082819366045,0.11141195353651677,0.0018309829116496216,0.2275,0.3925,0.6075,0.0,0.0,0.3925,-1.9183862228358066,-36.51793979141816,15.114355845653007,400
residual_current,Residual SG-TD3 current,residual,current,33,17.44814593985529,0.10800326618543349,0.0017665528906200677,0.225,0.37,0.63,0.0,0.0,0.37,-2.5051536914867825,-47.75548021768183,17.420504970165936,400
residual_current,Residual SG-TD3 current,residual,current,34,19.94583943226376,0.10222359357779212,0.0018246987982173668,0.2475,0.3375,0.6625,0.0,0.0,0.3375,-5.146178330828178,-46.53432230699512,16.913134692778314,400
residual_current,Residual SG-TD3 current,residual,current,35,16.51680358881672,0.11113682237671103,0.0017046339280530445,0.245,0.4025,0.5975,0.0,0.0,0.4025,-1.9973394919303793,-35.86818565231639,22.546629862828937,400
residual_current,Residual SG-TD3 current,residual,current,36,17.548736290238327,0.10598088368577613,0.0016863170055891263,0.245,0.36,0.64,0.0,0.0,0.36,-3.638327301202878,-39.23493391012528,25.90928506088405,400
residual_current,Residual SG-TD3 current,residual,current,37,16.010601854743744,0.10666598265507003,0.0017730069298960802,0.225,0.4125,0.5875,0.0,0.0,0.4125,-2.109877854664859,-33.16902371335607,22.685125110252013,400
residual_current,Residual SG-TD3 current,residual,current,38,17.16957449926446,0.09764832266419841,0.0019016183214028998,0.225,0.4275,0.5725,0.0,0.0,0.4275,-1.2451468980531217,-33.982501188740244,27.119100182889994,400
residual_current,Residual SG-TD3 current,residual,current,39,16.15981516820692,0.09092241656618862,0.0017064670344346389,0.21,0.4875,0.5125,0.0,0.0,0.4875,0.22023782145910786,-27.142742620832014,27.61549654830399,400
residual_current,Residual SG-TD3 current,residual,current,40,16.63859220016559,0.09809123205872121,0.0016160735159662452,0.205,0.495,0.505,0.0,0.0,0.495,0.3157785430127831,-23.025010794491024,32.64270990408403,400
residual_current,Residual SG-TD3 current,residual,current,41,18.25812443124918,0.0981280665459454,0.0016576352493639296,0.2075,0.515,0.485,0.0,0.0,0.515,0.817647615826985,-23.328306635556917,33.29995397674737,400
residual_current,Residual SG-TD3 current,residual,current,42,21.00334921887298,0.09216629887560775,0.0016272781664904373,0.2075,0.385,0.615,0.0,0.0,0.385,-2.770184638118792,-32.19535619998844,36.6640385389146,400
residual_current,Residual SG-TD3 current,residual,current,43,18.434407572166077,0.10105838080188694,0.0016771386368746987,0.2075,0.53,0.47,0.0,0.0,0.53,1.1554962865817515,-18.994019819869287,39.30428374089726,400
residual_current,Residual SG-TD3 current,residual,current,44,21.38924649634844,0.09850638315148967,0.0016183585922139177,0.205,0.4125,0.5875,0.0,0.0,0.4125,-1.501948428322521,-33.25396901001553,45.775805679255335,400
residual_current,Residual SG-TD3 current,residual,current,45,20.707552609223317,0.09466572078353724,0.0016904232847048978,0.215,0.4125,0.5875,0.0,0.0,0.4125,-0.710266709421262,-27.891675035599835,42.507855336228545,400
residual_current,Residual SG-TD3 current,residual,current,46,20.87993031701561,0.09493428988268945,0.001703704479721927,0.21,0.3975,0.6025,0.0,0.0,0.3975,-1.5597409796546344,-25.161009631085175,45.18408649034307,400
residual_current,Residual SG-TD3 current,residual,current,47,23.66169945346148,0.08913625576951567,0.001741507801749565,0.2125,0.33,0.67,0.0,0.0,0.33,-3.0687566308031364,-27.430952012125523,49.579832612869566,400
residual_current,Residual SG-TD3 current,residual,current,48,19.20598710774893,0.09374949269858057,0.0016791492471414037,0.2025,0.465,0.535,0.0,0.0,0.465,-0.3103703147733654,-20.276407323976823,49.25574470559608,400
residual_current,Residual SG-TD3 current,residual,current,49,19.830270323216933,0.09089791485577997,0.0017579389571962473,0.2175,0.455,0.545,0.0,0.0,0.455,-0.5936439822037869,-19.40936328901897,50.062102611002935,400
residual_current,Residual SG-TD3 current,residual,current,50,22.696510682305746,0.08492694162016783,0.0017510069493466226,0.2,0.4575,0.5425,0.0,0.0,0.4575,-0.39713559076244564,-26.483370100011935,53.828520131411544,400
residual_current,Residual SG-TD3 current,residual,current,51,22.578475616164653,0.08848003027878855,0.0016847662861991962,0.205,0.3875,0.6125,0.0,0.0,0.3875,-2.4152283304347293,-22.41824527461072,48.44034314986501,400
residual_current,Residual SG-TD3 current,residual,current,52,16.9769286330514,0.0921780688635134,0.0018740622081817276,0.215,0.4625,0.5375,0.0,0.0,0.4625,-0.2749531192092718,-18.394302860101863,51.13747175168658,400
residual_current,Residual SG-TD3 current,residual,current,53,24.562231618266047,0.0799651031667045,0.0016293549298225778,0.2025,0.4075,0.5925,0.0,0.0,0.4075,-2.550693883257452,-25.717279003049768,48.581936591407406,400
residual_current,Residual SG-TD3 current,residual,current,54,25.64294226812097,0.07933416709667135,0.0016369617874062367,0.1925,0.3375,0.6625,0.0,0.0,0.3375,-3.6848580267164266,-25.014769894521184,50.28290420303309,400
residual_current,Residual SG-TD3 current,residual,current,55,25.557371541867678,0.07684773742085929,0.001595831009574262,0.1975,0.3725,0.6275,0.0,0.0,0.3725,-2.0020929075532194,-29.55524772569936,42.71629063476153,400
residual_current,Residual SG-TD3 current,residual,current,56,27.12683864479952,0.0757546763191059,0.0015748219335323954,0.19,0.3225,0.6775,0.0,0.0,0.3225,-2.7976961011677304,-26.536324105487914,53.6875342784136,400
residual_current,Residual SG-TD3 current,residual,current,57,28.306099180975345,0.07033070234282504,0.0014707596462482586,0.18,0.3375,0.6625,0.0,0.0,0.3375,-3.902598296353176,-24.105467771133203,50.454675712028816,400
residual_current,Residual SG-TD3 current,residual,current,58,26.791137629959454,0.07174471879226442,0.0014499636773792953,0.1775,0.4075,0.5925,0.0,0.0,0.4075,-2.941300657910972,-28.861935732272897,52.25554126510037,400
residual_current,Residual SG-TD3 current,residual,current,59,27.988170859678284,0.07102011501452633,0.001372312455048098,0.175,0.365,0.635,0.0,0.0,0.365,-2.3951468665570133,-22.611564610974348,46.20298934951007,400
residual_current,Residual SG-TD3 current,residual,current,60,27.22335280818397,0.07242395969433199,0.001322630394419418,0.17,0.3725,0.6275,0.0,0.0,0.3725,-2.959259096411074,-25.515809639748543,49.572069116837355,400
residual_current,Residual SG-TD3 current,residual,current,61,27.617979756603763,0.07078847341020404,0.0012826325484051328,0.1625,0.4075,0.5925,0.0,0.0,0.4075,-1.7444837350332705,-22.78907963964675,44.06501426729794,400
residual_current,Residual SG-TD3 current,residual,current,62,28.203859915522862,0.07017537455011731,0.0012589494509295431,0.16,0.36,0.64,0.0,0.0,0.36,-3.449251432957169,-27.09036406617158,44.68150906869014,400
residual_current,Residual SG-TD3 current,residual,current,63,28.797796393522784,0.06931307013740957,0.0012652722991804588,0.1625,0.365,0.635,0.0,0.0,0.365,-3.978489879990036,-29.80819490090647,43.674602196197014,400
residual_current,Residual SG-TD3 current,residual,current,64,27.07667089606757,0.07357242561737248,0.0012525494452607184,0.1675,0.4275,0.5725,0.0,0.0,0.4275,-1.319546485639023,-21.088501370433363,41.62070868339669,400
residual_current,Residual SG-TD3 current,residual,current,65,26.749311140781728,0.07359678974495522,0.0011654952901595191,0.155,0.395,0.605,0.0,0.0,0.395,-1.1718210362728314,-19.509515324092252,45.22001994578546,400
residual_current,Residual SG-TD3 current,residual,current,66,27.866775968725833,0.07403860597256512,0.001135405595626543,0.145,0.3925,0.6075,0.0,0.0,0.3925,-1.7084511817329258,-17.05277164957672,42.859855412061606,400
residual_current,Residual SG-TD3 current,residual,current,67,28.201040815146822,0.06992376931354143,0.0011214893351035116,0.1425,0.3825,0.6175,0.0,0.0,0.3825,-1.648189265006522,-19.180632091779145,37.58055835243274,400
residual_current,Residual SG-TD3 current,residual,current,68,29.34386200440248,0.07291928660500174,0.0011247223533248374,0.145,0.345,0.655,0.0,0.0,0.345,-2.414166157156501,-18.069139174951577,45.17528372409124,400
residual_current,Residual SG-TD3 current,residual,current,69,30.027104843895977,0.072110742463467,0.0011195592069698562,0.15,0.3425,0.6575,0.0,0.0,0.3425,-2.3517053158220733,-21.755310103087663,39.48981880690103,400
residual_current,Residual SG-TD3 current,residual,current,70,27.996577956749274,0.07619866923143047,0.0011679430419883952,0.1475,0.375,0.625,0.0,0.0,0.375,-1.616436436059189,-19.285256366240493,37.43338505078015,400
residual_current,Residual SG-TD3 current,residual,current,71,29.23797780788245,0.07506224482206687,0.0011528958751537968,0.1475,0.3125,0.6875,0.0,0.0,0.3125,-3.893625254148901,-22.938200396182854,43.61091373078931,400
residual_current,Residual SG-TD3 current,residual,current,72,30.364173503229992,0.07224440998629542,0.00115169282234996,0.1475,0.3175,0.6825,0.0,0.0,0.3175,-3.090525875845117,-19.659290272175987,42.64603686030794,400
residual_current,Residual SG-TD3 current,residual,current,73,28.06088491062981,0.07372817496087614,0.00116197035061916,0.145,0.395,0.605,0.0,0.0,0.395,-2.3271190946557567,-16.901413862847722,41.53645191129705,400
residual_current,Residual SG-TD3 current,residual,current,74,30.188826014288566,0.07187078330001706,0.0011752630431686231,0.15,0.37,0.63,0.0,0.0,0.37,-2.062992953347134,-19.33295622784435,40.080836052133016,400
residual_current,Residual SG-TD3 current,residual,current,75,29.856046531731618,0.07025260642054305,0.0011638221007676025,0.1475,0.4,0.6,0.0,0.0,0.4,-1.489547326167667,-17.914486570051302,41.85693988107059,400
residual_current,Residual SG-TD3 current,residual,current,76,28.293173483161237,0.07544984475511231,0.0012081392487746573,0.15,0.41,0.59,0.0,0.0,0.41,-0.8507188179346485,-16.771873457585205,48.92359414554172,400
residual_current,Residual SG-TD3 current,residual,current,77,29.497226292194256,0.06968655937988964,0.0012122785314725396,0.15,0.4275,0.5725,0.0,0.0,0.4275,-1.0893938606903362,-16.238443587603864,38.0739354453682,400
residual_current,Residual SG-TD3 current,residual,current,78,29.19062843630877,0.07103914664749418,0.0011918301850610386,0.145,0.4125,0.5875,0.0,0.0,0.4125,-0.7945516657323992,-14.473995541513522,45.319249513313466,400
residual_current,Residual SG-TD3 current,residual,current,79,28.99478015398032,0.06986402645713347,0.001188084602525191,0.1475,0.4425,0.5575,0.0,0.0,0.4425,-0.41251828166946325,-14.874363495620544,46.95672905913306,400
residual_current,Residual SG-TD3 current,residual,current,80,30.00140892521407,0.07081551838607013,0.00120807414400893,0.15,0.405,0.595,0.0,0.0,0.405,-0.7436346405344239,-15.186827405050837,43.98997893961794,400
residual_current,Residual SG-TD3 current,residual,current,81,30.293481217240895,0.06793964026241034,0.0012148677559980434,0.15,0.385,0.615,0.0,0.0,0.385,-1.3291699537427348,-13.005642880944686,54.217200326152465,400
residual_current,Residual SG-TD3 current,residual,current,82,30.398703785434936,0.0686829226244985,0.0012346800198346634,0.155,0.4025,0.5975,0.0,0.0,0.4025,-1.5075383196639223,-15.270583229253461,46.4372435670861,400
residual_current,Residual SG-TD3 current,residual,current,83,29.831399255741626,0.06934043367547348,0.0012365181350851096,0.1525,0.4275,0.5725,0.0,0.0,0.4275,-0.8383316516492414,-14.927086354314497,44.48241425693383,400
residual_current,Residual SG-TD3 current,residual,current,84,29.96647969822058,0.07083752870990172,0.0012053757265382552,0.1475,0.4075,0.5925,0.0,0.0,0.4075,-1.0852885879492078,-13.546093844361847,39.14113576111242,400
residual_current,Residual SG-TD3 current,residual,current,85,30.076914702665633,0.06835317581743944,0.001259713296494208,0.145,0.405,0.595,0.0,0.0,0.405,-0.8928302853360037,-13.879506290824974,46.98820271598423,400
residual_current,Residual SG-TD3 current,residual,current,86,28.88401085329458,0.07048547526848449,0.001278841215984057,0.155,0.485,0.515,0.0,0.0,0.485,0.057998596388756596,-11.79786318743145,48.12859602265795,400
residual_current,Residual SG-TD3 current,residual,current,87,29.44030681738316,0.07011437133810251,0.0012569511656992138,0.1525,0.44,0.56,0.0,0.0,0.44,-0.4142687871608359,-12.472567785969568,44.91565552977618,400
residual_current,Residual SG-TD3 current,residual,current,88,31.078914737608667,0.06611891305994677,0.0012784319406267774,0.155,0.345,0.655,0.0,0.0,0.345,-1.9596277987695885,-12.653374312207756,48.42738593472101,400
residual_current,Residual SG-TD3 current,residual,current,89,28.59689841098184,0.07289512210207169,0.001298315777657002,0.15,0.5075,0.4925,0.0,0.0,0.5075,0.6400277349214321,-9.694022333156955,47.112362130407796,400
residual_current,Residual SG-TD3 current,residual,current,90,28.070717397205193,0.06748090521163384,0.0013267314299165085,0.15,0.56,0.44,0.0,0.0,0.56,1.6491759473652792,-7.275622245703513,47.2572353930112,400
residual_current,Residual SG-TD3 current,residual,current,91,28.824856299015693,0.06805031691446536,0.0012849200929381482,0.16,0.545,0.455,0.0,0.0,0.545,1.1179916320827488,-8.194272213298564,44.99777769849538,400
residual_current,Residual SG-TD3 current,residual,current,92,28.236460884627814,0.07012013634109246,0.0012957766074645348,0.1575,0.53,0.47,0.0,0.0,0.53,1.1436908865507576,-8.45246544761237,47.47146380277741,400
residual_current,Residual SG-TD3 current,residual,current,93,29.525460668636303,0.06835287181917211,0.001287207664579722,0.155,0.4425,0.5575,0.0,0.0,0.4425,-0.30848906077847005,-11.303635140275832,42.77301527921098,400
residual_current,Residual SG-TD3 current,residual,current,94,29.347349217671976,0.06800021367561791,0.0012757279699139035,0.155,0.47,0.53,0.0,0.0,0.47,0.05593223769733413,-8.579024456858837,48.66379951606658,400
residual_current,Residual SG-TD3 current,residual,current,95,29.38070868113182,0.06503857381074743,0.001234165270163612,0.15,0.4525,0.5475,0.0,0.0,0.4525,-0.0037492523726996296,-8.895714115678674,45.393757066241264,400
residual_current,Residual SG-TD3 current,residual,current,96,30.177438432899695,0.06350007813738907,0.0011659829819736969,0.1475,0.4375,0.5625,0.0,0.0,0.4375,-0.43460612523801956,-9.323125414776268,44.80360934308324,400
residual_current,Residual SG-TD3 current,residual,current,97,29.708314775250347,0.06498948068906714,0.0011642730050007424,0.1425,0.445,0.555,0.0,0.0,0.445,-0.2765464374399471,-9.971259800867665,50.9306982353547,400
residual_current,Residual SG-TD3 current,residual,current,98,30.092729996027956,0.06950093454209448,0.001022023962782293,0.13,0.3825,0.6175,0.0,0.0,0.3825,-0.6528740283253001,-8.706704688075297,41.63827848876876,400
residual_current,Residual SG-TD3 current,residual,current,99,28.870399411073908,0.0694784925253462,0.0010310396347612209,0.1325,0.4825,0.5175,0.0,0.0,0.4825,0.23539227635637872,-8.865165596804149,43.73996634420259,400
residual_current,Residual SG-TD3 current,residual,current,100,30.19608123403114,0.06632341090896951,0.0009854862272516876,0.125,0.4175,0.5825,0.0,0.0,0.4175,-0.3387630449918788,-10.51846790480813,41.61427843965428,400
residual_current,Residual SG-TD3 current,residual,current,101,29.291424757950804,0.06903096468077377,0.0010550617492571437,0.135,0.445,0.555,0.0,0.0,0.445,0.02377027227112194,-9.107731503440482,42.60081761409662,400
residual_current,Residual SG-TD3 current,residual,current,102,31.08429711107996,0.06365532411954455,0.0009115227972302098,0.115,0.37,0.63,0.0,0.0,0.37,-1.202498928570435,-9.974699722537206,36.20332049936119,400
residual_current,Residual SG-TD3 current,residual,current,103,30.021637469826054,0.06720993504504695,0.0008895243987637617,0.1175,0.3725,0.6275,0.0,0.0,0.3725,-0.8535331462323938,-11.48416098108496,41.699245528172476,400
residual_current,Residual SG-TD3 current,residual,current,104,31.241334532943245,0.06195387960165491,0.0008641700440052177,0.1075,0.3275,0.6725,0.0,0.0,0.3275,-0.941558895261096,-12.235001301064582,38.81804372705803,400
residual_current,Residual SG-TD3 current,residual,current,105,30.062801294399556,0.06481969567859644,0.0009142175863633431,0.1075,0.395,0.605,0.0,0.0,0.395,-0.7132506937117569,-12.278520970431236,38.11337322043548,400
residual_current,Residual SG-TD3 current,residual,current,106,29.635224368632997,0.06569010898949461,0.0008445587804830298,0.09,0.4225,0.5775,0.0,0.0,0.4225,-0.4221684071802656,-9.665148885516077,43.53182696561268,400
residual_current,Residual SG-TD3 current,residual,current,107,29.63871360154042,0.0645863251402065,0.0008930262777599124,0.105,0.405,0.595,0.0,0.0,0.405,-0.6844655387104694,-12.913974578065151,42.74276330980307,400
residual_current,Residual SG-TD3 current,residual,current,108,29.390514243354477,0.06408534664577199,0.0008287258819045315,0.0825,0.4625,0.5375,0.0,0.0,0.4625,0.08003210017000129,-11.059122840087047,45.245643031404974,400
residual_current,Residual SG-TD3 current,residual,current,109,30.468914271245957,0.05898804582781057,0.0008940160766326567,0.09,0.44,0.56,0.0,0.0,0.44,-0.3365308231543622,-10.816244990626682,46.23996115233651,400
residual_current,Residual SG-TD3 current,residual,current,110,29.708347347646004,0.06463577455589817,0.0008942554252722606,0.0875,0.455,0.545,0.0,0.0,0.455,0.06877791719216475,-10.290800211459642,48.51567722144001,400
residual_current,Residual SG-TD3 current,residual,current,111,30.137214476391218,0.067421947863461,0.0008701152241903026,0.085,0.3725,0.6275,0.0,0.0,0.3725,-0.906408300320777,-11.150186799001585,43.79699294959935,400
residual_current,Residual SG-TD3 current,residual,current,112,31.345466259949863,0.06400691566880908,0.0008905788493037558,0.0925,0.3825,0.6175,0.0,0.0,0.3825,-0.7880234298213509,-9.410865541126348,45.64256892712093,400
residual_current,Residual SG-TD3 current,residual,current,113,29.843778706658597,0.06996675089593556,0.0008583856258368422,0.0875,0.41,0.59,0.0,0.0,0.41,-0.4595302214466983,-7.717547647709489,45.04536531444661,400
residual_current,Residual SG-TD3 current,residual,current,114,31.33979912198252,0.06417112774624088,0.0009495254153637555,0.0975,0.3825,0.6175,0.0,0.0,0.3825,-0.7114135643747659,-9.556059728446144,44.98846370440233,400
residual_current,Residual SG-TD3 current,residual,current,115,30.776484012932425,0.06896302156809994,0.0009670491661826153,0.105,0.4,0.6,0.0,0.0,0.4,-0.6982789502612832,-9.501125432090202,50.09774054918938,400
residual_current,Residual SG-TD3 current,residual,current,116,30.902560116867306,0.07148852310877744,0.0009368641455111098,0.105,0.385,0.615,0.0,0.0,0.385,-0.5546355623328054,-7.619810990089035,46.92910836166561,400
residual_current,Residual SG-TD3 current,residual,current,117,30.647020735367917,0.07126009208798707,0.0010047376583901667,0.12,0.4375,0.5625,0.0,0.0,0.4375,-0.11246524391697221,-6.931125521980585,48.13827135735947,400
residual_current,Residual SG-TD3 current,residual,current,118,31.23352953140942,0.06557120145240071,0.0009522111594037822,0.1225,0.46,0.54,0.0,0.0,0.46,0.09601955688901853,-5.562715530603553,42.58981275204098,400
residual_current,Residual SG-TD3 current,residual,current,119,30.403078414975838,0.07175143840048699,0.0008988428461580967,0.105,0.5,0.5,0.0,0.0,0.5,0.4971645591217566,-6.4724664333112285,48.741626602080196,400
residual_current,Residual SG-TD3 current,residual,current,120,30.263748701909513,0.06700449470589408,0.0009753900234535907,0.1275,0.5175,0.4825,0.0,0.0,0.5175,0.7536473247245112,-5.775572226348867,47.5787515640098,400
residual_current,Residual SG-TD3 current,residual,current,121,29.817135013160946,0.07247264855123434,0.0009500302397361934,0.115,0.565,0.435,0.0,0.0,0.565,1.2374639106444647,-4.804073075181758,43.523828746814445,400
residual_current,Residual SG-TD3 current,residual,current,122,30.442569046533677,0.07356252317304217,0.0009591450341385893,0.1275,0.5125,0.4875,0.0,0.0,0.5125,0.6492271608497049,-6.3761869927215455,40.4262443647071,400
residual_current,Residual SG-TD3 current,residual,current,123,31.035663464203534,0.07149162307322378,0.0009581814966214269,0.125,0.4575,0.5425,0.0,0.0,0.4575,0.1287405901961165,-6.459728710678974,48.19067593496782,400
residual_current,Residual SG-TD3 current,residual,current,124,30.205714553865093,0.0722328343751245,0.0009742439897891648,0.125,0.5075,0.4925,0.0,0.0,0.5075,0.5988297321277969,-5.3364864183583895,47.218989646916995,400
residual_current,Residual SG-TD3 current,residual,current,125,29.968232774062646,0.07652585020773978,0.0009642137069998249,0.1275,0.4775,0.5225,0.0,0.0,0.4775,0.30800514345582997,-5.207143639429523,45.2258202825388,400
residual_current,Residual SG-TD3 current,residual,current,126,30.470151701930362,0.07537149718327134,0.0009792242990166423,0.135,0.44,0.56,0.0,0.0,0.44,-0.056581205186603256,-6.103885615394845,46.31701713982102,400
residual_current,Residual SG-TD3 current,residual,current,127,29.679448625119402,0.07877020422822417,0.0009972877823180772,0.1325,0.485,0.515,0.0,0.0,0.485,0.34893339815130275,-5.050049011780175,44.31894737366119,400
residual_current,Residual SG-TD3 current,residual,current,128,31.404879851534897,0.07782210333994842,0.0009451217764737177,0.1275,0.4025,0.5975,0.0,0.0,0.4025,-0.45618556313684167,-7.439922210440044,47.69824113270405,400
residual_current,Residual SG-TD3 current,residual,current,129,30.81119994879622,0.07402213078767247,0.0010127601585573035,0.1375,0.425,0.575,0.0,0.0,0.425,-0.08741711829497945,-6.0213999494530075,48.9048802663409,400
residual_current,Residual SG-TD3 current,residual,current,130,29.676112109739268,0.08320073228957106,0.0009231650085371035,0.1275,0.445,0.555,0.0,0.0,0.445,0.014989928058980695,-5.213024702744359,48.26458369517291,400
residual_current,Residual SG-TD3 current,residual,current,131,30.125121247340935,0.07820520943896372,0.000990545695700424,0.1275,0.4675,0.5325,0.0,0.0,0.4675,0.2925919943240842,-5.953224748520756,45.791615841983415,400
residual_current,Residual SG-TD3 current,residual,current,132,30.787532525722487,0.08147667993638837,0.0009659841857954821,0.1275,0.455,0.545,0.0,0.0,0.455,0.13867153154524203,-5.008244032456897,41.725146689695684,400
residual_current,Residual SG-TD3 current,residual,current,133,31.044816821450258,0.078859068889071,0.0009282303839527353,0.1225,0.3775,0.6225,0.0,0.0,0.3775,-0.43399379901177326,-5.559029316175087,43.06712933698332,400
residual_current,Residual SG-TD3 current,residual,current,134,31.274845392725247,0.07754966547249867,0.001012750610151235,0.1275,0.37,0.63,0.0,0.0,0.37,-0.3542070883834185,-5.9705632204533226,41.118647062004584,400
residual_current,Residual SG-TD3 current,residual,current,135,30.802045154114438,0.08198537086694717,0.000981176377566372,0.13,0.3975,0.6025,0.0,0.0,0.3975,-0.31880196564748076,-5.176916483687364,48.90527426496841,400
residual_current,Residual SG-TD3 current,residual,current,136,31.309141023637824,0.0744009906487635,0.0010820715918328685,0.1325,0.4525,0.5475,0.0,0.0,0.4525,0.11227338073274495,-5.987854663467486,46.04316882469979,400
residual_current,Residual SG-TD3 current,residual,current,137,30.46459064614467,0.0736201184318951,0.0010821953662483305,0.1375,0.49,0.51,0.0,0.0,0.49,0.39540814636143296,-4.301277914401816,42.69660614629396,400
residual_current,Residual SG-TD3 current,residual,current,138,31.469617295290863,0.07150508147071766,0.0011322669208450745,0.1475,0.355,0.645,0.0,0.0,0.355,-0.6237123245377916,-7.027046965888917,47.55546735413263,400
residual_current,Residual SG-TD3 current,residual,current,139,31.15958416240207,0.06828669365894843,0.0012206362147555478,0.1525,0.435,0.565,0.0,0.0,0.435,-0.12000911294251182,-6.8785260624175395,41.495716213117575,400
residual_current,Residual SG-TD3 current,residual,current,140,32.08967799508859,0.0707678923377991,0.0011226708843274837,0.14,0.385,0.615,0.0,0.0,0.385,-0.4328980224612451,-6.448108732029982,45.75302698189335,400
residual_current,Residual SG-TD3 current,residual,current,141,32.12693054588027,0.07471397929408936,0.0010502751109379047,0.14,0.355,0.645,0.0,0.0,0.355,-0.46198632903963244,-6.407967124889863,45.9087465792162,400
residual_current,Residual SG-TD3 current,residual,current,142,31.575375534045357,0.07531616471687523,0.001024945962508793,0.135,0.3725,0.6275,0.0,0.0,0.3725,-0.44725197898674196,-5.4182315328696395,46.92327350511776,400
residual_current,Residual SG-TD3 current,residual,current,143,32.351790269359206,0.0718433784012161,0.0010081134679558272,0.13,0.37,0.63,0.0,0.0,0.37,-0.5485143327774722,-6.510078454761423,43.809490797107095,400
residual_current,Residual SG-TD3 current,residual,current,144,31.88638820138096,0.07206444404916654,0.0010628301194827278,0.1275,0.42,0.58,0.0,0.0,0.42,-0.2022486458287176,-6.371919509207782,42.95073542258831,400
residual_current,Residual SG-TD3 current,residual,current,145,31.641435620809343,0.07467459331210087,0.0010175876703462986,0.1225,0.3925,0.6075,0.0,0.0,0.3925,-0.3044081046436986,-5.225736223245144,40.75794283284174,400
residual_current,Residual SG-TD3 current,residual,current,146,32.065487326239875,0.07053371075274457,0.0009979760811265508,0.13,0.41,0.59,0.0,0.0,0.41,-0.33801747642587543,-6.065802842076526,46.1914551873797,400
residual_current,Residual SG-TD3 current,residual,current,147,32.20855836225993,0.07795859703577544,0.0009150980531800909,0.125,0.3325,0.6675,0.0,0.0,0.3325,-1.0102824992766273,-6.82937802875324,38.92639050378448,400
residual_current,Residual SG-TD3 current,residual,current,148,32.81998721122843,0.07266661203089642,0.001036542097255607,0.1375,0.3175,0.6825,0.0,0.0,0.3175,-1.0162950477143795,-6.389089258178865,43.09990563262522,400
residual_current,Residual SG-TD3 current,residual,current,149,30.781893298262357,0.07142111201612476,0.0010603534517577787,0.135,0.4525,0.5475,0.0,0.0,0.4525,-0.0017566935451895915,-3.724981350729967,42.687971264097115,400
residual_current,Residual SG-TD3 current,residual,current,150,31.68751751605508,0.07028424795822291,0.0010706063649341246,0.1375,0.4025,0.5975,0.0,0.0,0.4025,-0.34331681105754797,-4.676020280386842,43.07796006649382,400
residual_current,Residual SG-TD3 current,residual,current,151,32.48396647992885,0.07451405991433636,0.0009093792665726234,0.12,0.41,0.59,0.0,0.0,0.41,-0.29964632293933846,-6.221067812227193,41.607450221388206,400
residual_current,Residual SG-TD3 current,residual,current,152,31.23034745205606,0.07132648050293015,0.000982225699829398,0.1275,0.4675,0.5325,0.0,0.0,0.4675,0.11536243341925001,-4.894065642133318,43.854626856767645,400
residual_current,Residual SG-TD3 current,residual,current,153,31.430988388033835,0.07508059869246904,0.001005701610758772,0.1275,0.42,0.58,0.0,0.0,0.42,-0.06332693706644932,-4.777494718499565,43.3243812444022,400
residual_current,Residual SG-TD3 current,residual,current,154,31.169850498451552,0.0734486627865214,0.0010435766057330386,0.1325,0.53,0.47,0.0,0.0,0.53,0.773434239214339,-4.207623944456099,44.6397095571133,400
residual_current,Residual SG-TD3 current,residual,current,155,32.16580157912048,0.07249968757359766,0.0009692832808078278,0.13,0.3925,0.6075,0.0,0.0,0.3925,-0.6731400015606823,-4.574434258975884,46.278836209696415,400
residual_current,Residual SG-TD3 current,residual,current,156,31.681256899913677,0.07252953220753937,0.0009534937150135175,0.115,0.42,0.58,0.0,0.0,0.42,-0.16887092993147235,-4.38943541665908,36.891962657729536,400
residual_current,Residual SG-TD3 current,residual,current,157,31.98932509494195,0.07585084783308117,0.0008980156800289943,0.1225,0.395,0.605,0.0,0.0,0.395,-0.2079926999364261,-5.052914042616112,40.49210691291083,400
residual_current,Residual SG-TD3 current,residual,current,158,31.523772531421354,0.0733209782574712,0.0009868777498283673,0.135,0.3575,0.6425,0.0,0.0,0.3575,-0.4179383614045946,-5.76873221090318,44.55104358536309,400
residual_current,Residual SG-TD3 current,residual,current,159,30.59230588322016,0.07291823661090985,0.0009463149889075938,0.1225,0.45,0.55,0.0,0.0,0.45,0.0060516336509408575,-4.6030933335513495,40.981900159924734,400
residual_current,Residual SG-TD3 current,residual,current,160,31.459486513172575,0.07269445035079883,0.00091821129251277,0.1225,0.3975,0.6025,0.0,0.0,0.3975,-0.2777965995614977,-5.384270730111619,46.31304038337084,400
residual_current,Residual SG-TD3 current,residual,current,161,31.02018635693172,0.07464243391333354,0.000878813720544637,0.105,0.445,0.555,0.0,0.0,0.445,0.04311966153591129,-4.191941723599712,49.56121984723905,400
residual_current,Residual SG-TD3 current,residual,current,162,31.341183471084904,0.06533801645471674,0.0009583918491273,0.1275,0.485,0.515,0.0,0.0,0.485,0.42139945884548524,-4.965083416847528,44.90395546209883,400
residual_current,Residual SG-TD3 current,residual,current,163,30.974005219577666,0.06820087740103457,0.0009290917606539667,0.115,0.5,0.5,0.0,0.0,0.5,0.4994911611272528,-3.7838262035051224,43.74602936487699,400
residual_current,Residual SG-TD3 current,residual,current,164,30.9772605180801,0.06315394714261538,0.001056077875987392,0.13,0.5,0.5,0.0,0.0,0.5,0.483330402587967,-4.0207472042223795,39.59324549441997,400
residual_current,Residual SG-TD3 current,residual,current,165,31.443568118426853,0.06396651061278702,0.0010386300933378837,0.1275,0.5375,0.4625,0.0,0.0,0.5375,0.7939851547240551,-5.028118985927767,41.56913430398943,400
residual_current,Residual SG-TD3 current,residual,current,166,30.77473790014432,0.06040789559035118,0.0010696749102764376,0.13,0.5475,0.4525,0.0,0.0,0.5475,0.9045900413755135,-2.5447951601867995,43.60800046621843,400
residual_current,Residual SG-TD3 current,residual,current,167,31.575632177504172,0.0647404155500067,0.0010383435724639612,0.1275,0.4975,0.5025,0.0,0.0,0.4975,0.45558380823126754,-3.538507421694588,42.53229954013124,400
residual_current,Residual SG-TD3 current,residual,current,168,31.89209465743461,0.06473051020597709,0.0010360242630156969,0.135,0.4575,0.5425,0.0,0.0,0.4575,0.25000642002532913,-3.684138218089583,44.89030088233099,400
residual_current,Residual SG-TD3 current,residual,current,169,31.407569274924512,0.06350603711325893,0.0010122488934095578,0.13,0.4575,0.5425,0.0,0.0,0.4575,0.3541974492165991,-4.241640462860664,43.513310766193456,400
residual_current,Residual SG-TD3 current,residual,current,170,32.75444486436362,0.060697699932461935,0.0010219844663950403,0.1275,0.4075,0.5925,0.0,0.0,0.4075,-0.0009740952363017641,-4.619549449489796,43.24341178370137,400
residual_current,Residual SG-TD3 current,residual,current,171,32.87702734453129,0.061393493509580004,0.00099813403327312,0.12,0.4,0.6,0.0,0.0,0.4,-0.18747698515596767,-5.305432485749997,47.60310549496529,400
residual_current,Residual SG-TD3 current,residual,current,172,33.29486077386469,0.06409080574462796,0.000947167517218077,0.1175,0.3725,0.6275,0.0,0.0,0.3725,-0.3829911499157106,-6.11764885359639,48.45093958564363,400
residual_current,Residual SG-TD3 current,residual,current,173,33.610656054163954,0.06381813875042336,0.0009313589406642986,0.1125,0.32,0.68,0.0,0.0,0.32,-0.6600390867961323,-5.152698405751083,52.47678354333756,400
residual_current,Residual SG-TD3 current,residual,current,174,33.43571838430505,0.060192657498243936,0.0009590633369007332,0.115,0.3375,0.6625,0.0,0.0,0.3375,-0.5016335049230065,-6.460931236814348,45.6974755556609,400
residual_current,Residual SG-TD3 current,residual,current,175,33.31941135876134,0.06008479916617526,0.0009675033909073659,0.115,0.42,0.58,0.0,0.0,0.42,-0.04874218177394596,-5.0060066681521675,51.240616137420176,400
residual_current,Residual SG-TD3 current,residual,current,176,32.899366321853755,0.059334120762335726,0.0010031428507483217,0.13,0.4625,0.5375,0.0,0.0,0.4625,0.1405584885128519,-4.420495782733178,47.86358336544921,400
residual_current,Residual SG-TD3 current,residual,current,177,32.5779522728208,0.060444619396352234,0.0009881286270539823,0.1175,0.45,0.55,0.0,0.0,0.45,0.2036604902957606,-3.2416098105333275,47.99904784534499,400
residual_current,Residual SG-TD3 current,residual,current,178,32.63471102743547,0.06261019255361272,0.0009947094134443147,0.1275,0.4725,0.5275,0.0,0.0,0.4725,0.19813222164361832,-4.207412197036569,53.22461188068639,400
residual_current,Residual SG-TD3 current,residual,current,179,32.02805352317121,0.0635329228727081,0.001010105906215913,0.13,0.515,0.485,0.0,0.0,0.515,0.6813306835097137,-3.417539488358488,46.98890203171925,400
residual_current,Residual SG-TD3 current,residual,current,180,30.77732804444795,0.06913145225074004,0.0009486829763907678,0.12,0.5075,0.4925,0.0,0.0,0.5075,0.5687554760819467,-2.400852165709466,44.555179814777055,400
residual_current,Residual SG-TD3 current,residual,current,181,31.879241713072915,0.06566475854006047,0.0010387966721035343,0.135,0.5425,0.4575,0.0,0.0,0.5425,0.7513672601372718,-2.3694227863012656,46.79550310696855,400
residual_current,Residual SG-TD3 current,residual,current,182,31.45566371460487,0.0684777294857364,0.0009424012030503655,0.12,0.505,0.495,0.0,0.0,0.505,0.5602869494979359,-3.3916409787682364,45.786944998988155,400
residual_current,Residual SG-TD3 current,residual,current,183,32.18496206389823,0.06630594374101904,0.0010317575111729205,0.1275,0.475,0.525,0.0,0.0,0.475,0.33776623240294157,-3.515606565741359,44.98545520145668,400
residual_current,Residual SG-TD3 current,residual,current,184,32.1332435392586,0.06479080973891355,0.0010800621367302663,0.135,0.51,0.49,0.0,0.0,0.51,0.5380222791415008,-3.3555569180298783,44.529886894486715,400
residual_current,Residual SG-TD3 current,residual,current,185,31.260681607254,0.0711434618421033,0.0010473662515451882,0.1325,0.5525,0.4475,0.0,0.0,0.5525,0.8288270887452427,-3.2163978477495445,42.91002836170331,400
residual_current,Residual SG-TD3 current,residual,current,186,31.537599411026303,0.06772103902069385,0.0010753844161735598,0.135,0.5425,0.4575,0.0,0.0,0.5425,0.826175029668434,-2.812157090140544,39.89463921410024,400
residual_current,Residual SG-TD3 current,residual,current,187,31.284959665517864,0.07023123336630732,0.0010958718839032882,0.1325,0.54,0.46,0.0,0.0,0.54,0.7825911462874728,-2.4885839551488744,47.80560509201057,400
residual_current,Residual SG-TD3 current,residual,current,188,32.052228893433856,0.06683299135755866,0.0011180632317585272,0.1375,0.475,0.525,0.0,0.0,0.475,0.30319175831323264,-2.8728556180961276,43.21452913778965,400
residual_current,Residual SG-TD3 current,residual,current,189,30.96870045217768,0.07200031181321301,0.0010839128799511135,0.1325,0.5175,0.4825,0.0,0.0,0.5175,0.5890904750336858,-2.509329192170162,41.478323829880615,400
residual_current,Residual SG-TD3 current,residual,current,190,31.09079153111249,0.0704303613881057,0.001122542727540786,0.1375,0.53,0.47,0.0,0.0,0.53,0.7838722084186429,-2.8098829267217296,46.78663235541054,400
residual_current,Residual SG-TD3 current,residual,current,191,31.01978596808215,0.07006531589183261,0.0011395226665072192,0.1425,0.4925,0.5075,0.0,0.0,0.4925,0.4354544546285979,-2.8014507426226825,46.1541327377472,400
residual_current,Residual SG-TD3 current,residual,current,192,30.9875480986263,0.07468747439349384,0.0011015605115774166,0.14,0.505,0.495,0.0,0.0,0.505,0.569020710539121,-2.3640752765287285,43.99219972007784,400
residual_current,Residual SG-TD3 current,residual,current,193,31.004627002261465,0.07230385002172747,0.001041545440881335,0.135,0.495,0.505,0.0,0.0,0.495,0.4691858221788152,-2.2575616356194814,41.286360446398746,400
residual_current,Residual SG-TD3 current,residual,current,194,30.16025632508292,0.07366475708670273,0.0011325599711671567,0.14,0.5575,0.4425,0.0,0.0,0.5575,0.951117731181057,-2.332604466484554,42.595975300605424,400
residual_current,Residual SG-TD3 current,residual,current,195,30.205182739293004,0.07478240526081653,0.001078658071341897,0.135,0.555,0.445,0.0,0.0,0.555,1.0877763939985243,-2.0395101510972378,39.093247084968866,400
residual_current,Residual SG-TD3 current,residual,current,196,30.245606423399224,0.07340277390577173,0.0009929616739919047,0.125,0.5275,0.4725,0.0,0.0,0.5275,0.7311560812657945,-2.395341589123745,42.792490064598894,400
residual_current,Residual SG-TD3 current,residual,current,197,29.484669046942145,0.07255696648122295,0.0009969920984835123,0.1275,0.5675,0.4325,0.0,0.0,0.5675,0.9133316238945781,-3.1478080062088334,39.75302926727512,400
residual_current,Residual SG-TD3 current,residual,current,198,29.70610105712442,0.06942157308055635,0.0009945088859809805,0.125,0.5175,0.4825,0.0,0.0,0.5175,0.740413258780336,-3.1245823331305016,40.693846447949326,400
residual_current,Residual SG-TD3 current,residual,current,199,31.65049872951153,0.06240151540067859,0.0010315624972258499,0.1275,0.4475,0.5525,0.0,0.0,0.4475,0.24243280706275527,-2.5969427249371617,43.617405423025694,400
residual_current,Residual SG-TD3 current,residual,current,200,33.11587441619503,0.06388966167725088,0.0009403529387619078,0.1175,0.5425,0.4575,0.0,0.0,0.5425,0.5767128958690364,-0.2651955667344282,49.8644916626928,400
residual_previous,Residual SG-TD3 previous,residual,reference,1,-2.475463115745954,0.2927706401858373,0.0026223177021771865,0.4425,0.0,0.0,0.0,0.0,nan,nan,nan,nan,0
residual_previous,Residual SG-TD3 previous,residual,reference,2,7.874010893845127,0.18594178333833639,0.0015049683573207361,0.2525,0.0,0.0,0.0,0.0,nan,nan,nan,nan,0
residual_previous,Residual SG-TD3 previous,residual,reference,3,7.984692406601336,0.18505932937001168,0.0014994051015581027,0.2525,0.0,0.0,0.0,0.0,nan,nan,nan,nan,0
residual_previous,Residual SG-TD3 previous,residual,reference,4,8.105861238562058,0.1841020657455247,0.0014935434553698503,0.2525,0.0,0.0,0.0,0.0,nan,nan,nan,nan,0
residual_previous,Residual SG-TD3 previous,residual,reference,5,8.225751087395833,0.18307175951326818,0.0014873750083868498,0.255,0.0,0.0,0.0,0.0,nan,nan,nan,nan,0
residual_previous,Residual SG-TD3 previous,residual,reference,6,8.349040538526186,0.18196550985806736,0.001480928696848447,0.25,0.0,0.0,0.0,0.0,nan,nan,nan,nan,0
residual_previous,Residual SG-TD3 previous,residual,reference,7,8.48203890090931,0.18077219647381912,0.0014741684335295396,0.25,0.0,0.0,0.0,0.0,nan,nan,nan,nan,0
residual_previous,Residual SG-TD3 previous,residual,reference,8,8.646030864361617,0.17952055136780726,0.0014670556034361666,0.2525,0.0,0.0,0.0,0.0,nan,nan,nan,nan,0
residual_previous,Residual SG-TD3 previous,residual,reference,9,8.806049896434699,0.17844642803999952,0.0014595874684215548,0.2475,0.0,0.0,0.0,0.0,nan,nan,nan,nan,0
residual_previous,Residual SG-TD3 previous,residual,reference,10,8.921949093624567,0.17753203477088633,0.0014515436935976767,0.2475,0.0,0.0,0.0,0.0,nan,nan,nan,nan,0
residual_previous,Residual SG-TD3 previous,residual,reference,11,9.070040135753617,0.17651791590726362,0.001443245649421826,0.245,0.0,0.9975,0.0,0.0,0.0,nan,nan,nan,399
residual_previous,Residual SG-TD3 previous,residual,reference,12,9.243794819209684,0.17539661429877662,0.0014346139093514949,0.2425,0.0,1.0,0.0,0.0,0.0,nan,nan,nan,400
residual_previous,Residual SG-TD3 previous,residual,reference,13,9.454507113939478,0.1741993588824333,0.001425552107496523,0.2375,0.0,1.0,0.0,0.0,0.0,nan,nan,nan,400
residual_previous,Residual SG-TD3 previous,residual,reference,14,9.618354317034314,0.1731267597213261,0.0014159955772147382,0.2325,0.0,1.0,0.0,0.0,0.0,-196.13177016939596,-418.17900515444126,-100.05614416975547,400
residual_previous,Residual SG-TD3 previous,residual,reference,15,12.722977167167041,0.16234887000539655,0.0015682907941089006,0.25,0.0075,0.9925,0.0,0.0,0.0075,-239.80679496404147,-630.073530928931,-106.76692590083911,400
residual_previous,Residual SG-TD3 previous,residual,reference,16,-2.909707000285782,0.21042775451848222,0.003034222153053709,0.42,0.075,0.925,0.0,0.0,0.075,-203.57454404611033,-459.8018199984306,-31.526215049360832,400
residual_previous,Residual SG-TD3 previous,residual,reference,17,7.392942588036276,0.18087515326252468,0.0016265772834883625,0.255,0.0125,0.9875,0.0,0.0,0.0125,-219.48565015589864,-558.940176522918,-90.46605837227327,400
residual_previous,Residual SG-TD3 previous,residual,reference,18,7.510092334992388,0.1752451199842362,0.0017123497966505523,0.2525,0.0175,0.9825,0.0,0.0,0.0175,-280.8646039546377,-543.4758660988039,-102.61750216730461,400
residual_previous,Residual SG-TD3 previous,residual,reference,19,12.790438544793671,0.16236041809331397,0.0016661298469730257,0.255,0.0125,0.9875,0.0,0.0,0.0125,-229.8723641254192,-569.9679771124471,-111.32641402827751,400
residual_previous,Residual SG-TD3 previous,residual,reference,20,13.111361339736252,0.16137991325067985,0.0016075193068437383,0.25,0.01,0.99,0.0,0.0,0.01,-249.76610293323876,-575.8416684171982,-113.06412844140878,400
residual_previous,Residual SG-TD3 previous,residual,reference,21,8.710879042464747,0.16794467306153024,0.001579640873280114,0.2275,0.01,0.99,0.0,0.0,0.01,-281.0936519240006,-597.0114668341799,-120.29406284525582,400
residual_previous,Residual SG-TD3 previous,residual,reference,22,11.674168329273375,0.16806307983760724,0.0017165124424926563,0.255,0.015,0.985,0.0,0.0,0.015,-309.3155299622016,-651.5912819593742,-128.37470506094763,400
residual_previous,Residual SG-TD3 previous,residual,reference,23,9.975097068453609,0.16836826867163307,0.0014239957538721404,0.2225,0.0025,0.9975,0.0,0.0,0.0025,-280.12049594720304,-687.1395188959141,-135.1177996838227,400
residual_previous,Residual SG-TD3 previous,residual,reference,24,12.674679508591565,0.16116150747952873,0.00159534507797914,0.2475,0.01,0.99,0.0,0.0,0.01,-302.17670128871913,-742.9594393970251,-145.16620237716393,400
residual_previous,Residual SG-TD3 previous,residual,reference,25,12.641420371948605,0.1597343596887046,0.0015897419865349952,0.2425,0.01,0.99,0.0,0.0,0.01,-274.03058542939687,-707.3339806777976,-118.65777681462362,400
residual_previous,Residual SG-TD3 previous,residual,reference,26,9.982476353564989,0.15832720599231304,0.002041294614028765,0.285,0.03,0.97,0.0,0.0,0.03,-283.85127888884585,-757.4103729111008,-101.29839974634513,400
residual_previous,Residual SG-TD3 previous,residual,reference,27,13.21250124981043,0.16043790567300814,0.001644799064383075,0.2575,0.0125,0.9875,0.0,0.0,0.0125,-308.30438718676317,-779.8986615040835,-122.33179689259775,400
residual_previous,Residual SG-TD3 previous,residual,reference,28,11.449428395343473,0.16505811358627803,0.0017920935628525686,0.275,0.02,0.98,0.0,0.0,0.02,-297.4893237114503,-763.4383100113139,-125.15471453203456,400
residual_previous,Residual SG-TD3 previous,residual,reference,29,11.00194646382571,0.1609757294321806,0.001311542384158108,0.21,0.0175,0.9825,0.0,0.0,0.0175,-330.92375669729427,-769.6428655341975,-113.55041114646522,400
residual_previous,Residual SG-TD3 previous,residual,reference,30,10.854520679697792,0.1550659612502062,0.0019123369906462128,0.2625,0.025,0.975,0.0,0.0,0.025,-263.06132246840855,-800.4787619236324,-96.60166043286439,400
residual_previous,Residual SG-TD3 previous,residual,reference,31,14.006712298239837,0.15683923002140973,0.0016359861969953704,0.25,0.0125,0.9875,0.0,0.0,0.0125,-275.4980021635599,-814.5334647011354,-111.7690142045784,400
residual_previous,Residual SG-TD3 previous,residual,reference,32,11.486464288588563,0.15771382574723872,0.0015798587138121656,0.2375,0.01,0.99,0.0,0.0,0.01,-288.08128640631855,-861.5564782678372,-124.2738789788101,400
residual_previous,Residual SG-TD3 previous,residual,reference,33,12.569390846712947,0.16101582378409113,0.0015281149394382422,0.235,0.0075,0.9925,0.0,0.0,0.0075,-241.9876394930792,-834.2661964425226,-108.90415944914406,400
residual_previous,Residual SG-TD3 previous,residual,reference,34,7.120037405495716,0.16623833420630288,0.0022694667067892733,0.31,0.04,0.96,0.0,0.0,0.04,-244.9911413758914,-853.8550281164944,-76.80136127920572,400
residual_previous,Residual SG-TD3 previous,residual,reference,35,10.919695060004072,0.16450529011936485,0.0018005006643439108,0.2575,0.0175,0.9825,0.0,0.0,0.0175,-251.28974421887042,-862.5587961172043,-73.93549997586449,400
residual_previous,Residual SG-TD3 previous,residual,reference,36,10.4269179605282,0.16586131513416824,0.0013722751524624143,0.2325,0.015,0.985,0.0,0.0,0.015,-330.2201257795519,-895.6556864699071,-97.67853712469739,400
residual_previous,Residual SG-TD3 previous,residual,reference,37,7.81470714177055,0.17747161115275797,0.0015785928643839973,0.255,0.01,0.99,0.0,0.0,0.01,-298.0787356546397,-880.2874003113744,-104.1826150238853,400
residual_previous,Residual SG-TD3 previous,residual,reference,38,5.124847693295167,0.172361543212825,0.002362618935957986,0.2975,0.04,0.96,0.0,0.0,0.04,-245.38594712385913,-713.1131136970042,-77.1398369332509,400
residual_previous,Residual SG-TD3 previous,residual,reference,39,11.811812545020059,0.1742093360733306,0.0016481907197010166,0.2675,0.0075,0.9925,0.0,0.0,0.0075,-294.7659394876327,-913.0890651730987,-97.40101687687475,400
residual_previous,Residual SG-TD3 previous,residual,reference,40,5.987106242872146,0.19112675521353592,0.0018503565790648343,0.29,0.0175,0.9825,0.0,0.0,0.0175,-311.8958221932147,-876.1093100340709,-89.46216167967697,400
residual_previous,Residual SG-TD3 previous,residual,reference,41,5.941620475390062,0.19437653193392748,0.001715139789807371,0.2725,0.0125,0.9875,0.0,0.0,0.0125,-324.6916310594112,-911.9743150402029,-93.21373706536136,400
residual_previous,Residual SG-TD3 previous,residual,reference,42,9.600498083475959,0.18800915014005803,0.0018581046596596992,0.2775,0.015,0.985,0.0,0.0,0.015,-346.7374965822379,-911.2263129123589,-84.05591384178872,400
residual_previous,Residual SG-TD3 previous,residual,reference,43,7.009150387800537,0.19410494538069878,0.0017182504631631324,0.27,0.0125,0.9875,0.0,0.0,0.0125,-368.3219729794831,-958.8438989443468,-99.18606053557419,400
residual_previous,Residual SG-TD3 previous,residual,reference,44,5.396352017169624,0.18620066494845575,0.0018306468368057371,0.265,0.0225,0.9775,0.0,0.0,0.0225,-300.28713087032236,-936.5487697521982,-85.8443259840455,400
residual_previous,Residual SG-TD3 previous,residual,reference,45,8.982083369848347,0.1887463410754961,0.0018762454077472523,0.28,0.015,0.985,0.0,0.0,0.015,-362.45867980347316,-925.8952053126728,-89.32017236907866,400
residual_previous,Residual SG-TD3 previous,residual,reference,46,6.397170187097175,0.19125277232032672,0.0018626175889268181,0.27,0.015,0.985,0.0,0.0,0.015,-324.41665412146386,-948.8222409239073,-93.4170894136509,400
residual_previous,Residual SG-TD3 previous,residual,reference,47,9.993014663065827,0.17951916703509696,0.0020539266840568565,0.29,0.0225,0.9775,0.0,0.0,0.0225,-302.96321878407684,-969.6698180900574,-82.6474973360202,400
residual_previous,Residual SG-TD3 previous,residual,reference,48,9.28291702239433,0.1828837815214652,0.002081327528625147,0.2775,0.025,0.975,0.0,0.0,0.025,-291.20110916564397,-952.8156676503686,-77.07071858107497,400
residual_previous,Residual SG-TD3 previous,residual,reference,49,9.170716594142782,0.18172245505544565,0.0022845542620104605,0.31,0.0325,0.9675,0.0,0.0,0.0325,-367.7435902326935,-843.0932727023821,-71.24816118594403,400
residual_previous,Residual SG-TD3 previous,residual,reference,50,11.704352700548807,0.18126729411225437,0.0018488313655228093,0.255,0.0125,0.9875,0.0,0.0,0.0125,-338.3954573294784,-957.8270867211329,-80.74595548911822,400
residual_previous,Residual SG-TD3 previous,residual,reference,51,9.089093400768299,0.18120394104322168,0.0021954829375730885,0.3025,0.0325,0.9675,0.0,0.0,0.0325,-300.34797146998005,-916.343647655245,-84.30914894375645,400
residual_previous,Residual SG-TD3 previous,residual,reference,52,10.303308025324295,0.17712970073716502,0.0021908283827505232,0.2875,0.0275,0.9725,0.0,0.0,0.0275,-328.14547655968653,-945.7967064608555,-64.00365088620012,400
residual_previous,Residual SG-TD3 previous,residual,reference,53,7.644878658994767,0.18351890541867305,0.002235650766326645,0.3025,0.0325,0.9675,0.0,0.0,0.0325,-250.49613019783843,-1024.441853751537,-47.67013699748028,400
residual_previous,Residual SG-TD3 previous,residual,reference,54,11.304164124248286,0.18107173928837045,0.001971304018551608,0.2875,0.0175,0.9825,0.0,0.0,0.0175,-315.18837587860367,-931.1789878800862,-55.1839066257115,400
residual_previous,Residual SG-TD3 previous,residual,reference,55,5.856060619291361,0.19589264893757063,0.0019142055368327072,0.265,0.0175,0.9825,0.0,0.0,0.0175,-301.53584014162027,-1051.288033233286,-69.62675617981135,400
residual_previous,Residual SG-TD3 previous,residual,reference,56,9.837147872177468,0.18763585021082982,0.0018890342411936583,0.28,0.015,0.985,0.0,0.0,0.015,-275.97104276785336,-956.5473021630823,-69.99242719938292,400
residual_previous,Residual SG-TD3 previous,residual,reference,57,8.310519130317466,0.17292327519429015,0.0022764017847702813,0.2975,0.0375,0.9625,0.0,0.0,0.0375,-233.7696451418368,-906.500001589842,-61.731606223582766,400
residual_previous,Residual SG-TD3 previous,residual,reference,58,7.445863498180587,0.18082887033069664,0.0022926305274955754,0.3225,0.04,0.96,0.0,0.0,0.04,-225.74029573035475,-828.4863741741016,-55.53863469613401,400
residual_previous,Residual SG-TD3 previous,residual,reference,59,8.323839835403579,0.18194393232030873,0.0019988106077750904,0.2925,0.025,0.975,0.0,0.0,0.025,-296.69870033908234,-900.9118474814697,-64.97038317719066,400
residual_previous,Residual SG-TD3 previous,residual,reference,60,9.082721653527212,0.17289878007312542,0.0020727303041035428,0.2875,0.03,0.97,0.0,0.0,0.03,-261.15012897274994,-1013.7154579668932,-46.576407689737806,400
residual_previous,Residual SG-TD3 previous,residual,reference,61,9.16731067217457,0.17900488705821269,0.0021378266423839856,0.31,0.03,0.97,0.0,0.0,0.03,-235.3334704836949,-811.9082156053936,-56.19912716328398,400
residual_previous,Residual SG-TD3 previous,residual,reference,62,9.610866524831799,0.17414917430876922,0.001615519045165031,0.2625,0.02,0.98,0.0,0.0,0.02,-223.49682083516225,-847.1626739927791,-45.60252793781376,400
residual_previous,Residual SG-TD3 previous,residual,reference,63,8.805018789944874,0.1695620003180106,0.0024456201817872336,0.3425,0.0475,0.9525,0.0,0.0,0.0475,-190.85760356378188,-732.6876717770461,-35.80000047254605,400
residual_previous,Residual SG-TD3 previous,residual,reference,64,8.154298805549466,0.17163924144216086,0.00218021157477775,0.295,0.03,0.97,0.0,0.0,0.03,-198.6200261004323,-752.7206046702362,-45.97070941159735,400
residual_previous,Residual SG-TD3 previous,residual,reference,65,9.506491755624872,0.167481842899575,0.002375089278475493,0.3325,0.045,0.955,0.0,0.0,0.045,-132.13583530616654,-698.7489323375709,-35.661362265368275,400
residual_previous,Residual SG-TD3 previous,residual,reference,66,11.410129445472302,0.17393748944742593,0.0018227477010523535,0.2875,0.0175,0.9825,0.0,0.0,0.0175,-159.17627342056176,-783.5385133605785,-58.560182266931136,400
residual_previous,Residual SG-TD3 previous,residual,reference,67,4.708239976373535,0.18241181838183554,0.0023812261689758318,0.2975,0.05,0.95,0.0,0.0,0.05,-160.41959412454358,-629.9977749693044,-40.80571852809158,400
residual_previous,Residual SG-TD3 previous,residual,reference,68,9.061627784265704,0.17199010204761556,0.002100994112221041,0.295,0.0325,0.9675,0.0,0.0,0.0325,-158.29817199346905,-712.8463288502318,-37.04129114142213,400
residual_previous,Residual SG-TD3 previous,residual,reference,69,7.930711810804476,0.17961366789237412,0.0022116989618761545,0.3175,0.035,0.965,0.0,0.0,0.035,-159.7487287228613,-531.4146294510333,-40.366973409806796,400
residual_previous,Residual SG-TD3 previous,residual,reference,70,11.273013144767793,0.16653950414617053,0.0021258679253268074,0.3225,0.04,0.96,0.0,0.0,0.04,-142.8724658058064,-633.5817633839763,-43.182937440804025,400
residual_previous,Residual SG-TD3 previous,residual,reference,71,8.547883997659932,0.16847680740397522,0.0024520906480193358,0.3325,0.055,0.945,0.0,0.0,0.055,-141.65598033178821,-458.48488887333923,-32.123257706867555,400
residual_previous,Residual SG-TD3 previous,residual,reference,72,12.348612503546544,0.170873206162277,0.001842720253053701,0.2725,0.0325,0.9675,0.0,0.0,0.0325,-167.97826938105038,-607.36430426854,-34.20431085182347,400
residual_previous,Residual SG-TD3 previous,residual,reference,73,6.945135692334652,0.17000507717942817,0.00264059514631763,0.3275,0.06,0.94,0.0,0.0,0.06,-127.5490655520974,-451.11758152350893,-13.149637887570071,400
residual_previous,Residual SG-TD3 previous,residual,reference,74,4.778913896256885,0.17311046091045607,0.002935204179929615,0.3625,0.07,0.93,0.0,0.0,0.07,-123.93641325507053,-426.84981736513356,-23.956845279614353,400
residual_previous,Residual SG-TD3 previous,residual,reference,75,10.532803012860422,0.17480989842096986,0.0022722522506705306,0.3275,0.045,0.955,0.0,0.0,0.045,-128.79161141994155,-367.7104215688931,-17.164502233070316,400
residual_previous,Residual SG-TD3 previous,residual,reference,76,11.580060801021629,0.17302609350042325,0.0015580034629147036,0.2525,0.0175,0.9825,0.0,0.0,0.0175,-128.765137487799,-444.37015460883526,-28.162007922077763,400
residual_previous,Residual SG-TD3 previous,residual,reference,77,11.685560587171908,0.1707085232973745,0.002147506169102858,0.31,0.055,0.945,0.0,0.0,0.055,-130.06759407772142,-506.7501508644649,-22.034668309469236,400
residual_previous,Residual SG-TD3 previous,residual,reference,78,8.127467239568547,0.16911102443759085,0.002431931590695047,0.3125,0.06,0.94,0.0,0.0,0.06,-122.8266255413744,-501.12330945131094,-20.67551890602921,400
residual_previous,Residual SG-TD3 previous,residual,reference,79,10.798638421313472,0.17693177272894312,0.0020673036757480052,0.2975,0.05,0.95,0.0,0.0,0.05,-118.84332200301418,-323.83051958527875,-32.63653420595499,400
residual_previous,Residual SG-TD3 previous,residual,reference,80,12.27829202942493,0.1787874891516363,0.002133519192338977,0.3075,0.065,0.935,0.0,0.0,0.065,-109.72107132853512,-274.2892390550363,-8.664443999198973,400
residual_previous,Residual SG-TD3 previous,residual,reference,81,10.439243583243087,0.17845454612009895,0.002378206888295609,0.3225,0.11,0.89,0.0,0.0,0.11,-104.54344360455292,-283.1859435382293,4.057219616245378,400
residual_previous,Residual SG-TD3 previous,residual,reference,82,13.20676191421024,0.16982343678602604,0.0021872106935362547,0.32,0.095,0.905,0.0,0.0,0.095,-102.75206615952771,-282.88663152595944,-3.1905976836679906,400
residual_previous,Residual SG-TD3 previous,residual,reference,83,11.123605800864828,0.17944508194723952,0.0019447723875372427,0.29,0.065,0.935,0.0,0.0,0.065,-110.80042761867854,-321.34144681171375,-14.94099762884655,400
residual_previous,Residual SG-TD3 previous,residual,reference,84,13.990212441225946,0.17846035838713828,0.0017953207343497318,0.285,0.0375,0.9625,0.0,0.0,0.0375,-110.07753991000692,-247.94292700935745,-20.95064228288713,400
residual_previous,Residual SG-TD3 previous,residual,reference,85,13.01118879553178,0.17712420910935825,0.0019970068783424274,0.3,0.0475,0.9525,0.0,0.0,0.0475,-93.43446394485522,-255.80234437430153,-19.035894738587785,400
residual_previous,Residual SG-TD3 previous,residual,reference,86,10.88165566151804,0.1813399910816286,0.0020886589576207424,0.3,0.06,0.94,0.0,0.0,0.06,-89.29222125949153,-261.3957948672845,-14.06017824117868,400
residual_previous,Residual SG-TD3 previous,residual,reference,87,9.79292354108967,0.17314553615000608,0.002462286982200048,0.3425,0.065,0.935,0.0,0.0,0.065,-68.44793153150354,-202.2310834792676,-9.681502972258107,400
residual_previous,Residual SG-TD3 previous,residual,reference,88,12.158389625409686,0.17113837624162997,0.0022323061069859026,0.3125,0.0675,0.9325,0.0,0.0,0.0675,-82.97118184076305,-203.58540881535225,-6.844149696974017,400
residual_previous,Residual SG-TD3 previous,residual,reference,89,9.859288012444749,0.17450630097881661,0.0024858236415223438,0.3525,0.08,0.92,0.0,0.0,0.08,-62.664441735324544,-200.796653632101,-5.7096571847299264,400
residual_previous,Residual SG-TD3 previous,residual,reference,90,11.807932278217606,0.16514506377635654,0.0022863083682641535,0.305,0.09,0.91,0.0,0.0,0.09,-73.25554782498841,-178.35448984876274,-0.8089725073484415,400
residual_previous,Residual SG-TD3 previous,residual,reference,91,9.11198198954288,0.1617895100835927,0.002726336875199773,0.3425,0.12,0.88,0.0,0.0,0.12,-72.0988215430396,-190.04752466155756,4.479710277351174,400
residual_previous,Residual SG-TD3 previous,residual,reference,92,14.631430650904116,0.1493192900361977,0.0023034694818372665,0.305,0.1225,0.8775,0.0,0.0,0.1225,-64.45163125288934,-159.1480747768699,8.999391280848164,400
residual_previous,Residual SG-TD3 previous,residual,reference,93,10.688324336501436,0.1680493619470745,0.0022918916163092032,0.3375,0.11,0.89,0.0,0.0,0.11,-43.13602371868251,-178.48612035885048,1.4225430125727265,400
residual_previous,Residual SG-TD3 previous,residual,reference,94,9.49880030181381,0.1619141384121632,0.0025176535274052726,0.3175,0.1425,0.8575,0.0,0.0,0.1425,-31.939831309516023,-102.70680704887563,6.765523847072502,400
residual_previous,Residual SG-TD3 previous,residual,reference,95,11.845595088812807,0.15774967434302112,0.0022327364839606675,0.3,0.125,0.875,0.0,0.0,0.125,-42.95937350479386,-132.51916838435844,5.344662028879134,400
residual_previous,Residual SG-TD3 previous,residual,reference,96,10.675219948437636,0.1392915668302321,0.0026787986053960155,0.33,0.1575,0.8425,0.0,0.0,0.1575,-29.54979458063133,-84.63969857535949,11.468374745243604,400
residual_previous,Residual SG-TD3 previous,residual,reference,97,12.325834380851315,0.1423145016219257,0.002347147426303979,0.335,0.1675,0.8325,0.0,0.0,0.1675,-28.12474519479987,-114.60471732716563,18.076415671019642,400
residual_previous,Residual SG-TD3 previous,residual,reference,98,15.638989334887421,0.1113896837213537,0.0025359735013698215,0.3,0.215,0.785,0.0,0.0,0.215,-29.970912370167753,-107.36366649319585,35.432127144016704,400
residual_previous,Residual SG-TD3 previous,residual,reference,99,14.226413106768497,0.11926701194668404,0.0022443964368572943,0.275,0.1775,0.8225,0.0,0.0,0.1775,-30.48833972097077,-111.99828749156602,20.21753920187473,400
residual_previous,Residual SG-TD3 previous,residual,reference,100,15.195571823035989,0.1198158756796117,0.001980144623209805,0.27,0.145,0.855,0.0,0.0,0.145,-31.876928385999065,-111.80001830380961,13.148209185994753,400
residual_previous,Residual SG-TD3 previous,residual,reference,101,17.804845589597118,0.12250751160875793,0.0017006199546403596,0.23,0.1575,0.8425,0.0,0.0,0.1575,-30.70346851565091,-101.2792091873154,18.982202199161918,400
residual_previous,Residual SG-TD3 previous,residual,reference,102,18.74199336099464,0.1105184808859391,0.0016383037693922262,0.2175,0.1925,0.8075,0.0,0.0,0.1925,-25.66692218657596,-81.01862081121497,27.79501076247609,400
residual_previous,Residual SG-TD3 previous,residual,reference,103,18.02724988974477,0.11591075737720652,0.0018269124937237754,0.2275,0.1825,0.8175,0.0,0.0,0.1825,-25.311196039394417,-87.8699862477866,14.475669197398489,400
residual_previous,Residual SG-TD3 previous,residual,reference,104,22.818988414393925,0.09059873716234432,0.0013100465667744174,0.1575,0.19,0.81,0.0,0.0,0.19,-27.43910146815432,-96.1237982881876,32.02269402912891,400
residual_previous,Residual SG-TD3 previous,residual,reference,105,21.719454614130292,0.09510086778873145,0.001620922525273627,0.195,0.22,0.78,0.0,0.0,0.22,-25.012109945698114,-109.78572228984861,24.1370700805165,400
residual_previous,Residual SG-TD3 previous,residual,reference,106,20.091002297391565,0.09268128271749389,0.0015480863306477943,0.145,0.1875,0.8125,0.0,0.0,0.1875,-19.894898500415138,-85.41055525566784,14.932870296237445,400
residual_previous,Residual SG-TD3 previous,residual,reference,107,20.689173387245184,0.09828857692098232,0.0014825552948739573,0.1775,0.2025,0.7975,0.0,0.0,0.2025,-25.800446753674237,-83.3673737239844,16.78802595553602,400
residual_previous,Residual SG-TD3 previous,residual,reference,108,21.580788273321563,0.09385100191737078,0.0015689301922726057,0.155,0.2025,0.7975,0.0,0.0,0.2025,-24.224716772958686,-80.9287638728551,22.66476066412318,400
residual_previous,Residual SG-TD3 previous,residual,reference,109,20.673024926900062,0.09167992501189273,0.0016931782879733856,0.19,0.23,0.77,0.0,0.0,0.23,-14.480636786922645,-64.65369875762558,20.221085830549132,400
residual_previous,Residual SG-TD3 previous,residual,reference,110,22.03142719154519,0.09041500548707873,0.001527589595665743,0.1475,0.2175,0.7825,0.0,0.0,0.2175,-16.74956491480117,-57.2135720279221,16.103486388525006,400
residual_previous,Residual SG-TD3 previous,residual,reference,111,24.826161027009302,0.09006305996275778,0.0012744301480139089,0.1475,0.2075,0.7925,0.0,0.0,0.2075,-18.37594025076791,-72.23376887350867,28.783187349154232,400
residual_previous,Residual SG-TD3 previous,residual,reference,112,23.320628559456313,0.09192258468963445,0.001438114865261095,0.1525,0.18,0.82,0.0,0.0,0.18,-16.19288918480612,-71.80539840494265,17.915944359083426,400
residual_previous,Residual SG-TD3 previous,residual,reference,113,23.98126404620089,0.09044870580102762,0.00145485874541263,0.16,0.2225,0.7775,0.0,0.0,0.2225,-21.407926853235665,-72.27519116823471,20.43372515195231,400
residual_previous,Residual SG-TD3 previous,residual,reference,114,24.18681048740218,0.0950262780021507,0.0013426190854207562,0.155,0.2,0.8,0.0,0.0,0.2,-14.998831966262742,-72.43114259583244,26.481098399884576,400
residual_previous,Residual SG-TD3 previous,residual,reference,115,14.937046708060382,0.10860195475882456,0.0016558601331697826,0.175,0.22,0.78,0.0,0.0,0.22,-24.38236849855454,-85.35027452738727,30.336056662979672,400
residual_previous,Residual SG-TD3 previous,residual,reference,116,21.752073408498436,0.09620416365378767,0.0012977960972074512,0.1325,0.225,0.775,0.0,0.0,0.225,-15.96751110432956,-67.15887102864993,33.34051485636718,400
residual_previous,Residual SG-TD3 previous,residual,reference,117,22.811013755620955,0.0977396059466701,0.001357066768508,0.16,0.21,0.79,0.0,0.0,0.21,-18.549031325162332,-82.59025215150135,30.314851693770276,400
residual_previous,Residual SG-TD3 previous,residual,reference,118,23.985110009717477,0.09158291032342541,0.0013270375026865262,0.1525,0.22,0.78,0.0,0.0,0.22,-15.139731890847486,-57.67444293660635,30.80059228323477,400
residual_previous,Residual SG-TD3 previous,residual,reference,119,24.097773928657144,0.09461760682024804,0.0014318439334084227,0.16,0.2125,0.7875,0.0,0.0,0.2125,-18.601872143123103,-60.563552025007425,30.251627405460898,400
residual_previous,Residual SG-TD3 previous,residual,reference,120,22.59448210040648,0.09145619803423236,0.001452856355761055,0.1875,0.2525,0.7475,0.0,0.0,0.2525,-17.098781056081748,-57.729389390603046,26.916078328771384,400
residual_previous,Residual SG-TD3 previous,residual,reference,121,21.985261229672076,0.10056272067213755,0.001254316377432323,0.1725,0.235,0.765,0.0,0.0,0.235,-16.45387126826597,-62.00775086355438,29.375785972795565,400
residual_previous,Residual SG-TD3 previous,residual,reference,122,21.568889873099877,0.09538381449375764,0.0013305504317920802,0.1725,0.27,0.73,0.0,0.0,0.27,-8.64167196925223,-69.27672970059561,31.659455905749482,400
residual_previous,Residual SG-TD3 previous,residual,reference,123,25.608813202853618,0.08533985144386587,0.0012365617506954814,0.17,0.225,0.775,0.0,0.0,0.225,-15.320475852930883,-60.07473879349551,28.1105964768954,400
residual_previous,Residual SG-TD3 previous,residual,reference,124,21.061416071482977,0.10791099185476621,0.0011627533667,0.165,0.2275,0.7725,0.0,0.0,0.2275,-16.813914731616592,-52.829503436437584,24.48977590749374,400
residual_previous,Residual SG-TD3 previous,residual,reference,125,6.572164038107412,0.12926328168304843,0.0015748588733124783,0.16,0.4025,0.5975,0.0,0.0,0.4025,-6.60431388550154,-48.49478434189779,49.14088259323547,400
residual_previous,Residual SG-TD3 previous,residual,reference,126,11.1094174600419,0.1226543112094193,0.001531353325683854,0.1925,0.39,0.61,0.0,0.0,0.39,-6.636201667560385,-46.084729188762545,47.169229137308676,400
residual_previous,Residual SG-TD3 previous,residual,reference,127,25.035536478757784,0.09760904603745367,0.0013534891118928492,0.1675,0.215,0.785,0.0,0.0,0.215,-18.464403083073762,-48.63550519179759,26.00552369509554,400
residual_previous,Residual SG-TD3 previous,residual,reference,128,20.315848686421486,0.10128468100339628,0.0012246832150639099,0.15,0.315,0.685,0.0,0.0,0.315,-5.560706388595975,-36.8673583576166,33.07864766685875,400
residual_previous,Residual SG-TD3 previous,residual,reference,129,12.769352847416442,0.11114396510118216,0.0012611449467421815,0.1375,0.36,0.64,0.0,0.0,0.36,-6.989210737601184,-37.609012934689346,39.77159015810894,400
residual_previous,Residual SG-TD3 previous,residual,reference,130,25.211422553507745,0.10351038060557932,0.001203270380176119,0.17,0.25,0.75,0.0,0.0,0.25,-8.88111942442174,-36.54425112063515,36.04685668461736,400
residual_previous,Residual SG-TD3 previous,residual,reference,131,16.0756443241833,0.10811306081998737,0.0013376693179856854,0.1775,0.3375,0.6625,0.0,0.0,0.3375,-7.101775958486542,-34.5175484345966,38.50977519857061,400
residual_previous,Residual SG-TD3 previous,residual,reference,132,23.058683215725292,0.0942082259022483,0.001272634811279219,0.1575,0.36,0.64,0.0,0.0,0.36,-5.67409017918925,-32.276445226342275,31.593426161496016,400
residual_previous,Residual SG-TD3 previous,residual,reference,133,20.714607259495374,0.10014377733551115,0.0011494476644574668,0.1575,0.365,0.635,0.0,0.0,0.365,-3.47694312775252,-29.355058191209377,36.99482565650225,400
residual_previous,Residual SG-TD3 previous,residual,reference,134,20.442197542052057,0.09691610959759407,0.001364325607878022,0.175,0.3625,0.6375,0.0,0.0,0.3625,-4.0735076394950624,-24.958665923795454,36.42032040696514,400
residual_previous,Residual SG-TD3 previous,residual,reference,135,20.918135065837376,0.08710122172521471,0.001419636403340812,0.175,0.395,0.605,0.0,0.0,0.395,-1.9393499165074672,-21.32732322512902,36.06166009559083,400
residual_previous,Residual SG-TD3 previous,residual,reference,136,23.038418904164047,0.09493495992231765,0.0011301574714078061,0.145,0.33,0.67,0.0,0.0,0.33,-4.532256892159012,-26.163286774863728,37.39698642008612,400
residual_previous,Residual SG-TD3 previous,residual,reference,137,22.74981690700546,0.09033078403777656,0.0013200134144877218,0.1625,0.42,0.58,0.0,0.0,0.42,-1.4523169723632918,-17.09082447479718,38.12120199762066,400
residual_previous,Residual SG-TD3 previous,residual,reference,138,23.449404574535677,0.0963882762203638,0.001187094993892529,0.1525,0.31,0.69,0.0,0.0,0.31,-5.022669180777257,-21.50357538941266,32.82248224338679,400
residual_previous,Residual SG-TD3 previous,residual,reference,139,25.23342566071118,0.08593903302809303,0.001137538718671816,0.1525,0.38,0.62,0.0,0.0,0.38,-1.3739262088255373,-19.238388501481314,33.97061772388709,400
residual_previous,Residual SG-TD3 previous,residual,reference,140,24.457825585893634,0.09232683485784836,0.0011768133443326781,0.15,0.39,0.61,0.0,0.0,0.39,-2.0760810302415393,-20.926095558830866,39.647652994144465,400
residual_previous,Residual SG-TD3 previous,residual,reference,141,24.1225921795657,0.09475564037969626,0.001133736056944062,0.1525,0.3175,0.6825,0.0,0.0,0.3175,-3.94267831333309,-18.913292208388405,34.482154843321105,400
residual_previous,Residual SG-TD3 previous,residual,reference,142,24.583392010121184,0.09579763822526953,0.00109704239056653,0.15,0.2925,0.7075,0.0,0.0,0.2925,-5.412665154958972,-21.112236873854,30.84996898896764,400
residual_previous,Residual SG-TD3 previous,residual,reference,143,26.87840269503168,0.09072430287731766,0.0012062514099585328,0.1625,0.285,0.715,0.0,0.0,0.285,-4.571392196240367,-24.182772159850536,33.958250982245815,400
residual_previous,Residual SG-TD3 previous,residual,reference,144,27.354451439626132,0.08601258108428554,0.000985187140189568,0.135,0.295,0.705,0.0,0.0,0.295,-5.587322171956885,-22.124444485097044,32.139451195474784,400
residual_previous,Residual SG-TD3 previous,residual,reference,145,26.560593347101666,0.0924224233100098,0.0010882001291949027,0.1525,0.36,0.64,0.0,0.0,0.36,-2.2681077588247263,-13.940901467076877,40.74782026894958,400
residual_previous,Residual SG-TD3 previous,residual,reference,146,26.652766261753644,0.08813011286060483,0.0011112239078505223,0.15,0.3975,0.6025,0.0,0.0,0.3975,-1.6223063300205922,-14.62523733420212,35.81877470556352,400
residual_previous,Residual SG-TD3 previous,residual,reference,147,27.235408741851543,0.09027937592230101,0.0010824327387786365,0.16,0.3525,0.6475,0.0,0.0,0.3525,-1.7253878730990664,-17.32797988156958,37.3135717034078,400
residual_previous,Residual SG-TD3 previous,residual,reference,148,28.79138309057995,0.08123076600021119,0.0010902603488637747,0.1475,0.3125,0.6875,0.0,0.0,0.3125,-3.21356331578329,-17.830045722659406,42.131795516955734,400
residual_previous,Residual SG-TD3 previous,residual,reference,149,28.615192862095842,0.08657144711685114,0.001111304269184651,0.1375,0.2775,0.7225,0.0,0.0,0.2775,-6.368133794995174,-22.112611998253804,39.934108053548044,400
residual_previous,Residual SG-TD3 previous,residual,reference,150,28.21047672183835,0.08722555088574997,0.0009888687801044684,0.1325,0.29,0.71,0.0,0.0,0.29,-3.682012007235926,-15.454750934064643,33.61335784346642,400
residual_previous,Residual SG-TD3 previous,residual,reference,151,28.32151126351857,0.08193852477291473,0.0012114099576251976,0.1625,0.32,0.68,0.0,0.0,0.32,-3.1893552060902266,-16.824053944825938,37.242160701128206,400
residual_previous,Residual SG-TD3 previous,residual,reference,152,28.708890087145665,0.08597346892930685,0.001053774824413391,0.1475,0.3075,0.6925,0.0,0.0,0.3075,-3.7804887211004825,-18.71753978614247,33.33269210895018,400
residual_previous,Residual SG-TD3 previous,residual,reference,153,26.84486024256349,0.08657921327521384,0.001256893828327454,0.1675,0.325,0.675,0.0,0.0,0.325,-3.1504973309993147,-21.008487107354266,36.99636199590503,400
residual_previous,Residual SG-TD3 previous,residual,reference,154,24.96522208717646,0.08541820658380582,0.001080920152686556,0.15,0.4275,0.5725,0.0,0.0,0.4275,-0.4616881796237067,-11.04433745831725,35.91303242172741,400
residual_previous,Residual SG-TD3 previous,residual,reference,155,26.83448028583856,0.08863035032940461,0.0010460749429607563,0.1525,0.395,0.605,0.0,0.0,0.395,-1.2119887644237224,-13.66218097219662,37.88967152370554,400
residual_previous,Residual SG-TD3 previous,residual,reference,156,25.866971034629344,0.08213765761785861,0.001176935585622408,0.1475,0.425,0.575,0.0,0.0,0.425,-0.6938042801411939,-11.9299006753218,44.82056391002951,400
residual_previous,Residual SG-TD3 previous,residual,reference,157,28.26856311109323,0.0761696452547084,0.0012206149542651338,0.16,0.3275,0.6725,0.0,0.0,0.3275,-2.965872539165048,-13.547308466142795,42.24576588975604,400
residual_previous,Residual SG-TD3 previous,residual,reference,158,27.064034996590177,0.0789516394402586,0.0012602890172143985,0.16,0.365,0.635,0.0,0.0,0.365,-1.3175652928990758,-12.874800090238068,44.38446553110542,400
residual_previous,Residual SG-TD3 previous,residual,reference,159,28.248185223121627,0.07965975446664626,0.0012880497139307373,0.165,0.3075,0.6925,0.0,0.0,0.3075,-3.5957524483341103,-16.31751129067297,42.31057675605962,400
residual_previous,Residual SG-TD3 previous,residual,reference,160,29.493399885536547,0.0748522264307356,0.0011334057691077574,0.155,0.32,0.68,0.0,0.0,0.32,-2.641909484422058,-15.028645633309724,41.002209225212574,400
residual_previous,Residual SG-TD3 previous,residual,reference,161,28.976822674435493,0.07658448122229225,0.0010993006251171775,0.1425,0.3775,0.6225,0.0,0.0,0.3775,-0.9028003773361206,-9.784750829745144,43.30924636095096,400
residual_previous,Residual SG-TD3 previous,residual,reference,162,30.292468407925117,0.0682956931161997,0.001169978994150401,0.15,0.32,0.68,0.0,0.0,0.32,-2.0588637281671254,-12.75338663215507,40.3299678880549,400
residual_previous,Residual SG-TD3 previous,residual,reference,163,28.41598004409954,0.07409534048073693,0.0010764969250705518,0.1425,0.34,0.66,0.0,0.0,0.34,-1.6137481722086022,-14.223801886112891,52.83952793763804,400
residual_previous,Residual SG-TD3 previous,residual,reference,164,28.61484960970885,0.07288648742735847,0.0011462078624268452,0.155,0.355,0.645,0.0,0.0,0.355,-2.4921708893961068,-14.605347223089643,43.02443051307968,400
residual_previous,Residual SG-TD3 previous,residual,reference,165,25.82165293368955,0.10180675221682868,0.0009970266907334319,0.1775,0.39,0.61,0.0,0.0,0.39,-1.337751723017277,-15.315699569695742,34.70248341055159,400
residual_previous,Residual SG-TD3 previous,residual,reference,166,29.255224331889575,0.07395326856444623,0.0010026507055193332,0.135,0.375,0.625,0.0,0.0,0.375,-1.2507671355546108,-11.214626965897969,41.927306504454435,400
residual_previous,Residual SG-TD3 previous,residual,reference,167,29.203713111075057,0.07416018531486357,0.0010121374924771654,0.135,0.355,0.645,0.0,0.0,0.355,-1.7187435474988888,-11.555904730176417,44.535441526173315,400
residual_previous,Residual SG-TD3 previous,residual,reference,168,29.78631079872249,0.07121394984283272,0.0010260580174727228,0.135,0.325,0.675,0.0,0.0,0.325,-1.7778625421505012,-10.852832608958215,43.635570249837215,400
residual_previous,Residual SG-TD3 previous,residual,reference,169,26.420822571594325,0.08128930628350094,0.0010818838841423076,0.13,0.4575,0.5425,0.0,0.0,0.4575,0.05162563880344351,-7.5899914469269785,45.56349601191052,400
residual_previous,Residual SG-TD3 previous,residual,reference,170,29.303981971774416,0.07293859995839053,0.0010034678366037076,0.1325,0.38,0.62,0.0,0.0,0.38,-0.552668804220275,-10.087335060956184,42.28518324357861,400
residual_previous,Residual SG-TD3 previous,residual,reference,171,29.125516199539575,0.07229034581546936,0.001063892520990985,0.135,0.3525,0.6475,0.0,0.0,0.3525,-1.5527095537097466,-8.601150493298928,40.190537423996396,400
residual_previous,Residual SG-TD3 previous,residual,reference,172,29.88808892806724,0.06941590720393377,0.0010429557266667922,0.1375,0.3925,0.6075,0.0,0.0,0.3925,-0.702576182497296,-12.485726718107271,45.25307707446523,400
residual_previous,Residual SG-TD3 previous,residual,reference,173,29.320852137822925,0.07427359016034488,0.0009298474340616125,0.1175,0.36,0.64,0.0,0.0,0.36,-1.6790109694429702,-10.620618882875485,43.65178593151904,400
residual_previous,Residual SG-TD3 previous,residual,reference,174,30.785651061118397,0.06907299430902426,0.0009134487912468544,0.13,0.3575,0.6425,0.0,0.0,0.3575,-1.830607769729454,-11.250410870891754,40.938481504997924,400
residual_previous,Residual SG-TD3 previous,residual,reference,175,30.0651671359008,0.0690438859709614,0.0009663580417089066,0.1225,0.3925,0.6075,0.0,0.0,0.3925,-0.9053437989164195,-9.346281318626984,43.50747395692478,400
residual_previous,Residual SG-TD3 previous,residual,reference,176,29.028042472572636,0.0693630132755934,0.0009417245293265686,0.125,0.38,0.62,0.0,0.0,0.38,-0.3681352921241796,-9.50624830573224,42.39611895626999,400
residual_previous,Residual SG-TD3 previous,residual,reference,177,28.133430932514607,0.06795442921328552,0.0010243921589334207,0.1275,0.435,0.565,0.0,0.0,0.435,-0.17094738618095562,-6.825499608226778,42.27138962592278,400
residual_previous,Residual SG-TD3 previous,residual,reference,178,29.783897374696284,0.06810274062561125,0.0010122464028776165,0.1175,0.4025,0.5975,0.0,0.0,0.4025,-0.4673942555149324,-6.263163808749959,42.05540256154036,400
residual_previous,Residual SG-TD3 previous,residual,reference,179,30.88104623947289,0.06249024335900115,0.0010132626717998833,0.1325,0.3375,0.6625,0.0,0.0,0.3375,-1.5696076578340126,-8.920192204511316,42.221724956176665,400
residual_previous,Residual SG-TD3 previous,residual,reference,180,30.938647457261986,0.06608429343277486,0.0010216604178392664,0.12,0.3425,0.6575,0.0,0.0,0.3425,-0.6790195932360348,-8.944761246003191,40.463580405775666,400
residual_previous,Residual SG-TD3 previous,residual,reference,181,28.38569245178253,0.07185954512118994,0.0010045783705233875,0.1275,0.4725,0.5275,0.0,0.0,0.4725,0.22763723563605254,-6.992918432872419,45.90442844037343,400
residual_previous,Residual SG-TD3 previous,residual,reference,182,29.27704528176181,0.07510480807571555,0.0010223229222779523,0.1275,0.36,0.64,0.0,0.0,0.36,-1.0299534487547817,-10.499651336446002,46.18566568304367,400
residual_previous,Residual SG-TD3 previous,residual,reference,183,29.970808695902864,0.07314825798119501,0.0009618906630541535,0.1275,0.3525,0.6475,0.0,0.0,0.3525,-0.9909213757273392,-10.196200510553897,41.39614480423586,400
residual_previous,Residual SG-TD3 previous,residual,reference,184,28.79883592133941,0.0691527486611897,0.0011970597651448848,0.15,0.43,0.57,0.0,0.0,0.43,-0.5755415704704774,-8.308565816645613,42.35103229236934,400
residual_previous,Residual SG-TD3 previous,residual,reference,185,29.18884293203268,0.07208246386471594,0.0010988092184829185,0.14,0.385,0.615,0.0,0.0,0.385,-0.5567126712494428,-9.18228777597835,39.78593762907638,400
residual_previous,Residual SG-TD3 previous,residual,reference,186,28.673031456654154,0.0736472287810886,0.0011820074198940005,0.1425,0.4525,0.5475,0.0,0.0,0.4525,-0.09073603695230759,-6.912101395107674,44.08283968725903,400
residual_previous,Residual SG-TD3 previous,residual,reference,187,29.844844582443315,0.07627683753128416,0.00109186788117663,0.14,0.325,0.675,0.0,0.0,0.325,-1.166702873017357,-9.419730724463896,43.14202567611402,400
residual_previous,Residual SG-TD3 previous,residual,reference,188,28.863960845889522,0.07151353822103595,0.001207574520885168,0.1475,0.425,0.575,0.0,0.0,0.425,-0.3257578260466971,-10.342728126277573,40.660270917036485,400
residual_previous,Residual SG-TD3 previous,residual,reference,189,28.67803450597129,0.07466507344138593,0.0012238470222854484,0.1475,0.4175,0.5825,0.0,0.0,0.4175,-0.42823661099214405,-7.914296358996171,37.61039496301624,400
residual_previous,Residual SG-TD3 previous,residual,reference,190,29.62717509711292,0.072111096213677,0.0012207924565831344,0.1475,0.4225,0.5775,0.0,0.0,0.4225,-0.41632603138316426,-7.976316411716402,37.01020562386027,400
residual_previous,Residual SG-TD3 previous,residual,reference,191,28.009234381051943,0.0703327750140195,0.0012640420913606816,0.1475,0.5,0.5,0.0,0.0,0.5,0.5196373402513927,-6.1237090980683435,39.837117436514745,400
residual_previous,Residual SG-TD3 previous,residual,reference,192,26.975756263605817,0.07746023470589944,0.0013856900683343865,0.16,0.54,0.46,0.0,0.0,0.54,0.9536189276071809,-7.047577592414835,40.25777703144398,400
residual_previous,Residual SG-TD3 previous,residual,reference,193,29.75454476913722,0.07331645671117001,0.00119952075310914,0.1475,0.38,0.62,0.0,0.0,0.38,-0.7123252290448363,-9.933225070099796,40.12579863803562,400
residual_previous,Residual SG-TD3 previous,residual,reference,194,28.388464397798803,0.07701098680579813,0.0012209821390547705,0.1475,0.47,0.53,0.0,0.0,0.47,0.16198425447009868,-6.065616561215164,39.467439259934864,400
residual_previous,Residual SG-TD3 previous,residual,reference,195,28.284358393381925,0.07864779775407713,0.0011182825765032492,0.1275,0.46,0.54,0.0,0.0,0.46,0.11413363737858617,-5.857220945667654,39.80895456341827,400
residual_previous,Residual SG-TD3 previous,residual,reference,196,28.493128518302118,0.07142750821211913,0.0012206161639989608,0.1375,0.44,0.56,0.0,0.0,0.44,-0.14650888168466736,-5.713469914056418,37.33545760197477,400
residual_previous,Residual SG-TD3 previous,residual,reference,197,27.579820357650878,0.07593032000323968,0.0010994975309831677,0.135,0.4675,0.5325,0.0,0.0,0.4675,0.15201381365272937,-5.804663349387828,43.23495414808232,400
residual_previous,Residual SG-TD3 previous,residual,reference,198,28.978758476791562,0.07177355134739616,0.0010590481401549746,0.1275,0.4,0.6,0.0,0.0,0.4,-0.40408633199763244,-6.528000112691142,48.583679393305964,400
residual_previous,Residual SG-TD3 previous,residual,reference,199,29.44795278562804,0.06514776309873822,0.0010575644290019063,0.13,0.4525,0.5475,0.0,0.0,0.4525,0.1151930114415336,-5.582589869720548,38.22418394500214,400
residual_previous,Residual SG-TD3 previous,residual,reference,200,31.089803646260574,0.061617560041114315,0.0009848996679979332,0.125,0.32,0.68,0.0,0.0,0.32,-0.25502926729973296,-1.1728878910736966,37.62062996112532,400
markov_current,Markov SG-TD3 current param-noise,markov,current,1,-3.153276147617337,0.2943526700821088,0.002592509105932414,0.44,0.0,0.0,0.0,0.0,nan,nan,nan,nan,0
markov_current,Markov SG-TD3 current param-noise,markov,current,2,8.079282593020153,0.18433812649371306,0.0014378097675925494,0.2475,0.0,0.0,0.0,0.0,nan,nan,nan,nan,0
markov_current,Markov SG-TD3 current param-noise,markov,current,3,8.056081543431276,0.18376230095153168,0.0014306740924397837,0.2425,0.0,0.0,0.0,0.0,nan,nan,nan,nan,0
markov_current,Markov SG-TD3 current param-noise,markov,current,4,8.163216493473662,0.1827134018598649,0.001423871356645352,0.245,0.0,0.0,0.0,0.0,nan,nan,nan,nan,0
markov_current,Markov SG-TD3 current param-noise,markov,current,5,8.255229283710428,0.18164576871935928,0.0014175075958855103,0.245,0.0,0.0,0.0,0.0,nan,nan,nan,nan,0
markov_current,Markov SG-TD3 current param-noise,markov,current,6,8.341568968193357,0.18065818261499647,0.001410813699239523,0.2425,0.0,0.0,0.0,0.0,nan,nan,nan,nan,0
markov_current,Markov SG-TD3 current param-noise,markov,current,7,8.465322286161005,0.17951088238328394,0.001403307767530644,0.2425,0.0,0.0,0.0,0.0,nan,nan,nan,nan,0
markov_current,Markov SG-TD3 current param-noise,markov,current,8,8.578620344626094,0.17840595759721622,0.0013960747643973785,0.24,0.0,0.0,0.0,0.0,nan,nan,nan,nan,0
markov_current,Markov SG-TD3 current param-noise,markov,current,9,8.696080878906907,0.17713459871800705,0.0013897546666196208,0.235,0.0,0.0,0.0,0.0,nan,nan,nan,nan,0
markov_current,Markov SG-TD3 current param-noise,markov,current,10,8.938793305979319,0.1751456084120554,0.001377111258935993,0.23,0.0,0.0,0.0,0.0,nan,nan,nan,nan,0
markov_current,Markov SG-TD3 current param-noise,markov,current,11,8.920519101797026,0.17503837051453275,0.0013753174492112136,0.2325,0.0,0.9975,0.0,0.0,0.0,nan,nan,nan,399
markov_current,Markov SG-TD3 current param-noise,markov,current,12,9.091506618395393,0.1737625509772885,0.0013656724561479183,0.23,0.0,1.0,0.0,0.0,0.0,nan,nan,nan,400
markov_current,Markov SG-TD3 current param-noise,markov,current,13,9.114003180981626,0.17325665246805572,0.0013564630676638429,0.2275,0.0,1.0,0.0,0.0,0.0,nan,nan,nan,400
markov_current,Markov SG-TD3 current param-noise,markov,current,14,3.9939661452706074,0.1998922000386294,0.0016656942423665271,0.255,0.0475,0.9525,0.0,0.0,0.0475,-102.55173217773438,-254.15634486654037,-31.848235054016115,400
markov_current,Markov SG-TD3 current param-noise,markov,current,15,7.275739161135991,0.18457637600697305,0.001586665945526805,0.2325,0.035,0.965,0.0,0.0,0.035,-123.22519409179688,-279.1847248805014,-27.65136262893674,400
markov_current,Markov SG-TD3 current param-noise,markov,current,16,13.107101570984023,0.15690716576494834,0.0014561729651621474,0.23,0.04,0.96,0.0,0.0,0.04,-133.15293228149415,-369.8545759064462,-26.773032875061038,400
markov_current,Markov SG-TD3 current param-noise,markov,current,17,11.318537384025467,0.17170725731082817,0.001561344482248257,0.255,0.025,0.975,0.0,0.0,0.025,-157.34931861877442,-344.85315007686614,-18.096303005218502,400
markov_current,Markov SG-TD3 current param-noise,markov,current,18,12.775850352665415,0.161461629552443,0.0014273923144055023,0.24,0.0325,0.9675,0.0,0.0,0.0325,-173.17954360961915,-381.7958102416992,-31.743271497469376,400
markov_current,Markov SG-TD3 current param-noise,markov,current,19,14.046371241399221,0.15363405666183097,0.0012734268051431041,0.23,0.0225,0.9775,0.0,0.0,0.0225,-210.49577852272415,-419.1470311832428,-44.00532428741455,400
markov_current,Markov SG-TD3 current param-noise,markov,current,20,14.577022903518234,0.16279917711520195,0.00144615241631924,0.2975,0.045,0.955,0.0,0.0,0.045,-218.94073330879212,-458.23374810979004,-49.35286406397819,400
markov_current,Markov SG-TD3 current param-noise,markov,current,21,14.830940672442534,0.14908835645786706,0.001233589010355695,0.235,0.025,0.975,0.0,0.0,0.025,-214.78390731975713,-493.72426740646364,-41.39329092279286,400
markov_current,Markov SG-TD3 current param-noise,markov,current,22,11.726413255662749,0.15873836123241966,0.0014110518113367315,0.225,0.0675,0.9325,0.0,0.0,0.0675,-242.2754336440563,-553.0922352027893,-29.402066127419467,400
markov_current,Markov SG-TD3 current param-noise,markov,current,23,14.406590630385187,0.15199675166307525,0.0012114576971198304,0.2075,0.0525,0.9475,0.0,0.0,0.0525,-245.32791339874268,-543.1188096987105,-48.809791965484536,400
markov_current,Markov SG-TD3 current param-noise,markov,current,24,14.401123636304755,0.14814644100341512,0.0010654725077241926,0.1975,0.0275,0.9725,0.0,0.0,0.0275,-252.69166545124423,-506.69830505371095,-43.93781143300938,400
markov_current,Markov SG-TD3 current param-noise,markov,current,25,12.796752401897795,0.15005888796652073,0.0010232797837648041,0.1825,0.02,0.98,0.0,0.0,0.02,-271.80070264441736,-599.7492156219482,-58.53878672994575,400
markov_current,Markov SG-TD3 current param-noise,markov,current,26,15.502076649417397,0.13829972657243134,0.0012271561565530137,0.17,0.0425,0.9575,0.0,0.0,0.0425,-270.69834417095876,-575.0350867462158,-38.345449149310575,400
markov_current,Markov SG-TD3 current param-noise,markov,current,27,9.885078921232749,0.16057137095410037,0.0014410041616931444,0.2,0.0375,0.9625,0.0,0.0,0.0375,-254.54038917541504,-629.0246517542358,-43.94227796678195,400
markov_current,Markov SG-TD3 current param-noise,markov,current,28,15.656662422150932,0.14416082703377797,0.0012521183443369454,0.215,0.0325,0.9675,0.0,0.0,0.0325,-257.5321008534131,-608.539361114502,-46.84241694927213,400
markov_current,Markov SG-TD3 current param-noise,markov,current,29,16.24597270335276,0.1347090864785866,0.0011861399873782435,0.2075,0.035,0.965,0.0,0.0,0.035,-297.60919769346714,-679.7587200541885,-60.96636658734046,400
markov_current,Markov SG-TD3 current param-noise,markov,current,30,14.975504431167476,0.15675768211036986,0.0011993384014680182,0.2525,0.055,0.945,0.0,0.0,0.055,-258.7376100914192,-663.8824198704995,-30.289523533470785,400
markov_current,Markov SG-TD3 current param-noise,markov,current,31,15.974255525280952,0.14536302791767666,0.0013633053041265714,0.2175,0.03,0.97,0.0,0.0,0.03,-276.89253913879395,-660.6540249943761,-69.36311230182645,400
markov_current,Markov SG-TD3 current param-noise,markov,current,32,15.905917458966531,0.13704666209298624,0.0012695700286680792,0.2025,0.0325,0.9675,0.0,0.0,0.0325,-233.34032070159913,-656.0930388641356,-24.44132891845703,400
markov_current,Markov SG-TD3 current param-noise,markov,current,33,14.577065442349134,0.13731148969146223,0.0015635775726112091,0.23,0.04,0.96,0.0,0.0,0.04,-257.8922673416138,-600.4611224154235,-51.15734476566311,400
markov_current,Markov SG-TD3 current param-noise,markov,current,34,8.64938071580221,0.16704199810972412,0.0011502626088134482,0.2225,0.04,0.96,0.0,0.0,0.04,-255.11193561077118,-689.5038453641673,-39.4858862833776,400
markov_current,Markov SG-TD3 current param-noise,markov,current,35,4.813549170123611,0.19278614360315774,0.0014424363499404166,0.2575,0.0625,0.9375,0.0,0.0,0.0625,-227.97376337111032,-644.8944615961188,-51.26144554794646,400
markov_current,Markov SG-TD3 current param-noise,markov,current,36,16.141950720940756,0.14330515816114192,0.0014102554183299226,0.2475,0.0625,0.9375,0.0,0.0,0.0625,-234.39694626212253,-692.7103629541714,-10.708752841098866,400
markov_current,Markov SG-TD3 current param-noise,markov,current,37,8.941889561098206,0.183717868938649,0.0013522194064554721,0.2425,0.0225,0.9775,0.0,0.0,0.0225,-237.3200959998371,-681.0948851441376,-42.866037292480435,400
markov_current,Markov SG-TD3 current param-noise,markov,current,38,11.87727863136175,0.16160937380555304,0.001292166679888393,0.24,0.0425,0.9575,0.0,0.0,0.0425,-194.13890418523584,-657.2397349923964,-28.716404948099232,400
markov_current,Markov SG-TD3 current param-noise,markov,current,39,13.978121756423702,0.15950821532836235,0.0012563501691600098,0.2525,0.0475,0.9525,0.0,0.0,0.0475,-248.77451756031633,-675.9900379605822,-37.6089404296875,400
markov_current,Markov SG-TD3 current param-noise,markov,current,40,11.57258344305457,0.16973386285542638,0.00160814640889986,0.2475,0.0525,0.9475,0.0,0.0,0.0525,-215.04827222764493,-680.0682727846569,-18.207835569273254,400
markov_current,Markov SG-TD3 current param-noise,markov,current,41,8.805502590436738,0.19270147441795266,0.001397118265764803,0.2525,0.06,0.94,0.0,0.0,0.06,-247.96726885429382,-665.848952029567,-31.70927471183471,400
markov_current,Markov SG-TD3 current param-noise,markov,current,42,12.019202024246745,0.1770199028114794,0.0012435754378027574,0.24,0.0425,0.9575,0.0,0.0,0.0425,-212.59168394029143,-778.2582629047967,-27.625368496361254,400
markov_current,Markov SG-TD3 current param-noise,markov,current,43,14.564574582416396,0.15996956863127373,0.001520705038081095,0.255,0.0625,0.9375,0.0,0.0,0.0625,-210.9786828042063,-709.2659132264456,-36.173447818944986,400
markov_current,Markov SG-TD3 current param-noise,markov,current,44,10.952216662667833,0.1844517820249326,0.0014895897541889248,0.2675,0.045,0.955,0.0,0.0,0.045,-203.2274130312052,-717.1834000360221,-29.69808531749246,400
markov_current,Markov SG-TD3 current param-noise,markov,current,45,8.256076342829793,0.19049478956107674,0.0016564718480406816,0.2675,0.0525,0.9475,0.0,0.0,0.0525,-170.0662476569725,-826.7854797167859,-34.87929810406703,400
markov_current,Markov SG-TD3 current param-noise,markov,current,46,7.939115471816406,0.18916715166243273,0.0013712282114812203,0.235,0.0325,0.9675,0.0,0.0,0.0325,-257.7269242578376,-747.7189098851343,-39.904767624063766,400
markov_current,Markov SG-TD3 current param-noise,markov,current,47,10.305418915618427,0.20466493701860478,0.001848019035008633,0.255,0.08,0.92,0.0,0.0,0.08,-193.30032384366916,-788.2334286072212,-14.051180835204091,400
markov_current,Markov SG-TD3 current param-noise,markov,current,48,10.16051434500254,0.18829714033874054,0.0017259648871965495,0.26,0.0475,0.9525,0.0,0.0,0.0475,-265.39028972012306,-679.7391053791347,-23.943081770924433,400
markov_current,Markov SG-TD3 current param-noise,markov,current,49,13.576699593552526,0.1797707762922974,0.0014847897368440322,0.305,0.095,0.905,0.0,0.0,0.095,-212.82169763225642,-738.7017971080172,-1.7725579512623457,400
markov_current,Markov SG-TD3 current param-noise,markov,current,50,4.176397876603421,0.22778131140769667,0.0014654092583212574,0.26,0.1075,0.8925,0.0,0.0,0.1075,-234.15374675295175,-747.6385923188682,5.254075271486834,400
markov_current,Markov SG-TD3 current param-noise,markov,current,51,3.6338179910252983,0.20960082386592607,0.0013376077521756941,0.245,0.11,0.89,0.0,0.0,0.11,-229.16849374208596,-652.3366309888064,1.4913058609353576,400
markov_current,Markov SG-TD3 current param-noise,markov,current,52,6.5540038291079235,0.21306140210192898,0.0018087508065044353,0.3125,0.105,0.895,0.0,0.0,0.105,-165.9026057739609,-623.7880932208972,0.30428727690146284,400
markov_current,Markov SG-TD3 current param-noise,markov,current,53,-1.869602445459592,0.2326743435698103,0.002378335800178036,0.4375,0.115,0.885,0.0,0.0,0.115,-137.7587598373873,-556.314555143333,8.824932199053814,400
markov_current,Markov SG-TD3 current param-noise,markov,current,54,-1.971924846964039,0.23762215231901737,0.0014856037770147664,0.2925,0.12,0.88,0.0,0.0,0.12,-140.2261087575382,-566.514568690719,4.7405675723826,400
markov_current,Markov SG-TD3 current param-noise,markov,current,55,10.781172216965517,0.18791704237163614,0.0017105920652872686,0.2725,0.1025,0.8975,0.0,0.0,0.1025,-119.83994072568572,-513.3501782211207,7.368537886506769,400
markov_current,Markov SG-TD3 current param-noise,markov,current,56,4.765910105088124,0.22317174814545881,0.0016403033997918848,0.345,0.1425,0.8575,0.0,0.0,0.1425,-108.98404124180624,-413.6053380800509,9.389091990820749,400
markov_current,Markov SG-TD3 current param-noise,markov,current,57,13.563300562361565,0.1688652879494067,0.0011381575083883322,0.22,0.0975,0.9025,0.0,0.0,0.0975,-118.48711976519814,-410.6463306952328,-5.970146567514662,400
markov_current,Markov SG-TD3 current param-noise,markov,current,58,10.92999889897075,0.18131454537263827,0.0013962041284235893,0.25,0.07,0.93,0.0,0.0,0.07,-125.0841830245493,-474.7308408326348,-7.644543428913562,400
markov_current,Markov SG-TD3 current param-noise,markov,current,59,11.476643753980229,0.1815827994676249,0.0017903049954258764,0.275,0.0875,0.9125,0.0,0.0,0.0875,-135.6256930526732,-426.755770670194,-1.3283181948628602,400
markov_current,Markov SG-TD3 current param-noise,markov,current,60,14.968112383198543,0.15734609026693577,0.0015828308276321147,0.245,0.07,0.93,0.0,0.0,0.07,-117.9403578855256,-495.85586962108283,-12.73514394414424,400
markov_current,Markov SG-TD3 current param-noise,markov,current,61,12.311241180525982,0.163516478712708,0.0015415742168465186,0.245,0.0525,0.9475,0.0,0.0,0.0525,-112.11118312894524,-491.2369006598951,-10.27553320648763,400
markov_current,Markov SG-TD3 current param-noise,markov,current,62,15.428415689426286,0.1485749914908464,0.0016245174513400621,0.25,0.06,0.94,0.0,0.0,0.06,-106.83621955633501,-486.0124792103802,-6.446958233103092,400
markov_current,Markov SG-TD3 current param-noise,markov,current,63,11.938481212834203,0.16275456064369792,0.0013729708214356782,0.24,0.0525,0.9475,0.0,0.0,0.0525,-127.97796184888921,-412.57073790578977,-11.215810929697442,400
markov_current,Markov SG-TD3 current param-noise,markov,current,64,12.09067239027328,0.16697221882712066,0.0014686569794848314,0.23,0.035,0.965,0.0,0.0,0.035,-144.95743381160477,-422.4115874772537,-16.825394331628605,400
markov_current,Markov SG-TD3 current param-noise,markov,current,65,11.416962169708214,0.16458173147176292,0.001331295405848461,0.2375,0.045,0.955,0.0,0.0,0.045,-102.15202240496475,-429.5316938063702,-17.578087641512283,400
markov_current,Markov SG-TD3 current param-noise,markov,current,66,11.338222312214938,0.1701044372887142,0.0015257986829893167,0.255,0.055,0.945,0.0,0.0,0.055,-100.17809043029706,-443.71407502141125,-19.32744448468744,400
markov_current,Markov SG-TD3 current param-noise,markov,current,67,13.122494100331666,0.15578021953378482,0.0014867531825615483,0.24,0.06,0.94,0.0,0.0,0.06,-119.13196817533549,-461.1925451085017,-11.492838259026366,400
markov_current,Markov SG-TD3 current param-noise,markov,current,68,13.45450144524124,0.1548991185232948,0.0014355084449393862,0.2175,0.065,0.935,0.0,0.0,0.065,-133.41717644574402,-395.5813954459673,-8.481259981423603,400
markov_current,Markov SG-TD3 current param-noise,markov,current,69,14.83906870962237,0.15528665607784142,0.0015040769841053515,0.2475,0.045,0.955,0.0,0.0,0.045,-127.75963512975017,-410.2611076197575,-12.504388965823486,400
markov_current,Markov SG-TD3 current param-noise,markov,current,70,12.217610606108035,0.16855010363417297,0.0015796534017714515,0.265,0.0475,0.9525,0.0,0.0,0.0475,-105.40589320910027,-371.3346424707149,-12.787656715556157,400
markov_current,Markov SG-TD3 current param-noise,markov,current,71,13.13130954389584,0.16434726605302574,0.0013982801869415749,0.2375,0.0375,0.9625,0.0,0.0,0.0375,-103.73102045236806,-436.27319586882845,-14.045074759611872,400
markov_current,Markov SG-TD3 current param-noise,markov,current,72,17.069301761375993,0.13761226953567016,0.0015380475899571073,0.2475,0.065,0.935,0.0,0.0,0.065,-88.55452856647332,-334.11318219218214,-11.678596816019718,400
markov_current,Markov SG-TD3 current param-noise,markov,current,73,14.757022589932463,0.1462663753323699,0.001429642912806283,0.2375,0.0575,0.9425,0.0,0.0,0.0575,-103.82061035522094,-354.84542170636735,-14.8657388189109,400
markov_current,Markov SG-TD3 current param-noise,markov,current,74,14.671698405185566,0.14667591252358642,0.0016324429885841796,0.2525,0.055,0.945,0.0,0.0,0.055,-101.84819349425572,-382.0645384884132,-13.607767296564052,400
markov_current,Markov SG-TD3 current param-noise,markov,current,75,15.069698359229292,0.14649817790471467,0.0013041587883156846,0.2025,0.0575,0.9425,0.0,0.0,0.0575,-99.59405607523806,-346.4025088113457,-10.913253486792243,400
markov_current,Markov SG-TD3 current param-noise,markov,current,76,16.233721175795225,0.14835197159122704,0.0014183333634934909,0.2375,0.0525,0.9475,0.0,0.0,0.0525,-94.4908794921495,-354.53293298844284,-10.185979955281438,400
markov_current,Markov SG-TD3 current param-noise,markov,current,77,15.95392247695046,0.13616558776290139,0.001392650760445705,0.225,0.11,0.89,0.0,0.0,0.11,-85.92329940442295,-324.28307928188167,5.0623255786971875,400
markov_current,Markov SG-TD3 current param-noise,markov,current,78,16.716181902741177,0.14291184216798367,0.0013593914492762548,0.2325,0.0875,0.9125,0.0,0.0,0.0875,-109.47192537318867,-330.4028471592231,-1.9733913895471225,400
markov_current,Markov SG-TD3 current param-noise,markov,current,79,16.122502853596124,0.13437693426437047,0.0015413214410162684,0.1825,0.0975,0.9025,0.0,0.0,0.0975,-83.7673304034733,-301.46626153493855,-5.4077196827178655,400
markov_current,Markov SG-TD3 current param-noise,markov,current,80,14.973691296270328,0.148937052892672,0.0017291578804505669,0.2525,0.0775,0.9225,0.0,0.0,0.0775,-77.57130729915082,-311.00868183416094,-6.670621844227322,400
markov_current,Markov SG-TD3 current param-noise,markov,current,81,13.721935150536405,0.1552129256218824,0.0017169540131555595,0.2525,0.06,0.94,0.0,0.0,0.06,-65.68741748360009,-254.7231394576516,-6.480622770175147,400
markov_current,Markov SG-TD3 current param-noise,markov,current,82,18.30690582948741,0.14938834464340167,0.0014886163504777019,0.2575,0.0775,0.9225,0.0,0.0,0.0775,-65.15526846233303,-242.19261170957174,-12.437451251904628,400
markov_current,Markov SG-TD3 current param-noise,markov,current,83,14.0885048397741,0.1632141477103091,0.0017203820034230885,0.275,0.0675,0.9325,0.0,0.0,0.0675,-99.1610169635863,-287.2592507640626,-13.330159203372034,400
markov_current,Markov SG-TD3 current param-noise,markov,current,84,17.377987660567236,0.14753917238751188,0.001556285673128689,0.26,0.0875,0.9125,0.0,0.0,0.0875,-119.7510542945995,-286.733797033955,-5.782029458903738,400
markov_current,Markov SG-TD3 current param-noise,markov,current,85,14.238523898104061,0.1639390187122899,0.001708665124391723,0.2825,0.105,0.895,0.0,0.0,0.105,-83.60580382098487,-237.47343937532676,1.8997249316080398,400
markov_current,Markov SG-TD3 current param-noise,markov,current,86,16.02525007994179,0.1534188108063932,0.0014800425185371824,0.2225,0.0925,0.9075,0.0,0.0,0.0925,-93.96940661797413,-293.52813542544055,-1.5013157207136385,400
markov_current,Markov SG-TD3 current param-noise,markov,current,87,18.056613494583438,0.14558161609182294,0.001299704154810746,0.2375,0.085,0.915,0.0,0.0,0.085,-80.80267382328131,-264.4363778207027,-4.885821739804113,400
markov_current,Markov SG-TD3 current param-noise,markov,current,88,17.04370821643808,0.14739189612009768,0.0016474823281319036,0.2675,0.1025,0.8975,0.0,0.0,0.1025,-73.68983778918334,-223.10672883998453,1.07147145111039,400
markov_current,Markov SG-TD3 current param-noise,markov,current,89,19.023442666906,0.14466723718190036,0.0016144992636694547,0.27,0.0525,0.9475,0.0,0.0,0.0525,-77.69608706600292,-234.36336798681197,-11.486831693156134,400
markov_current,Markov SG-TD3 current param-noise,markov,current,90,17.948565919182858,0.14537082353921385,0.0015507155474599882,0.2475,0.075,0.925,0.0,0.0,0.075,-73.55748511778194,-210.69646506343568,-10.172888981249653,400
markov_current,Markov SG-TD3 current param-noise,markov,current,91,18.472386914062902,0.1354095906102156,0.001434693167950324,0.22,0.0725,0.9275,0.0,0.0,0.0725,-78.02099638536862,-200.73648378883968,-8.72667913385229,400
markov_current,Markov SG-TD3 current param-noise,markov,current,92,20.10633832250711,0.134883932591353,0.0012347223045681875,0.2425,0.07,0.93,0.0,0.0,0.07,-79.24213648493583,-173.39689707937208,-10.716569265040077,400
markov_current,Markov SG-TD3 current param-noise,markov,current,93,16.18496276482902,0.13831535054809524,0.0013859434986296796,0.2,0.0875,0.9125,0.0,0.0,0.0875,-75.72852669744793,-191.67241837925684,-2.361155705019797,400
markov_current,Markov SG-TD3 current param-noise,markov,current,94,21.51986625861148,0.12030640178071784,0.0014658168600678518,0.2425,0.075,0.925,0.0,0.0,0.075,-69.5387638250553,-149.4590989664683,-4.186133042984995,400
markov_current,Markov SG-TD3 current param-noise,markov,current,95,16.07678896140253,0.1351533623076418,0.0015138540872621257,0.23,0.07,0.93,0.0,0.0,0.07,-59.84551713613928,-176.72447969316232,-6.425479389166451,400
markov_current,Markov SG-TD3 current param-noise,markov,current,96,18.82181549575691,0.12181416706096555,0.0014656764108473997,0.24,0.08,0.92,0.0,0.0,0.08,-56.28304231433128,-158.71398954039074,-4.703948691646191,400
markov_current,Markov SG-TD3 current param-noise,markov,current,97,17.03555279330495,0.12359328276714673,0.0015804724613214232,0.23,0.0875,0.9125,0.0,0.0,0.0875,-51.25312486406142,-145.38902294907376,-4.194772410381719,400
markov_current,Markov SG-TD3 current param-noise,markov,current,98,15.40157608766526,0.13111876796729946,0.0015236947885153217,0.2125,0.1175,0.8825,0.0,0.0,0.1175,-47.01245068540652,-139.73626533465168,4.442091345512048,400
markov_current,Markov SG-TD3 current param-noise,markov,current,99,17.31826275776682,0.12823387504615533,0.0013290857492744277,0.215,0.075,0.925,0.0,0.0,0.075,-42.2383159157871,-118.41474080440656,-9.092224481817661,400
markov_current,Markov SG-TD3 current param-noise,markov,current,100,18.532010177169916,0.13182476655051423,0.0013837536210055729,0.2475,0.065,0.935,0.0,0.0,0.065,-47.742010429205095,-110.41617613028916,-9.23095836991668,400
markov_current,Markov SG-TD3 current param-noise,markov,current,101,17.319003185931706,0.13638316973483403,0.001393482205854181,0.2375,0.0575,0.9425,0.0,0.0,0.0575,-39.14458709698283,-96.22493245559524,-6.248853058257702,400
markov_current,Markov SG-TD3 current param-noise,markov,current,102,15.515465532639974,0.1384042794162047,0.001530649440224392,0.225,0.1375,0.8625,0.0,0.0,0.1375,-38.431770725106844,-115.60388675917761,6.776021662365383,400
markov_current,Markov SG-TD3 current param-noise,markov,current,103,18.436077196131134,0.12239299517672723,0.0013276340581485895,0.23,0.075,0.925,0.0,0.0,0.075,-39.37376666277487,-115.35858436089667,-3.4591847430831044,400
markov_current,Markov SG-TD3 current param-noise,markov,current,104,19.123170594384295,0.110729826113307,0.00156733588226749,0.21,0.12,0.88,0.0,0.0,0.12,-47.787523684732406,-116.4931572187159,3.666255029633503,400
markov_current,Markov SG-TD3 current param-noise,markov,current,105,20.633528833843062,0.10531960713353815,0.0013071084966296258,0.1725,0.0875,0.9125,0.0,0.0,0.0875,-40.236936428914646,-84.4639112552239,-3.939082051385442,400
markov_current,Markov SG-TD3 current param-noise,markov,current,106,18.047833774246854,0.11816384176574583,0.0013272774920488734,0.1625,0.0775,0.9225,0.0,0.0,0.0775,-30.421929186843897,-88.25936266279618,-2.44685950899994,400
markov_current,Markov SG-TD3 current param-noise,markov,current,107,16.538934320483055,0.12625061765828435,0.0011425957348821397,0.1125,0.1,0.9,0.0,0.0,0.1,-28.5595665597601,-95.09607881488945,-0.005759317220267396,400
markov_current,Markov SG-TD3 current param-noise,markov,current,108,20.04981335773105,0.09449563200821647,0.0012141349844017836,0.0875,0.1225,0.8775,0.0,0.0,0.1225,-32.5257020848145,-90.42457137330311,3.0319916040734918,400
markov_current,Markov SG-TD3 current param-noise,markov,current,109,18.139758908884417,0.10807767977076456,0.001452498274978628,0.1325,0.1575,0.8425,0.0,0.0,0.1575,-34.54458117919907,-74.54915482757335,21.015551276415543,400
markov_current,Markov SG-TD3 current param-noise,markov,current,110,19.278216788034698,0.0993515656331709,0.001474987087684187,0.1425,0.1,0.9,0.0,0.0,0.1,-30.691617551704894,-82.38121709917932,-0.9133700611563262,400
markov_current,Markov SG-TD3 current param-noise,markov,current,111,20.19078130027061,0.08646354080395399,0.0015526908499819015,0.1075,0.1325,0.8675,0.0,0.0,0.1325,-26.33896062589949,-82.96563452159123,4.538821247642705,400
markov_current,Markov SG-TD3 current param-noise,markov,current,112,20.539694625913288,0.11521157084514509,0.0011550145542533461,0.145,0.095,0.905,0.0,0.0,0.095,-23.880825220337073,-67.74563659119653,-0.4721665845431582,400
markov_current,Markov SG-TD3 current param-noise,markov,current,113,19.25501082935968,0.10737696882391055,0.0015972743530552219,0.1925,0.11,0.89,0.0,0.0,0.11,-21.73113043276757,-62.95426606001733,1.2698538597687021,400
markov_current,Markov SG-TD3 current param-noise,markov,current,114,20.232772335770896,0.09631145394131826,0.001418522124282902,0.1725,0.1625,0.8375,0.0,0.0,0.1625,-20.143032835523314,-61.38639714025667,9.03191347645657,400
markov_current,Markov SG-TD3 current param-noise,markov,current,115,15.473657388990928,0.11377273941740532,0.0018277021443513868,0.1625,0.2125,0.7875,0.0,0.0,0.2125,-15.331548529288966,-51.21325687486277,12.142141065249701,400
markov_current,Markov SG-TD3 current param-noise,markov,current,116,16.32798464088309,0.132241013181666,0.0018142258645704496,0.255,0.1975,0.8025,0.0,0.0,0.1975,-18.07788433974983,-51.42176869212579,11.92509966349523,400
markov_current,Markov SG-TD3 current param-noise,markov,current,117,17.96563193971207,0.1096653066878352,0.0016256392408594423,0.195,0.1975,0.8025,0.0,0.0,0.1975,-16.763201249791564,-58.442746538791184,8.61957468950966,400
markov_current,Markov SG-TD3 current param-noise,markov,current,118,24.368657206498046,0.09863431714937565,0.001186849697136361,0.17,0.155,0.845,0.0,0.0,0.155,-16.676746106058715,-45.94915129545429,7.410339080126484,400
markov_current,Markov SG-TD3 current param-noise,markov,current,119,18.463743173599617,0.08899318644194733,0.0018731491023720598,0.1625,0.1875,0.8125,0.0,0.0,0.1875,-17.514188429291835,-64.35552131363002,11.317177656898016,400
markov_current,Markov SG-TD3 current param-noise,markov,current,120,18.335391444598027,0.0835290624013162,0.0017909015914096833,0.1675,0.2025,0.7975,0.0,0.0,0.2025,-21.87498611437246,-64.50518805081909,12.596999361574998,400
markov_current,Markov SG-TD3 current param-noise,markov,current,121,17.051813520570263,0.09766578002694795,0.0016746426223945832,0.165,0.1675,0.8325,0.0,0.0,0.1675,-23.6773878839997,-65.85669559028574,9.39078932439677,400
markov_current,Markov SG-TD3 current param-noise,markov,current,122,18.29102468224729,0.09555715692018744,0.0017859395743567055,0.1825,0.17,0.83,0.0,0.0,0.17,-17.13745879766617,-54.81144940633578,5.791169483851118,400
markov_current,Markov SG-TD3 current param-noise,markov,current,123,25.17972423697574,0.08336128569455795,0.0013831311399542762,0.1725,0.1875,0.8125,0.0,0.0,0.1875,-25.897628640096343,-66.97449414132117,11.33236249150407,400
markov_current,Markov SG-TD3 current param-noise,markov,current,124,22.94666312606941,0.09515144377631886,0.0014208573900280246,0.1875,0.175,0.825,0.0,0.0,0.175,-18.41814791984075,-54.38541810093432,10.364407908503994,400
markov_current,Markov SG-TD3 current param-noise,markov,current,125,15.88694191133682,0.10830561131033814,0.001455928564128549,0.1925,0.2625,0.7375,0.0,0.0,0.2625,-21.885007708886178,-81.8749612205781,29.650277326849412,400
markov_current,Markov SG-TD3 current param-noise,markov,current,126,21.434465024564833,0.09004055870419064,0.0015391595965309627,0.1875,0.2225,0.7775,0.0,0.0,0.2225,-22.903594084751376,-75.97661221833643,16.912449291263123,400
markov_current,Markov SG-TD3 current param-noise,markov,current,127,19.51315227911091,0.09360507675917475,0.0019858967332843074,0.245,0.24,0.76,0.0,0.0,0.24,-18.41485960182891,-60.664829558098745,14.626352667737399,400
markov_current,Markov SG-TD3 current param-noise,markov,current,128,22.14964216855205,0.09555864880459346,0.0016312796402181092,0.1925,0.215,0.785,0.0,0.0,0.215,-18.479637523508927,-59.804169591143285,14.676068565339445,400
markov_current,Markov SG-TD3 current param-noise,markov,current,129,16.514163914912427,0.1021522490709112,0.0018632258327675804,0.23,0.26,0.74,0.0,0.0,0.26,-13.565546669012463,-44.55920915007358,26.744245171311597,400
markov_current,Markov SG-TD3 current param-noise,markov,current,130,19.30157307928227,0.09031811133305659,0.0019616243848634475,0.24,0.215,0.785,0.0,0.0,0.215,-21.7388680457359,-60.68372742300339,12.253177933749704,400
markov_current,Markov SG-TD3 current param-noise,markov,current,131,20.94518906713279,0.0918928460701464,0.0016204795317397286,0.1925,0.26,0.74,0.0,0.0,0.26,-18.589727177375465,-64.99488315497301,14.248531889043257,400
markov_current,Markov SG-TD3 current param-noise,markov,current,132,17.536351965239504,0.09036621420197992,0.0021760461079112716,0.245,0.2475,0.7525,0.0,0.0,0.2475,-14.922209187568399,-46.690871155701096,19.9515106738967,400
markov_current,Markov SG-TD3 current param-noise,markov,current,133,18.045026998751265,0.08602318735192468,0.0022054283404980297,0.245,0.2775,0.7225,0.0,0.0,0.2775,-9.409917160324454,-45.38099985674833,20.259024740838466,400
markov_current,Markov SG-TD3 current param-noise,markov,current,134,26.15380241726257,0.08105098170318997,0.0015871363709707965,0.1925,0.2,0.8,0.0,0.0,0.2,-22.466963604444345,-63.12456186062355,14.768362908011289,400
markov_current,Markov SG-TD3 current param-noise,markov,current,135,21.46454320970124,0.07598949967780366,0.0017173181594695305,0.1925,0.24,0.76,0.0,0.0,0.24,-14.089283547292098,-42.22456505179974,16.017330011824573,400
markov_current,Markov SG-TD3 current param-noise,markov,current,136,17.734967849191698,0.08313951881103669,0.0018150968420526826,0.21,0.2425,0.7575,0.0,0.0,0.2425,-14.819095419492498,-54.25365146047233,18.330414476597177,400
markov_current,Markov SG-TD3 current param-noise,markov,current,137,25.970580609641516,0.0685259400893808,0.0015577349650769956,0.1775,0.2225,0.7775,0.0,0.0,0.2225,-18.960455714312616,-60.19754626913012,17.23316867042422,400
markov_current,Markov SG-TD3 current param-noise,markov,current,138,22.156938715529442,0.08858218531584074,0.0016898721657019064,0.225,0.1925,0.8075,0.0,0.0,0.1925,-16.869549654028674,-48.00778441882828,16.56222329433277,400
markov_current,Markov SG-TD3 current param-noise,markov,current,139,24.195585970741796,0.07710430263533895,0.001505477148917862,0.175,0.2075,0.7925,0.0,0.0,0.2075,-13.634173952464607,-50.32837224123332,16.28481940238522,400
markov_current,Markov SG-TD3 current param-noise,markov,current,140,23.983126232919712,0.07907776201989712,0.0015123649261656236,0.2,0.235,0.765,0.0,0.0,0.235,-15.430217895371129,-49.06888859453246,24.58678165308093,400
markov_current,Markov SG-TD3 current param-noise,markov,current,141,25.516397276227302,0.06964844798753579,0.0015372699919369937,0.185,0.21,0.79,0.0,0.0,0.21,-12.22743667008453,-38.823387038850086,14.522209812646084,400
markov_current,Markov SG-TD3 current param-noise,markov,current,142,20.692930582675686,0.08153122872605803,0.0014949676927904023,0.2025,0.29,0.71,0.0,0.0,0.29,-12.249314824132341,-38.61773118202257,26.901538583866802,400
markov_current,Markov SG-TD3 current param-noise,markov,current,143,24.0198543689308,0.07328838245237952,0.0013942245796105144,0.1525,0.2575,0.7425,0.0,0.0,0.2575,-10.797594214811113,-33.6298462843691,20.42487503664611,400
markov_current,Markov SG-TD3 current param-noise,markov,current,144,25.219866650781373,0.07496187109847675,0.001244625482815411,0.135,0.2475,0.7525,0.0,0.0,0.2475,-11.583622231963489,-39.26599238808556,14.898618611854667,400
markov_current,Markov SG-TD3 current param-noise,markov,current,145,26.575041125689737,0.06994042701716262,0.0011560970055427308,0.125,0.2575,0.7425,0.0,0.0,0.2575,-14.184124647123099,-37.22776711467584,20.28923700200813,400
markov_current,Markov SG-TD3 current param-noise,markov,current,146,26.15622537452353,0.07555248128632036,0.001368285930892031,0.1825,0.2175,0.7825,0.0,0.0,0.2175,-14.508384909487177,-38.25399805988889,16.567840437951737,400
markov_current,Markov SG-TD3 current param-noise,markov,current,147,26.73989029696335,0.07377107334137993,0.0012666070373710515,0.16,0.2575,0.7425,0.0,0.0,0.2575,-12.715867967194356,-34.21154355720125,23.47176783113764,400
markov_current,Markov SG-TD3 current param-noise,markov,current,148,27.09321079497874,0.07815443231745048,0.0012019938089687565,0.1575,0.205,0.795,0.0,0.0,0.205,-12.243774237618936,-38.271552971597735,19.59224976451831,400
markov_current,Markov SG-TD3 current param-noise,markov,current,149,22.20708278694136,0.07510866663975321,0.001578753966138215,0.1675,0.27,0.73,0.0,0.0,0.27,-12.682299927996212,-35.68038836197502,18.506693974651238,400
markov_current,Markov SG-TD3 current param-noise,markov,current,150,25.991438172449506,0.06836344545968663,0.0011677082249003767,0.1475,0.225,0.775,0.0,0.0,0.225,-10.966757419572332,-29.693143255809932,21.772035738067128,400
markov_current,Markov SG-TD3 current param-noise,markov,current,151,24.435937348419642,0.07030273528329883,0.0013562091107516493,0.1525,0.25,0.75,0.0,0.0,0.25,-9.106906002436887,-25.14518755245722,17.342635186989206,400
markov_current,Markov SG-TD3 current param-noise,markov,current,152,27.44583614379251,0.07280097515705436,0.0012964491131805384,0.1775,0.1925,0.8075,0.0,0.0,0.1925,-12.18818376363214,-33.429761829177025,17.807651983546,400
markov_current,Markov SG-TD3 current param-noise,markov,current,153,25.209651237332444,0.07891652956453211,0.0011436388123615736,0.155,0.265,0.735,0.0,0.0,0.265,-8.25855022490623,-28.424814777759934,26.80106442425677,400
markov_current,Markov SG-TD3 current param-noise,markov,current,154,27.64423154142401,0.06169094830812847,0.001364744230120626,0.15,0.2375,0.7625,0.0,0.0,0.2375,-11.065663249904276,-34.94339301166639,20.069390329747275,400
markov_current,Markov SG-TD3 current param-noise,markov,current,155,26.206345185922114,0.06487819318293536,0.0013609304867011052,0.165,0.2475,0.7525,0.0,0.0,0.2475,-11.225640604967793,-35.35888425282146,17.903535985766048,400
markov_current,Markov SG-TD3 current param-noise,markov,current,156,27.35285391767151,0.07473294738668324,0.0012058045404719573,0.1725,0.2275,0.7725,0.0,0.0,0.2275,-12.440709144302673,-35.6274619428754,20.533999564581087,400
markov_current,Markov SG-TD3 current param-noise,markov,current,157,29.585598713152898,0.06320946351549234,0.0011526089631254245,0.1575,0.245,0.755,0.0,0.0,0.245,-9.524277533276972,-30.04462791362764,19.224273984053315,400
markov_current,Markov SG-TD3 current param-noise,markov,current,158,24.512539498702623,0.07081563874443501,0.0013094223244943981,0.1725,0.265,0.735,0.0,0.0,0.265,-7.2819670888230235,-28.97521796608813,17.76373987647751,400
markov_current,Markov SG-TD3 current param-noise,markov,current,159,28.615947832942535,0.06285712327400302,0.0011771781669867672,0.1325,0.265,0.735,0.0,0.0,0.265,-9.604491421321981,-34.17141895291409,22.09132362038943,400
markov_current,Markov SG-TD3 current param-noise,markov,current,160,26.100256037027233,0.06655904509622575,0.0012742477946990885,0.145,0.295,0.705,0.0,0.0,0.295,-9.015725176106969,-34.95820983611358,24.290008856714735,400
markov_current,Markov SG-TD3 current param-noise,markov,current,161,27.284675697883067,0.06530635737399137,0.0011923633669979788,0.14,0.2275,0.7725,0.0,0.0,0.2275,-8.128041370522567,-22.67139490104313,18.2765614319301,400
markov_current,Markov SG-TD3 current param-noise,markov,current,162,26.625739557066062,0.07509904742401088,0.0011273301628826823,0.1475,0.235,0.765,0.0,0.0,0.235,-8.053280268930394,-32.534802179514564,21.670996676764585,400
markov_current,Markov SG-TD3 current param-noise,markov,current,163,27.7264903124208,0.062174159853917395,0.00122597761054327,0.1475,0.28,0.72,0.0,0.0,0.28,-7.047587173187139,-27.699177972896106,24.210900627223857,400
markov_current,Markov SG-TD3 current param-noise,markov,current,164,25.253860232584206,0.062095530638736275,0.0012465999433748686,0.14,0.2975,0.7025,0.0,0.0,0.2975,-6.870902420143295,-28.58393085489515,21.79296792053281,400
markov_current,Markov SG-TD3 current param-noise,markov,current,165,26.826901029755078,0.06902640414436818,0.0012203378543281206,0.155,0.245,0.755,0.0,0.0,0.245,-7.659520347505122,-32.15505284294762,18.071152486063397,400
markov_current,Markov SG-TD3 current param-noise,markov,current,166,26.811220020060436,0.0664202173033472,0.001126221536201612,0.14,0.2625,0.7375,0.0,0.0,0.2625,-7.210804177823775,-22.086935346049813,22.601379214272438,400
markov_current,Markov SG-TD3 current param-noise,markov,current,167,28.173712258426978,0.06059926590127283,0.001071381126545379,0.1475,0.2875,0.7125,0.0,0.0,0.2875,-5.316620393007952,-25.727470144030075,19.019425671399404,400
markov_current,Markov SG-TD3 current param-noise,markov,current,168,27.67230938734726,0.04974178339804,0.0013388254307210717,0.135,0.275,0.725,0.0,0.0,0.275,-5.130635735379656,-23.344908577229475,20.59284029015142,400
markov_current,Markov SG-TD3 current param-noise,markov,current,169,27.591917934879394,0.07296178946761411,0.0010008593816665644,0.1625,0.27,0.73,0.0,0.0,0.27,-8.684348194527274,-27.077731516415074,26.314375819837476,400
markov_current,Markov SG-TD3 current param-noise,markov,current,170,28.46374774431117,0.06494921480510661,0.0010725587781384997,0.1475,0.255,0.745,0.0,0.0,0.255,-5.65421956943328,-25.1191547384713,22.103839228330898,400
markov_current,Markov SG-TD3 current param-noise,markov,current,171,29.47830669793902,0.068619011493284,0.000896228975602788,0.1275,0.2475,0.7525,0.0,0.0,0.2475,-7.1030968321383625,-27.847499562591157,21.501962035732834,400
markov_current,Markov SG-TD3 current param-noise,markov,current,172,27.888857855955166,0.0590758817442296,0.0010731504259893505,0.13,0.26,0.74,0.0,0.0,0.26,-6.24127487049941,-22.23712735278509,22.587811767907585,400
markov_current,Markov SG-TD3 current param-noise,markov,current,173,30.654079752762726,0.05470481145807067,0.0010019508898308624,0.11,0.245,0.755,0.0,0.0,0.245,-7.337405151566145,-20.6789138077037,17.1820939466368,400
markov_current,Markov SG-TD3 current param-noise,markov,current,174,30.55770800794267,0.05256623492573146,0.0008994311302994934,0.0975,0.26,0.74,0.0,0.0,0.26,-7.0473145199958935,-18.53422079645818,17.726392807763514,400
markov_current,Markov SG-TD3 current param-noise,markov,current,175,30.42776286103167,0.055690645816318815,0.0010022266432487598,0.1175,0.27,0.73,0.0,0.0,0.27,-5.9548486548981145,-20.209193646111636,22.54504546349026,400
markov_current,Markov SG-TD3 current param-noise,markov,current,176,29.747012347298302,0.05546135885815323,0.000988145194254716,0.1125,0.2675,0.7325,0.0,0.0,0.2675,-5.120609416856439,-22.621657479621373,20.121920464475924,400
markov_current,Markov SG-TD3 current param-noise,markov,current,177,31.426551352910497,0.050348395807851505,0.0009028893240589309,0.0975,0.255,0.745,0.0,0.0,0.255,-6.035456203358876,-19.855820095930017,23.6156026531071,400
markov_current,Markov SG-TD3 current param-noise,markov,current,178,28.018058951512163,0.060701751440167276,0.0009856425482494856,0.115,0.2825,0.7175,0.0,0.0,0.2825,-5.523593704832365,-18.701583095361617,19.670884218183247,400
markov_current,Markov SG-TD3 current param-noise,markov,current,179,29.882640757532027,0.05000238794577844,0.0011023410134175938,0.1175,0.3125,0.6875,0.0,0.0,0.3125,-4.408651179809681,-15.992198991270538,22.01788078881523,400
markov_current,Markov SG-TD3 current param-noise,markov,current,180,30.29696092641123,0.0511843512749552,0.0010148992408341134,0.115,0.2675,0.7325,0.0,0.0,0.2675,-5.580313766178051,-16.942615763741035,22.563627242139752,400
markov_current,Markov SG-TD3 current param-noise,markov,current,181,25.286850654861134,0.06556173713332863,0.0011355318075745055,0.1375,0.3775,0.6225,0.0,0.0,0.3775,-1.993657368248364,-15.500840786120762,18.99852522965086,400
markov_current,Markov SG-TD3 current param-noise,markov,current,182,27.21096905245562,0.06490491817215824,0.0010700428693014715,0.13,0.3375,0.6625,0.0,0.0,0.3375,-5.457706433251474,-17.587518002132537,21.519411244972286,400
markov_current,Markov SG-TD3 current param-noise,markov,current,183,25.772127290623086,0.07452128958404733,0.0010448296063225013,0.1175,0.2775,0.7225,0.0,0.0,0.2775,-4.174649359093792,-17.809939237094135,21.852356876712346,400
markov_current,Markov SG-TD3 current param-noise,markov,current,184,28.724157603534,0.05937155490794309,0.0010740044581517897,0.12,0.3175,0.6825,0.0,0.0,0.3175,-3.7386219374202483,-14.704008445116596,24.219091127951174,400
markov_current,Markov SG-TD3 current param-noise,markov,current,185,26.755336942747473,0.06520294089266693,0.0010304522090750015,0.125,0.345,0.655,0.0,0.0,0.345,-3.5206292061504882,-15.893642024431141,22.53082101009486,400
markov_current,Markov SG-TD3 current param-noise,markov,current,186,27.682549631810726,0.05757491411763204,0.0011926470501557596,0.135,0.41,0.59,0.0,0.0,0.41,-2.115613339050924,-12.134915209605674,24.62207806929552,400
markov_current,Markov SG-TD3 current param-noise,markov,current,187,27.192363759844767,0.055093869760519124,0.0012820349373337454,0.145,0.3425,0.6575,0.0,0.0,0.3425,-3.3625898598593267,-14.092131160466783,21.42816653294082,400
markov_current,Markov SG-TD3 current param-noise,markov,current,188,28.84223725082037,0.049216987356720414,0.001272153982612024,0.12,0.3175,0.6825,0.0,0.0,0.3175,-3.3258400507133956,-16.63802717632654,24.059370596721926,400
markov_current,Markov SG-TD3 current param-noise,markov,current,189,26.610346938005772,0.05905952769683867,0.0012396113065519588,0.14,0.36,0.64,0.0,0.0,0.36,-2.2897323699060053,-14.867418815321253,21.420875989916247,400
markov_current,Markov SG-TD3 current param-noise,markov,current,190,28.32429845400109,0.06357174929778285,0.0010317258074077516,0.1225,0.33,0.67,0.0,0.0,0.33,-3.690235341314178,-16.918267444665364,28.306913055647946,400
markov_current,Markov SG-TD3 current param-noise,markov,current,191,28.583494933156498,0.06442168454844238,0.0010420969651261424,0.135,0.32,0.68,0.0,0.0,0.32,-2.2353147593928497,-11.629477216088663,23.207185631786732,400
markov_current,Markov SG-TD3 current param-noise,markov,current,192,27.7622219208821,0.06300151035675623,0.001384236335648393,0.1575,0.325,0.675,0.0,0.0,0.325,-5.017697637914466,-15.399817147299176,22.843050534061927,400
markov_current,Markov SG-TD3 current param-noise,markov,current,193,27.177714351279743,0.06062590047381209,0.0013791451368869467,0.1475,0.345,0.655,0.0,0.0,0.345,-3.144561783890822,-13.702137080307988,23.117803353473565,400
markov_current,Markov SG-TD3 current param-noise,markov,current,194,24.94563274075209,0.07087604919565714,0.0011975049247983502,0.145,0.365,0.635,0.0,0.0,0.365,-2.612389525831304,-15.134926509640849,24.151731408353218,400
markov_current,Markov SG-TD3 current param-noise,markov,current,195,23.723788037954733,0.07932398957072526,0.0012404078964364006,0.1875,0.38,0.62,0.0,0.0,0.38,-2.665379103826126,-15.68952827368932,26.722275974187962,400
markov_current,Markov SG-TD3 current param-noise,markov,current,196,26.460297607478516,0.066733854309662,0.0011927368487538233,0.15,0.3775,0.6225,0.0,0.0,0.3775,-2.4587127948203715,-12.577500841911228,23.949706029233734,400
markov_current,Markov SG-TD3 current param-noise,markov,current,197,28.38171401310535,0.05525596285410811,0.0011377742590005719,0.1375,0.335,0.665,0.0,0.0,0.335,-2.8231088919937974,-11.191993181592125,24.374411882276917,400
markov_current,Markov SG-TD3 current param-noise,markov,current,198,27.58020192146447,0.06147462019402659,0.0010762204939012273,0.135,0.355,0.645,0.0,0.0,0.355,-2.85468825774376,-10.658445598273032,20.06866731724304,400
markov_current,Markov SG-TD3 current param-noise,markov,current,199,28.717635429102756,0.052636508008128635,0.0010990513976754856,0.135,0.2975,0.7025,0.0,0.0,0.2975,-3.586974209859818,-12.556191245782566,20.827078846375745,400
markov_current,Markov SG-TD3 current param-noise,markov,current,200,31.216995871600112,0.04884794365978094,0.0009328075584841144,0.1125,0.8075,0.1925,0.0,0.0,0.8075,0.7436471913028981,-0.49182947450401565,23.14708519083995,400
markov_previous,Markov SG-TD3 previous,markov,reference,1,-3.153276147617337,0.2943526700821088,0.002592509105932414,0.44,0.0,0.0,0.0,0.0,nan,nan,nan,nan,0
markov_previous,Markov SG-TD3 previous,markov,reference,2,8.079282593020153,0.18433812649371306,0.0014378097675925494,0.2475,0.0,0.0,0.0,0.0,nan,nan,nan,nan,0
markov_previous,Markov SG-TD3 previous,markov,reference,3,8.056081543431276,0.18376230095153168,0.0014306740924397837,0.2425,0.0,0.0,0.0,0.0,nan,nan,nan,nan,0
markov_previous,Markov SG-TD3 previous,markov,reference,4,8.163216493473662,0.1827134018598649,0.001423871356645352,0.245,0.0,0.0,0.0,0.0,nan,nan,nan,nan,0
markov_previous,Markov SG-TD3 previous,markov,reference,5,8.255229283710428,0.18164576871935928,0.0014175075958855103,0.245,0.0,0.0,0.0,0.0,nan,nan,nan,nan,0
markov_previous,Markov SG-TD3 previous,markov,reference,6,8.341568968193357,0.18065818261499647,0.001410813699239523,0.2425,0.0,0.0,0.0,0.0,nan,nan,nan,nan,0
markov_previous,Markov SG-TD3 previous,markov,reference,7,8.465322286161005,0.17951088238328394,0.001403307767530644,0.2425,0.0,0.0,0.0,0.0,nan,nan,nan,nan,0
markov_previous,Markov SG-TD3 previous,markov,reference,8,8.578620344626094,0.17840595759721622,0.0013960747643973785,0.24,0.0,0.0,0.0,0.0,nan,nan,nan,nan,0
markov_previous,Markov SG-TD3 previous,markov,reference,9,8.696080878906907,0.17713459871800705,0.0013897546666196208,0.235,0.0,0.0,0.0,0.0,nan,nan,nan,nan,0
markov_previous,Markov SG-TD3 previous,markov,reference,10,8.938793305979319,0.1751456084120554,0.001377111258935993,0.23,0.0,0.0,0.0,0.0,nan,nan,nan,nan,0
markov_previous,Markov SG-TD3 previous,markov,reference,11,8.920519101797026,0.17503837051453275,0.0013753174492112136,0.2325,0.0,0.9975,0.0,0.0,0.0,nan,nan,nan,399
markov_previous,Markov SG-TD3 previous,markov,reference,12,9.091506618395393,0.1737625509772885,0.0013656724561479183,0.23,0.0,1.0,0.0,0.0,0.0,nan,nan,nan,400
markov_previous,Markov SG-TD3 previous,markov,reference,13,9.114003180981626,0.17325665246805572,0.0013564630676638429,0.2275,0.0,1.0,0.0,0.0,0.0,nan,nan,nan,400
markov_previous,Markov SG-TD3 previous,markov,reference,14,6.828555774326934,0.17481636189145708,0.0010506123541197932,0.2,0.03,0.97,0.0,0.0,0.03,-155.56240948182574,-327.0433890533447,-34.71720869064331,400
markov_previous,Markov SG-TD3 previous,markov,reference,15,7.56917276768607,0.1695042059430457,0.0010073639308713874,0.1925,0.02,0.98,0.0,0.0,0.02,-158.96967327862978,-370.51841697216037,-34.290845699310296,400
markov_previous,Markov SG-TD3 previous,markov,reference,16,14.679321031520415,0.16221319633425987,0.001367144099904878,0.2625,0.01,0.99,0.0,0.0,0.01,-200.84871208190918,-459.9823794429041,-48.84450885772702,400
markov_previous,Markov SG-TD3 previous,markov,reference,17,13.174412874133271,0.16045940778645842,0.0014531819906607151,0.23,0.015,0.985,0.0,0.0,0.015,-203.7864093613571,-431.79312173843385,-49.95917331695554,400
markov_previous,Markov SG-TD3 previous,markov,reference,18,14.154713982892215,0.16126269007236155,0.0014786816825542548,0.235,0.0275,0.9725,0.0,0.0,0.0275,-200.74813899219038,-540.1144803264262,-38.749647749543186,400
markov_previous,Markov SG-TD3 previous,markov,reference,19,10.557039931769975,0.17079052785117946,0.001788913975194687,0.255,0.0325,0.9675,0.0,0.0,0.0325,-190.6644610118866,-483.96506114513886,-31.564495391845703,400
markov_previous,Markov SG-TD3 previous,markov,reference,20,13.408311345196449,0.1582757829736499,0.0014320492062046592,0.235,0.0225,0.9775,0.0,0.0,0.0225,-208.33383953094483,-469.6010370087624,-37.43788396835325,400
markov_previous,Markov SG-TD3 previous,markov,reference,21,3.6673417775557686,0.20493516855702412,0.0013951751757652995,0.2225,0.0225,0.9775,0.0,0.0,0.0225,-205.89274262144414,-484.7463343959875,-43.38029449424409,400
markov_previous,Markov SG-TD3 previous,markov,reference,22,8.544335670063685,0.18081350333479962,0.0015194101510537872,0.2425,0.02,0.98,0.0,0.0,0.02,-198.12795843735336,-546.599461479187,-45.91451370239258,400
markov_previous,Markov SG-TD3 previous,markov,reference,23,10.188201241766025,0.16631036295325977,0.0013312093818062232,0.22,0.0225,0.9775,0.0,0.0,0.0225,-240.38948642730713,-560.3029093933105,-46.97595117427933,400
markov_previous,Markov SG-TD3 previous,markov,reference,24,12.77415437569762,0.16082519540366705,0.0015443001731804118,0.2325,0.03,0.97,0.0,0.0,0.03,-236.42283164978028,-594.6802360725403,-37.14256355285645,400
markov_previous,Markov SG-TD3 previous,markov,reference,25,14.441823333425733,0.1534636948391642,0.0011976016644512993,0.2125,0.0275,0.9725,0.0,0.0,0.0275,-261.4944373321533,-615.4432387452986,-45.512123855590765,400
markov_previous,Markov SG-TD3 previous,markov,reference,26,15.572606633155774,0.1493665720276298,0.001432255331214916,0.2425,0.02,0.98,0.0,0.0,0.02,-269.72326623916626,-650.059430306077,-43.78493339538574,400
markov_previous,Markov SG-TD3 previous,markov,reference,27,14.203364229526121,0.15413127818844963,0.001243679405297928,0.2125,0.02,0.98,0.0,0.0,0.02,-261.2568843317032,-704.3711125310404,-45.50637029449497,400
markov_previous,Markov SG-TD3 previous,markov,reference,28,12.073101833984062,0.15167771674112898,0.0015401138089939895,0.1925,0.03,0.97,0.0,0.0,0.03,-309.32304860780334,-654.5064025413992,-53.93636505126951,400
markov_previous,Markov SG-TD3 previous,markov,reference,29,3.8153465834189277,0.18775832589263594,0.0013012175309916856,0.1725,0.05,0.95,0.0,0.0,0.05,-231.3708201599121,-679.4714872976941,-36.464655609130865,400
markov_previous,Markov SG-TD3 previous,markov,reference,30,12.123297423857244,0.1573730022585917,0.001381863065166333,0.2125,0.0075,0.9925,0.0,0.0,0.0075,-284.2816325378418,-710.0935632206185,-79.25084678649901,400
markov_previous,Markov SG-TD3 previous,markov,reference,31,10.492868525832845,0.16180985903796294,0.001667400645844041,0.235,0.0375,0.9625,0.0,0.0,0.0375,-253.6364103347063,-708.9792487715041,-49.4951877266596,400
markov_previous,Markov SG-TD3 previous,markov,reference,32,14.50422386723931,0.14689902242022113,0.0013341429391832116,0.22,0.02,0.98,0.0,0.0,0.02,-225.38802189377242,-739.8249964395037,-49.64307165265083,400
markov_previous,Markov SG-TD3 previous,markov,reference,33,8.737842064756347,0.17114248435289706,0.001301981759323778,0.205,0.0175,0.9825,0.0,0.0,0.0175,-302.8516079818065,-776.2923018429256,-82.15950067198408,400
markov_previous,Markov SG-TD3 previous,markov,reference,34,15.376807173453647,0.14054227696352953,0.0014213675183396089,0.1725,0.035,0.965,0.0,0.0,0.035,-295.3271377008015,-693.3167256018287,-69.47332219871693,400
markov_previous,Markov SG-TD3 previous,markov,reference,35,13.424647595539845,0.15075589417841473,0.0016446657321755901,0.27,0.035,0.965,0.0,0.0,0.035,-274.16064756870276,-727.9238536307614,-50.893572161128226,400
markov_previous,Markov SG-TD3 previous,markov,reference,36,10.076396691975567,0.1540903713912116,0.000995025254114117,0.155,0.06,0.94,0.0,0.0,0.06,-351.87682273706065,-799.6026012884186,-56.99597385859487,400
markov_previous,Markov SG-TD3 previous,markov,reference,37,13.754167448234533,0.15440809087551596,0.0017448736177608877,0.26,0.045,0.955,0.0,0.0,0.045,-251.2066717358054,-709.3761317358599,-35.400489231146885,400
markov_previous,Markov SG-TD3 previous,markov,reference,38,-7.283745190323437,0.22547268464108822,0.0016492947898120425,0.265,0.055,0.945,0.0,0.0,0.055,-297.893355697849,-784.9364402508827,-43.412084184088535,400
markov_previous,Markov SG-TD3 previous,markov,reference,39,16.052101238606358,0.15516335272589046,0.0014744183379300736,0.25,0.045,0.955,0.0,0.0,0.045,-338.81926898036477,-693.5699682866439,-43.813642388332795,400
markov_previous,Markov SG-TD3 previous,markov,reference,40,14.227371667958616,0.137835348888165,0.0019132244895046426,0.23,0.0575,0.9425,0.0,0.0,0.0575,-342.9606815051902,-835.1254114472166,-39.80858073648989,400
markov_previous,Markov SG-TD3 previous,markov,reference,41,17.36998631172639,0.13688808627973703,0.0013625615933570737,0.215,0.0675,0.9325,0.0,0.0,0.0675,-386.65143376844446,-741.9491645733111,-44.06200217662068,400
markov_previous,Markov SG-TD3 previous,markov,reference,42,10.003131023095467,0.17109213281416555,0.0014041296302765077,0.2375,0.035,0.965,0.0,0.0,0.035,-397.3914528721234,-796.6252627647389,-71.44611080535418,400
markov_previous,Markov SG-TD3 previous,markov,reference,43,17.264951047265743,0.1491030475532764,0.0017610861382189218,0.2725,0.0425,0.9575,0.0,0.0,0.0425,-363.53740135902626,-674.5741404111258,-64.66560085740797,400
markov_previous,Markov SG-TD3 previous,markov,reference,44,11.940386191001553,0.1810307781178329,0.0014647763668801633,0.2525,0.04,0.96,0.0,0.0,0.04,-385.2204690111738,-741.1777863057091,-58.59531275907957,400
markov_previous,Markov SG-TD3 previous,markov,reference,45,11.042511853480029,0.16182768235760336,0.0013371306865183898,0.1975,0.05,0.95,0.0,0.0,0.05,-404.6898261448854,-684.8957359532644,-78.06461288452148,400
markov_previous,Markov SG-TD3 previous,markov,reference,46,15.205714718314093,0.15577283562529204,0.0014418457135013316,0.23,0.055,0.945,0.0,0.0,0.055,-418.1956897664255,-681.512753964709,-74.19726554731446,400
markov_previous,Markov SG-TD3 previous,markov,reference,47,13.514916225594131,0.16700543022763778,0.0016462070960362608,0.225,0.065,0.935,0.0,0.0,0.065,-423.02477450805895,-684.6285791708073,-63.05846600151948,400
markov_previous,Markov SG-TD3 previous,markov,reference,48,14.307667550907322,0.15641563675475148,0.0015366313278192278,0.2125,0.045,0.955,0.0,0.0,0.045,-418.37576767825124,-748.1144553406308,-96.04759180572643,400
markov_previous,Markov SG-TD3 previous,markov,reference,49,14.191684885096306,0.13939185961952708,0.0021785964655267023,0.295,0.0625,0.9375,0.0,0.0,0.0625,-392.20677442226986,-712.666425361751,-49.723119787135765,400
markov_previous,Markov SG-TD3 previous,markov,reference,50,15.60292320394715,0.1590267245595919,0.0015518913517484766,0.25,0.025,0.975,0.0,0.0,0.025,-344.1812850289975,-730.0530764631995,-59.50721584302795,400
markov_previous,Markov SG-TD3 previous,markov,reference,51,18.478165722629573,0.1451982832971076,0.0015919956434565675,0.2525,0.045,0.955,0.0,0.0,0.045,-386.1207801697643,-721.764252578651,-46.642574553335805,400
markov_previous,Markov SG-TD3 previous,markov,reference,52,18.82901829377514,0.14220645858052003,0.0014966962626855396,0.24,0.0625,0.9375,0.0,0.0,0.0625,-423.68001799396535,-730.0423600596479,-29.591377827856274,400
markov_previous,Markov SG-TD3 previous,markov,reference,53,15.998200216022129,0.14045501908372554,0.0017268503309844688,0.24,0.07,0.93,0.0,0.0,0.07,-368.00052202883546,-683.7631280122,-25.677166832536294,400
markov_previous,Markov SG-TD3 previous,markov,reference,54,16.082533901345023,0.13820372565278508,0.0017228904065439948,0.2425,0.0775,0.9225,0.0,0.0,0.0775,-377.9614515334354,-759.7484212383772,-37.402264181058015,400
markov_previous,Markov SG-TD3 previous,markov,reference,55,14.880914683680501,0.1547723213106921,0.001771508003581183,0.2625,0.0325,0.9675,0.0,0.0,0.0325,-339.02612713443455,-702.1261006143459,-91.89817320949726,400
markov_previous,Markov SG-TD3 previous,markov,reference,56,19.125562495636988,0.14342087910159748,0.0015452569197217055,0.24,0.0475,0.9525,0.0,0.0,0.0475,-396.7436699150217,-716.9574713203991,-59.95695101818201,400
markov_previous,Markov SG-TD3 previous,markov,reference,57,16.696655399586895,0.14373254820158862,0.0012974503600275283,0.2075,0.05,0.95,0.0,0.0,0.05,-368.76066108204685,-776.5736630180786,-83.34464519531083,400
markov_previous,Markov SG-TD3 previous,markov,reference,58,15.911307572350722,0.1497918831558839,0.001565730118897205,0.24,0.0375,0.9625,0.0,0.0,0.0375,-330.01762563462245,-669.5400430727752,-52.47807548597455,400
markov_previous,Markov SG-TD3 previous,markov,reference,59,18.336125655108535,0.1390375445819401,0.0013341246351405312,0.225,0.0625,0.9375,0.0,0.0,0.0625,-360.2225457641843,-677.1785971656044,-70.75387986772165,400
markov_previous,Markov SG-TD3 previous,markov,reference,60,17.717138578278004,0.13164566464481747,0.001535062929689614,0.2275,0.0725,0.9275,0.0,0.0,0.0725,-341.97343901023197,-668.7930143619171,-33.26418289661537,400
markov_previous,Markov SG-TD3 previous,markov,reference,61,14.16594702990831,0.1641444511496237,0.0016679400456930781,0.2575,0.0475,0.9525,0.0,0.0,0.0475,-284.1421230771876,-659.7238000457093,-80.86227495936683,400
markov_previous,Markov SG-TD3 previous,markov,reference,62,16.67769146526631,0.14210546228514365,0.001321331188931355,0.225,0.05,0.95,0.0,0.0,0.05,-309.20262032529604,-597.3855947917848,-72.15964383174858,400
markov_previous,Markov SG-TD3 previous,markov,reference,63,16.56087458798128,0.13489747989264197,0.0014988376429345915,0.24,0.07,0.93,0.0,0.0,0.07,-287.4374238117585,-615.46174477669,-29.036154095689184,400
markov_previous,Markov SG-TD3 previous,markov,reference,64,22.38078981770588,0.1268717851013155,0.000983587841617107,0.205,0.065,0.935,0.0,0.0,0.065,-326.2811519387649,-578.1268555644149,-48.849104767487674,400
markov_previous,Markov SG-TD3 previous,markov,reference,65,17.028084564140773,0.13169830589472828,0.0014191921713781303,0.2225,0.0525,0.9475,0.0,0.0,0.0525,-279.75013349203374,-554.3679175432842,-53.96817447317105,400
markov_previous,Markov SG-TD3 previous,markov,reference,66,10.448507144207317,0.16573529893427455,0.0011053198996397251,0.2025,0.04,0.96,0.0,0.0,0.04,-250.01023077695254,-600.3336482234711,-66.85530669295551,400
markov_previous,Markov SG-TD3 previous,markov,reference,67,11.847361147760772,0.14962221050031208,0.00175643497234699,0.2475,0.085,0.915,0.0,0.0,0.085,-231.5107900807493,-535.5519511067647,-22.331810689172855,400
markov_previous,Markov SG-TD3 previous,markov,reference,68,15.605787602164476,0.13943713828601645,0.001663541275637074,0.2575,0.0525,0.9475,0.0,0.0,0.0525,-193.29872215443663,-498.11080452556223,-37.51785524564226,400
markov_previous,Markov SG-TD3 previous,markov,reference,69,17.78980982355903,0.13287167186146184,0.0014657558102957255,0.255,0.07,0.93,0.0,0.0,0.07,-246.57449665828804,-592.9885513193631,-29.819625654288426,400
markov_previous,Markov SG-TD3 previous,markov,reference,70,15.372161056851041,0.16170275591282057,0.001347019463042628,0.245,0.055,0.945,0.0,0.0,0.055,-182.982093778427,-484.19466371762087,-32.25779976452869,400
markov_previous,Markov SG-TD3 previous,markov,reference,71,16.004494729983193,0.13828351120892557,0.0017057868095976347,0.2525,0.0725,0.9275,0.0,0.0,0.0725,-213.1633457485753,-506.0426723773444,-23.2291425274213,400
markov_previous,Markov SG-TD3 previous,markov,reference,72,18.51208724305414,0.13571653029394412,0.0011488155119851614,0.19,0.065,0.935,0.0,0.0,0.065,-204.84507153272,-511.40836114515804,-25.00537775888703,400
markov_previous,Markov SG-TD3 previous,markov,reference,73,17.161539701489804,0.14114016271319796,0.001556490534506761,0.2575,0.0725,0.9275,0.0,0.0,0.0725,-190.24324939864061,-485.5768840199486,-18.311942063492335,400
markov_previous,Markov SG-TD3 previous,markov,reference,74,15.778268220735294,0.1454258690927246,0.001519686195802482,0.265,0.0675,0.9325,0.0,0.0,0.0675,-211.61418279050173,-443.8355081212391,-14.799292069490715,400
markov_previous,Markov SG-TD3 previous,markov,reference,75,16.843940212151647,0.14853461022355488,0.0014046384472034415,0.2425,0.0525,0.9475,0.0,0.0,0.0525,-168.69336458286966,-420.96037892559997,-27.201593381756112,400
markov_previous,Markov SG-TD3 previous,markov,reference,76,12.336595766972849,0.17806336020798763,0.0015032105889803194,0.255,0.04,0.96,0.0,0.0,0.04,-183.46682706976742,-479.47464621114864,-31.338077199149893,400
markov_previous,Markov SG-TD3 previous,markov,reference,77,18.66063932388686,0.13221964574577755,0.0015318589832973946,0.245,0.06,0.94,0.0,0.0,0.06,-169.20890902734328,-406.5378186915961,-24.931286400705424,400
markov_previous,Markov SG-TD3 previous,markov,reference,78,15.575541994953442,0.14818759766412945,0.0011826138821518291,0.22,0.0725,0.9275,0.0,0.0,0.0725,-230.9291477431779,-423.508031362597,-26.236806835485726,400
markov_previous,Markov SG-TD3 previous,markov,reference,79,20.23021913669238,0.12286259671828821,0.0015619426803934811,0.2675,0.0825,0.9175,0.0,0.0,0.0825,-186.26480976096724,-435.2658965841727,-5.863167278136427,400
markov_previous,Markov SG-TD3 previous,markov,reference,80,15.711654002920687,0.1407295500596113,0.001890261144624904,0.2825,0.0525,0.9475,0.0,0.0,0.0525,-133.83241688323682,-363.37026816968074,-18.281238356242557,400
markov_previous,Markov SG-TD3 previous,markov,reference,81,15.520129941301889,0.1436362948769665,0.0017720133899587797,0.26,0.0625,0.9375,0.0,0.0,0.0625,-144.0443157668417,-380.65725671887435,-13.260953899632126,400
markov_previous,Markov SG-TD3 previous,markov,reference,82,16.043802526264493,0.15902739933250165,0.0016388786525610539,0.27,0.04,0.96,0.0,0.0,0.04,-150.82312585824212,-316.0921426815687,-20.05923501854638,400
markov_previous,Markov SG-TD3 previous,markov,reference,83,16.350506666208332,0.1476838019927723,0.0016002462262124826,0.2275,0.0575,0.9425,0.0,0.0,0.0575,-130.96781411385302,-388.4522937818001,-20.930656627765842,400
markov_previous,Markov SG-TD3 previous,markov,reference,84,17.60363954326378,0.1410083230973682,0.0015401435557058057,0.24,0.0575,0.9425,0.0,0.0,0.0575,-157.15271733313216,-360.9313441871481,-30.474093675249314,400
markov_previous,Markov SG-TD3 previous,markov,reference,85,15.842918970477035,0.14688694247350928,0.0016928632670914767,0.235,0.0575,0.9425,0.0,0.0,0.0575,-156.85596390383375,-335.7331175889905,-11.946854911992073,400
markov_previous,Markov SG-TD3 previous,markov,reference,86,17.858171472775044,0.13455339016413836,0.0017120663957534636,0.2575,0.055,0.945,0.0,0.0,0.055,-152.62899184479818,-326.3743108073271,-13.708370126218314,400
markov_previous,Markov SG-TD3 previous,markov,reference,87,13.599464035641939,0.16554285613188277,0.002063555932466592,0.305,0.055,0.945,0.0,0.0,0.055,-123.64412485794782,-295.5465391152147,-17.237628470518647,400
markov_previous,Markov SG-TD3 previous,markov,reference,88,17.981494223104274,0.1427066726116072,0.0016524022474120228,0.2625,0.0575,0.9425,0.0,0.0,0.0575,-113.10234678581674,-311.84060899434627,-10.318939646130065,400
markov_previous,Markov SG-TD3 previous,markov,reference,89,15.786652957139387,0.1494784497698611,0.0018248599735842643,0.28,0.0575,0.9425,0.0,0.0,0.0575,-102.31030423587015,-303.46847775611246,-17.045598475612003,400
markov_previous,Markov SG-TD3 previous,markov,reference,90,16.887620351987458,0.13843930156948736,0.0017266627292050962,0.27,0.065,0.935,0.0,0.0,0.065,-88.9617315369361,-243.265266524963,-8.175221732986332,400
markov_previous,Markov SG-TD3 previous,markov,reference,91,16.745607266682875,0.140805730696686,0.001754824156162205,0.2325,0.0575,0.9425,0.0,0.0,0.0575,-105.59734966918859,-252.92364918154686,-14.713186119505318,400
markov_previous,Markov SG-TD3 previous,markov,reference,92,14.608272577806643,0.15309694337289284,0.0019306075822233249,0.2775,0.08,0.92,0.0,0.0,0.08,-79.27229574933051,-198.57404142793553,-4.728919319837823,400
markov_previous,Markov SG-TD3 previous,markov,reference,93,14.262581979487605,0.13663881231463218,0.002104777546471353,0.2725,0.08,0.92,0.0,0.0,0.08,-68.32910777434881,-182.87086596165716,-4.448088109533139,400
markov_previous,Markov SG-TD3 previous,markov,reference,94,14.24355753075327,0.1346640314446427,0.0022149525527315954,0.245,0.12,0.88,0.0,0.0,0.12,-60.649637255454934,-170.86847159359806,6.3463499351963,400
markov_previous,Markov SG-TD3 previous,markov,reference,95,14.597656882234958,0.1430017503441209,0.002098248417598478,0.25,0.11,0.89,0.0,0.0,0.11,-66.25058317149762,-172.88587954940976,1.729551949951659,400
markov_previous,Markov SG-TD3 previous,markov,reference,96,16.811130276354305,0.13186313850535036,0.0017192194180386969,0.2475,0.105,0.895,0.0,0.0,0.105,-61.544460586225455,-184.96599368644763,0.7678595817476388,400
markov_previous,Markov SG-TD3 previous,markov,reference,97,14.532340372406841,0.13023145112784046,0.0022180587389350683,0.3,0.1375,0.8625,0.0,0.0,0.1375,-46.11651397996525,-143.93187167216686,6.2341772258651025,400
markov_previous,Markov SG-TD3 previous,markov,reference,98,15.507674464265806,0.12131452913600135,0.00182740600308545,0.215,0.11,0.89,0.0,0.0,0.11,-52.910659738640334,-121.81106664943381,1.8381870383473784,400
markov_previous,Markov SG-TD3 previous,markov,reference,99,16.685990603488605,0.12068981055798199,0.0015864456307277774,0.2,0.0975,0.9025,0.0,0.0,0.0975,-43.62738070515479,-121.63110059468463,-0.8488019196873264,400
markov_previous,Markov SG-TD3 previous,markov,reference,100,17.413040033569857,0.1110066430384001,0.0015700052900333283,0.2125,0.1325,0.8675,0.0,0.0,0.1325,-44.026544823432346,-108.26755089770538,5.873263979503867,400
markov_previous,Markov SG-TD3 previous,markov,reference,101,15.288587089377815,0.12692957593399462,0.0018698250344029302,0.2575,0.1075,0.8925,0.0,0.0,0.1075,-31.27612344818266,-102.24640745413419,0.2576167470827641,400
markov_previous,Markov SG-TD3 previous,markov,reference,102,15.858278676888704,0.1208080758213627,0.0014498377542272423,0.2275,0.11,0.89,0.0,0.0,0.11,-36.22843342975432,-98.95795005379449,0.765023368624476,400
markov_previous,Markov SG-TD3 previous,markov,reference,103,17.836080934649296,0.12575013351820963,0.0013685587151757456,0.22,0.0675,0.9325,0.0,0.0,0.0675,-30.252255060764355,-91.28920194826676,-3.631728613986157,400
markov_previous,Markov SG-TD3 previous,markov,reference,104,16.068628999383733,0.1125123368053117,0.0019090303150174986,0.1925,0.125,0.875,0.0,0.0,0.125,-27.217832960342776,-87.85842657248774,2.8552382911361986,400
markov_previous,Markov SG-TD3 previous,markov,reference,105,16.495504759117647,0.11673904976017824,0.0013731317131890598,0.155,0.12,0.88,0.0,0.0,0.12,-25.96946859114354,-90.77243634243818,1.30055845653067,400
markov_previous,Markov SG-TD3 previous,markov,reference,106,16.754340979692753,0.10791885020343521,0.0015564451446209444,0.165,0.125,0.875,0.0,0.0,0.125,-25.59405955917896,-66.61958120582082,3.529493559674689,400
markov_previous,Markov SG-TD3 previous,markov,reference,107,18.819443402813942,0.09868258432448901,0.0014434112203084064,0.135,0.1475,0.8525,0.0,0.0,0.1475,-22.505198028929726,-65.32222396494907,5.350689734997963,400
markov_previous,Markov SG-TD3 previous,markov,reference,108,20.19269724926705,0.09492536470759477,0.0013096139059664588,0.1375,0.15,0.85,0.0,0.0,0.15,-21.896124526235553,-57.3877918394644,4.728928298475721,400
markov_previous,Markov SG-TD3 previous,markov,reference,109,20.236171125399274,0.09663566739635154,0.0012944582779661645,0.115,0.1475,0.8525,0.0,0.0,0.1475,-21.720384328679643,-58.477374725421285,5.988575813236891,400
markov_previous,Markov SG-TD3 previous,markov,reference,110,17.65320234556826,0.10054385034008635,0.0016196480575810602,0.1525,0.1325,0.8675,0.0,0.0,0.1325,-22.74105757466839,-80.31928008526808,4.252753486683268,400
markov_previous,Markov SG-TD3 previous,markov,reference,111,21.58735185349563,0.09493038649074298,0.0011240570153278181,0.125,0.17,0.83,0.0,0.0,0.17,-17.376323257599324,-56.565350949675526,5.419926193569622,400
markov_previous,Markov SG-TD3 previous,markov,reference,112,19.291556457506807,0.0988159363327512,0.0014758014932878536,0.1625,0.13,0.87,0.0,0.0,0.13,-23.48027495688018,-58.134657766584354,5.786799636653596,400
markov_previous,Markov SG-TD3 previous,markov,reference,113,22.773866351070193,0.07244859790574182,0.0013572731746062223,0.1175,0.1925,0.8075,0.0,0.0,0.1925,-17.48146745476754,-53.803264100469846,10.83512721699171,400
markov_previous,Markov SG-TD3 previous,markov,reference,114,19.07465948699214,0.09646557019604192,0.0015998423916137898,0.1875,0.1825,0.8175,0.0,0.0,0.1825,-18.732712786606044,-61.84602780243814,8.334243127411673,400
markov_previous,Markov SG-TD3 previous,markov,reference,115,18.75891935605304,0.09007476951495093,0.0017994935246460923,0.1975,0.1825,0.8175,0.0,0.0,0.1825,-23.36508724752366,-69.0076840276255,7.9875321177879455,400
markov_previous,Markov SG-TD3 previous,markov,reference,116,20.455011457758697,0.08005316040289419,0.0016113861228788456,0.155,0.1975,0.8025,0.0,0.0,0.1975,-17.346605935776665,-66.92992159834928,10.506383008437302,400
markov_previous,Markov SG-TD3 previous,markov,reference,117,20.016929832813275,0.08781818561135181,0.0015933864580056315,0.165,0.19,0.81,0.0,0.0,0.19,-15.731760758014218,-50.266038697970245,7.6163547478615605,400
markov_previous,Markov SG-TD3 previous,markov,reference,118,20.237985554284872,0.07742295422878955,0.0015420795730964072,0.12,0.2325,0.7675,0.0,0.0,0.2325,-17.081843710849512,-54.78622960711313,10.827846484214207,400
markov_previous,Markov SG-TD3 previous,markov,reference,119,21.699952206152922,0.07082548767478265,0.001460583439364212,0.155,0.23,0.77,0.0,0.0,0.23,-11.880460164370561,-49.52688903730973,13.6792057211175,400
markov_previous,Markov SG-TD3 previous,markov,reference,120,21.192913074389526,0.08601782638615113,0.0014800958543904486,0.16,0.1875,0.8125,0.0,0.0,0.1875,-21.191568037623256,-68.2724209252248,12.938972807943083,400
markov_previous,Markov SG-TD3 previous,markov,reference,121,23.8729407698806,0.07644035725489225,0.001347257234606764,0.1325,0.1975,0.8025,0.0,0.0,0.1975,-22.827444254135344,-66.11844821170732,9.831026050408688,400
markov_previous,Markov SG-TD3 previous,markov,reference,122,24.12457324203531,0.07247391204518165,0.0012725693353900283,0.1425,0.19,0.81,0.0,0.0,0.19,-14.49470842648077,-46.52320334585875,11.517461581864065,400
markov_previous,Markov SG-TD3 previous,markov,reference,123,21.185528162544614,0.08193186510842856,0.0016022466904353715,0.1625,0.195,0.805,0.0,0.0,0.195,-18.14396664961515,-57.83710536000632,11.127150706244242,400
markov_previous,Markov SG-TD3 previous,markov,reference,124,23.47073454986225,0.07520967546486167,0.0015969722699492289,0.155,0.2125,0.7875,0.0,0.0,0.2125,-19.230388908156783,-51.75915937175143,11.98158688184135,400
markov_previous,Markov SG-TD3 previous,markov,reference,125,23.859483966585604,0.09929686972293904,0.0012186629712526613,0.185,0.1925,0.8075,0.0,0.0,0.1925,-11.685064653358495,-51.04933864338511,9.284028398416677,400
markov_previous,Markov SG-TD3 previous,markov,reference,126,21.508485997864476,0.09667758493289007,0.0014175226866898316,0.1525,0.1925,0.8075,0.0,0.0,0.1925,-16.035623695416348,-58.47118728742955,9.28647423191588,400
markov_previous,Markov SG-TD3 previous,markov,reference,127,22.28440850383653,0.08157666563836123,0.0013930612453822097,0.1675,0.23,0.77,0.0,0.0,0.23,-11.16951327202446,-41.82423547145319,13.776383892733463,400
markov_previous,Markov SG-TD3 previous,markov,reference,128,26.266939572108594,0.07372201635870036,0.0012059449623972394,0.14,0.2,0.8,0.0,0.0,0.2,-16.474188978258326,-49.51131180441553,13.496789024211694,400
markov_previous,Markov SG-TD3 previous,markov,reference,129,23.863767034024953,0.09075336328694156,0.0012546355632840098,0.195,0.2125,0.7875,0.0,0.0,0.2125,-16.473392487088233,-56.009821984135286,17.124856150407588,400
markov_previous,Markov SG-TD3 previous,markov,reference,130,25.924738655704843,0.08381784267278798,0.0011869541954474042,0.175,0.185,0.815,0.0,0.0,0.185,-14.864182325235447,-46.275369518770866,12.256012912793539,400
markov_previous,Markov SG-TD3 previous,markov,reference,131,26.212558991941204,0.06917990899917494,0.0013894053114125076,0.155,0.205,0.795,0.0,0.0,0.205,-19.992795075220442,-59.58177005660534,15.334099325349987,400
markov_previous,Markov SG-TD3 previous,markov,reference,132,25.079520224491045,0.08475307499190123,0.0013204114678385147,0.16,0.2125,0.7875,0.0,0.0,0.2125,-16.463485134467476,-50.76751198321197,13.770073877356491,400
markov_previous,Markov SG-TD3 previous,markov,reference,133,25.59398617482907,0.07925133478076879,0.001322701069312713,0.17,0.2275,0.7725,0.0,0.0,0.2275,-20.76115891462132,-65.38933491586565,18.300940907447405,400
markov_previous,Markov SG-TD3 previous,markov,reference,134,27.406901222270825,0.07771450168234979,0.0012480074086588906,0.1575,0.1775,0.8225,0.0,0.0,0.1775,-18.2002235677935,-44.24456668105062,11.11620839214606,400
markov_previous,Markov SG-TD3 previous,markov,reference,135,26.10574535053827,0.06949146421672689,0.0012959817357181258,0.15,0.215,0.785,0.0,0.0,0.215,-16.762640518464764,-49.730373928153405,15.74079008951941,400
markov_previous,Markov SG-TD3 previous,markov,reference,136,25.33006052059471,0.0882695549846397,0.0012649239517154177,0.1975,0.23,0.77,0.0,0.0,0.23,-12.889375453949356,-50.20670154271742,15.505235915937217,400
markov_previous,Markov SG-TD3 previous,markov,reference,137,25.324361639115228,0.07741247775574438,0.0012785048694867014,0.185,0.215,0.785,0.0,0.0,0.215,-18.71952098882366,-53.48859906864397,14.674821207261632,400
markov_previous,Markov SG-TD3 previous,markov,reference,138,20.969142731786192,0.09183790282848926,0.001320120676837721,0.1775,0.245,0.755,0.0,0.0,0.245,-11.099865635251376,-46.76450626267753,16.158464839614638,400
markov_previous,Markov SG-TD3 previous,markov,reference,139,24.68799822202905,0.081986340720501,0.0013413584898010677,0.1925,0.2175,0.7825,0.0,0.0,0.2175,-13.62387475539549,-42.6486824814528,19.0329686524574,400
markov_previous,Markov SG-TD3 previous,markov,reference,140,19.713218031382368,0.09554127314456938,0.0013350916168638077,0.17,0.33,0.67,0.0,0.0,0.33,-9.842638685977363,-43.3290472488354,28.546866454676447,400
markov_previous,Markov SG-TD3 previous,markov,reference,141,21.173641845584385,0.07868785320693465,0.0013051221513613865,0.1775,0.31,0.69,0.0,0.0,0.31,-9.32497740606857,-39.11596884402702,23.66077129891235,400
markov_previous,Markov SG-TD3 previous,markov,reference,142,24.087537740783866,0.07923426793581301,0.0010262582836507294,0.1475,0.31,0.69,0.0,0.0,0.31,-7.231776220158622,-32.32966523902896,23.404545662049973,400
markov_previous,Markov SG-TD3 previous,markov,reference,143,21.289869140299256,0.0930486358624686,0.0011659790528455241,0.195,0.34,0.66,0.0,0.0,0.34,-8.891825621383532,-40.89428278289031,20.968727981868074,400
markov_previous,Markov SG-TD3 previous,markov,reference,144,24.259789194763904,0.07852308172313997,0.0012159844658821053,0.155,0.2875,0.7125,0.0,0.0,0.2875,-7.68293632519044,-36.55436411837626,18.907744690055633,400
markov_previous,Markov SG-TD3 previous,markov,reference,145,20.672818798820757,0.08056177751328317,0.0013204156290196694,0.1775,0.33,0.67,0.0,0.0,0.33,-6.58129437813659,-34.4702336188256,24.542670905452773,400
markov_previous,Markov SG-TD3 previous,markov,reference,146,26.76577103252943,0.07664107150196652,0.0010374173831480444,0.1325,0.2575,0.7425,0.0,0.0,0.2575,-9.826796892537232,-32.54327354248148,18.691776948124794,400
markov_previous,Markov SG-TD3 previous,markov,reference,147,22.507097176086166,0.08261116128880239,0.0012108301514407065,0.1725,0.3675,0.6325,0.0,0.0,0.3675,-4.866998922300127,-35.467558546157825,29.23340397361221,400
markov_previous,Markov SG-TD3 previous,markov,reference,148,23.18499627016489,0.08034582820773477,0.0011923860296668954,0.16,0.36,0.64,0.0,0.0,0.36,-5.396542352382994,-24.243784020835207,24.17228877487613,400
markov_previous,Markov SG-TD3 previous,markov,reference,149,27.023479176766966,0.07041836123609661,0.001147050371697296,0.1625,0.305,0.695,0.0,0.0,0.305,-6.706911260856373,-22.31429380262937,21.509982391514647,400
markov_previous,Markov SG-TD3 previous,markov,reference,150,26.987154701500668,0.07060496986210149,0.0011501141477408758,0.16,0.265,0.735,0.0,0.0,0.265,-5.834256299028311,-23.31083608284298,18.08864135550175,400
markov_previous,Markov SG-TD3 previous,markov,reference,151,8.417481115148556,0.07531551207422878,0.0017759295775206093,0.15,0.4475,0.5525,0.0,0.0,0.4475,-3.261721569578299,-29.429850022022027,40.9103298631072,400
markov_previous,Markov SG-TD3 previous,markov,reference,152,15.071565022948812,0.07845361557260219,0.0012677876702597496,0.13,0.38,0.62,0.0,0.0,0.38,-4.928919379402828,-29.93535195253857,25.537989141931877,400
markov_previous,Markov SG-TD3 previous,markov,reference,153,17.960172158948478,0.07205704538320762,0.0013071287132073155,0.1225,0.43,0.57,0.0,0.0,0.43,-2.91081343590713,-24.592296436505723,27.093307777944474,400
markov_previous,Markov SG-TD3 previous,markov,reference,154,24.637993207234786,0.06029606839781627,0.0011150874715060897,0.1125,0.3625,0.6375,0.0,0.0,0.3625,-4.1800737437934,-17.0138726198398,23.679306880576995,400
markov_previous,Markov SG-TD3 previous,markov,reference,155,24.832883180208817,0.06447211651097418,0.001251520742652062,0.1325,0.315,0.685,0.0,0.0,0.315,-5.540584349770143,-19.49727042668055,15.796408953654659,400
markov_previous,Markov SG-TD3 previous,markov,reference,156,29.147252533076166,0.06463311886441996,0.001073766024252999,0.1425,0.2675,0.7325,0.0,0.0,0.2675,-7.590301776298929,-20.107705216687076,20.950794716300816,400
markov_previous,Markov SG-TD3 previous,markov,reference,157,20.895216279435587,0.0812952558347017,0.0011475478286067506,0.1475,0.3725,0.6275,0.0,0.0,0.3725,-5.201646859795801,-27.352549920777367,29.848167302183725,400
markov_previous,Markov SG-TD3 previous,markov,reference,158,26.39662696126912,0.07673225879359666,0.0010520505525057145,0.15,0.2475,0.7525,0.0,0.0,0.2475,-5.57866616996705,-22.819929200408183,20.063560514373783,400
markov_previous,Markov SG-TD3 previous,markov,reference,159,21.711808529122237,0.07532494558174546,0.0013185199443789262,0.14,0.3375,0.6625,0.0,0.0,0.3375,-3.4164750698586204,-28.255127981363557,19.047627525381476,400
markov_previous,Markov SG-TD3 previous,markov,reference,160,27.911847926033126,0.06795928866175627,0.001047359367627314,0.1425,0.2925,0.7075,0.0,0.0,0.2925,-4.701151917604989,-20.255018327381322,23.874382668423756,400
markov_previous,Markov SG-TD3 previous,markov,reference,161,25.364778575891634,0.07040016286794933,0.0012478915987525023,0.135,0.33,0.67,0.0,0.0,0.33,-2.8569230415657785,-22.401274760331987,21.55538775875952,400
markov_previous,Markov SG-TD3 previous,markov,reference,162,28.171891552596495,0.07272136676317688,0.0012144620862777412,0.1575,0.215,0.785,0.0,0.0,0.215,-11.43187621279958,-36.778228478567776,17.710182969970816,400
markov_previous,Markov SG-TD3 previous,markov,reference,163,24.163127409939634,0.07005154386831024,0.0012803290552374509,0.1275,0.3575,0.6425,0.0,0.0,0.3575,-2.4947741722625096,-19.632428500384094,15.753461470320156,400
markov_previous,Markov SG-TD3 previous,markov,reference,164,26.0484976318338,0.07243907398153888,0.0011171178163279461,0.12,0.29,0.71,0.0,0.0,0.29,-3.9279516592349637,-16.82786066330604,19.7061699630009,400
markov_previous,Markov SG-TD3 previous,markov,reference,165,28.52912792048952,0.06311141197806133,0.0011349245686754215,0.1375,0.295,0.705,0.0,0.0,0.295,-5.331775483107776,-31.915262952486955,22.502080513611936,400
markov_previous,Markov SG-TD3 previous,markov,reference,166,26.91388781062199,0.0572355078378083,0.0012019160869906906,0.115,0.32,0.68,0.0,0.0,0.32,-4.663506064345256,-26.66626809287968,15.24893040922563,400
markov_previous,Markov SG-TD3 previous,markov,reference,167,27.837433153728057,0.06807172803428757,0.001109994961354763,0.1425,0.2725,0.7275,0.0,0.0,0.2725,-5.0037053487460526,-26.373106518960913,18.580394084923462,400
markov_previous,Markov SG-TD3 previous,markov,reference,168,27.799534621568117,0.06337514432602191,0.001005017815463728,0.12,0.315,0.685,0.0,0.0,0.315,-5.091379682349043,-44.54674572066041,28.731191269116692,400
markov_previous,Markov SG-TD3 previous,markov,reference,169,29.29056851813471,0.05457972693225138,0.0011121495707557578,0.1225,0.2975,0.7025,0.0,0.0,0.2975,-4.798554618388266,-37.86074515993064,19.98595865340937,400
markov_previous,Markov SG-TD3 previous,markov,reference,170,28.102602340844534,0.06585687886691934,0.0009595570443240603,0.105,0.2675,0.7325,0.0,0.0,0.2675,-6.316291971230612,-27.170392942892043,18.995942469497678,400
markov_previous,Markov SG-TD3 previous,markov,reference,171,27.680480636444237,0.06264119558756066,0.0011476973411490162,0.11,0.2575,0.7425,0.0,0.0,0.2575,-6.821125061010207,-30.93642989371908,17.673195778792394,400
markov_previous,Markov SG-TD3 previous,markov,reference,172,28.486222108312425,0.056074599152486575,0.0010392242466233088,0.105,0.29,0.71,0.0,0.0,0.29,-4.352750773386674,-26.44455660755868,27.017151673613828,400
markov_previous,Markov SG-TD3 previous,markov,reference,173,28.103144545319765,0.06079196479415518,0.001132047068523525,0.1125,0.305,0.695,0.0,0.0,0.305,-4.862924482368271,-34.580158198656704,19.482171114748997,400
markov_previous,Markov SG-TD3 previous,markov,reference,174,30.76197384120516,0.05675966106949427,0.0008798287568776422,0.09,0.255,0.745,0.0,0.0,0.255,-7.194301731950873,-31.29666908996107,16.51443199498541,400
markov_previous,Markov SG-TD3 previous,markov,reference,175,27.480789243285198,0.0642635936644888,0.0011868643235976178,0.1425,0.2775,0.7225,0.0,0.0,0.2775,-4.297240295917447,-27.13128184997397,21.647110297983048,400
markov_previous,Markov SG-TD3 previous,markov,reference,176,27.509813396937698,0.06132976899971499,0.0009349407664755799,0.1075,0.3275,0.6725,0.0,0.0,0.3275,-4.691805691196123,-20.383777830328768,33.51027333386611,400
markov_previous,Markov SG-TD3 previous,markov,reference,177,29.354206323262048,0.0664882976574442,0.0009178203193045626,0.1075,0.2775,0.7225,0.0,0.0,0.2775,-5.171382725745843,-25.765456895113697,19.266976635071806,400
markov_previous,Markov SG-TD3 previous,markov,reference,178,28.679810181068547,0.06288559544862304,0.0009512775611113164,0.1,0.2875,0.7125,0.0,0.0,0.2875,-5.040696389478171,-24.503820406814178,15.759365196791004,400
markov_previous,Markov SG-TD3 previous,markov,reference,179,29.84402760775174,0.05341409329618402,0.0010781137975113563,0.09,0.26,0.74,0.0,0.0,0.26,-6.01540294136521,-28.216633314206067,17.63470413885453,400
markov_previous,Markov SG-TD3 previous,markov,reference,180,26.46825335473704,0.06906861660389466,0.0010427763779877613,0.1375,0.33,0.67,0.0,0.0,0.33,-3.4474927404071423,-16.142565594653934,27.142897614236055,400
markov_previous,Markov SG-TD3 previous,markov,reference,181,27.83617616342173,0.06767616047958161,0.0010872819250900881,0.1375,0.2925,0.7075,0.0,0.0,0.2925,-4.38295824044053,-22.88663266865705,37.29903574233214,400
markov_previous,Markov SG-TD3 previous,markov,reference,182,22.21399053091626,0.08202423051802699,0.0012496694364419621,0.18,0.335,0.665,0.0,0.0,0.335,-4.034323849731322,-31.565435712358475,25.50808434556219,400
markov_previous,Markov SG-TD3 previous,markov,reference,183,24.682245134997448,0.06854916842347683,0.001145588200334016,0.15,0.3925,0.6075,0.0,0.0,0.3925,-2.3745547183059443,-20.384443954451193,27.250586003267045,400
markov_previous,Markov SG-TD3 previous,markov,reference,184,21.99614893080194,0.07679950614747098,0.0011377369112692945,0.1675,0.375,0.625,0.0,0.0,0.375,-3.251552027531261,-16.743878401325354,21.684130224629822,400
markov_previous,Markov SG-TD3 previous,markov,reference,185,27.1645082685175,0.076320238873573,0.001012595652184267,0.16,0.31,0.69,0.0,0.0,0.31,-3.4355071221119715,-16.562782377912956,25.921234326984973,400
markov_previous,Markov SG-TD3 previous,markov,reference,186,26.199543336246894,0.07486597694841783,0.0010790644256713508,0.1525,0.3675,0.6325,0.0,0.0,0.3675,-3.957889062852928,-19.10415807478557,22.445364285355346,400
markov_previous,Markov SG-TD3 previous,markov,reference,187,25.137948076577832,0.08276555479583352,0.0011207471777264215,0.18,0.37,0.63,0.0,0.0,0.37,-2.5246104399357137,-18.367951926726732,27.308534114697235,400
markov_previous,Markov SG-TD3 previous,markov,reference,188,29.570027398880722,0.06076854610455864,0.0010306564230142738,0.115,0.3,0.7,0.0,0.0,0.3,-2.94757217056042,-20.85959612802853,24.83401439655559,400
markov_previous,Markov SG-TD3 previous,markov,reference,189,29.099089582034072,0.06287241759629689,0.0010693022769157146,0.13,0.31,0.69,0.0,0.0,0.31,-3.3266580340939527,-18.830730672506956,19.91470088449018,400
markov_previous,Markov SG-TD3 previous,markov,reference,190,30.206429119882205,0.061467517307714596,0.001054203675592418,0.115,0.4025,0.5975,0.0,0.0,0.4025,-2.586979168659923,-22.034714040953098,22.55525065312823,400
markov_previous,Markov SG-TD3 previous,markov,reference,191,29.943794855063533,0.05653559053076733,0.0011864260670405365,0.1425,0.3375,0.6625,0.0,0.0,0.3375,-3.113870589608723,-17.493888349856704,19.717839560959924,400
markov_previous,Markov SG-TD3 previous,markov,reference,192,29.226794354013677,0.058436790818269774,0.0011577677496043483,0.1375,0.395,0.605,0.0,0.0,0.395,-2.8212559659831413,-20.833937665407962,24.653440066808635,400
markov_previous,Markov SG-TD3 previous,markov,reference,193,28.01120020273645,0.06425865584575476,0.0012010074204718921,0.15,0.345,0.655,0.0,0.0,0.345,-2.8677918144435353,-19.798362360312172,26.13576151813609,400
markov_previous,Markov SG-TD3 previous,markov,reference,194,24.97499894274998,0.06264731761371854,0.001243674288673358,0.1325,0.43,0.57,0.0,0.0,0.43,-1.5469567599463971,-11.357290427656334,27.160307941667728,400
markov_previous,Markov SG-TD3 previous,markov,reference,195,26.69763738990619,0.062046263379809584,0.0012387394498021744,0.14,0.345,0.655,0.0,0.0,0.345,-2.7234413560672692,-14.978250122978691,25.846211070721125,400
markov_previous,Markov SG-TD3 previous,markov,reference,196,23.75120101552633,0.06649385511508518,0.0011607373235426562,0.1525,0.4075,0.5925,0.0,0.0,0.4075,-1.1305097199705187,-14.268231316200172,38.330760962499866,400
markov_previous,Markov SG-TD3 previous,markov,reference,197,25.999584877744727,0.07093180626914486,0.0010716170519166402,0.15,0.3725,0.6275,0.0,0.0,0.3725,-2.7048580198736545,-15.013195168758738,27.557692302315623,400
markov_previous,Markov SG-TD3 previous,markov,reference,198,25.85288927179515,0.06385343140032576,0.0010120807852678198,0.1225,0.405,0.595,0.0,0.0,0.405,-1.8630323817376393,-14.46236348691325,25.804936635713414,400
markov_previous,Markov SG-TD3 previous,markov,reference,199,25.45926934569069,0.05990605027792984,0.0011145222524649389,0.115,0.4425,0.5575,0.0,0.0,0.4425,-1.30141043205208,-12.214814076415246,28.77433540539692,400
markov_previous,Markov SG-TD3 previous,markov,reference,200,28.425867570872743,0.05901485905257364,0.000966287907824008,0.1125,0.68,0.32,0.0,0.0,0.68,3.0405009220522743,-1.4334142155529206,35.102317186290286,400
horizon_limited,Horizon SG-DQN limited 39,horizon,current,1,-2.4757971343220584,0.2927707191778444,0.002622321657885212,0.4425,0.0,0.0,0.0,0.0,nan,nan,nan,nan,0
horizon_limited,Horizon SG-DQN limited 39,horizon,current,2,7.874069683245648,0.18594152231035466,0.0015049713189922193,0.2525,0.0,0.0,0.0,0.0,nan,nan,nan,nan,0
horizon_limited,Horizon SG-DQN limited 39,horizon,current,3,7.9847975595233605,0.18505905208111023,0.00149940613132385,0.2525,0.0,0.0,0.0,0.0,nan,nan,nan,nan,0
horizon_limited,Horizon SG-DQN limited 39,horizon,current,4,8.105924556201765,0.18410211055489434,0.0014935419865018456,0.2525,0.0,0.0,0.0,0.0,nan,nan,nan,nan,0
horizon_limited,Horizon SG-DQN limited 39,horizon,current,5,8.225657526245664,0.18307196649804552,0.0014873741488288144,0.255,0.0,0.0,0.0,0.0,nan,nan,nan,nan,0
horizon_limited,Horizon SG-DQN limited 39,horizon,current,6,8.348965000563991,0.18196566273979833,0.0014809316486112634,0.25,0.0,0.0,0.0,0.0,nan,nan,nan,nan,0
horizon_limited,Horizon SG-DQN limited 39,horizon,current,7,8.481938704380315,0.18077234278615023,0.0014741697172206752,0.25,0.0,0.0,0.0,0.0,nan,nan,nan,nan,0
horizon_limited,Horizon SG-DQN limited 39,horizon,current,8,8.646113114652538,0.17952075608766044,0.0014670518705704732,0.2525,0.0,0.0,0.0,0.0,nan,nan,nan,nan,0
horizon_limited,Horizon SG-DQN limited 39,horizon,current,9,8.806242397490184,0.1784467768279042,0.0014595864385182817,0.2475,0.0,0.0,0.0,0.0,nan,nan,nan,nan,0
horizon_limited,Horizon SG-DQN limited 39,horizon,current,10,8.921790762841676,0.17753237362988525,0.0014515408397545338,0.2475,0.0,0.0,0.0,0.0,nan,nan,nan,nan,0
horizon_limited,Horizon SG-DQN limited 39,horizon,current,11,9.070162947450875,0.1765178214087376,0.0014432441652684016,0.245,0.0,0.9975,0.0,0.0,0.0,nan,nan,nan,399
horizon_limited,Horizon SG-DQN limited 39,horizon,current,12,9.243795266627322,0.17539656692687244,0.0014346148404482768,0.2425,0.0,1.0,0.0,0.0,0.0,nan,nan,nan,400
horizon_limited,Horizon SG-DQN limited 39,horizon,current,13,9.454461497921823,0.17419942079565698,0.001425550484335849,0.2375,0.0,1.0,0.0,0.0,0.0,nan,nan,nan,400
horizon_limited,Horizon SG-DQN limited 39,horizon,current,14,9.669164177532316,0.1688258704898741,0.0009140817130320781,0.235,0.065,0.1875,0.7475,0.0,0.25742574257425743,0.0,-197.32610254287715,36.12129182815552,101
horizon_limited,Horizon SG-DQN limited 39,horizon,current,15,10.272896854876276,0.17573819007049768,0.001203066546590752,0.2575,0.0625,0.1875,0.75,0.0,0.25,0.0,-48.29797992706299,18.0031490802765,100
horizon_limited,Horizon SG-DQN limited 39,horizon,current,16,11.286548666432152,0.16911498784942722,0.001009568752389174,0.24,0.0575,0.1925,0.75,0.0,0.23,0.0,-320.0215393066406,27.143767404556286,100
horizon_limited,Horizon SG-DQN limited 39,horizon,current,17,10.093136376643715,0.1700162782332165,0.0009575329398093433,0.23,0.0525,0.1975,0.75,0.0,0.21,0.0,-335.6767696380615,19.160791397094744,100
horizon_limited,Horizon SG-DQN limited 39,horizon,current,18,10.98355445822677,0.16940780605463948,0.0011075137917905405,0.2225,0.0625,0.1875,0.75,0.0,0.25,0.0,-210.84247360229492,23.512514209747323,100
horizon_limited,Horizon SG-DQN limited 39,horizon,current,19,8.180609406297036,0.17635967695172736,0.0011874517899021389,0.235,0.0575,0.1925,0.75,0.0,0.23,0.0,-533.1451469421386,21.057610321044926,100
horizon_limited,Horizon SG-DQN limited 39,horizon,current,20,11.335597550738004,0.16488769314185808,0.0010834432186836809,0.23,0.0525,0.1975,0.75,0.0,0.21,0.0,-9.499414443969723,22.93184471130371,100
horizon_limited,Horizon SG-DQN limited 39,horizon,current,21,10.509831144003588,0.16791366845800737,0.000986189861377532,0.2275,0.045,0.205,0.75,0.0,0.18,0.0,-1760.1168327331543,19.016493225097662,100
horizon_limited,Horizon SG-DQN limited 39,horizon,current,22,11.777999185174048,0.16470969474359465,0.001098615667362276,0.255,0.05,0.2,0.75,0.0,0.2,0.0,-423.99167976379385,15.608742141723635,100
horizon_limited,Horizon SG-DQN limited 39,horizon,current,23,9.877210075304594,0.17119401176961938,0.0010535281240981894,0.23,0.055,0.195,0.75,0.0,0.22,0.0,-109.6568417072296,30.59825668334963,100
horizon_limited,Horizon SG-DQN limited 39,horizon,current,24,11.871100678169284,0.16516501005528142,0.0010187783430389951,0.2475,0.05,0.2,0.75,0.0,0.2,0.0,-622.2964288711547,17.992195129394545,100
horizon_limited,Horizon SG-DQN limited 39,horizon,current,25,11.737018084632753,0.1645007762502093,0.0011366559771491757,0.2425,0.0575,0.1925,0.75,0.0,0.23,0.0,-585.3311687469483,22.79227676391604,100
horizon_limited,Horizon SG-DQN limited 39,horizon,current,26,11.567991861192109,0.15984105309291224,0.001000878078045718,0.1975,0.0525,0.1975,0.75,0.0,0.21,0.0,-235.94803886413573,17.734265518188487,100
horizon_limited,Horizon SG-DQN limited 39,horizon,current,27,11.179673643588734,0.16889333638317383,0.001120895684789915,0.25,0.0575,0.1925,0.75,0.0,0.23,0.0,-1655.336259460449,24.467136383056644,100
horizon_limited,Horizon SG-DQN limited 39,horizon,current,28,13.17790092577368,0.1607926547137746,0.000963998403950527,0.245,0.06,0.19,0.75,0.0,0.24,0.0,-680.8859366416931,19.75272598266602,100
horizon_limited,Horizon SG-DQN limited 39,horizon,current,29,11.900491995404845,0.16245422087085198,0.001026794018087551,0.2525,0.0525,0.1975,0.75,0.0,0.21,0.0,-927.9965209960936,23.467597007751472,100
horizon_limited,Horizon SG-DQN limited 39,horizon,current,30,12.654244902858727,0.1625140818872181,0.001083203228550913,0.255,0.0625,0.1875,0.75,0.0,0.25,0.0,-517.5601119995117,23.411549568176312,100
horizon_limited,Horizon SG-DQN limited 39,horizon,current,31,12.28406667811983,0.1632907813884123,0.0010173468921955294,0.23,0.0575,0.1925,0.75,0.0,0.23,0.0,-109.51775751113891,20.048482704162602,100
horizon_limited,Horizon SG-DQN limited 39,horizon,current,32,10.451774926828984,0.16600898559893856,0.000975048132613949,0.2375,0.0575,0.1925,0.75,0.0,0.23,0.0,-268.37348861694335,27.46279277801514,100
horizon_limited,Horizon SG-DQN limited 39,horizon,current,33,10.875352798116856,0.1708227261457253,0.0010879612362265866,0.2475,0.0675,0.1825,0.75,0.0,0.27,0.0,-1777.6213500976562,25.58209114074708,100
horizon_limited,Horizon SG-DQN limited 39,horizon,current,34,11.422516623715913,0.16646198088380332,0.0010748674269163397,0.2475,0.065,0.185,0.75,0.0,0.26,0.0,-883.547802734375,24.572969436645568,100
horizon_limited,Horizon SG-DQN limited 39,horizon,current,35,7.023701427722889,0.18715413774934234,0.0011856106911975364,0.2525,0.0675,0.1825,0.75,0.0,0.27,0.0,-540.4298385620117,19.188508796691906,100
horizon_limited,Horizon SG-DQN limited 39,horizon,current,36,8.729981064105445,0.18095888759461276,0.0011163404689238344,0.255,0.0625,0.1875,0.75,0.0,0.25,0.0,-833.5868896484375,25.835355377197295,100
horizon_limited,Horizon SG-DQN limited 39,horizon,current,37,8.19750146595053,0.1777829203415883,0.000835337981869384,0.235,0.055,0.195,0.75,0.0,0.22,0.0,-55.18605232238754,18.690322494506855,100
horizon_limited,Horizon SG-DQN limited 39,horizon,current,38,10.724874495811264,0.18365982114379925,0.0010480161850670786,0.2575,0.0575,0.1925,0.75,0.0,0.23,0.0,-318.54974365234375,21.125799179077152,100
horizon_limited,Horizon SG-DQN limited 39,horizon,current,39,10.108345622293948,0.18578637795859718,0.0010748045257067173,0.2525,0.0625,0.1875,0.75,0.0,0.25,0.0,-15.667210388183538,34.66398658752442,100
horizon_limited,Horizon SG-DQN limited 39,horizon,current,40,7.416436546639481,0.1906531510165809,0.0011698177027042425,0.285,0.0575,0.1925,0.75,0.0,0.23,0.0,-985.3788330078124,14.41228485107422,100
horizon_limited,Horizon SG-DQN limited 39,horizon,current,41,12.228683159781538,0.17833125468251498,0.0009214890945522717,0.2375,0.0525,0.1975,0.75,0.0,0.21,0.0,-1356.154443359375,27.781558227539065,100
horizon_limited,Horizon SG-DQN limited 39,horizon,current,42,10.224740422140444,0.18899875550447834,0.0009081189598234121,0.23,0.055,0.195,0.75,0.0,0.22,0.0,-563.2700927734375,33.66734161376955,100
horizon_limited,Horizon SG-DQN limited 39,horizon,current,43,10.685405640488819,0.1824776763764826,0.0010507250115750835,0.2525,0.05,0.2,0.75,0.0,0.2,0.0,-38.59606323242187,25.4575481414795,100
horizon_limited,Horizon SG-DQN limited 39,horizon,current,44,7.639578486833682,0.19166094417650625,0.001129893626733304,0.235,0.0575,0.1925,0.75,0.0,0.23,0.0,-335.1835449218749,31.469205474853528,100
horizon_limited,Horizon SG-DQN limited 39,horizon,current,45,12.078172922371214,0.1882822347102136,0.0011351286577141841,0.245,0.045,0.205,0.75,0.0,0.18,0.0,-258.9578979492187,25.491831970214868,100
horizon_limited,Horizon SG-DQN limited 39,horizon,current,46,9.493291206328681,0.19149334982868305,0.0010491913138829633,0.24,0.0475,0.2025,0.75,0.0,0.19,0.0,-69.66464538574215,35.66979827880859,100
horizon_limited,Horizon SG-DQN limited 39,horizon,current,47,12.557502833283774,0.18162809881245054,0.001084787422687455,0.24,0.0425,0.2075,0.75,0.0,0.17,0.0,-291.06489257812495,30.180804443359378,100
horizon_limited,Horizon SG-DQN limited 39,horizon,current,48,12.680574979332832,0.1836958969312338,0.001162135424854109,0.24,0.05,0.2,0.75,0.0,0.2,0.0,-378.7592895507812,41.29101562500001,100
horizon_limited,Horizon SG-DQN limited 39,horizon,current,49,13.322304094667878,0.18381832955727553,0.001212426756122349,0.24,0.0475,0.2025,0.75,0.0,0.19,0.0,-308.3171142578125,30.666693115234423,100
horizon_limited,Horizon SG-DQN limited 39,horizon,current,50,9.910485370051035,0.18406482282009332,0.001030853595788397,0.205,0.055,0.195,0.75,0.0,0.22,0.0,-6.700085449218726,47.46715240478515,100
horizon_limited,Horizon SG-DQN limited 39,horizon,current,51,11.054052823765085,0.18781255669108218,0.0010406027058393976,0.235,0.0525,0.1975,0.75,0.0,0.21,0.0,-484.6969970703125,40.75504760742188,100
horizon_limited,Horizon SG-DQN limited 39,horizon,current,52,12.57170884203581,0.186790375421776,0.0009643789317163909,0.2225,0.05,0.2,0.75,0.0,0.2,0.0,-249.45854492187487,30.682144165039077,100
horizon_limited,Horizon SG-DQN limited 39,horizon,current,53,10.154694470740264,0.18794195484844858,0.0010544917439688597,0.2275,0.0825,0.1675,0.75,0.0,0.33,0.0,-151.0175048828125,27.373733520507816,100
horizon_limited,Horizon SG-DQN limited 39,horizon,current,54,11.819759012632687,0.1875571958772475,0.0009609132080841034,0.225,0.1075,0.1425,0.75,0.0,0.43,0.0,-58.43620605468749,39.2284408569336,100
horizon_limited,Horizon SG-DQN limited 39,horizon,current,55,7.604985663467743,0.19734664754217376,0.000994731974714576,0.2375,0.0925,0.1575,0.75,0.0,0.37,0.0,-9.452319335937485,30.288000488281256,100
horizon_limited,Horizon SG-DQN limited 39,horizon,current,56,11.669148730078426,0.18472778212184934,0.0010788762112557487,0.2575,0.1225,0.1275,0.75,0.0,0.49,0.0,0.0,39.452392578125,100
horizon_limited,Horizon SG-DQN limited 39,horizon,current,57,11.131817673283349,0.18560422923912528,0.0009895149135881135,0.22,0.1,0.15,0.75,0.0,0.4,0.0,-1.2120361328124958,38.11745605468751,100
horizon_limited,Horizon SG-DQN limited 39,horizon,current,58,11.73244379316993,0.18626771772039938,0.0011453144607972688,0.2575,0.1025,0.1475,0.75,0.0,0.41,0.0,-49.85712890625,29.552392578125,100
horizon_limited,Horizon SG-DQN limited 39,horizon,current,59,11.467584801498989,0.1862902330824785,0.0010347356156060995,0.2475,0.13,0.12,0.75,0.0,0.52,2.088134765625,0.0,28.560815429687505,100
horizon_limited,Horizon SG-DQN limited 39,horizon,current,60,10.770571628498258,0.1846165045798719,0.0009003269418982657,0.24,0.115,0.135,0.75,0.0,0.46,0.0,-10.952441406249996,28.14835205078126,100
horizon_limited,Horizon SG-DQN limited 39,horizon,current,61,12.218328755388908,0.1845754716056775,0.0010041216221792811,0.2475,0.1075,0.1425,0.75,0.0,0.43,0.0,-39.31220703124998,26.953063964843793,100
horizon_limited,Horizon SG-DQN limited 39,horizon,current,62,12.622297351110836,0.17978476462104317,0.0010884910094698145,0.27,0.105,0.145,0.75,0.0,0.42,0.0,0.0,27.920275878906267,100
horizon_limited,Horizon SG-DQN limited 39,horizon,current,63,9.787969460274864,0.19376623454747235,0.0010995316392403084,0.27,0.115,0.135,0.75,0.0,0.46,0.0,0.0,32.813879394531256,100
horizon_limited,Horizon SG-DQN limited 39,horizon,current,64,13.214200366847297,0.17916087775389627,0.0010787336783719351,0.26,0.115,0.135,0.75,0.0,0.46,0.0,0.0,25.874560546875,100
horizon_limited,Horizon SG-DQN limited 39,horizon,current,65,10.54062246941275,0.18987243143343285,0.001231312282167693,0.25,0.125,0.125,0.75,0.0,0.5,0.701416015625,0.0,22.973596191406266,100
horizon_limited,Horizon SG-DQN limited 39,horizon,current,66,14.00053212826528,0.1750691736665876,0.0008279314772488117,0.235,0.1275,0.1225,0.75,0.0,0.51,0.3997802734375,-34.17441406249999,31.75281982421877,100
horizon_limited,Horizon SG-DQN limited 39,horizon,current,67,9.751042880179648,0.1874729752178907,0.0009698521167742095,0.2375,0.1275,0.1225,0.75,0.0,0.51,1.134185791015625,-5.74516601562498,22.915673828125,100
horizon_limited,Horizon SG-DQN limited 39,horizon,current,68,11.54008631452895,0.17985425465102245,0.0008926882766642973,0.2475,0.13,0.12,0.75,0.0,0.52,2.495361328125,0.0,31.813842773437518,100
horizon_limited,Horizon SG-DQN limited 39,horizon,current,69,10.961237827870058,0.18885813378603772,0.0010294927913212224,0.255,0.12,0.13,0.75,0.0,0.48,0.0,-8.3060791015625,26.966467285156252,100
horizon_limited,Horizon SG-DQN limited 39,horizon,current,70,12.940789134388993,0.178637687416659,0.0009342849873210405,0.2425,0.105,0.145,0.75,0.0,0.42,0.0,-52.92531738281249,24.99384765625,100
horizon_limited,Horizon SG-DQN limited 39,horizon,current,71,14.520473161699579,0.17794306060466178,0.0009834127861965936,0.24,0.13,0.12,0.75,0.0,0.52,3.8914794921875,-0.02556152343749991,24.090307617187513,100
horizon_limited,Horizon SG-DQN limited 39,horizon,current,72,12.850899942015298,0.18605545186065847,0.0011671088666947152,0.25,0.125,0.125,0.75,0.0,0.5,0.8717041015625,-0.34577636718749877,24.813220214843756,100
horizon_limited,Horizon SG-DQN limited 39,horizon,current,73,13.404035984070674,0.18126805705782886,0.001091452645413047,0.2475,0.1325,0.1175,0.75,0.0,0.53,2.6192626953125,0.0,20.964282226562503,100
horizon_limited,Horizon SG-DQN limited 39,horizon,current,74,12.834649279520548,0.17916372625889668,0.0009402386365849391,0.2425,0.1325,0.1175,0.75,0.0,0.53,6.153289794921875,0.0,26.20130615234376,100
horizon_limited,Horizon SG-DQN limited 39,horizon,current,75,13.288740890961844,0.18177681566626233,0.0011441458735551562,0.24,0.125,0.125,0.75,0.0,0.5,0.1383056640625,-0.6398193359374977,20.80096435546876,100
horizon_limited,Horizon SG-DQN limited 39,horizon,current,76,13.45890992106535,0.18587435723488302,0.0010641990948065262,0.2625,0.125,0.125,0.75,0.0,0.5,1.334716796875,-1.684399414062494,23.98555908203125,100
horizon_limited,Horizon SG-DQN limited 39,horizon,current,77,10.188317957129254,0.19283003028137613,0.0010111934523891677,0.25,0.125,0.125,0.75,0.0,0.5,0.7432861328125,0.0,25.005847167968756,100
horizon_limited,Horizon SG-DQN limited 39,horizon,current,78,14.987180844630592,0.17777062431702753,0.0010230439328962105,0.2425,0.13,0.12,0.75,0.0,0.52,4.3056640625,-1.0994628906249961,24.298831176757815,100
horizon_limited,Horizon SG-DQN limited 39,horizon,current,79,13.111100289642446,0.17840040311382543,0.0008846379706325332,0.2275,0.1275,0.1225,0.75,0.0,0.51,2.02362060546875,0.0,20.40407714843752,100
horizon_limited,Horizon SG-DQN limited 39,horizon,current,80,12.644486179595603,0.1810761439029683,0.0011351482064396216,0.2575,0.125,0.125,0.75,0.0,0.5,0.0084228515625,0.0,17.73199462890625,100
horizon_limited,Horizon SG-DQN limited 39,horizon,current,81,12.133976852986656,0.1886890603028428,0.0010324688780589267,0.235,0.13,0.12,0.75,0.0,0.52,3.0910491943359375,-4.396704101562497,24.513903808593764,100
horizon_limited,Horizon SG-DQN limited 39,horizon,current,82,9.63139432715161,0.19267649644136958,0.0011471651268112884,0.2425,0.115,0.135,0.75,0.0,0.46,0.0,-12.437829589843748,22.506884765625006,100
horizon_limited,Horizon SG-DQN limited 39,horizon,current,83,14.79312577257213,0.179106563093151,0.0009680370791112278,0.2375,0.13,0.12,0.75,0.0,0.52,5.7672119140625,0.0,27.357958984375003,100
horizon_limited,Horizon SG-DQN limited 39,horizon,current,84,12.160989152402799,0.1868853005309382,0.001072663424520265,0.2625,0.14,0.11,0.75,0.0,0.56,6.6773681640625,0.0,24.230700683593756,100
horizon_limited,Horizon SG-DQN limited 39,horizon,current,85,14.288962268723008,0.18225595536697153,0.0009419471858536887,0.2425,0.1375,0.1125,0.75,0.0,0.55,9.67333984375,0.0,23.288317871093753,100
horizon_limited,Horizon SG-DQN limited 39,horizon,current,86,15.251211781090921,0.17709280717093243,0.0010214858685965562,0.23,0.12,0.13,0.75,0.0,0.48,0.0,-0.4280517578124987,27.86282958984375,100
horizon_limited,Horizon SG-DQN limited 39,horizon,current,87,14.079113617511807,0.18018015195089454,0.001000993480010027,0.2425,0.12,0.13,0.75,0.0,0.48,0.0,-1.8869140624999994,23.26622314453127,100
horizon_limited,Horizon SG-DQN limited 39,horizon,current,88,11.220460730036557,0.18973643267198403,0.001121488782753561,0.26,0.135,0.115,0.75,0.0,0.54,4.74322509765625,0.0,23.364978027343792,100
horizon_limited,Horizon SG-DQN limited 39,horizon,current,89,11.79839575204347,0.18436320249430557,0.0010249893032989066,0.2375,0.1325,0.1175,0.75,0.0,0.53,1.882598876953125,0.0,21.069567871093756,100
horizon_limited,Horizon SG-DQN limited 39,horizon,current,90,13.061570533686528,0.17737339890611387,0.0010703050355643522,0.24,0.115,0.135,0.75,0.0,0.46,0.0,-20.205346679687484,23.658581542968754,100
horizon_limited,Horizon SG-DQN limited 39,horizon,current,91,12.476041937239804,0.1843293858898486,0.0010836690047422146,0.24,0.13,0.12,0.75,0.0,0.52,2.5166015625,0.0,22.810070800781254,100
horizon_limited,Horizon SG-DQN limited 39,horizon,current,92,13.515896061867716,0.18071835762444752,0.0010878462245750948,0.235,0.1325,0.1175,0.75,0.0,0.53,6.2892303466796875,0.0,21.9121337890625,100
horizon_limited,Horizon SG-DQN limited 39,horizon,current,93,14.678297491812987,0.17677159885217392,0.0009957821345707993,0.2225,0.1375,0.1125,0.75,0.0,0.55,5.1439208984375,0.0,23.865490722656258,100
horizon_limited,Horizon SG-DQN limited 39,horizon,current,94,10.928800718131816,0.18907265616429803,0.0010099147920923231,0.2475,0.13,0.12,0.75,0.0,0.52,5.6636505126953125,0.0,22.069177246093762,100
horizon_limited,Horizon SG-DQN limited 39,horizon,current,95,12.010339807784192,0.18563022168114265,0.0010133728308447162,0.2525,0.13,0.12,0.75,0.0,0.52,2.68798828125,-0.7090087890624994,19.53862304687501,100
horizon_limited,Horizon SG-DQN limited 39,horizon,current,96,14.88049285001468,0.175206051627353,0.0009543540338643608,0.2475,0.14,0.11,0.75,0.0,0.56,6.3043212890625,0.0,21.494140625000004,100
horizon_limited,Horizon SG-DQN limited 39,horizon,current,97,13.363333747108367,0.17626966217202664,0.0009510333937156784,0.2475,0.1275,0.1225,0.75,0.0,0.51,1.181884765625,0.0,22.138281250000006,100
horizon_limited,Horizon SG-DQN limited 39,horizon,current,98,12.806674549913511,0.18057093130345145,0.0009777314671198067,0.2525,0.135,0.115,0.75,0.0,0.54,5.34375,-1.7213867187499976,17.3891845703125,100
horizon_limited,Horizon SG-DQN limited 39,horizon,current,99,14.535758441526546,0.17043512417468534,0.0009132749512194193,0.2325,0.14,0.11,0.75,0.0,0.56,4.106414794921875,-0.12058105468749958,17.0818115234375,100
horizon_limited,Horizon SG-DQN limited 39,horizon,current,100,13.423371389858339,0.17162193481538682,0.000844300979824015,0.245,0.13,0.12,0.75,0.0,0.52,2.73779296875,0.0,17.261718750000007,100
horizon_limited,Horizon SG-DQN limited 39,horizon,current,101,13.686663799943418,0.17296646554503703,0.0010244167707249303,0.26,0.125,0.125,0.75,0.0,0.5,0.296539306640625,-0.06823730468749976,19.104504394531258,100
horizon_limited,Horizon SG-DQN limited 39,horizon,current,102,12.574410464929297,0.1704586037374269,0.001024044465948906,0.265,0.135,0.115,0.75,0.0,0.54,4.56591796875,0.0,23.646130371093758,100
horizon_limited,Horizon SG-DQN limited 39,horizon,current,103,12.72571083497211,0.1723170776539955,0.0010296237639262572,0.245,0.1375,0.1125,0.75,0.0,0.55,6.001861572265625,0.0,22.912841796875007,100
horizon_limited,Horizon SG-DQN limited 39,horizon,current,104,12.499160923539696,0.1689472192184233,0.0010982727605086374,0.2325,0.13,0.12,0.75,0.0,0.52,2.77716064453125,0.0,21.508740234375004,100
horizon_limited,Horizon SG-DQN limited 39,horizon,current,105,13.45231635744285,0.16584825004665793,0.001043376284466377,0.255,0.1325,0.1175,0.75,0.0,0.53,2.46075439453125,0.0,20.299340820312505,100
horizon_limited,Horizon SG-DQN limited 39,horizon,current,106,14.127618562069095,0.16322084255248862,0.0009939291275078651,0.2425,0.145,0.105,0.75,0.0,0.58,5.362152099609375,0.0,20.06147460937501,100
horizon_limited,Horizon SG-DQN limited 39,horizon,current,107,13.817177079172383,0.16054956801468215,0.00101057544626284,0.245,0.135,0.115,0.75,0.0,0.54,3.805816650390625,-0.23591308593749916,20.56368408203125,100
horizon_limited,Horizon SG-DQN limited 39,horizon,current,108,15.970339470713457,0.15597384497035172,0.0009372002642264667,0.23,0.135,0.115,0.75,0.0,0.54,5.187103271484375,-0.563293457031248,17.221643066406255,100
horizon_limited,Horizon SG-DQN limited 39,horizon,current,109,14.904663600318266,0.1608082939462101,0.0009332017442529605,0.24,0.1375,0.1125,0.75,0.0,0.55,4.520263671875,0.0,18.669189453125,100
horizon_limited,Horizon SG-DQN limited 39,horizon,current,110,14.298086111216792,0.16439304133070562,0.0009506961951505386,0.2425,0.1425,0.1075,0.75,0.0,0.57,4.750640869140625,0.0,20.054541015625002,100
horizon_limited,Horizon SG-DQN limited 39,horizon,current,111,14.747775900839036,0.1673704518997368,0.0010044384117702263,0.26,0.1325,0.1175,0.75,0.0,0.53,5.03961181640625,-7.166455078124975,19.146447753906255,100
horizon_limited,Horizon SG-DQN limited 39,horizon,current,112,15.266919475205455,0.16614874433590254,0.0009712953693232046,0.2625,0.145,0.105,0.75,0.0,0.58,5.88671875,0.0,19.737011718750004,100
horizon_limited,Horizon SG-DQN limited 39,horizon,current,113,13.779143152219435,0.16921977172972194,0.0009560063041024983,0.245,0.1475,0.1025,0.75,0.0,0.59,5.4112548828125,0.0,19.39207763671875,100
horizon_limited,Horizon SG-DQN limited 39,horizon,current,114,13.705635451450854,0.17178496386083758,0.000996150487387262,0.2475,0.1375,0.1125,0.75,0.0,0.55,5.88262939453125,0.0,21.765686035156254,100
horizon_limited,Horizon SG-DQN limited 39,horizon,current,115,12.093998849628347,0.17619433043402807,0.0009893986996890262,0.25,0.1325,0.1175,0.75,0.0,0.53,6.41998291015625,-2.2688232421875,20.533422851562502,100
horizon_limited,Horizon SG-DQN limited 39,horizon,current,116,11.783481480118406,0.17900246645299198,0.000907585610320562,0.2525,0.135,0.115,0.75,0.0,0.54,5.8381195068359375,0.0,17.403295898437502,100
horizon_limited,Horizon SG-DQN limited 39,horizon,current,117,11.997520892945104,0.17877624285243343,0.0009332971093070517,0.25,0.1375,0.1125,0.75,0.0,0.55,5.8895263671875,0.0,19.389514160156253,100
horizon_limited,Horizon SG-DQN limited 39,horizon,current,118,14.017731458089424,0.17783745181661728,0.0010648105802255343,0.28,0.15,0.1,0.75,0.0,0.6,9.451507568359375,0.0,21.034399414062502,100
horizon_limited,Horizon SG-DQN limited 39,horizon,current,119,9.513474439448876,0.18516337061095747,0.001212298176843749,0.2675,0.14,0.11,0.75,0.0,0.56,5.44854736328125,0.0,20.61322021484375,100
horizon_limited,Horizon SG-DQN limited 39,horizon,current,120,12.97213950430668,0.1814237171386906,0.0010021879359955307,0.245,0.14,0.11,0.75,0.0,0.56,2.94921875,-34.99760742187499,21.17510986328125,100
horizon_limited,Horizon SG-DQN limited 39,horizon,current,121,13.682868082729149,0.17885016676208992,0.0010001035574567772,0.2575,0.15,0.1,0.75,0.0,0.6,5.8343505859375,0.0,17.52601318359375,100
horizon_limited,Horizon SG-DQN limited 39,horizon,current,122,12.837314077753744,0.18424219307729628,0.001146848020027634,0.275,0.14,0.11,0.75,0.0,0.56,8.34423828125,0.0,22.465454101562532,100
horizon_limited,Horizon SG-DQN limited 39,horizon,current,123,13.835594084763256,0.17734472488902994,0.0009666777442364599,0.2525,0.1375,0.1125,0.75,0.0,0.55,8.192352294921875,0.0,22.380859375000007,100
horizon_limited,Horizon SG-DQN limited 39,horizon,current,124,12.44419012427566,0.1887777413724576,0.0011448021953217283,0.265,0.1325,0.1175,0.75,0.0,0.53,1.672149658203125,-0.45986328124999953,23.87353515625,100
horizon_limited,Horizon SG-DQN limited 39,horizon,current,125,11.773000810164538,0.18801590275003946,0.0011718170427387664,0.275,0.165,0.085,0.75,0.0,0.66,7.312408447265625,0.0,21.46173095703125,100
horizon_limited,Horizon SG-DQN limited 39,horizon,current,126,9.697549795142939,0.19418194575377257,0.0010594302923369037,0.2675,0.1925,0.0575,0.75,0.0,0.77,9.67230224609375,0.0,23.247875976562508,100
horizon_limited,Horizon SG-DQN limited 39,horizon,current,127,11.526140818754875,0.19109494588943285,0.0010818804010095493,0.2475,0.175,0.075,0.75,0.0,0.7,7.549285888671875,0.0,24.143066406250014,100
horizon_limited,Horizon SG-DQN limited 39,horizon,current,128,11.843690027732237,0.1882383568587328,0.001033429358151698,0.24,0.1875,0.0625,0.75,0.0,0.75,9.092529296875,0.0,22.652392578125006,100
horizon_limited,Horizon SG-DQN limited 39,horizon,current,129,10.564785817316311,0.19013547879542364,0.0009952610943777982,0.2375,0.1825,0.0675,0.75,0.0,0.73,9.7322998046875,0.0,21.399487304687504,100
horizon_limited,Horizon SG-DQN limited 39,horizon,current,130,12.263596368536763,0.18579793818272117,0.001099415123151999,0.25,0.185,0.065,0.75,0.0,0.74,7.633544921875,0.0,20.046844482421875,100
horizon_limited,Horizon SG-DQN limited 39,horizon,current,131,14.249839263514895,0.1796413808768728,0.0010128908756609392,0.2325,0.155,0.095,0.75,0.0,0.62,3.652587890625,0.0,19.894165039062514,100
horizon_limited,Horizon SG-DQN limited 39,horizon,current,132,14.772894366615228,0.18113229808738784,0.0010227099009566998,0.2375,0.1775,0.0725,0.75,0.0,0.71,6.640625,0.0,21.4949951171875,100
horizon_limited,Horizon SG-DQN limited 39,horizon,current,133,14.95461634206943,0.1789527776909104,0.0010321615413475774,0.2275,0.1875,0.0625,0.75,0.0,0.75,8.068115234375,0.0,19.829687500000006,100
horizon_limited,Horizon SG-DQN limited 39,horizon,current,134,15.07259233443258,0.17979801917094984,0.0009262467162920332,0.22,0.2025,0.0475,0.75,0.0,0.81,8.2154541015625,0.0,19.081225585937503,100
horizon_limited,Horizon SG-DQN limited 39,horizon,current,135,14.32991790896638,0.18157938253741807,0.000963956823787053,0.235,0.195,0.055,0.75,0.0,0.78,6.93414306640625,0.0,19.988012695312516,100
horizon_limited,Horizon SG-DQN limited 39,horizon,current,136,14.648065346585854,0.17999887592878283,0.0009574006752214544,0.2225,0.185,0.065,0.75,0.0,0.74,6.5306396484375,0.0,18.21245117187502,100
horizon_limited,Horizon SG-DQN limited 39,horizon,current,137,14.310666549943962,0.1800419904865304,0.0009684907425648901,0.21,0.19,0.06,0.75,0.0,0.76,7.1024169921875,0.0,19.228051757812526,100
horizon_limited,Horizon SG-DQN limited 39,horizon,current,138,12.980324506380514,0.1864198650273163,0.0010363735197002647,0.2425,0.1975,0.0525,0.75,0.0,0.79,5.97900390625,0.0,20.414697265625012,100
horizon_limited,Horizon SG-DQN limited 39,horizon,current,139,9.80757557792244,0.19447239905126593,0.0009568325062636811,0.23,0.1975,0.0525,0.75,0.0,0.79,7.02081298828125,0.0,20.030053710937516,100
horizon_limited,Horizon SG-DQN limited 39,horizon,current,140,12.653952243388535,0.19175624456421622,0.0010875606810966537,0.25,0.1825,0.0675,0.75,0.0,0.73,8.9674072265625,-0.288720703124999,22.304199218750018,100
horizon_limited,Horizon SG-DQN limited 39,horizon,current,141,14.70969692682622,0.18217956154788964,0.0010031046337225442,0.235,0.1925,0.0575,0.75,0.0,0.77,9.22607421875,0.0,21.19461669921875,100
horizon_limited,Horizon SG-DQN limited 39,horizon,current,142,14.027607804946223,0.18354170137379455,0.001064357349613055,0.2375,0.2,0.05,0.75,0.0,0.8,10.124755859375,0.0,20.231176757812502,100
horizon_limited,Horizon SG-DQN limited 39,horizon,current,143,11.367198115165804,0.19256743609950014,0.0010248377934958329,0.2425,0.2025,0.0475,0.75,0.0,0.81,6.976318359375,0.0,22.383642578125002,100
horizon_limited,Horizon SG-DQN limited 39,horizon,current,144,13.599611019638887,0.18479493030970354,0.0010359723624883616,0.2325,0.1825,0.0675,0.75,0.0,0.73,7.307167053222656,0.0,19.618640136718756,100
horizon_limited,Horizon SG-DQN limited 39,horizon,current,145,12.983367309407171,0.1839480273241304,0.0009470091531933833,0.22,0.1875,0.0625,0.75,0.0,0.75,8.821533203125,0.0,18.556225585937504,100
horizon_limited,Horizon SG-DQN limited 39,horizon,current,146,13.090261693151598,0.1870772925215053,0.001031367920601542,0.2425,0.1875,0.0625,0.75,0.0,0.75,9.016357421875,0.0,21.636865234375016,100
horizon_limited,Horizon SG-DQN limited 39,horizon,current,147,14.797174013115141,0.18081755800742338,0.0009130179801550334,0.2225,0.19,0.06,0.75,0.0,0.76,8.809623718261719,0.0,22.09763183593751,100
horizon_limited,Horizon SG-DQN limited 39,horizon,current,148,14.312512962198971,0.1777013040886642,0.0008689794172552088,0.22,0.195,0.055,0.75,0.0,0.78,8.65655517578125,0.0,18.137280273437508,100
horizon_limited,Horizon SG-DQN limited 39,horizon,current,149,14.595400265605603,0.18224987255668362,0.0009748194283271835,0.235,0.19,0.06,0.75,0.0,0.76,9.7462158203125,0.0,22.902014160156252,100
horizon_limited,Horizon SG-DQN limited 39,horizon,current,150,13.234464946624778,0.18575245140160299,0.0009922486024105653,0.245,0.2075,0.0425,0.75,0.0,0.83,8.13037109375,0.0,20.08223876953125,100
horizon_limited,Horizon SG-DQN limited 39,horizon,current,151,14.305688155442354,0.18039908040174565,0.001017945276591499,0.24,0.205,0.045,0.75,0.0,0.82,7.347381591796875,0.0,21.01545410156251,100
horizon_limited,Horizon SG-DQN limited 39,horizon,current,152,15.07112240751773,0.18062939354479732,0.0009370301032662299,0.23,0.19,0.06,0.75,0.0,0.76,7.8800048828125,0.0,20.969726562500007,100
horizon_limited,Horizon SG-DQN limited 39,horizon,current,153,14.594557380125462,0.17759461979254168,0.0009781640904582148,0.235,0.2,0.05,0.75,0.0,0.8,7.66455078125,0.0,21.781640625,100
horizon_limited,Horizon SG-DQN limited 39,horizon,current,154,14.478100053325054,0.17914761437698443,0.0008922603023227115,0.22,0.1875,0.0625,0.75,0.0,0.75,5.6204833984375,0.0,18.93629150390625,100
horizon_limited,Horizon SG-DQN limited 39,horizon,current,155,13.373790353909266,0.18709540109200787,0.001084873584542876,0.2425,0.1825,0.0675,0.75,0.0,0.73,7.1710205078125,0.0,18.01563720703125,100
horizon_limited,Horizon SG-DQN limited 39,horizon,current,156,15.34960471059302,0.17793731094532841,0.0009047600045018726,0.2275,0.2,0.05,0.75,0.0,0.8,7.5660400390625,0.0,22.9806396484375,100
horizon_limited,Horizon SG-DQN limited 39,horizon,current,157,14.471185036590878,0.17908089091449395,0.0008942712576753714,0.2225,0.17,0.08,0.75,0.0,0.68,4.52099609375,0.0,17.45957031250002,100
horizon_limited,Horizon SG-DQN limited 39,horizon,current,158,13.152135847857423,0.18124677681407764,0.0009382661533123599,0.23,0.1875,0.0625,0.75,0.0,0.75,7.479888916015625,0.0,20.32177734375,100
horizon_limited,Horizon SG-DQN limited 39,horizon,current,159,13.871632812939488,0.18176751306664374,0.0010730808179670128,0.25,0.1925,0.0575,0.75,0.0,0.77,8.1988525390625,0.0,24.332983398437502,100
horizon_limited,Horizon SG-DQN limited 39,horizon,current,160,12.12419460999687,0.1880399630182895,0.0010359186708455744,0.25,0.18,0.07,0.75,0.0,0.72,6.01708984375,0.0,29.971142578125004,100
horizon_limited,Horizon SG-DQN limited 39,horizon,current,161,13.367161454557944,0.1830387541569386,0.0009426573716761714,0.235,0.185,0.065,0.75,0.0,0.74,6.93072509765625,0.0,14.782153320312505,100
horizon_limited,Horizon SG-DQN limited 39,horizon,current,162,12.974407764276325,0.18608837559107322,0.0010355907462126217,0.255,0.19,0.06,0.75,0.0,0.76,6.831146240234375,0.0,16.223559570312503,100
horizon_limited,Horizon SG-DQN limited 39,horizon,current,163,13.275412893356176,0.17957463113535677,0.0009336078839837442,0.2475,0.19,0.06,0.75,0.0,0.76,4.1993408203125,0.0,18.057019042968754,100
horizon_limited,Horizon SG-DQN limited 39,horizon,current,164,13.404025112359813,0.18457949195457796,0.000988900232981372,0.245,0.1825,0.0675,0.75,0.0,0.73,5.702545166015625,0.0,15.6757568359375,100
horizon_limited,Horizon SG-DQN limited 39,horizon,current,165,12.266334578346743,0.18619005616737672,0.0009350446589128702,0.24,0.195,0.055,0.75,0.0,0.78,9.005126953125,0.0,21.68153076171875,100
horizon_limited,Horizon SG-DQN limited 39,horizon,current,166,12.81316209484911,0.18519581833686946,0.0010197685655771815,0.24,0.1775,0.0725,0.75,0.0,0.71,5.836395263671875,0.0,20.4256591796875,100
horizon_limited,Horizon SG-DQN limited 39,horizon,current,167,11.076979025640025,0.1882441849991563,0.0009561052161765223,0.245,0.2075,0.0425,0.75,0.0,0.83,7.710693359375,0.0,19.769128417968766,100
horizon_limited,Horizon SG-DQN limited 39,horizon,current,168,13.609885870497337,0.1820291811456823,0.001058640442875879,0.2625,0.1875,0.0625,0.75,0.0,0.75,8.7581787109375,0.0,19.708117675781253,100
horizon_limited,Horizon SG-DQN limited 39,horizon,current,169,13.420830756011702,0.18200467499345813,0.0010182844995234284,0.2575,0.1775,0.0725,0.75,0.0,0.71,4.91241455078125,0.0,18.297265625000005,100
horizon_limited,Horizon SG-DQN limited 39,horizon,current,170,12.86960772452088,0.18037362528667691,0.0009047586273913372,0.2375,0.1975,0.0525,0.75,0.0,0.79,7.07470703125,0.0,17.5743896484375,100
horizon_limited,Horizon SG-DQN limited 39,horizon,current,171,13.235456889751013,0.17998142560867805,0.000932246250915979,0.2525,0.1975,0.0525,0.75,0.0,0.79,7.266571044921875,0.0,17.166296386718752,100
horizon_limited,Horizon SG-DQN limited 39,horizon,current,172,15.433953268933328,0.17003381480309862,0.0008526053698491893,0.2375,0.1825,0.0675,0.75,0.0,0.73,5.1905517578125,0.0,17.31968994140625,100
horizon_limited,Horizon SG-DQN limited 39,horizon,current,173,13.393187980527726,0.17894523012200378,0.0009681836257411874,0.245,0.19,0.06,0.75,0.0,0.76,6.72259521484375,0.0,20.33175048828125,100
horizon_limited,Horizon SG-DQN limited 39,horizon,current,174,13.20662573959909,0.17892706931988964,0.0009907864404879504,0.275,0.195,0.055,0.75,0.0,0.78,6.26812744140625,0.0,19.72819824218751,100
horizon_limited,Horizon SG-DQN limited 39,horizon,current,175,14.371026575732929,0.17532313588735932,0.0009918388938562378,0.2575,0.1975,0.0525,0.75,0.0,0.79,6.8232421875,0.0,16.241931152343756,100
horizon_limited,Horizon SG-DQN limited 39,horizon,current,176,12.246801616515736,0.17883906483812764,0.0009895983194996734,0.265,0.1925,0.0575,0.75,0.0,0.77,7.4637451171875,0.0,17.863439941406252,100
horizon_limited,Horizon SG-DQN limited 39,horizon,current,177,14.434049412145702,0.17643495408840926,0.0010264850737004248,0.2625,0.19,0.06,0.75,0.0,0.76,7.766845703125,0.0,18.08002929687501,100
horizon_limited,Horizon SG-DQN limited 39,horizon,current,178,12.416760996128492,0.18199260191073705,0.0010002057930142694,0.2725,0.195,0.055,0.75,0.0,0.78,8.50445556640625,0.0,20.052880859375,100
horizon_limited,Horizon SG-DQN limited 39,horizon,current,179,12.513416160301803,0.18190600717453978,0.0009817280610138694,0.25,0.215,0.035,0.75,0.0,0.86,8.80889892578125,0.0,17.9353515625,100
horizon_limited,Horizon SG-DQN limited 39,horizon,current,180,14.280071266805892,0.17616925556471316,0.0008908116044949027,0.2425,0.22,0.03,0.75,0.0,0.88,8.98828125,0.0,17.60615234375,100
horizon_limited,Horizon SG-DQN limited 39,horizon,current,181,12.492489752436834,0.1855698218183931,0.001005811593874066,0.2525,0.2225,0.0275,0.75,0.0,0.89,8.45196533203125,0.0,17.605029296875006,100
horizon_limited,Horizon SG-DQN limited 39,horizon,current,182,15.31056680915971,0.1710881343582202,0.0008654868857184389,0.2325,0.215,0.035,0.75,0.0,0.86,7.7843017578125,0.0,17.393725585937503,100
horizon_limited,Horizon SG-DQN limited 39,horizon,current,183,11.884432252929887,0.18664493108938005,0.0010178896078878875,0.255,0.21,0.04,0.75,0.0,0.84,9.2620849609375,0.0,19.95391845703125,100
horizon_limited,Horizon SG-DQN limited 39,horizon,current,184,12.166499181432886,0.18786776144122008,0.0010607019793124812,0.2525,0.225,0.025,0.75,0.0,0.9,9.321502685546875,0.09008789062500003,16.7765869140625,100
horizon_limited,Horizon SG-DQN limited 39,horizon,current,185,13.590316343908684,0.1786820374344818,0.0009238764203660485,0.235,0.215,0.035,0.75,0.0,0.86,7.7845458984375,0.0,17.014233398437508,100
horizon_limited,Horizon SG-DQN limited 39,horizon,current,186,13.041581161418758,0.1863998535324669,0.0010203341503387555,0.2475,0.22,0.03,0.75,0.0,0.88,8.357421875,0.0,16.1318603515625,100
horizon_limited,Horizon SG-DQN limited 39,horizon,current,187,13.3124201362033,0.18176092150772682,0.0009061400885133974,0.2275,0.215,0.035,0.75,0.0,0.86,8.939697265625,0.0,20.256665039062504,100
horizon_limited,Horizon SG-DQN limited 39,horizon,current,188,14.09699713294142,0.1769873270232909,0.0009296842536416078,0.23,0.225,0.025,0.75,0.0,0.9,7.955810546875,0.35727539062500013,17.600830078125004,100
horizon_limited,Horizon SG-DQN limited 39,horizon,current,189,14.994806617872303,0.1790761918754653,0.0009783431064630064,0.2325,0.215,0.035,0.75,0.0,0.86,7.490966796875,0.0,17.577746582031253,100
horizon_limited,Horizon SG-DQN limited 39,horizon,current,190,15.122604435150198,0.1786403442438216,0.0009691194185369026,0.2225,0.215,0.035,0.75,0.0,0.86,6.947509765625,0.0,19.12521972656251,100
horizon_limited,Horizon SG-DQN limited 39,horizon,current,191,13.327454148791558,0.18127376589549374,0.0009860828166910632,0.235,0.2,0.05,0.75,0.0,0.8,7.259033203125,0.0,20.148876953125,100
horizon_limited,Horizon SG-DQN limited 39,horizon,current,192,12.651744572685843,0.18187276122574184,0.0009996531447918633,0.2275,0.2075,0.0425,0.75,0.0,0.83,8.241943359375,0.0,21.855810546875002,100
horizon_limited,Horizon SG-DQN limited 39,horizon,current,193,10.18726913664862,0.19252830691829836,0.0009980607346474857,0.2225,0.205,0.045,0.75,0.0,0.82,6.27874755859375,0.0,19.066796875000005,100
horizon_limited,Horizon SG-DQN limited 39,horizon,current,194,9.765524313499222,0.18502562984331583,0.0010902706320277252,0.235,0.22,0.03,0.75,0.0,0.88,8.10888671875,0.0,20.124023437500007,100
horizon_limited,Horizon SG-DQN limited 39,horizon,current,195,9.418375493125478,0.18945398706233507,0.0010487974393051061,0.235,0.2125,0.0375,0.75,0.0,0.85,11.84619140625,0.0,24.070581054687505,100
horizon_limited,Horizon SG-DQN limited 39,horizon,current,196,10.066427771640958,0.18865220532813554,0.001000911232195162,0.2375,0.2175,0.0325,0.75,0.0,0.87,10.6724853515625,0.0,21.595996093750003,100
horizon_limited,Horizon SG-DQN limited 39,horizon,current,197,12.22007138672527,0.17762227224844435,0.0009187149821552747,0.2275,0.2275,0.0225,0.75,0.0,0.91,10.754638671875,0.6431640625000001,21.5712646484375,100
horizon_limited,Horizon SG-DQN limited 39,horizon,current,198,12.402394116730024,0.1768990563385715,0.0008478521444102022,0.2325,0.2275,0.0225,0.75,0.0,0.91,9.8109130859375,0.33584594726562506,18.638854980468754,100
horizon_limited,Horizon SG-DQN limited 39,horizon,current,199,11.725505574444494,0.18207192226620067,0.0010170075323172826,0.2575,0.2325,0.0175,0.75,0.0,0.93,9.351318359375,1.23740234375,18.48818359375,100
horizon_limited,Horizon SG-DQN limited 39,horizon,current,200,11.677230134320753,0.18185615196237243,0.0009993905496348044,0.275,0.2475,0.0025,0.75,0.0,0.99,19.99847412109375,8.71123046875,23.30678710937505,100
horizon_wide,Horizon SG-DQN wide 87,horizon,reference,1,-2.4757971343220584,0.2927707191778444,0.002622321657885212,0.4425,0.0,0.0,0.0,0.0,nan,nan,nan,nan,0
horizon_wide,Horizon SG-DQN wide 87,horizon,reference,2,7.874069683245648,0.18594152231035466,0.0015049713189922193,0.2525,0.0,0.0,0.0,0.0,nan,nan,nan,nan,0
horizon_wide,Horizon SG-DQN wide 87,horizon,reference,3,7.9847975595233605,0.18505905208111023,0.00149940613132385,0.2525,0.0,0.0,0.0,0.0,nan,nan,nan,nan,0
horizon_wide,Horizon SG-DQN wide 87,horizon,reference,4,8.105924556201765,0.18410211055489434,0.0014935419865018456,0.2525,0.0,0.0,0.0,0.0,nan,nan,nan,nan,0
horizon_wide,Horizon SG-DQN wide 87,horizon,reference,5,8.225657526245664,0.18307196649804552,0.0014873741488288144,0.255,0.0,0.0,0.0,0.0,nan,nan,nan,nan,0
horizon_wide,Horizon SG-DQN wide 87,horizon,reference,6,8.348965000563991,0.18196566273979833,0.0014809316486112634,0.25,0.0,0.0,0.0,0.0,nan,nan,nan,nan,0
horizon_wide,Horizon SG-DQN wide 87,horizon,reference,7,8.481938704380315,0.18077234278615023,0.0014741697172206752,0.25,0.0,0.0,0.0,0.0,nan,nan,nan,nan,0
horizon_wide,Horizon SG-DQN wide 87,horizon,reference,8,8.646113114652538,0.17952075608766044,0.0014670518705704732,0.2525,0.0,0.0,0.0,0.0,nan,nan,nan,nan,0
horizon_wide,Horizon SG-DQN wide 87,horizon,reference,9,8.806242397490184,0.1784467768279042,0.0014595864385182817,0.2475,0.0,0.0,0.0,0.0,nan,nan,nan,nan,0
horizon_wide,Horizon SG-DQN wide 87,horizon,reference,10,8.921790762841676,0.17753237362988525,0.0014515408397545338,0.2475,0.0,0.0,0.0,0.0,nan,nan,nan,nan,0
horizon_wide,Horizon SG-DQN wide 87,horizon,reference,11,9.070162947450875,0.1765178214087376,0.0014432441652684016,0.245,0.0,0.9975,0.0,0.0,0.0,nan,nan,nan,399
horizon_wide,Horizon SG-DQN wide 87,horizon,reference,12,9.243795266627322,0.17539656692687244,0.0014346148404482768,0.2425,0.0,1.0,0.0,0.0,0.0,nan,nan,nan,400
horizon_wide,Horizon SG-DQN wide 87,horizon,reference,13,9.454461497921823,0.17419942079565698,0.001425550484335849,0.2375,0.0,1.0,0.0,0.0,0.0,nan,nan,nan,400
horizon_wide,Horizon SG-DQN wide 87,horizon,reference,14,11.59213224127729,0.1757976693130348,0.0009181605387193278,0.225,0.065,0.1875,0.7475,0.0,0.25742574257425743,0.0,-149.23089303970337,30.359941387176537,101
horizon_wide,Horizon SG-DQN wide 87,horizon,reference,15,6.137345392228074,0.19281419340599332,0.001248611641044831,0.245,0.0675,0.1825,0.75,0.0,0.27,0.0,-3.7345980048179626,15.006028079986574,100
horizon_wide,Horizon SG-DQN wide 87,horizon,reference,16,-0.43767627222195415,0.21740720633620703,0.001113815173362815,0.265,0.065,0.185,0.75,0.0,0.26,0.0,-8.515961742401123,13.598125505447394,100
horizon_wide,Horizon SG-DQN wide 87,horizon,reference,17,8.38809389384265,0.1832111600674826,0.0009843649420801185,0.21,0.0525,0.1975,0.75,0.0,0.21,0.0,-613.7830704689026,28.876715922355654,100
horizon_wide,Horizon SG-DQN wide 87,horizon,reference,18,9.544923176028178,0.16840748807449712,0.0008665196784180898,0.225,0.05,0.2,0.75,0.0,0.2,0.0,-389.91230964660645,14.349977517127993,100
horizon_wide,Horizon SG-DQN wide 87,horizon,reference,19,12.135241989600704,0.1644093968730812,0.000869530286124251,0.2275,0.05,0.2,0.75,0.0,0.2,0.0,-1516.830493927002,17.151748228073124,100
horizon_wide,Horizon SG-DQN wide 87,horizon,reference,20,6.397280351355671,0.19464999466044153,0.0009281244617330422,0.245,0.06,0.19,0.75,0.0,0.24,0.0,-109.93584022521964,22.996156334877035,100
horizon_wide,Horizon SG-DQN wide 87,horizon,reference,21,10.470060008365547,0.17131943298271163,0.0009748973827138868,0.24,0.0575,0.1925,0.75,0.0,0.23,0.0,-484.755969619751,13.809196043014527,100
horizon_wide,Horizon SG-DQN wide 87,horizon,reference,22,12.23370490834581,0.16494015484870736,0.000983060793043943,0.24,0.055,0.195,0.75,0.0,0.22,0.0,-522.8855020999908,18.00141925811768,100
horizon_wide,Horizon SG-DQN wide 87,horizon,reference,23,8.43876121725332,0.1786486640612601,0.0009824517587876435,0.2525,0.0625,0.1875,0.75,0.0,0.25,0.0,-771.0885717391968,15.929946231842074,100
horizon_wide,Horizon SG-DQN wide 87,horizon,reference,24,12.548650399094509,0.16405520570586912,0.000922102137350574,0.2175,0.055,0.195,0.75,0.0,0.22,0.0,-129.03140296936033,24.615492492914203,100
horizon_wide,Horizon SG-DQN wide 87,horizon,reference,25,2.052289586565843,0.19778440650895873,0.0010684173932149093,0.2375,0.07,0.18,0.75,0.0,0.28,0.0,-578.2269616127014,22.63730401992799,100
horizon_wide,Horizon SG-DQN wide 87,horizon,reference,26,14.1100567314017,0.17482448214240612,0.0010520122215776832,0.2775,0.07,0.18,0.75,0.0,0.28,0.0,-1127.036289978027,27.884094238281264,100
horizon_wide,Horizon SG-DQN wide 87,horizon,reference,27,12.393685002178948,0.16967985481668937,0.0008607557008776756,0.24,0.0625,0.1875,0.75,0.0,0.25,0.0,-2130.1530151367188,26.354786014556943,100
horizon_wide,Horizon SG-DQN wide 87,horizon,reference,28,12.06011357504457,0.17168375768881317,0.0010172431420152144,0.28,0.0675,0.1825,0.75,0.0,0.27,0.0,-331.4757278442381,25.140621757507326,100
horizon_wide,Horizon SG-DQN wide 87,horizon,reference,29,12.260103631980048,0.16750073923874204,0.0008592574264456176,0.23,0.0625,0.1875,0.75,0.0,0.25,0.0,-792.1547584533691,24.03097305297852,100
horizon_wide,Horizon SG-DQN wide 87,horizon,reference,30,10.804694340896544,0.17479920824364736,0.0008414760466525398,0.2325,0.0675,0.1825,0.75,0.0,0.27,0.0,-865.5608444213867,22.24503974914552,100
horizon_wide,Horizon SG-DQN wide 87,horizon,reference,31,9.228292965901101,0.1759666288301679,0.0008883446861092337,0.19,0.0725,0.1775,0.75,0.0,0.29,0.0,-749.3839893341063,16.189714813232463,100
horizon_wide,Horizon SG-DQN wide 87,horizon,reference,32,10.69733896747456,0.17475951258417063,0.0011324304141546507,0.2575,0.0725,0.1775,0.75,0.0,0.29,0.0,-398.3998832702636,22.639266204833987,100
horizon_wide,Horizon SG-DQN wide 87,horizon,reference,33,9.011898904252979,0.1825186422147901,0.0011584050967502646,0.225,0.085,0.165,0.75,0.0,0.34,0.0,-1247.77509765625,19.04175415039063,100
horizon_wide,Horizon SG-DQN wide 87,horizon,reference,34,8.962429620675707,0.18632680748379613,0.0008162147371746859,0.24,0.08,0.17,0.75,0.0,0.32,0.0,-625.8877990722656,25.730267333984415,100
horizon_wide,Horizon SG-DQN wide 87,horizon,reference,35,12.64065089990352,0.17211137722153913,0.0009660254403288576,0.26,0.08,0.17,0.75,0.0,0.32,0.0,-850.2211853027344,27.215038299560547,100
horizon_wide,Horizon SG-DQN wide 87,horizon,reference,36,7.310782546679979,0.18072253735352237,0.0009633151571938179,0.2775,0.065,0.185,0.75,0.0,0.26,0.0,-1698.3737823486329,24.83108215332032,100
horizon_wide,Horizon SG-DQN wide 87,horizon,reference,37,13.521258241972443,0.17498824143803712,0.0009809341927639612,0.24,0.06,0.19,0.75,0.0,0.24,0.0,-1847.8556335449218,28.423579406738295,100
horizon_wide,Horizon SG-DQN wide 87,horizon,reference,38,11.291824214674044,0.18657601252561157,0.0010539386326586773,0.2525,0.0725,0.1775,0.75,0.0,0.29,0.0,-741.1717956542968,26.752896118164067,100
horizon_wide,Horizon SG-DQN wide 87,horizon,reference,39,12.684179749819762,0.17588570631172304,0.0008886089068131971,0.2125,0.0575,0.1925,0.75,0.0,0.23,0.0,-1591.0508300781248,24.03853759765626,100
horizon_wide,Horizon SG-DQN wide 87,horizon,reference,40,7.931546754158444,0.1861091130969179,0.0007738600414212822,0.2425,0.0875,0.1625,0.75,0.0,0.35,0.0,-1011.84931640625,40.13541870117189,100
horizon_wide,Horizon SG-DQN wide 87,horizon,reference,41,6.03785702760343,0.20289565908249588,0.0010565619249945707,0.2675,0.075,0.175,0.75,0.0,0.3,0.0,-732.3544677734375,24.064489746093756,100
horizon_wide,Horizon SG-DQN wide 87,horizon,reference,42,7.949524057677252,0.19418847136774572,0.0010570925067746938,0.26,0.075,0.175,0.75,0.0,0.3,0.0,-760.5753051757813,24.19892578125,100
horizon_wide,Horizon SG-DQN wide 87,horizon,reference,43,3.1129102992043136,0.2045677236257572,0.0009791405912568424,0.245,0.09,0.16,0.75,0.0,0.36,0.0,0.0,21.422711181640647,100
horizon_wide,Horizon SG-DQN wide 87,horizon,reference,44,6.3015329338116315,0.21159538039192965,0.0011800086378977708,0.29,0.08,0.17,0.75,0.0,0.32,0.0,-1327.8221656799315,29.111096191406272,100
horizon_wide,Horizon SG-DQN wide 87,horizon,reference,45,9.420270294370772,0.18938325277331047,0.001102322992509462,0.25,0.0625,0.1875,0.75,0.0,0.25,0.0,-875.4079833984374,17.597738647460943,100
horizon_wide,Horizon SG-DQN wide 87,horizon,reference,46,3.2544681988505273,0.2136574643571737,0.001232827249129656,0.275,0.0825,0.1675,0.75,0.0,0.33,0.0,-1477.0194091796875,26.28843078613285,100
horizon_wide,Horizon SG-DQN wide 87,horizon,reference,47,9.298301204586702,0.19123633577959825,0.0011356408961048948,0.235,0.0625,0.1875,0.75,0.0,0.25,0.0,-138.3806535720825,17.764556884765643,100
horizon_wide,Horizon SG-DQN wide 87,horizon,reference,48,7.5360330916676785,0.19855660728244146,0.001039461814533887,0.2175,0.085,0.165,0.75,0.0,0.34,0.0,-1372.8885498046875,29.44161376953125,100
horizon_wide,Horizon SG-DQN wide 87,horizon,reference,49,3.4814806509818323,0.21224487098200281,0.0009649793442434495,0.225,0.07,0.18,0.75,0.0,0.28,0.0,-51.07496337890621,28.88212280273439,100
horizon_wide,Horizon SG-DQN wide 87,horizon,reference,50,6.423915768589405,0.20202044811914432,0.0010447775081429654,0.2325,0.0625,0.1875,0.75,0.0,0.25,0.0,-549.3853881835937,16.171997070312514,100
horizon_wide,Horizon SG-DQN wide 87,horizon,reference,51,13.897601661320618,0.18230889815703463,0.0010672965035815251,0.2225,0.115,0.135,0.75,0.0,0.46,0.0,-574.8615539550781,48.026675415039094,100
horizon_wide,Horizon SG-DQN wide 87,horizon,reference,52,3.243774781303556,0.21294358118213283,0.0012818567093202838,0.275,0.0675,0.1825,0.75,0.0,0.27,0.0,-860.198486328125,44.04427947998051,100
horizon_wide,Horizon SG-DQN wide 87,horizon,reference,53,7.856639004692413,0.20139233618027327,0.0012116923271076635,0.2525,0.095,0.155,0.75,0.0,0.38,0.0,-1042.9753868103028,17.621081542968778,100
horizon_wide,Horizon SG-DQN wide 87,horizon,reference,54,7.60656642123262,0.196583913096561,0.0009772383779981352,0.2275,0.11,0.14,0.75,0.0,0.44,0.0,-540.2422973632812,24.236914062500055,100
horizon_wide,Horizon SG-DQN wide 87,horizon,reference,55,13.724878018953156,0.17642838315831383,0.0010607760757474335,0.2425,0.095,0.155,0.75,0.0,0.38,0.0,-229.91103515624997,24.79114990234376,100
horizon_wide,Horizon SG-DQN wide 87,horizon,reference,56,10.351204204709989,0.18307371849679888,0.001143290766816279,0.205,0.115,0.135,0.75,0.0,0.46,0.0,-2.9439697265624893,33.57972412109376,100
horizon_wide,Horizon SG-DQN wide 87,horizon,reference,57,12.053836603996158,0.18380515563164251,0.001387652751494951,0.2525,0.12,0.13,0.75,0.0,0.48,0.0,-768.3720703125,37.87322235107431,100
horizon_wide,Horizon SG-DQN wide 87,horizon,reference,58,10.950813927456588,0.1903738519349605,0.0012934724202565632,0.2625,0.105,0.145,0.75,0.0,0.42,0.0,-421.99482421875,25.64251098632813,100
horizon_wide,Horizon SG-DQN wide 87,horizon,reference,59,12.64837135486067,0.1866139700268596,0.001247274802287617,0.27,0.1225,0.1275,0.75,0.0,0.49,0.0,-446.1270874023436,22.004458618164065,100
horizon_wide,Horizon SG-DQN wide 87,horizon,reference,60,10.504632887669157,0.19542302265298456,0.001288570260596057,0.2625,0.155,0.095,0.75,0.0,0.62,5.61407470703125,0.0,37.96793823242189,100
horizon_wide,Horizon SG-DQN wide 87,horizon,reference,61,11.691129068241466,0.18629819414295506,0.0010861067980801112,0.2575,0.1125,0.1375,0.75,0.0,0.45,0.0,-20.690899658203108,13.648046875000004,100
horizon_wide,Horizon SG-DQN wide 87,horizon,reference,62,15.750859184653281,0.17466316281688493,0.0010268023733608497,0.23,0.115,0.135,0.75,0.0,0.46,0.0,-299.5942626953125,20.935913085937514,100
horizon_wide,Horizon SG-DQN wide 87,horizon,reference,63,11.863797620995694,0.18866961117821668,0.0011144964627367692,0.26,0.15,0.1,0.75,0.0,0.6,1.5753173828125,-5.197058105468732,22.218737792968756,100
horizon_wide,Horizon SG-DQN wide 87,horizon,reference,64,13.56939509334246,0.1752969263036774,0.0009713570016646003,0.2375,0.1725,0.0775,0.75,0.0,0.69,4.0230712890625,0.0,18.97404174804688,100
horizon_wide,Horizon SG-DQN wide 87,horizon,reference,65,8.138672977482342,0.19453143562846287,0.0011718470052706547,0.285,0.135,0.115,0.75,0.0,0.54,2.4783935546875,-326.23740234375,24.24494628906251,100
horizon_wide,Horizon SG-DQN wide 87,horizon,reference,66,11.898996546522872,0.1869341414101786,0.0009685427943671111,0.26,0.1475,0.1025,0.75,0.0,0.59,3.7554931640625,-232.36433105468723,16.004840087890628,100
horizon_wide,Horizon SG-DQN wide 87,horizon,reference,67,13.5313443235996,0.18153357723116537,0.0011940033354568412,0.285,0.1775,0.0725,0.75,0.0,0.71,5.0950927734375,0.0,24.983087158203134,100
horizon_wide,Horizon SG-DQN wide 87,horizon,reference,68,11.399818491811036,0.18035262454491754,0.0011153197504009584,0.26,0.135,0.115,0.75,0.0,0.54,1.8575439453125,-868.92978515625,20.22512817382813,100
horizon_wide,Horizon SG-DQN wide 87,horizon,reference,69,11.917245785507253,0.18422192400781476,0.0011527370381547435,0.275,0.1675,0.0825,0.75,0.0,0.67,4.440673828125,-5.4089965820312464,22.195520019531255,100
horizon_wide,Horizon SG-DQN wide 87,horizon,reference,70,13.182707944147602,0.1765244878331934,0.001236277482041359,0.27,0.1375,0.1125,0.75,0.0,0.55,1.427001953125,-86.41676025390622,20.589648437500006,100
horizon_wide,Horizon SG-DQN wide 87,horizon,reference,71,11.127883817168843,0.1970901107177675,0.001054316306008698,0.2575,0.1625,0.0875,0.75,0.0,0.65,4.71044921875,-636.3537490844726,20.088781738281252,100
horizon_wide,Horizon SG-DQN wide 87,horizon,reference,72,15.974614034618394,0.17878680845097977,0.0011361032332230631,0.2475,0.1575,0.0925,0.75,0.0,0.63,3.512451171875,-158.05637207031242,23.820123291015626,100
horizon_wide,Horizon SG-DQN wide 87,horizon,reference,73,13.324196938110381,0.18324899695791072,0.001104382737989807,0.255,0.1625,0.0875,0.75,0.0,0.65,3.872802734375,-0.054687499999999806,16.95717773437501,100
horizon_wide,Horizon SG-DQN wide 87,horizon,reference,74,7.003495450502982,0.19495534376335727,0.0007268924811591357,0.2325,0.1275,0.1225,0.75,0.0,0.51,0.08270263671875,-202.24799804687498,17.21909484863283,100
horizon_wide,Horizon SG-DQN wide 87,horizon,reference,75,16.635305428790048,0.17696009612064295,0.0009802704834210205,0.25,0.1475,0.1025,0.75,0.0,0.59,4.1539306640625,-583.1162841796875,21.38725585937501,100
horizon_wide,Horizon SG-DQN wide 87,horizon,reference,76,13.160695930425076,0.1871250481514994,0.0011504021594171646,0.255,0.1625,0.0875,0.75,0.0,0.65,3.56982421875,-174.7044433593749,25.771154785156252,100
horizon_wide,Horizon SG-DQN wide 87,horizon,reference,77,15.434675323657627,0.17728196852707867,0.0010739081200124892,0.2325,0.165,0.085,0.75,0.0,0.66,3.7274169921875,-85.87786865234374,22.824365234375005,100
horizon_wide,Horizon SG-DQN wide 87,horizon,reference,78,13.984056869341957,0.18599396172410684,0.0013462490399251772,0.285,0.1625,0.0875,0.75,0.0,0.65,5.4503173828125,-220.85009765624997,24.306329345703126,100
horizon_wide,Horizon SG-DQN wide 87,horizon,reference,79,8.322895424944614,0.19610732193841124,0.0010944698985333925,0.2625,0.1575,0.0925,0.75,0.0,0.63,2.591552734375,-27.801538085937484,15.600848388671881,100
horizon_wide,Horizon SG-DQN wide 87,horizon,reference,80,8.52035934090727,0.19777351106666655,0.0009141993055622864,0.22,0.1525,0.0975,0.75,0.0,0.61,2.62109375,-78.94926757812499,14.114038085937505,100
horizon_wide,Horizon SG-DQN wide 87,horizon,reference,81,6.7174694513799444,0.2122270153309559,0.0011209428130976393,0.245,0.1725,0.0775,0.75,0.0,0.69,5.2926025390625,-128.0585083007812,20.354742431640652,100
horizon_wide,Horizon SG-DQN wide 87,horizon,reference,82,14.672424247167106,0.18189999169269694,0.0010129204161553286,0.2325,0.1675,0.0825,0.75,0.0,0.67,4.6453857421875,0.0,21.203247070312504,100
horizon_wide,Horizon SG-DQN wide 87,horizon,reference,83,7.8292823153589275,0.1926314491990714,0.000893129490669945,0.225,0.15,0.1,0.75,0.0,0.6,2.94140625,-407.22050781249993,20.028796386718753,100
horizon_wide,Horizon SG-DQN wide 87,horizon,reference,84,13.746940965968161,0.1821836617441797,0.000981624975982711,0.235,0.175,0.075,0.75,0.0,0.7,4.39794921875,-15.655853271484354,19.25222167968752,100
horizon_wide,Horizon SG-DQN wide 87,horizon,reference,85,12.068952346453006,0.18036470674188362,0.001013579499759559,0.225,0.1675,0.0825,0.75,0.0,0.67,2.9794921875,-29.88387145996093,24.723681640625003,100
horizon_wide,Horizon SG-DQN wide 87,horizon,reference,86,13.277469396020335,0.18260624355341357,0.0010758039022989094,0.2575,0.1775,0.0725,0.75,0.0,0.71,5.0546875,-7.304412841796852,18.263403320312506,100
horizon_wide,Horizon SG-DQN wide 87,horizon,reference,87,13.454106007816682,0.18736347728871594,0.0012051541197323776,0.2475,0.145,0.105,0.75,0.0,0.58,2.44775390625,-31.96629981994625,15.365136718750017,100
horizon_wide,Horizon SG-DQN wide 87,horizon,reference,88,14.127013057110826,0.18555186165524454,0.0012304732920212016,0.26,0.1725,0.0775,0.75,0.0,0.69,3.848876953125,-8.912390136718729,18.304296875000006,100
horizon_wide,Horizon SG-DQN wide 87,horizon,reference,89,14.810705317444999,0.1841834588895358,0.0012094165269589876,0.2575,0.1625,0.0875,0.75,0.0,0.65,4.1461181640625,-163.2772216796875,24.918811035156253,100
horizon_wide,Horizon SG-DQN wide 87,horizon,reference,90,15.325945274811698,0.17498182808310095,0.0010157902735835377,0.235,0.15,0.1,0.75,0.0,0.6,1.8629150390625,-346.76206054687486,25.382073974609405,100
horizon_wide,Horizon SG-DQN wide 87,horizon,reference,91,14.422050938301618,0.18380224852608296,0.0011934417211746868,0.25,0.1575,0.0925,0.75,0.0,0.63,5.1103515625,-246.47171630859373,17.43154296875,100
horizon_wide,Horizon SG-DQN wide 87,horizon,reference,92,15.621312867919306,0.17665523799791066,0.0008597916826253765,0.21,0.155,0.095,0.75,0.0,0.62,2.9789886474609375,-16.324462890624957,18.56185302734375,100
horizon_wide,Horizon SG-DQN wide 87,horizon,reference,93,13.999336917827852,0.18344112358499765,0.0013139546731835647,0.2875,0.145,0.105,0.75,0.0,0.58,2.3961181640625,-163.8328430175781,21.041455078125004,100
horizon_wide,Horizon SG-DQN wide 87,horizon,reference,94,3.763423859238406,0.20889603197428733,0.0011565393699739302,0.2475,0.16,0.09,0.75,0.0,0.64,3.4991455078125,-0.8570899963378886,23.92357177734375,100
horizon_wide,Horizon SG-DQN wide 87,horizon,reference,95,16.05540621195036,0.17920619612017952,0.0010787038241625631,0.2625,0.16,0.09,0.75,0.0,0.64,4.57684326171875,-534.122998046875,28.478247070312502,100
horizon_wide,Horizon SG-DQN wide 87,horizon,reference,96,6.652898550917691,0.20304541210802754,0.0011832656436574485,0.2775,0.1525,0.0975,0.75,0.0,0.61,3.5257568359375,0.0,21.099487304687514,100
horizon_wide,Horizon SG-DQN wide 87,horizon,reference,97,15.552358943817842,0.1732170546784565,0.0012070508952241063,0.2525,0.1525,0.0975,0.75,0.0,0.61,1.741485595703125,-59.82562561035156,24.12292480468752,100
horizon_wide,Horizon SG-DQN wide 87,horizon,reference,98,16.543240160351363,0.1695951645114831,0.0010241699261386032,0.2525,0.1425,0.1075,0.75,0.0,0.57,2.1846923828125,-17.345581054687496,18.8307067871094,100
horizon_wide,Horizon SG-DQN wide 87,horizon,reference,99,15.39323567269739,0.16724201649074824,0.0010772030781127588,0.2575,0.1525,0.0975,0.75,0.0,0.61,4.18829345703125,0.0,21.825476074218756,100
horizon_wide,Horizon SG-DQN wide 87,horizon,reference,100,10.35034001171276,0.1930793552228402,0.001237097984650883,0.27,0.14,0.11,0.75,0.0,0.56,2.370361328125,0.0,14.831079101562526,100
horizon_wide,Horizon SG-DQN wide 87,horizon,reference,101,10.535383365380898,0.18875690268904122,0.0011840219633914794,0.2375,0.14,0.11,0.75,0.0,0.56,1.4639892578125,-96.69168701171874,27.266009521484374,100
horizon_wide,Horizon SG-DQN wide 87,horizon,reference,102,13.234170831557881,0.1716090581077656,0.0010285904078077815,0.2625,0.1675,0.0825,0.75,0.0,0.67,3.4473876953125,-2.2338623046874977,22.91250000000002,100
horizon_wide,Horizon SG-DQN wide 87,horizon,reference,103,15.542467874229024,0.16812942425680594,0.0010230989729348113,0.265,0.1625,0.0875,0.75,0.0,0.65,5.95452880859375,-54.871569824218724,19.899133300781266,100
horizon_wide,Horizon SG-DQN wide 87,horizon,reference,104,15.642195938658983,0.16369149592860072,0.0009976222950639807,0.25,0.18,0.07,0.75,0.0,0.72,6.65716552734375,0.0,22.259277343750007,100
horizon_wide,Horizon SG-DQN wide 87,horizon,reference,105,15.58435942589811,0.1615907756680964,0.0009168195507121075,0.2425,0.18,0.07,0.75,0.0,0.72,3.5213623046875,-6.526611328124984,26.078564453125,100
horizon_wide,Horizon SG-DQN wide 87,horizon,reference,106,12.90258785687747,0.16789290924191466,0.0011746697914709055,0.2475,0.1725,0.0775,0.75,0.0,0.69,7.0439453125,0.0,32.199902343750004,100
horizon_wide,Horizon SG-DQN wide 87,horizon,reference,107,14.933972978086231,0.1633152218178204,0.001143341501484779,0.26,0.165,0.085,0.75,0.0,0.66,4.04443359375,-13.336206054687484,27.037207031250045,100
horizon_wide,Horizon SG-DQN wide 87,horizon,reference,108,13.852437950093233,0.15765943331653653,0.0011490926310403049,0.22,0.17,0.08,0.75,0.0,0.68,6.69744873046875,0.0,20.99984130859375,100
horizon_wide,Horizon SG-DQN wide 87,horizon,reference,109,15.380494859464402,0.15699565054521522,0.001023890919746444,0.25,0.1525,0.0975,0.75,0.0,0.61,3.63165283203125,-34.34381103515624,16.486257934570315,100
horizon_wide,Horizon SG-DQN wide 87,horizon,reference,110,13.695469904790793,0.16827742941430351,0.0010379036138810744,0.2625,0.18,0.07,0.75,0.0,0.72,3.333740234375,-1.4601806640624948,18.671875000000004,100
horizon_wide,Horizon SG-DQN wide 87,horizon,reference,111,9.44764317440558,0.18714108561648943,0.0012684227843956992,0.2675,0.1875,0.0625,0.75,0.0,0.75,3.916015625,-5.357299804687481,16.72061767578126,100
horizon_wide,Horizon SG-DQN wide 87,horizon,reference,112,10.242047582072034,0.18583815575200283,0.0012678211822485235,0.2675,0.1775,0.0725,0.75,0.0,0.71,4.5697021484375,0.0,20.858508300781253,100
horizon_wide,Horizon SG-DQN wide 87,horizon,reference,113,10.634941037810053,0.17863974681083722,0.0012140967336808142,0.2625,0.1775,0.0725,0.75,0.0,0.71,4.909698486328125,0.0,25.854663085937514,100
horizon_wide,Horizon SG-DQN wide 87,horizon,reference,114,13.796874817896523,0.1707335284734767,0.0010582903685033835,0.27,0.1725,0.0775,0.75,0.0,0.69,3.8331298828125,-128.643212890625,17.077429199218752,100
horizon_wide,Horizon SG-DQN wide 87,horizon,reference,115,10.436243511024543,0.1825350333269968,0.0010537082823402003,0.2625,0.1975,0.0525,0.75,0.0,0.79,5.549072265625,0.0,17.942468261718762,100
horizon_wide,Horizon SG-DQN wide 87,horizon,reference,116,8.390261079735742,0.202031084936782,0.0012731589504723583,0.29,0.1675,0.0825,0.75,0.0,0.67,5.2777099609375,-104.846337890625,19.955187988281253,100
horizon_wide,Horizon SG-DQN wide 87,horizon,reference,117,9.108655153671412,0.20213209798371778,0.0012822455474717556,0.2925,0.1625,0.0875,0.75,0.0,0.65,2.909423828125,0.0,18.999218750000008,100
horizon_wide,Horizon SG-DQN wide 87,horizon,reference,118,16.172968233713576,0.16520908635774045,0.000969200785200168,0.2525,0.155,0.095,0.75,0.0,0.62,5.195068359375,-0.9739624023437465,20.29608154296876,100
horizon_wide,Horizon SG-DQN wide 87,horizon,reference,119,14.506516232695327,0.1762111520119405,0.0010111622313749272,0.235,0.165,0.085,0.75,0.0,0.66,2.911376953125,-0.8817626953124968,17.049230957031252,100
horizon_wide,Horizon SG-DQN wide 87,horizon,reference,120,10.94154326452567,0.192369316521908,0.0012509959711690182,0.275,0.155,0.095,0.75,0.0,0.62,3.2874755859375,-35.23409729003906,20.51513671875005,100
horizon_wide,Horizon SG-DQN wide 87,horizon,reference,121,16.08394158690097,0.1683555020769878,0.0010206118986210324,0.2525,0.1575,0.0925,0.75,0.0,0.63,3.645263671875,-243.42197265624998,13.449328613281267,100
horizon_wide,Horizon SG-DQN wide 87,horizon,reference,122,15.67467821997386,0.17011717307716645,0.0009015390128779348,0.2375,0.175,0.075,0.75,0.0,0.7,6.49072265625,0.0,16.85544433593752,100
horizon_wide,Horizon SG-DQN wide 87,horizon,reference,123,8.923270109257844,0.21014748653854362,0.0013389808826366472,0.2725,0.1625,0.0875,0.75,0.0,0.65,7.2452392578125,-78.81914062499999,29.77899169921877,100
horizon_wide,Horizon SG-DQN wide 87,horizon,reference,124,14.783615864732953,0.17396152793393266,0.0010083746336324445,0.2375,0.175,0.075,0.75,0.0,0.7,5.7520751953125,0.0,16.133239746093754,100
horizon_wide,Horizon SG-DQN wide 87,horizon,reference,125,13.972777232630273,0.16943925676864466,0.0007670452303006089,0.2075,0.1725,0.0775,0.75,0.0,0.69,7.7978363037109375,0.0,18.680395507812506,100
horizon_wide,Horizon SG-DQN wide 87,horizon,reference,126,14.521989129188182,0.17005693474736583,0.0008074759443624944,0.2025,0.17,0.08,0.75,0.0,0.68,7.25927734375,-7.7851074218749865,21.414526367187502,100
horizon_wide,Horizon SG-DQN wide 87,horizon,reference,127,8.387087681266822,0.20060456591662512,0.0009040016573950982,0.2375,0.18,0.07,0.75,0.0,0.72,6.9228515625,0.0,21.62890625000003,100
horizon_wide,Horizon SG-DQN wide 87,horizon,reference,128,10.810511834299763,0.19248310588784903,0.0009939859882116644,0.2375,0.1575,0.0925,0.75,0.0,0.63,6.15185546875,-12.725656127929685,23.202758789062507,100
horizon_wide,Horizon SG-DQN wide 87,horizon,reference,129,12.126575808927395,0.1865282130129453,0.0009585918227997432,0.2325,0.1625,0.0875,0.75,0.0,0.65,6.2919921875,0.0,21.913330078125004,100
horizon_wide,Horizon SG-DQN wide 87,horizon,reference,130,14.412238182590514,0.1809316569068424,0.0010856088889354477,0.245,0.17,0.08,0.75,0.0,0.68,8.6612548828125,0.0,29.137939453125007,100
horizon_wide,Horizon SG-DQN wide 87,horizon,reference,131,13.168329692586262,0.1873423215496415,0.0011262479957056398,0.24,0.17,0.08,0.75,0.0,0.68,8.967041015625,0.0,24.03944091796876,100
horizon_wide,Horizon SG-DQN wide 87,horizon,reference,132,14.447441181790772,0.184254664357556,0.0013294108665612842,0.26,0.2025,0.0475,0.75,0.0,0.81,8.9759521484375,0.0,22.596228027343752,100
horizon_wide,Horizon SG-DQN wide 87,horizon,reference,133,15.11517871832715,0.18018005688090874,0.0009529969899945202,0.23,0.1825,0.0675,0.75,0.0,0.73,7.2542724609375,0.0,21.479931640625004,100
horizon_wide,Horizon SG-DQN wide 87,horizon,reference,134,14.11698724082829,0.17767929948512837,0.001206892865904967,0.255,0.1725,0.0775,0.75,0.0,0.69,7.783935546875,0.0,26.422387695312512,100
horizon_wide,Horizon SG-DQN wide 87,horizon,reference,135,13.819670726857948,0.18079678578657185,0.0008611992654881886,0.2175,0.1775,0.0725,0.75,0.0,0.71,10.29376220703125,-130.73749999999998,24.603271484375004,100
horizon_wide,Horizon SG-DQN wide 87,horizon,reference,136,11.350937021001537,0.19281520743809388,0.001133158577917567,0.265,0.19,0.06,0.75,0.0,0.76,9.382080078125,-0.01912231445312493,25.684765625000004,100
horizon_wide,Horizon SG-DQN wide 87,horizon,reference,137,15.353785712715446,0.18392788393552972,0.0010605861613015833,0.23,0.195,0.055,0.75,0.0,0.78,11.20050048828125,0.0,26.322949218750033,100
horizon_wide,Horizon SG-DQN wide 87,horizon,reference,138,11.248997068641097,0.19404465891455508,0.001071003093658266,0.24,0.1775,0.0725,0.75,0.0,0.71,7.5233154296875,-12.188232421874996,23.802380371093758,100
horizon_wide,Horizon SG-DQN wide 87,horizon,reference,139,15.133418627311375,0.18007612364340653,0.0009779144325876667,0.2325,0.19,0.06,0.75,0.0,0.76,10.6015625,0.0,23.680493164062508,100
horizon_wide,Horizon SG-DQN wide 87,horizon,reference,140,12.958779508322658,0.1950105086680968,0.001168488149820074,0.24,0.1725,0.0775,0.75,0.0,0.69,7.2275390625,-0.4739257812499983,18.839355468750004,100
horizon_wide,Horizon SG-DQN wide 87,horizon,reference,141,11.29392493223364,0.19363426914171433,0.001011688095809565,0.2375,0.175,0.075,0.75,0.0,0.7,6.2371826171875,0.0,23.28491210937501,100
horizon_wide,Horizon SG-DQN wide 87,horizon,reference,142,14.740935304216123,0.18052903126685232,0.0009129443818608701,0.225,0.19,0.06,0.75,0.0,0.76,8.2965087890625,0.0,22.875146484375012,100
horizon_wide,Horizon SG-DQN wide 87,horizon,reference,143,9.831001383914476,0.1944052120036913,0.0009420896634671138,0.2325,0.1775,0.0725,0.75,0.0,0.71,10.65191650390625,-0.1382080078124995,23.1134033203125,100
horizon_wide,Horizon SG-DQN wide 87,horizon,reference,144,2.680813275679026,0.23458260832440953,0.0013039288752904488,0.2575,0.2325,0.0175,0.75,0.0,0.93,11.7445068359375,0.69970703125,32.35960693359379,100
horizon_wide,Horizon SG-DQN wide 87,horizon,reference,145,13.627754240546565,0.18684855897259978,0.00110472328513445,0.24,0.215,0.035,0.75,0.0,0.86,11.32373046875,0.0,26.794970703125006,100
horizon_wide,Horizon SG-DQN wide 87,horizon,reference,146,17.243414565940828,0.1701872626824391,0.0009104009027036229,0.2325,0.22,0.03,0.75,0.0,0.88,12.841796875,0.0,30.0918212890625,100
horizon_wide,Horizon SG-DQN wide 87,horizon,reference,147,8.891173002567932,0.19791425615127484,0.0014190267205995578,0.2725,0.2325,0.0175,0.75,0.0,0.93,13.0943603515625,4.107513427734375,38.53856201171875,100
horizon_wide,Horizon SG-DQN wide 87,horizon,reference,148,11.684725006146486,0.19948143926275563,0.0012347333427265412,0.255,0.2325,0.0175,0.75,0.0,0.93,13.6680908203125,2.0381591796875003,38.4535400390625,100
horizon_wide,Horizon SG-DQN wide 87,horizon,reference,149,11.091548748306295,0.1881581705908981,0.0010854379098453357,0.2425,0.2325,0.0175,0.75,0.0,0.93,15.4840087890625,1.9160400390625003,30.53349609375,100
horizon_wide,Horizon SG-DQN wide 87,horizon,reference,150,11.897674767783114,0.19832383039667584,0.001208935271347059,0.27,0.225,0.025,0.75,0.0,0.9,15.0682373046875,0.14106445312500004,31.465771484375015,100
horizon_wide,Horizon SG-DQN wide 87,horizon,reference,151,9.759958495271064,0.1957043560139784,0.0010749758503173022,0.2525,0.225,0.025,0.75,0.0,0.9,16.2049560546875,2.250878906250001,28.922167968750003,100
horizon_wide,Horizon SG-DQN wide 87,horizon,reference,152,9.603409528373438,0.20298808969396215,0.0009627749339673298,0.21,0.225,0.025,0.75,0.0,0.9,13.46856689453125,-0.14003906249999928,34.236865234375,100
horizon_wide,Horizon SG-DQN wide 87,horizon,reference,153,13.359815090281854,0.18066773618371001,0.0012305255182907926,0.2525,0.23,0.02,0.75,0.0,0.92,14.4742431640625,0.5541748046875001,34.476123046875,100
horizon_wide,Horizon SG-DQN wide 87,horizon,reference,154,15.570608839730157,0.1806349978759654,0.000979758380091282,0.235,0.23,0.02,0.75,0.0,0.92,15.4078369140625,2.80068359375,34.724316406250004,100
horizon_wide,Horizon SG-DQN wide 87,horizon,reference,155,15.905201529244447,0.17387508009408925,0.0008132553825037111,0.2275,0.2175,0.0325,0.75,0.0,0.87,17.238037109375,0.0,30.824560546875002,100
horizon_wide,Horizon SG-DQN wide 87,horizon,reference,156,14.0015847339767,0.1805775181166437,0.0008504262475049029,0.22,0.22,0.03,0.75,0.0,0.88,17.18939208984375,0.0,31.81040039062503,100
horizon_wide,Horizon SG-DQN wide 87,horizon,reference,157,10.268425624719368,0.18750365101213448,0.0008114455700983555,0.21,0.225,0.025,0.75,0.0,0.9,15.40771484375,0.6549499511718753,32.93525390625001,100
horizon_wide,Horizon SG-DQN wide 87,horizon,reference,158,16.489698132474746,0.17216501560155067,0.0008650608610339125,0.2225,0.23,0.02,0.75,0.0,0.92,16.9329833984375,1.8841552734375002,33.23964843750002,100
horizon_wide,Horizon SG-DQN wide 87,horizon,reference,159,4.568367771061211,0.23069593501742283,0.0012406587994160932,0.2725,0.2275,0.0225,0.75,0.0,0.91,15.445068359375,0.5137939453125001,35.47636718750001,100
horizon_wide,Horizon SG-DQN wide 87,horizon,reference,160,13.98961201331009,0.18063311114606495,0.0011028500332469773,0.2225,0.235,0.015,0.75,0.0,0.94,15.8125,3.0010009765625,32.047314453125026,100
horizon_wide,Horizon SG-DQN wide 87,horizon,reference,161,12.681454310660902,0.18513187106256102,0.000966979976613166,0.245,0.225,0.025,0.75,0.0,0.9,14.355712890625,0.5522277832031253,38.130322265625004,100
horizon_wide,Horizon SG-DQN wide 87,horizon,reference,162,3.1903650148985143,0.22476831839839545,0.0014646751390450209,0.275,0.2325,0.0175,0.75,0.0,0.93,16.960205078125,3.1905761718750005,38.8470703125,100
horizon_wide,Horizon SG-DQN wide 87,horizon,reference,163,6.361759011477625,0.21219440307377826,0.0012604135332165908,0.26,0.2325,0.0175,0.75,0.0,0.93,13.74371337890625,4.2402099609375,47.483862304687506,100
horizon_wide,Horizon SG-DQN wide 87,horizon,reference,164,7.1408129755420715,0.20701135848603186,0.001048139690162592,0.2425,0.2325,0.0175,0.75,0.0,0.93,17.03125,3.5348266601562504,32.313134765625,100
horizon_wide,Horizon SG-DQN wide 87,horizon,reference,165,10.193383600316027,0.1912319622972171,0.0008541505783630187,0.2625,0.2275,0.0225,0.75,0.0,0.91,16.671142578125,1.1500976562500003,40.04619140625001,100
horizon_wide,Horizon SG-DQN wide 87,horizon,reference,166,15.564614615013802,0.1733984533448298,0.0007731980945764306,0.225,0.23,0.02,0.75,0.0,0.92,16.824951171875,3.473126220703125,35.568603515625,100
horizon_wide,Horizon SG-DQN wide 87,horizon,reference,167,15.345091240844427,0.17538555719447416,0.0010176452250285726,0.2375,0.2325,0.0175,0.75,0.0,0.93,17.179931640625,0.9722778320312502,31.501144409179695,100
horizon_wide,Horizon SG-DQN wide 87,horizon,reference,168,7.199678020974634,0.2144730512824195,0.001060468395207937,0.2475,0.2225,0.0275,0.75,0.0,0.89,14.5750732421875,0.0,38.273437500000014,100
horizon_wide,Horizon SG-DQN wide 87,horizon,reference,169,1.9811309858129584,0.22597507884770487,0.001108283234992035,0.2475,0.2325,0.0175,0.75,0.0,0.93,18.298828125,2.366552734375,39.69091796875,100
horizon_wide,Horizon SG-DQN wide 87,horizon,reference,170,16.309694952552096,0.16799219848313052,0.0008291737787687336,0.235,0.2325,0.0175,0.75,0.0,0.93,15.3656005859375,4.3547119140625,35.79179687500002,100
horizon_wide,Horizon SG-DQN wide 87,horizon,reference,171,3.8725338445724358,0.22047341052865493,0.0010927468788866903,0.2725,0.225,0.025,0.75,0.0,0.9,13.2784423828125,3.8423583984375016,31.689599609375005,100
horizon_wide,Horizon SG-DQN wide 87,horizon,reference,172,4.806814484788448,0.21837529035433045,0.0010707020589756288,0.27,0.2275,0.0225,0.75,0.0,0.91,13.0015869140625,1.8115234375000004,32.462011718750006,100
horizon_wide,Horizon SG-DQN wide 87,horizon,reference,173,16.57083982619889,0.16633227450414573,0.0007835688050244856,0.2325,0.2425,0.0075,0.75,0.0,0.97,14.65472412109375,3.65428466796875,34.780126953125006,100
horizon_wide,Horizon SG-DQN wide 87,horizon,reference,174,16.867003517665783,0.1690584639250478,0.0007643303195076079,0.2375,0.2375,0.0125,0.75,0.0,0.95,15.308624267578125,4.8685546875000005,34.04931640625,100
horizon_wide,Horizon SG-DQN wide 87,horizon,reference,175,4.95828714166536,0.20780039465779018,0.0012000933497084575,0.2775,0.235,0.015,0.75,0.0,0.94,15.5440673828125,5.6558837890625,44.872509765625054,100
horizon_wide,Horizon SG-DQN wide 87,horizon,reference,176,8.624973512880487,0.19682323188436282,0.0009937319255222657,0.26,0.2325,0.0175,0.75,0.0,0.93,12.205795288085938,4.1378662109375,28.239819335937508,100
horizon_wide,Horizon SG-DQN wide 87,horizon,reference,177,16.904194116705618,0.16527290541765816,0.0007863420970287191,0.2375,0.235,0.015,0.75,0.0,0.94,13.560867309570312,2.79808349609375,40.63896484375,100
horizon_wide,Horizon SG-DQN wide 87,horizon,reference,178,9.046175518524265,0.19994925184041912,0.0010613445263763608,0.2625,0.24,0.01,0.75,0.0,0.96,13.8388671875,2.702587890625,29.476269531250008,100
horizon_wide,Horizon SG-DQN wide 87,horizon,reference,179,13.571177549581307,0.17918149272991862,0.0007665215516845594,0.25,0.2375,0.0125,0.75,0.0,0.95,14.5699462890625,3.3669189453125,41.78911132812502,100
horizon_wide,Horizon SG-DQN wide 87,horizon,reference,180,14.206456301460632,0.1784946127626974,0.0007464509795379013,0.2425,0.2425,0.0075,0.75,0.0,0.97,14.089385986328125,4.3613525390625005,35.52024536132813,100
horizon_wide,Horizon SG-DQN wide 87,horizon,reference,181,12.878901995983151,0.17706994337817095,0.0008232937572043606,0.225,0.23,0.02,0.75,0.0,0.92,13.7474365234375,1.5628295898437503,35.764501953125006,100
horizon_wide,Horizon SG-DQN wide 87,horizon,reference,182,8.10471541352455,0.19873998307526292,0.0010766297486888342,0.26,0.23,0.02,0.75,0.0,0.92,16.19879150390625,2.2306640625,31.222705078125003,100
horizon_wide,Horizon SG-DQN wide 87,horizon,reference,183,15.699705722967172,0.17210274058169575,0.0008026583355665095,0.2275,0.23,0.02,0.75,0.0,0.92,13.75921630859375,2.1178466796875,38.514843750000004,100
horizon_wide,Horizon SG-DQN wide 87,horizon,reference,184,16.034109474514125,0.1688307006185948,0.0007629629118208137,0.22,0.2325,0.0175,0.75,0.0,0.93,14.72509765625,3.519744873046875,40.870425415039065,100
horizon_wide,Horizon SG-DQN wide 87,horizon,reference,185,1.8199128855914535,0.23508426681220368,0.0011155228432852072,0.255,0.2375,0.0125,0.75,0.0,0.95,15.10467529296875,3.3584594726562504,35.838232421875006,100
horizon_wide,Horizon SG-DQN wide 87,horizon,reference,186,16.645186197790075,0.1688570582898936,0.0008097290275249839,0.2325,0.2425,0.0075,0.75,0.0,0.97,13.0352783203125,3.54246826171875,32.01508789062501,100
horizon_wide,Horizon SG-DQN wide 87,horizon,reference,187,8.971544646740988,0.20293411390585106,0.0009513896850939335,0.22,0.2325,0.0175,0.75,0.0,0.93,15.6314697265625,2.754901123046876,33.5212890625,100
horizon_wide,Horizon SG-DQN wide 87,horizon,reference,188,12.156960837938064,0.19113418480569697,0.0009526387927778207,0.225,0.2325,0.0175,0.75,0.0,0.93,14.63427734375,4.537182617187501,33.58583984375,100
horizon_wide,Horizon SG-DQN wide 87,horizon,reference,189,11.246608951586179,0.19589088272550914,0.0009741727907891537,0.235,0.2325,0.0175,0.75,0.0,0.93,16.87060546875,4.528906250000001,33.176855468750006,100
horizon_wide,Horizon SG-DQN wide 87,horizon,reference,190,13.13227448329726,0.1869060128829264,0.0010484188252747034,0.2525,0.225,0.025,0.75,0.0,0.9,14.818115234375,3.1662597656250013,44.120703125000006,100
horizon_wide,Horizon SG-DQN wide 87,horizon,reference,191,8.344013251170884,0.2078983519137659,0.001044328084126578,0.2725,0.23,0.02,0.75,0.0,0.92,17.4735107421875,5.511120605468751,32.54199218750002,100
horizon_wide,Horizon SG-DQN wide 87,horizon,reference,192,13.782632410804759,0.18057748971260856,0.0009108510599690125,0.215,0.2275,0.0225,0.75,0.0,0.91,17.722015380859375,1.3513366699218752,37.99975585937507,100
horizon_wide,Horizon SG-DQN wide 87,horizon,reference,193,12.624704247505496,0.18293987683458524,0.0008856776759415235,0.225,0.2325,0.0175,0.75,0.0,0.93,16.380859375,3.4572235107421885,35.361767578125004,100
horizon_wide,Horizon SG-DQN wide 87,horizon,reference,194,8.305401371601487,0.2011557754041116,0.0010446800402380682,0.23,0.235,0.015,0.75,0.0,0.94,16.1527099609375,1.8273437500000003,35.33928222656254,100
horizon_wide,Horizon SG-DQN wide 87,horizon,reference,195,12.262553953183165,0.1824398092139224,0.0010347676974471133,0.235,0.245,0.005,0.75,0.0,0.98,19.626708984375,4.48865966796875,30.277929687500002,100
horizon_wide,Horizon SG-DQN wide 87,horizon,reference,196,11.075826508435854,0.18753021338363035,0.0009971885789378694,0.2325,0.23,0.02,0.75,0.0,0.92,15.4520263671875,2.959814453125001,30.42758789062501,100
horizon_wide,Horizon SG-DQN wide 87,horizon,reference,197,12.093573105702117,0.18181099673046813,0.0009308845123768239,0.2375,0.225,0.025,0.75,0.0,0.9,17.0494384765625,0.08415527343750004,40.583593750000034,100
horizon_wide,Horizon SG-DQN wide 87,horizon,reference,198,1.5658849737554903,0.22987414467917627,0.0010991265248658185,0.2625,0.2325,0.0175,0.75,0.0,0.93,14.401123046875,4.3004150390625,31.838281250000023,100
horizon_wide,Horizon SG-DQN wide 87,horizon,reference,199,10.383592130877641,0.18719880619204868,0.000811285176880783,0.2575,0.2375,0.0125,0.75,0.0,0.95,13.492584228515625,5.41859130859375,31.456701660156263,100
horizon_wide,Horizon SG-DQN wide 87,horizon,reference,200,14.041843114137983,0.17420817272534656,0.0007238526060694641,0.225,0.2425,0.0075,0.75,0.0,0.97,19.135986328125,7.00439453125,41.252685546875,100
dueling_wide,Dueling SG-DQN wide 87,dueling horizon,context,1,-2.4757971343220584,0.2927707191778444,0.002622321657885212,0.4425,0.0,0.0,0.0,0.0,nan,nan,nan,nan,0
dueling_wide,Dueling SG-DQN wide 87,dueling horizon,context,2,7.874069683245648,0.18594152231035466,0.0015049713189922193,0.2525,0.0,0.0,0.0,0.0,nan,nan,nan,nan,0
dueling_wide,Dueling SG-DQN wide 87,dueling horizon,context,3,7.9847975595233605,0.18505905208111023,0.00149940613132385,0.2525,0.0,0.0,0.0,0.0,nan,nan,nan,nan,0
dueling_wide,Dueling SG-DQN wide 87,dueling horizon,context,4,8.105924556201765,0.18410211055489434,0.0014935419865018456,0.2525,0.0,0.0,0.0,0.0,nan,nan,nan,nan,0
dueling_wide,Dueling SG-DQN wide 87,dueling horizon,context,5,8.225657526245664,0.18307196649804552,0.0014873741488288144,0.255,0.0,0.0,0.0,0.0,nan,nan,nan,nan,0
dueling_wide,Dueling SG-DQN wide 87,dueling horizon,context,6,8.348965000563991,0.18196566273979833,0.0014809316486112634,0.25,0.0,0.0,0.0,0.0,nan,nan,nan,nan,0
dueling_wide,Dueling SG-DQN wide 87,dueling horizon,context,7,8.481938704380315,0.18077234278615023,0.0014741697172206752,0.25,0.0,0.0,0.0,0.0,nan,nan,nan,nan,0
dueling_wide,Dueling SG-DQN wide 87,dueling horizon,context,8,8.646113114652538,0.17952075608766044,0.0014670518705704732,0.2525,0.0,0.0,0.0,0.0,nan,nan,nan,nan,0
dueling_wide,Dueling SG-DQN wide 87,dueling horizon,context,9,8.806242397490184,0.1784467768279042,0.0014595864385182817,0.2475,0.0,0.0,0.0,0.0,nan,nan,nan,nan,0
dueling_wide,Dueling SG-DQN wide 87,dueling horizon,context,10,8.921790762841676,0.17753237362988525,0.0014515408397545338,0.2475,0.0,0.0,0.0,0.0,nan,nan,nan,nan,0
dueling_wide,Dueling SG-DQN wide 87,dueling horizon,context,11,9.070162947450875,0.1765178214087376,0.0014432441652684016,0.245,0.0,0.9975,0.0,0.0,0.0,nan,nan,nan,399
dueling_wide,Dueling SG-DQN wide 87,dueling horizon,context,12,9.243795266627322,0.17539656692687244,0.0014346148404482768,0.2425,0.0,1.0,0.0,0.0,0.0,nan,nan,nan,400
dueling_wide,Dueling SG-DQN wide 87,dueling horizon,context,13,9.454461497921823,0.17419942079565698,0.001425550484335849,0.2375,0.0,1.0,0.0,0.0,0.0,nan,nan,nan,400
dueling_wide,Dueling SG-DQN wide 87,dueling horizon,context,14,8.147107517173314,0.19549295617485624,0.0009483651308107552,0.2425,0.11,0.1425,0.7475,0.0,0.43564356435643564,0.0,-5.924300456047057,21.00732684135437,101
dueling_wide,Dueling SG-DQN wide 87,dueling horizon,context,15,10.591501720385928,0.1816688708168301,0.0010168286119762975,0.26,0.07,0.18,0.75,0.0,0.28,0.0,-10.070344650745392,7.808297049999248,100
dueling_wide,Dueling SG-DQN wide 87,dueling horizon,context,16,10.798718047121433,0.18086152511276457,0.0010213866034271834,0.2775,0.075,0.175,0.75,0.0,0.3,0.0,-14.014293193817139,6.0855791091919125,100
dueling_wide,Dueling SG-DQN wide 87,dueling horizon,context,17,8.403708030901493,0.18876321493855397,0.0011649772335512426,0.235,0.09,0.16,0.75,0.0,0.36,0.0,-32.66404266357421,6.089165878295899,100
dueling_wide,Dueling SG-DQN wide 87,dueling horizon,context,18,-0.8735133823524638,0.24543425982222616,0.0011794172000398246,0.335,0.105,0.145,0.75,0.0,0.42,0.0,-18.277707099914547,27.940247344970714,100
dueling_wide,Dueling SG-DQN wide 87,dueling horizon,context,19,6.62625046951007,0.20062277045746227,0.0009026511910453105,0.265,0.0975,0.1525,0.75,0.0,0.39,0.0,-4.377128121256827,8.968318247795118,100
dueling_wide,Dueling SG-DQN wide 87,dueling horizon,context,20,2.3065757335951673,0.20939823930075308,0.0016155381926881407,0.27,0.125,0.125,0.75,0.0,0.5,0.0464167594909668,-6.506825876235961,7.5998239517212065,100
dueling_wide,Dueling SG-DQN wide 87,dueling horizon,context,21,5.91047584491361,0.19629267291395114,0.0017181554527163914,0.215,0.1075,0.1425,0.75,0.0,0.43,0.0,-27.659404563903806,15.755309677124027,100
dueling_wide,Dueling SG-DQN wide 87,dueling horizon,context,22,14.314119289172714,0.16366944965588323,0.0012409250241031571,0.2575,0.0925,0.1575,0.75,0.0,0.37,0.0,-11.964466953277588,12.579433822631874,100
dueling_wide,Dueling SG-DQN wide 87,dueling horizon,context,23,16.16437324173735,0.15643899862487,0.0008255294739262173,0.2425,0.0825,0.1675,0.75,0.0,0.33,0.0,-35.747747039794916,3.15489444732667,100
dueling_wide,Dueling SG-DQN wide 87,dueling horizon,context,24,10.407367320517288,0.18086105022029575,0.0009199669518836959,0.26,0.075,0.175,0.75,0.0,0.3,0.0,-32.21952240467071,3.7740699768066417,100
dueling_wide,Dueling SG-DQN wide 87,dueling horizon,context,25,9.643621278604428,0.18185102748984078,0.0012774203810843843,0.2425,0.1025,0.1475,0.75,0.0,0.41,0.0,-33.57598533630371,11.704887008667047,100
dueling_wide,Dueling SG-DQN wide 87,dueling horizon,context,26,6.564623614824099,0.2022440843969896,0.0013828688243752258,0.2775,0.0775,0.1725,0.75,0.0,0.31,0.0,-23.502585506439207,23.28314056396489,100
dueling_wide,Dueling SG-DQN wide 87,dueling horizon,context,27,13.271671703019875,0.16757121042589823,0.0010096288873921164,0.25,0.095,0.155,0.75,0.0,0.38,0.0,-61.311536598205564,8.396338081359906,100
dueling_wide,Dueling SG-DQN wide 87,dueling horizon,context,28,9.056170991875524,0.18665043463998907,0.0013468990397080586,0.2775,0.095,0.155,0.75,0.0,0.38,0.0,-8.08139543533325,4.59514884948731,100
dueling_wide,Dueling SG-DQN wide 87,dueling horizon,context,29,9.637939088732283,0.1750608224384563,0.0013032360585908368,0.2475,0.11,0.14,0.75,0.0,0.44,0.0,-76.25909118652343,10.372263717651379,100
dueling_wide,Dueling SG-DQN wide 87,dueling horizon,context,30,5.401275889370927,0.20240154815533962,0.0017346136970908456,0.195,0.1075,0.1425,0.75,0.0,0.43,0.0,-22.56235885620117,20.073545837402378,100
dueling_wide,Dueling SG-DQN wide 87,dueling horizon,context,31,7.990337909216887,0.19940155172598728,0.0012828731086525513,0.2825,0.095,0.155,0.75,0.0,0.38,0.0,-17.37889863848686,19.58334541320805,100
dueling_wide,Dueling SG-DQN wide 87,dueling horizon,context,32,9.17519222527438,0.19246616036288128,0.0013442684847583836,0.3075,0.105,0.145,0.75,0.0,0.42,0.0,-52.74116134643554,17.729869842529336,100
dueling_wide,Dueling SG-DQN wide 87,dueling horizon,context,33,4.598702839931932,0.20440274651303966,0.0017654340668369437,0.2625,0.1225,0.1275,0.75,0.0,0.49,0.0,-1.6865216732025143,17.02724075317388,100
dueling_wide,Dueling SG-DQN wide 87,dueling horizon,context,34,4.311688444138236,0.21533851413431115,0.0014446736684895053,0.3175,0.0975,0.1525,0.75,0.0,0.39,0.0,-13.64718346595764,13.086763763427793,100
dueling_wide,Dueling SG-DQN wide 87,dueling horizon,context,35,4.841668472464981,0.21100306884886266,0.001561704078113117,0.2575,0.09,0.16,0.75,0.0,0.36,0.0,-31.82112579345703,4.938292312622073,100
dueling_wide,Dueling SG-DQN wide 87,dueling horizon,context,36,6.018610020423668,0.21893983776713394,0.001341667973295958,0.2925,0.0925,0.1575,0.75,0.0,0.37,0.0,-64.37339859008789,10.600643920898449,100
dueling_wide,Dueling SG-DQN wide 87,dueling horizon,context,37,2.4685688465413613,0.2296029155102505,0.001363311741416826,0.32,0.085,0.165,0.75,0.0,0.34,0.0,-41.599589014053336,13.231327438354494,100
dueling_wide,Dueling SG-DQN wide 87,dueling horizon,context,38,10.770979153487174,0.19181976905846185,0.0013327457955332072,0.295,0.0925,0.1575,0.75,0.0,0.37,0.0,-65.22490005493164,6.490129089355479,100
dueling_wide,Dueling SG-DQN wide 87,dueling horizon,context,39,1.9161238318440938,0.24008563573861966,0.0016400221851372242,0.2775,0.0975,0.1525,0.75,0.0,0.39,0.0,-89.77505111694336,23.096414566040057,100
dueling_wide,Dueling SG-DQN wide 87,dueling horizon,context,40,0.6483449069678613,0.22831161081200013,0.0016272616500983363,0.2275,0.1,0.15,0.75,0.0,0.4,0.0,-2.936518383026121,6.993083953857423,100
dueling_wide,Dueling SG-DQN wide 87,dueling horizon,context,41,2.257454759662446,0.21803444878002481,0.0013249857583849467,0.2875,0.09,0.16,0.75,0.0,0.36,0.0,-57.05726318359375,15.142814636230474,100
dueling_wide,Dueling SG-DQN wide 87,dueling horizon,context,42,-0.047779128871354715,0.24263203106739475,0.0016842951303459592,0.29,0.1,0.15,0.75,0.0,0.4,0.0,-86.2265121459961,15.278369140625028,100
dueling_wide,Dueling SG-DQN wide 87,dueling horizon,context,43,6.498907712465048,0.20576032601418667,0.001816146940719747,0.2725,0.1175,0.1325,0.75,0.0,0.47,0.0,-11.165457916259763,8.426078796386722,100
dueling_wide,Dueling SG-DQN wide 87,dueling horizon,context,44,5.647946783334401,0.21469379440579586,0.0018572289334770756,0.3,0.1325,0.1175,0.75,0.0,0.53,0.1719818115234375,-42.34818649291992,9.999954223632859,100
dueling_wide,Dueling SG-DQN wide 87,dueling horizon,context,45,-3.8200812249588023,0.26439092589961943,0.0020240765418645017,0.3775,0.1325,0.1175,0.75,0.0,0.53,0.49674224853515625,-1.8605682373046866,25.464550781250136,100
dueling_wide,Dueling SG-DQN wide 87,dueling horizon,context,46,4.2973455845043205,0.21936222588844806,0.0019213051328859487,0.28,0.1625,0.0875,0.75,0.0,0.65,1.111785888671875,0.0,11.239637756347658,100
dueling_wide,Dueling SG-DQN wide 87,dueling horizon,context,47,2.0483872706897888,0.22919793883952003,0.002135897943558035,0.2925,0.1225,0.1275,0.75,0.0,0.49,0.0,-64.45236167907714,10.263723754882838,100
dueling_wide,Dueling SG-DQN wide 87,dueling horizon,context,48,-1.2641771741381944,0.25114984943745106,0.0022281332467149035,0.275,0.1475,0.1025,0.75,0.0,0.59,1.1350440979003906,-77.63250732421875,11.858010482788094,100
dueling_wide,Dueling SG-DQN wide 87,dueling horizon,context,49,-1.237834702468519,0.25391448082570006,0.002370170777462962,0.3575,0.1575,0.0925,0.75,0.0,0.63,1.3974685668945312,-55.93908538818359,21.708917236328126,100
dueling_wide,Dueling SG-DQN wide 87,dueling horizon,context,50,-5.692649703356105,0.2767935936215106,0.0023782612630594228,0.3175,0.135,0.115,0.75,0.0,0.54,0.5722684860229492,-38.421907043457026,23.517257308960158,100
dueling_wide,Dueling SG-DQN wide 87,dueling horizon,context,51,2.6130111629558064,0.22278542275046093,0.0015482922928938417,0.2325,0.1075,0.1425,0.75,0.0,0.43,0.0,-3.2394104003906197,11.187985229492188,100
dueling_wide,Dueling SG-DQN wide 87,dueling horizon,context,52,-2.4066876489428624,0.24926891277794694,0.0023476860519033456,0.2725,0.1275,0.1225,0.75,0.0,0.51,0.34299802780151367,-73.36986694335937,16.405882263183592,100
dueling_wide,Dueling SG-DQN wide 87,dueling horizon,context,53,0.8960433478730556,0.23775551087498903,0.00209541868532175,0.24,0.1275,0.1225,0.75,0.0,0.51,0.04342079162597656,-11.35781497955321,13.431637573242206,100
dueling_wide,Dueling SG-DQN wide 87,dueling horizon,context,54,3.0630932312027297,0.22223636907296884,0.0022135279952219204,0.265,0.1325,0.1175,0.75,0.0,0.53,0.48447418212890625,-8.600740027427673,7.955401611328147,100
dueling_wide,Dueling SG-DQN wide 87,dueling horizon,context,55,3.01221208232895,0.224770254291358,0.0022983219234103225,0.2575,0.125,0.125,0.75,0.0,0.5,0.04115438461303711,-4.954079818725586,18.226163864135742,100
dueling_wide,Dueling SG-DQN wide 87,dueling horizon,context,56,5.238617658267811,0.20054266191240747,0.0015930074565210083,0.2375,0.1,0.15,0.75,0.0,0.4,0.0,-97.49308929443359,9.003219604492188,100
dueling_wide,Dueling SG-DQN wide 87,dueling horizon,context,57,-3.6920509974957256,0.2512289826916014,0.0021060880360674666,0.31,0.13,0.12,0.75,0.0,0.52,0.19872140884399414,-0.15614109039306584,14.753968048095714,100
dueling_wide,Dueling SG-DQN wide 87,dueling horizon,context,58,6.063898938245114,0.2100456987077368,0.0019707960432527516,0.28,0.1225,0.1275,0.75,0.0,0.49,0.0,-66.4052017211914,15.36722106933594,100
dueling_wide,Dueling SG-DQN wide 87,dueling horizon,context,59,8.27959105688293,0.1924776330661554,0.0016054403473595399,0.24,0.0975,0.1525,0.75,0.0,0.39,0.0,-40.64402046203613,8.85134277343751,100
dueling_wide,Dueling SG-DQN wide 87,dueling horizon,context,60,-6.707006187096088,0.26548298249022007,0.0021768274039611012,0.275,0.145,0.105,0.75,0.0,0.58,0.47591686248779297,-14.379703521728505,15.114210176468006,100
dueling_wide,Dueling SG-DQN wide 87,dueling horizon,context,61,-6.581500514547881,0.26790794361341197,0.002075231867726549,0.2725,0.1475,0.1025,0.75,0.0,0.59,1.116337776184082,-0.10098571777343714,17.718289184570324,100
dueling_wide,Dueling SG-DQN wide 87,dueling horizon,context,62,-0.7087001746446628,0.2541677003232277,0.0017065747497181877,0.36,0.1175,0.1325,0.75,0.0,0.47,0.0,-9.853750991821283,22.110089874267715,100
dueling_wide,Dueling SG-DQN wide 87,dueling horizon,context,63,5.11498816966601,0.226354737482936,0.0013446013839675563,0.3,0.09,0.16,0.75,0.0,0.36,0.0,-96.22447357177734,13.47611236572266,100
dueling_wide,Dueling SG-DQN wide 87,dueling horizon,context,64,-3.7106336305677687,0.2546651825786502,0.0019299643991944747,0.2775,0.1325,0.1175,0.75,0.0,0.53,0.5967426300048828,-26.741625213623045,11.250683593750015,100
dueling_wide,Dueling SG-DQN wide 87,dueling horizon,context,65,-4.591660465123951,0.2514182558371943,0.0021394588256623413,0.265,0.1625,0.0875,0.75,0.0,0.65,1.1058883666992188,0.0,16.46697387695316,100
dueling_wide,Dueling SG-DQN wide 87,dueling horizon,context,66,6.545011338014759,0.1980027320740644,0.0017785187911504125,0.235,0.115,0.135,0.75,0.0,0.46,0.0,-39.888189697265624,7.7914348602294945,100
dueling_wide,Dueling SG-DQN wide 87,dueling horizon,context,67,-3.8071846282976582,0.24828603663965304,0.0019495528001012695,0.2425,0.1325,0.1175,0.75,0.0,0.53,0.4448814392089844,-32.20311126708984,16.45516052246094,100
dueling_wide,Dueling SG-DQN wide 87,dueling horizon,context,68,3.9293965113161495,0.2069304987478379,0.001841529400589727,0.2625,0.1425,0.1075,0.75,0.0,0.57,0.5505380630493164,-6.250610351562493,16.70763931274415,100
dueling_wide,Dueling SG-DQN wide 87,dueling horizon,context,69,-4.041345383421478,0.25566249807037955,0.0023083621793128623,0.2875,0.1475,0.1025,0.75,0.0,0.59,0.9567718505859375,0.0,17.298909759521553,100
dueling_wide,Dueling SG-DQN wide 87,dueling horizon,context,70,-6.1821087632636615,0.2557314463258837,0.001944739447949241,0.265,0.125,0.125,0.75,0.0,0.5,0.008457183837890625,-78.94373779296875,13.886541748046884,100
dueling_wide,Dueling SG-DQN wide 87,dueling horizon,context,71,6.462336823119736,0.19782620715371724,0.002105170966397811,0.27,0.1325,0.1175,0.75,0.0,0.53,0.4953880310058594,-6.7096955299377425,8.062403106689459,100
dueling_wide,Dueling SG-DQN wide 87,dueling horizon,context,72,7.698535945006452,0.201867749157698,0.0015830857682127839,0.25,0.12,0.13,0.75,0.0,0.48,0.0,-3.851593780517578,13.845568847656256,100
dueling_wide,Dueling SG-DQN wide 87,dueling horizon,context,73,-4.859883178412307,0.26111487569669306,0.0021812828470303435,0.275,0.1375,0.1125,0.75,0.0,0.55,0.8001575469970703,-8.30677795410156,17.475636291503964,100
dueling_wide,Dueling SG-DQN wide 87,dueling horizon,context,74,12.818165120434887,0.18013937554404372,0.0009066819448590599,0.2325,0.0675,0.1825,0.75,0.0,0.27,0.0,-20.17112050056457,8.678066253662116,100
dueling_wide,Dueling SG-DQN wide 87,dueling horizon,context,75,2.726978690985163,0.2162618054569244,0.0017410257857314038,0.2325,0.135,0.115,0.75,0.0,0.54,0.6440830230712891,-105.01000213623047,15.121933364868166,100
dueling_wide,Dueling SG-DQN wide 87,dueling horizon,context,76,6.054221581641928,0.2045964435188349,0.001658733267858718,0.2575,0.135,0.115,0.75,0.0,0.54,0.411376953125,-80.58901672363281,12.755953979492194,100
dueling_wide,Dueling SG-DQN wide 87,dueling horizon,context,77,0.8066067454722173,0.2304677006221392,0.0019292560875456665,0.2475,0.15,0.1,0.75,0.0,0.6,1.1291627883911133,-34.01188659667968,16.98153686523438,100
dueling_wide,Dueling SG-DQN wide 87,dueling horizon,context,78,-3.0615946859967598,0.2455940912403349,0.001889801672318358,0.245,0.14,0.11,0.75,0.0,0.56,0.9321002960205078,-0.3033615112304677,16.13532028198243,100
dueling_wide,Dueling SG-DQN wide 87,dueling horizon,context,79,-6.557165154688605,0.2698638012839138,0.0021209358200255345,0.29,0.145,0.105,0.75,0.0,0.58,0.8273143768310547,-2.5968722343444814,16.364309692382935,100
dueling_wide,Dueling SG-DQN wide 87,dueling horizon,context,80,0.06665514460681835,0.22593975203193306,0.0016560628597941465,0.2075,0.1125,0.1375,0.75,0.0,0.45,0.0,-53.05255279541016,12.982769775390635,100
dueling_wide,Dueling SG-DQN wide 87,dueling horizon,context,81,2.6409514902802704,0.22258192796832812,0.001559842948038078,0.2375,0.1175,0.1325,0.75,0.0,0.47,0.0,-7.586422348022461,13.660192871093766,100
dueling_wide,Dueling SG-DQN wide 87,dueling horizon,context,82,0.5602710438020415,0.2352489072064544,0.0020468384483149434,0.255,0.14,0.11,0.75,0.0,0.56,0.6308975219726562,-8.625833129882794,14.211865234375002,100
dueling_wide,Dueling SG-DQN wide 87,dueling horizon,context,83,-2.4857493589728374,0.2524211659758807,0.0020148290503259614,0.26,0.1575,0.0925,0.75,0.0,0.63,1.3449077606201172,0.0,15.672488403320331,100
dueling_wide,Dueling SG-DQN wide 87,dueling horizon,context,84,-4.994697326579116,0.25474916512721374,0.0019536285016376696,0.255,0.1225,0.1275,0.75,0.0,0.49,0.0,-2.8891389369964595,12.26134185791016,100
dueling_wide,Dueling SG-DQN wide 87,dueling horizon,context,85,-0.9974206404374467,0.22891034946606273,0.0019338938801321897,0.2475,0.1275,0.1225,0.75,0.0,0.51,0.2646360397338867,-44.53299255371093,10.49053878784182,100
dueling_wide,Dueling SG-DQN wide 87,dueling horizon,context,86,2.5812495050812094,0.23723616774596487,0.0012121158225811563,0.2775,0.11,0.14,0.75,0.0,0.44,0.0,-2.587084960937491,11.626098632812505,100
dueling_wide,Dueling SG-DQN wide 87,dueling horizon,context,87,6.781801223906808,0.2131499849314106,0.0019213758356069826,0.2975,0.12,0.13,0.75,0.0,0.48,0.0,-10.135278320312484,19.26193008422854,100
dueling_wide,Dueling SG-DQN wide 87,dueling horizon,context,88,-8.225401169002186,0.2750531491833989,0.002430822774315969,0.3025,0.155,0.095,0.75,0.0,0.62,1.9294567108154297,0.0,38.82488403320314,100
dueling_wide,Dueling SG-DQN wide 87,dueling horizon,context,89,3.6916664359964098,0.21852767763274308,0.001997455616918058,0.235,0.1375,0.1125,0.75,0.0,0.55,0.8758103847503662,-1.5784683227539058,23.891690063476577,100
dueling_wide,Dueling SG-DQN wide 87,dueling horizon,context,90,-1.2291519671615567,0.23197375920807023,0.00196533759097468,0.24,0.125,0.125,0.75,0.0,0.5,0.147064208984375,-4.63709087371826,17.18574523925782,100
dueling_wide,Dueling SG-DQN wide 87,dueling horizon,context,91,-8.914280201850307,0.27014816423484644,0.0021665515603825312,0.2625,0.15,0.1,0.75,0.0,0.6,1.6300902366638184,-10.4709289550781,21.328277587890636,100
dueling_wide,Dueling SG-DQN wide 87,dueling horizon,context,92,4.6152406934626145,0.201405091304366,0.001962747691060248,0.2275,0.1425,0.1075,0.75,0.0,0.57,1.2381305694580078,-4.398105812072753,14.375183105468754,100
dueling_wide,Dueling SG-DQN wide 87,dueling horizon,context,93,-1.3748516722357456,0.2321053910334131,0.001882410677634176,0.225,0.14,0.11,0.75,0.0,0.56,0.8956339359283447,-0.1494614124298091,12.587997436523443,100
dueling_wide,Dueling SG-DQN wide 87,dueling horizon,context,94,-1.0651136989922427,0.23442870873686722,0.00198979773356912,0.2475,0.135,0.115,0.75,0.0,0.54,1.002793312072754,-0.1679668426513666,17.0218444824219,100
dueling_wide,Dueling SG-DQN wide 87,dueling horizon,context,95,11.646128122899436,0.18558945361096718,0.0013638580489155074,0.2725,0.11,0.14,0.75,0.0,0.44,0.0,-1.3529609680175776,13.600776672363317,100
dueling_wide,Dueling SG-DQN wide 87,dueling horizon,context,96,6.89400694432624,0.19358565571113368,0.0017580006724471741,0.2575,0.1375,0.1125,0.75,0.0,0.55,0.6593589782714844,-3.3777008056640607,10.170800781250033,100
dueling_wide,Dueling SG-DQN wide 87,dueling horizon,context,97,1.05018877594922,0.2241276882816541,0.001659553330679593,0.2225,0.16,0.09,0.75,0.0,0.64,1.209855079650879,-3.326139831542968,15.725183105468751,100
dueling_wide,Dueling SG-DQN wide 87,dueling horizon,context,98,6.0197552024273815,0.21418995384832826,0.0013924028762969628,0.3075,0.1525,0.0975,0.75,0.0,0.61,1.3295440673828125,0.0,16.303564453125038,100
dueling_wide,Dueling SG-DQN wide 87,dueling horizon,context,99,0.028436081993916673,0.23007311276081666,0.0015886795544355656,0.2075,0.1525,0.0975,0.75,0.0,0.61,1.1738624572753906,-2.670199584960937,14.833247375488313,100
dueling_wide,Dueling SG-DQN wide 87,dueling horizon,context,100,5.763670161747212,0.20718008324833054,0.0015359199658639417,0.2875,0.145,0.105,0.75,0.0,0.58,0.7459716796875,-1.7678100585937495,14.575418090820321,100
dueling_wide,Dueling SG-DQN wide 87,dueling horizon,context,101,6.367769108958337,0.21383131924547236,0.0014888058275605595,0.315,0.1375,0.1125,0.75,0.0,0.55,0.3933734893798828,0.0,18.817857360839863,100
dueling_wide,Dueling SG-DQN wide 87,dueling horizon,context,102,7.015536909801037,0.21151129396051233,0.0014113882215391349,0.2975,0.1625,0.0875,0.75,0.0,0.65,0.8645172119140625,0.0,12.543035888671898,100
dueling_wide,Dueling SG-DQN wide 87,dueling horizon,context,103,5.288994939834749,0.20104776186026765,0.0014244406702349807,0.255,0.15,0.1,0.75,0.0,0.6,1.3789710998535156,0.0,12.507033538818373,100
dueling_wide,Dueling SG-DQN wide 87,dueling horizon,context,104,6.28286774065746,0.20764709684381394,0.0012703854944443255,0.2875,0.1625,0.0875,0.75,0.0,0.65,1.127716064453125,0.0,19.654376220703128,100
dueling_wide,Dueling SG-DQN wide 87,dueling horizon,context,105,13.086639869411108,0.1774810456726813,0.0010908498647863062,0.255,0.17,0.08,0.75,0.0,0.68,1.3211822509765625,-18.855757141113255,17.944970703125,100
dueling_wide,Dueling SG-DQN wide 87,dueling horizon,context,106,10.01536182349144,0.1854226579636192,0.0011702032235125569,0.2775,0.16,0.09,0.75,0.0,0.64,1.8943443298339844,0.0,20.666517639160162,100
dueling_wide,Dueling SG-DQN wide 87,dueling horizon,context,107,11.787586327334768,0.17832657613710964,0.001088296317042045,0.25,0.17,0.08,0.75,0.0,0.68,2.39801025390625,0.0,15.999202346801795,100
dueling_wide,Dueling SG-DQN wide 87,dueling horizon,context,108,13.288091638946376,0.15985208829654546,0.0008587163063923832,0.2275,0.155,0.095,0.75,0.0,0.62,0.6746673583984375,0.0,11.955364990234377,100
dueling_wide,Dueling SG-DQN wide 87,dueling horizon,context,109,9.356025973513914,0.18363357352500662,0.0011491996846433635,0.26,0.1625,0.0875,0.75,0.0,0.65,0.9011154174804688,-0.6427931785583473,13.365593719482423,100
dueling_wide,Dueling SG-DQN wide 87,dueling horizon,context,110,10.882744575846525,0.1851045503262543,0.001103796067780933,0.255,0.1525,0.0975,0.75,0.0,0.61,0.6054229736328125,-1.9380981445312495,11.601078796386739,100
dueling_wide,Dueling SG-DQN wide 87,dueling horizon,context,111,11.338423508691015,0.18290083238082397,0.0012201845307495836,0.2725,0.16,0.09,0.75,0.0,0.64,1.0608177185058594,0.0,18.082678985595713,100
dueling_wide,Dueling SG-DQN wide 87,dueling horizon,context,112,10.822081372070148,0.1872073608469963,0.001062693797079936,0.26,0.16,0.09,0.75,0.0,0.64,1.031829833984375,0.0,13.94465904235842,100
dueling_wide,Dueling SG-DQN wide 87,dueling horizon,context,113,9.209393761379527,0.19279905708668182,0.0012583901511274867,0.2625,0.1525,0.0975,0.75,0.0,0.61,0.3653564453125,-12.05016822814941,14.625897216796886,100
dueling_wide,Dueling SG-DQN wide 87,dueling horizon,context,114,3.6903704056662794,0.21879897207944946,0.0009879255331859153,0.27,0.1675,0.0825,0.75,0.0,0.67,1.2020263671875,-0.4220947265624985,13.944369506835947,100
dueling_wide,Dueling SG-DQN wide 87,dueling horizon,context,115,6.920505571573869,0.20657468296864415,0.0012711349044849472,0.295,0.1675,0.0825,0.75,0.0,0.67,1.713409423828125,0.0,19.641003417968758,100
dueling_wide,Dueling SG-DQN wide 87,dueling horizon,context,116,5.3767572025695936,0.21855811754486132,0.0013286741893667267,0.2975,0.1425,0.1075,0.75,0.0,0.57,0.2494964599609375,-0.1007781028747555,20.23450927734375,100
dueling_wide,Dueling SG-DQN wide 87,dueling horizon,context,117,4.3484571131901895,0.22356828932305992,0.00138630924793885,0.31,0.16,0.09,0.75,0.0,0.64,1.05340576171875,0.0,19.01956176757813,100
dueling_wide,Dueling SG-DQN wide 87,dueling horizon,context,118,4.904019748037147,0.221209378602186,0.0013797632985249348,0.3,0.13,0.12,0.75,0.0,0.52,0.2457275390625,0.0,22.663242340087947,100
dueling_wide,Dueling SG-DQN wide 87,dueling horizon,context,119,3.7940926048040025,0.2256774062934818,0.0015553743556625734,0.3425,0.1375,0.1125,0.75,0.0,0.55,0.5344009399414062,-0.10292205810546838,20.199473571777347,100
dueling_wide,Dueling SG-DQN wide 87,dueling horizon,context,120,11.558476792542567,0.1884230492176759,0.0013345150418119286,0.29,0.11,0.14,0.75,0.0,0.44,0.0,0.0,12.12998962402344,100
dueling_wide,Dueling SG-DQN wide 87,dueling horizon,context,121,0.5535554585089654,0.23959874884614232,0.0014351821310856728,0.315,0.145,0.105,0.75,0.0,0.58,0.725311279296875,0.0,25.90482025146485,100
dueling_wide,Dueling SG-DQN wide 87,dueling horizon,context,122,4.277544879892786,0.23439570290876433,0.0015764206844995654,0.3275,0.1375,0.1125,0.75,0.0,0.55,0.29205322265625,0.0,15.44254150390627,100
dueling_wide,Dueling SG-DQN wide 87,dueling horizon,context,123,-0.2305422297332825,0.24703284368335293,0.0014443072540301408,0.3175,0.155,0.095,0.75,0.0,0.62,1.105499267578125,0.0,21.57333068847657,100
dueling_wide,Dueling SG-DQN wide 87,dueling horizon,context,124,3.627202663503101,0.2190928210777556,0.0019047188713425883,0.3075,0.1525,0.0975,0.75,0.0,0.61,1.664093017578125,-0.24091682434081965,20.069509887695368,100
dueling_wide,Dueling SG-DQN wide 87,dueling horizon,context,125,-1.1319647209912926,0.24672456039368812,0.0020496393534688616,0.3225,0.145,0.105,0.75,0.0,0.58,1.0158233642578125,-0.28700714111328024,20.191418457031357,100
dueling_wide,Dueling SG-DQN wide 87,dueling horizon,context,126,-2.4597080373977804,0.2554112285670328,0.0015294038434831945,0.3375,0.1425,0.1075,0.75,0.0,0.57,0.5115966796875,0.0,22.773974609375024,100
dueling_wide,Dueling SG-DQN wide 87,dueling horizon,context,127,-1.701490899229185,0.25295477128353033,0.0019932821710664434,0.355,0.1425,0.1075,0.75,0.0,0.57,0.777862548828125,-87.08510437011718,21.618853759765628,100
dueling_wide,Dueling SG-DQN wide 87,dueling horizon,context,128,-4.919816580376536,0.2610778567899154,0.0019103690168617768,0.335,0.1625,0.0875,0.75,0.0,0.65,1.765838623046875,0.0,17.233143615722668,100
dueling_wide,Dueling SG-DQN wide 87,dueling horizon,context,129,-4.0563332763556295,0.2621602141961558,0.0016466707899800558,0.3375,0.1425,0.1075,0.75,0.0,0.57,0.497100830078125,-63.8754409790039,13.395848846435584,100
dueling_wide,Dueling SG-DQN wide 87,dueling horizon,context,130,8.89895489776183,0.20432779559016936,0.0016475671266158226,0.3375,0.1375,0.1125,0.75,0.0,0.55,0.558319091796875,-3.6346023559570297,23.79480590820317,100
dueling_wide,Dueling SG-DQN wide 87,dueling horizon,context,131,11.104553139989582,0.18543551287240856,0.0015812972436545431,0.2675,0.16,0.09,0.75,0.0,0.64,2.0025291442871094,0.0,11.254673194885253,100
dueling_wide,Dueling SG-DQN wide 87,dueling horizon,context,132,-3.366402806442724,0.26510069290481136,0.0018403187216766942,0.2975,0.16,0.09,0.75,0.0,0.64,1.9391021728515625,0.0,29.688385009765643,100
dueling_wide,Dueling SG-DQN wide 87,dueling horizon,context,133,10.136789374053631,0.19901129277366358,0.00157212581332264,0.3025,0.145,0.105,0.75,0.0,0.58,0.5527801513671875,0.0,30.278143310546877,100
dueling_wide,Dueling SG-DQN wide 87,dueling horizon,context,134,10.454572071632215,0.19014462843824614,0.001719604177329601,0.265,0.1775,0.0725,0.75,0.0,0.71,1.2195415496826172,0.0,21.37602348327637,100
dueling_wide,Dueling SG-DQN wide 87,dueling horizon,context,135,11.249499959968917,0.1863123328075741,0.0014854900772029334,0.24,0.17,0.08,0.75,0.0,0.68,1.4012069702148438,0.0,13.94889526367188,100
dueling_wide,Dueling SG-DQN wide 87,dueling horizon,context,136,6.409314078363971,0.21212511029079273,0.001503998786647255,0.275,0.1325,0.1175,0.75,0.0,0.53,0.28912353515625,-10.064427947998043,26.38743896484375,100
dueling_wide,Dueling SG-DQN wide 87,dueling horizon,context,137,-1.8981607458471428,0.25735395091688856,0.0017619129075188433,0.3025,0.16,0.09,0.75,0.0,0.64,1.350006103515625,0.0,38.60241088867191,100
dueling_wide,Dueling SG-DQN wide 87,dueling horizon,context,138,-0.5132675071868892,0.2502554140416769,0.0015461842860171903,0.3125,0.1275,0.1225,0.75,0.0,0.51,0.091064453125,-0.22048339843749923,26.572485351562516,100
dueling_wide,Dueling SG-DQN wide 87,dueling horizon,context,139,10.900673273796771,0.19585060170312216,0.0016723727695362803,0.2775,0.14,0.11,0.75,0.0,0.56,0.603363037109375,0.0,27.874557495117188,100
dueling_wide,Dueling SG-DQN wide 87,dueling horizon,context,140,12.237266687444363,0.19243227184959316,0.001447018467601696,0.275,0.16,0.09,0.75,0.0,0.64,0.9759521484375,0.0,22.20097656250004,100
dueling_wide,Dueling SG-DQN wide 87,dueling horizon,context,141,10.584201140095624,0.19811007713222475,0.0016300393981021483,0.3275,0.15,0.1,0.75,0.0,0.6,0.68353271484375,0.0,15.011981201171963,100
dueling_wide,Dueling SG-DQN wide 87,dueling horizon,context,142,8.138881904052404,0.2000258830283842,0.0016459009225598517,0.295,0.1625,0.0875,0.75,0.0,0.65,1.62725830078125,0.0,17.883502197265653,100
dueling_wide,Dueling SG-DQN wide 87,dueling horizon,context,143,10.380222265240555,0.2000118222467227,0.0015712207561305294,0.2975,0.1425,0.1075,0.75,0.0,0.57,0.789093017578125,0.0,30.497264099121097,100
dueling_wide,Dueling SG-DQN wide 87,dueling horizon,context,144,15.479919879204658,0.17884826443263996,0.0013145377148300397,0.295,0.145,0.105,0.75,0.0,0.58,0.92449951171875,-2.874658203124996,13.503860473632812,100
dueling_wide,Dueling SG-DQN wide 87,dueling horizon,context,145,13.24598857697757,0.1884547439314575,0.0016232610946321235,0.3075,0.1425,0.1075,0.75,0.0,0.57,0.708984375,0.0,16.40350646972659,100
dueling_wide,Dueling SG-DQN wide 87,dueling horizon,context,146,12.099655633944035,0.1890829272215838,0.0017005876416304765,0.33,0.1475,0.1025,0.75,0.0,0.59,1.048095703125,0.0,17.873832702636804,100
dueling_wide,Dueling SG-DQN wide 87,dueling horizon,context,147,0.542970926946017,0.24216555583700802,0.0016665254758124117,0.2975,0.175,0.075,0.75,0.0,0.7,1.43377685546875,0.0,25.088461303710943,100
dueling_wide,Dueling SG-DQN wide 87,dueling horizon,context,148,2.5119370370161698,0.2265725656070022,0.0016679393572024005,0.2775,0.1375,0.1125,0.75,0.0,0.55,0.7222633361816406,0.0,19.26064453125002,100
dueling_wide,Dueling SG-DQN wide 87,dueling horizon,context,149,10.814588821476036,0.19624998825096993,0.0015369972823548617,0.305,0.1625,0.0875,0.75,0.0,0.65,1.3791694641113281,0.0,16.662176513671884,100
dueling_wide,Dueling SG-DQN wide 87,dueling horizon,context,150,10.195395108533887,0.20173086549491934,0.001808735358268062,0.31,0.15,0.1,0.75,0.0,0.6,1.04974365234375,-0.05409698486328106,14.965748596191421,100
dueling_wide,Dueling SG-DQN wide 87,dueling horizon,context,151,2.3045337155882284,0.23606386543111102,0.0013804367462090233,0.285,0.165,0.085,0.75,0.0,0.66,0.6739501953125,0.0,19.973876953125046,100
dueling_wide,Dueling SG-DQN wide 87,dueling horizon,context,152,-2.0634356800401203,0.2610348600841469,0.0014013041694749342,0.2925,0.16,0.09,0.75,0.0,0.64,1.246551513671875,0.0,14.573437500000068,100
dueling_wide,Dueling SG-DQN wide 87,dueling horizon,context,153,14.37528150066462,0.18026743545184887,0.0015279586202769468,0.31,0.17,0.08,0.75,0.0,0.68,1.560211181640625,0.0,12.831338500976583,100
dueling_wide,Dueling SG-DQN wide 87,dueling horizon,context,154,11.65144910645145,0.19449037810364228,0.0014082509904921531,0.3225,0.1525,0.0975,0.75,0.0,0.61,0.9451904296875,0.0,26.304510498046913,100
dueling_wide,Dueling SG-DQN wide 87,dueling horizon,context,155,-0.24389547644198045,0.25306706559415576,0.0018398794793654848,0.3525,0.1625,0.0875,0.75,0.0,0.65,1.52362060546875,0.0,13.799676513671875,100
dueling_wide,Dueling SG-DQN wide 87,dueling horizon,context,156,10.314597164657721,0.20180623311049062,0.0013440044806570688,0.3025,0.1525,0.0975,0.75,0.0,0.61,0.861328125,0.0,22.032446289062573,100
dueling_wide,Dueling SG-DQN wide 87,dueling horizon,context,157,9.238262750663976,0.20097542858894207,0.0017330292859951114,0.2775,0.16,0.09,0.75,0.0,0.64,1.0203056335449219,0.0,18.27237548828126,100
dueling_wide,Dueling SG-DQN wide 87,dueling horizon,context,158,7.654050432388082,0.2140247275859695,0.0013380663307766927,0.2975,0.1625,0.0875,0.75,0.0,0.65,0.8131103515625,0.0,12.9113220214844,100
dueling_wide,Dueling SG-DQN wide 87,dueling horizon,context,159,12.283407078281423,0.19203405680325994,0.0014639566847325326,0.335,0.165,0.085,0.75,0.0,0.66,1.290863037109375,0.0,23.52898416519166,100
dueling_wide,Dueling SG-DQN wide 87,dueling horizon,context,160,-2.3416480550397956,0.2533098083127119,0.0017569014145787725,0.365,0.1425,0.1075,0.75,0.0,0.57,0.58245849609375,0.0,24.54306793212892,100
dueling_wide,Dueling SG-DQN wide 87,dueling horizon,context,161,0.09975244474382122,0.25089516283604996,0.001578990530128009,0.3425,0.185,0.065,0.75,0.0,0.74,1.045562744140625,0.0,32.85673828125002,100
dueling_wide,Dueling SG-DQN wide 87,dueling horizon,context,162,1.0088443472840891,0.24928379556633676,0.0013792895202923018,0.315,0.1675,0.0825,0.75,0.0,0.67,1.27520751953125,0.0,17.615917968750097,100
dueling_wide,Dueling SG-DQN wide 87,dueling horizon,context,163,-1.5989535300145081,0.24774882394513145,0.0015533589929978093,0.335,0.145,0.105,0.75,0.0,0.58,0.423919677734375,0.0,27.325488281250056,100
dueling_wide,Dueling SG-DQN wide 87,dueling horizon,context,164,0.22289568354975245,0.24611471012635866,0.0015952952991867375,0.345,0.17,0.08,0.75,0.0,0.68,1.19580078125,0.0,12.560629272460968,100
dueling_wide,Dueling SG-DQN wide 87,dueling horizon,context,165,1.75416654987465,0.24125052416469941,0.0014791829038037952,0.32,0.15,0.1,0.75,0.0,0.6,1.0383148193359375,0.0,12.645664215087892,100
dueling_wide,Dueling SG-DQN wide 87,dueling horizon,context,166,1.7771478295662633,0.24364070849010466,0.0014940075241479556,0.3125,0.155,0.095,0.75,0.0,0.62,0.757354736328125,0.0,27.487023925781337,100
dueling_wide,Dueling SG-DQN wide 87,dueling horizon,context,167,0.15495604437086627,0.25130529184114464,0.0015067463033808636,0.33,0.1625,0.0875,0.75,0.0,0.65,1.399200439453125,0.0,34.316363525390656,100
dueling_wide,Dueling SG-DQN wide 87,dueling horizon,context,168,2.3437208360456947,0.23852055729866806,0.0012842687255304897,0.3075,0.16,0.09,0.75,0.0,0.64,1.03546142578125,0.0,26.281742858886734,100
dueling_wide,Dueling SG-DQN wide 87,dueling horizon,context,169,2.1399372109055186,0.24057297745082032,0.0013266630010394422,0.3125,0.16,0.09,0.75,0.0,0.64,1.319671630859375,0.0,35.806002807617205,100
dueling_wide,Dueling SG-DQN wide 87,dueling horizon,context,170,5.931266229696252,0.22542254270294287,0.0013723661342023982,0.2975,0.1525,0.0975,0.75,0.0,0.61,1.027557373046875,0.0,16.74986572265625,100
dueling_wide,Dueling SG-DQN wide 87,dueling horizon,context,171,0.1316346406965215,0.2487565068672355,0.001384641507773154,0.3425,0.185,0.065,0.75,0.0,0.74,1.897491455078125,0.0,37.23078613281254,100
dueling_wide,Dueling SG-DQN wide 87,dueling horizon,context,172,4.694860010004717,0.22913100437282494,0.0014869985309550905,0.325,0.185,0.065,0.75,0.0,0.74,1.305694580078125,0.0,23.586740112304692,100
dueling_wide,Dueling SG-DQN wide 87,dueling horizon,context,173,5.589495283269919,0.22656826745170489,0.001405317377816242,0.31,0.155,0.095,0.75,0.0,0.62,1.061279296875,0.0,25.022265625000006,100
dueling_wide,Dueling SG-DQN wide 87,dueling horizon,context,174,2.265689490339347,0.2391440467767893,0.0014058961709847813,0.32,0.175,0.075,0.75,0.0,0.7,2.1949310302734375,0.0,25.486633300781328,100
dueling_wide,Dueling SG-DQN wide 87,dueling horizon,context,175,15.97537235119584,0.17158661790216329,0.0008236814471071767,0.2525,0.18,0.07,0.75,0.0,0.72,1.66900634765625,0.0,9.805322265625017,100
dueling_wide,Dueling SG-DQN wide 87,dueling horizon,context,176,2.5057471108740312,0.23077602196427796,0.0011491779278694663,0.295,0.165,0.085,0.75,0.0,0.66,2.0006103515625,0.0,23.42776489257813,100
dueling_wide,Dueling SG-DQN wide 87,dueling horizon,context,177,2.511266631535422,0.231034372236238,0.0012265194980470284,0.305,0.15,0.1,0.75,0.0,0.6,0.731475830078125,0.0,21.985021877288847,100
dueling_wide,Dueling SG-DQN wide 87,dueling horizon,context,178,15.446654751165033,0.17459894565825482,0.0009315248269732176,0.2625,0.1575,0.0925,0.75,0.0,0.63,0.47198486328125,0.0,14.485925292968759,100
dueling_wide,Dueling SG-DQN wide 87,dueling horizon,context,179,5.216229457607519,0.22623235885991494,0.0014366349940673805,0.3025,0.175,0.075,0.75,0.0,0.7,1.19293212890625,0.0,23.086972045898573,100
dueling_wide,Dueling SG-DQN wide 87,dueling horizon,context,180,0.22557112280406727,0.24469341202243736,0.0013556569274459462,0.32,0.18,0.07,0.75,0.0,0.72,1.37188720703125,0.0,13.141967773437514,100
dueling_wide,Dueling SG-DQN wide 87,dueling horizon,context,181,10.430238841457786,0.19564391963962913,0.001185003741698749,0.275,0.1725,0.0775,0.75,0.0,0.69,1.2303924560546875,0.0,18.469934082031255,100
dueling_wide,Dueling SG-DQN wide 87,dueling horizon,context,182,6.4765008163813675,0.21859805268922333,0.001416912541874409,0.3175,0.145,0.105,0.75,0.0,0.58,0.72869873046875,0.0,26.45753326416017,100
dueling_wide,Dueling SG-DQN wide 87,dueling horizon,context,183,6.030606396432338,0.22032133798283723,0.0014521506593952467,0.3225,0.15,0.1,0.75,0.0,0.6,0.85687255859375,0.0,19.72482299804693,100
dueling_wide,Dueling SG-DQN wide 87,dueling horizon,context,184,-0.05168471292123684,0.2506467696369841,0.0012926664378287648,0.285,0.1725,0.0775,0.75,0.0,0.69,1.353515625,0.0,19.589324951171893,100
dueling_wide,Dueling SG-DQN wide 87,dueling horizon,context,185,7.149814660002116,0.21368985217177056,0.0014895534761454558,0.315,0.175,0.075,0.75,0.0,0.7,1.233449935913086,0.0,15.645812988281252,100
dueling_wide,Dueling SG-DQN wide 87,dueling horizon,context,186,12.334704436466884,0.18208239437095283,0.0011761198883221374,0.2625,0.1575,0.0925,0.75,0.0,0.63,0.970245361328125,0.0,17.957910156250012,100
dueling_wide,Dueling SG-DQN wide 87,dueling horizon,context,187,-2.595495986952999,0.2616428033407546,0.0015161136278486161,0.34,0.17,0.08,0.75,0.0,0.68,1.52398681640625,0.0,20.235957527160647,100
dueling_wide,Dueling SG-DQN wide 87,dueling horizon,context,188,1.944248492326845,0.2365310295434302,0.0014864028634081717,0.32,0.1575,0.0925,0.75,0.0,0.63,1.605712890625,0.0,21.43659057617188,100
dueling_wide,Dueling SG-DQN wide 87,dueling horizon,context,189,-3.929918501747126,0.2584819409568267,0.001522905595039019,0.2825,0.1775,0.0725,0.75,0.0,0.71,1.8289871215820312,0.0,14.12611999511724,100
dueling_wide,Dueling SG-DQN wide 87,dueling horizon,context,190,10.746572117532642,0.19777788504154606,0.0014890659515768801,0.285,0.1775,0.0725,0.75,0.0,0.71,2.467529296875,0.0,16.196179199218836,100
dueling_wide,Dueling SG-DQN wide 87,dueling horizon,context,191,9.729920755075707,0.20298767527396042,0.0017389230119551618,0.3275,0.1525,0.0975,0.75,0.0,0.61,1.125244140625,0.0,19.76040954589845,100
dueling_wide,Dueling SG-DQN wide 87,dueling horizon,context,192,8.775006981062928,0.19518357699810068,0.0014493154712050655,0.31,0.1825,0.0675,0.75,0.0,0.73,1.6932296752929688,0.0,11.076409912109378,100
dueling_wide,Dueling SG-DQN wide 87,dueling horizon,context,193,10.650306601267566,0.19512785163615287,0.0014821344324813595,0.28,0.1975,0.0525,0.75,0.0,0.79,1.900909423828125,0.0,19.101446533203152,100
dueling_wide,Dueling SG-DQN wide 87,dueling horizon,context,194,11.853950705322633,0.18512741000975802,0.0015833489779991112,0.29,0.215,0.035,0.75,0.0,0.86,3.1204071044921875,0.0,17.491198730468753,100
dueling_wide,Dueling SG-DQN wide 87,dueling horizon,context,195,12.789674486237372,0.1863509218806687,0.0015494540043858767,0.295,0.1925,0.0575,0.75,0.0,0.77,2.244110107421875,0.0,13.382409667968757,100
dueling_wide,Dueling SG-DQN wide 87,dueling horizon,context,196,6.546157051084526,0.21283334207941046,0.0017010773055855704,0.3225,0.205,0.045,0.75,0.0,0.82,1.935272216796875,0.0,16.67500305175788,100
dueling_wide,Dueling SG-DQN wide 87,dueling horizon,context,197,4.47889483394086,0.21945894557310763,0.0012044576675624907,0.2775,0.195,0.055,0.75,0.0,0.78,2.4088134765625,0.0,26.579309082031344,100
dueling_wide,Dueling SG-DQN wide 87,dueling horizon,context,198,6.499795268467803,0.2055581088982949,0.0014315866588494866,0.3175,0.185,0.065,0.75,0.0,0.74,1.39581298828125,0.0,15.122137451171886,100
dueling_wide,Dueling SG-DQN wide 87,dueling horizon,context,199,2.3110515851807083,0.22975494385305545,0.0014750478620140688,0.315,0.1825,0.0675,0.75,0.0,0.73,1.10113525390625,0.0,22.40775756835943,100
dueling_wide,Dueling SG-DQN wide 87,dueling horizon,context,200,4.915107016729685,0.2167792415516047,0.001313968427022518,0.2775,0.2225,0.0275,0.75,0.0,0.89,2.443359375,0.0,12.573028564453152,100
