key,family,label,variant,subepisode,phase,current_reward,temp_mae,comp_mae,outside_band_frac,mean_abs_du_scaled,policy_fraction,supervisor_fraction,warm_start_fraction,fallback_fraction,adv_mean,adv_median,adv_q10,adv_q90,q_gap_policy_mean,q_gap_supervisor_mean,q1_policy_mean,q2_policy_mean,q1_supervisor_mean,q2_supervisor_mean,executed_action_norm_mean,policy_action_norm_mean,supervisor_action_norm_mean,policy_minus_supervisor_norm_mean,executed_minus_supervisor_norm_mean
weights_mismatch,weights,Weights mismatch,mismatch,1,warm_start,-2.4757971343220584,0.2927707191778444,0.002622321657885212,0.4425,0.0064568836486144756,0.0,0.0,1.0,0.0,nan,nan,nan,nan,nan,nan,nan,nan,nan,nan,1.1999999999999997,0.007415524998185542,1.1999999999999997,1.201142947542421,0.0
weights_mismatch,weights,Weights mismatch,mismatch,2,warm_start,7.874069683245648,0.18594152231035466,0.0015049713189922193,0.2525,0.00406805330906442,0.0,0.0,1.0,0.0,nan,nan,nan,nan,nan,nan,nan,nan,nan,nan,1.1999999999999997,0.007172850116705371,1.1999999999999997,1.2008032154761492,0.0
weights_mismatch,weights,Weights mismatch,mismatch,3,warm_start,7.9847975595233605,0.18505905208111023,0.00149940613132385,0.2525,0.004050174802753668,0.0,0.0,1.0,0.0,nan,nan,nan,nan,nan,nan,nan,nan,nan,nan,1.1999999999999997,0.007161311103970805,1.1999999999999997,1.2008031695581212,0.0
weights_mismatch,weights,Weights mismatch,mismatch,4,warm_start,8.105924556201765,0.18410211055489434,0.0014935419865018456,0.2525,0.004030856705497501,0.0,0.0,1.0,0.0,nan,nan,nan,nan,nan,nan,nan,nan,nan,nan,1.1999999999999997,0.007145798812717419,1.1999999999999997,1.2008029368712,0.0
weights_mismatch,weights,Weights mismatch,mismatch,5,warm_start,8.225657526245664,0.18307196649804552,0.0014873741488288144,0.255,0.004010630967331611,0.0,0.0,1.0,0.0,nan,nan,nan,nan,nan,nan,nan,nan,nan,nan,1.1999999999999997,0.007126738750034382,1.1999999999999997,1.2008003679347699,0.0
weights_mismatch,weights,Weights mismatch,mismatch,6,warm_start,8.348965000563991,0.18196566273979833,0.0014809316486112634,0.25,0.003989097584543291,0.0,0.0,1.0,0.0,nan,nan,nan,nan,nan,nan,nan,nan,nan,nan,1.1999999999999997,0.00710442234236314,1.1999999999999997,1.200795953383654,0.0
weights_mismatch,weights,Weights mismatch,mismatch,7,warm_start,8.481938704380315,0.18077234278615023,0.0014741697172206752,0.25,0.003967701265885293,0.0,0.0,1.0,0.0,nan,nan,nan,nan,nan,nan,nan,nan,nan,nan,1.1999999999999997,0.007078146741220679,1.1999999999999997,1.2007895542628413,0.0
weights_mismatch,weights,Weights mismatch,mismatch,8,warm_start,8.646113114652538,0.17952075608766044,0.0014670518705704732,0.2525,0.003944440970848885,0.0,0.0,1.0,0.0,nan,nan,nan,nan,nan,nan,nan,nan,nan,nan,1.1999999999999997,0.007053229509230349,1.1999999999999997,1.2007872203090815,0.0
weights_mismatch,weights,Weights mismatch,mismatch,9,warm_start,8.806242397490184,0.1784467768279042,0.0014595864385182817,0.2475,0.003918984385594987,0.0,0.0,1.0,0.0,nan,nan,nan,nan,nan,nan,nan,nan,nan,nan,1.1999999999999997,0.00703305297872079,1.1999999999999997,1.2007822767919327,0.0
weights_mismatch,weights,Weights mismatch,mismatch,10,warm_start,8.921790762841676,0.17753237362988525,0.0014515408397545338,0.2475,0.0038923548725399303,0.0,0.0,1.0,0.0,nan,nan,nan,nan,nan,nan,nan,nan,nan,nan,1.1999999999999997,0.007011299670661639,1.1999999999999997,1.2007725530574895,0.0
weights_mismatch,weights,Weights mismatch,mismatch,11,protected_handover,9.070162947450875,0.1765178214087376,0.0014432441652684016,0.245,0.0038665404351189325,0.0,0.9975,0.0025,0.0,nan,nan,nan,nan,nan,nan,nan,nan,nan,nan,1.1999999999999997,0.006993952271344461,1.1999999999999997,1.2007651785183442,0.0
weights_mismatch,weights,Weights mismatch,mismatch,12,protected_handover,9.243795266627322,0.17539656692687244,0.0014346148404482768,0.2425,0.00383892770481859,0.0,1.0,0.0,0.0,nan,nan,nan,nan,nan,nan,nan,nan,nan,nan,1.1999999999999997,0.006978694017089753,1.1999999999999997,1.2007597355240958,0.0
weights_mismatch,weights,Weights mismatch,mismatch,13,protected_handover,9.454461497921823,0.17419942079565698,0.001425550484335849,0.2375,0.003809755669545456,0.0,1.0,0.0,0.0,nan,nan,nan,nan,nan,nan,nan,nan,nan,nan,1.1999999999999997,0.006961781656039024,1.1999999999999997,1.200760376030024,0.0
weights_mismatch,weights,Weights mismatch,mismatch,14,live,9.849612883984477,0.1708638000093308,0.0014030633269997736,0.23,0.0037275177869304397,0.56,0.44,0.0,0.0,1.475390166149022,1.8158625031524949,-13.714012913431054,22.306268184089934,6.243131098703932,3.0049061605842193,-111.35247318827568,-110.15331420354676,-115.65512004414373,-115.28640469729453,1.571306769885769,1.703371045938213,1.1999999999999997,0.6578702927982836,0.3795505725912875
weights_mismatch,weights,Weights mismatch,mismatch,15,live,10.202005210261666,0.17196965136541312,0.0013453805722206523,0.2325,0.003812964241406185,0.4575,0.5425,0.0,0.0,1.3213226719052527,-0.575798064803493,-16.436023501644183,10.330429622525385,6.304585760682821,2.455476260110736,-53.77191613629461,-52.66535270035267,-58.34051154263317,-58.444285389184955,1.4879333629230762,1.722120874555895,1.1999999999999997,0.5704138718686351,0.2971816161077191
weights_mismatch,weights,Weights mismatch,mismatch,16,live,1.626684305454377,0.18907263362377652,0.0010997208294307708,0.21,0.003979257698693927,0.3725,0.6275,0.0,0.0,2.1167500341005643,-1.3734491806755926,-18.040946110869193,21.774617614453003,5.1908966514468196,3.5656870186328886,-29.2886887127161,-30.679885926544667,-33.73956746220588,-33.719972786903384,1.3774899211112166,1.6071542131879146,1.1999999999999997,0.502966663983528,0.20903406968791302
weights_mismatch,weights,Weights mismatch,mismatch,17,live,3.1368951428288643,0.1970480305068108,0.0017238538257616479,0.2625,0.004004436282978671,0.3475,0.6525,0.0,0.0,-0.7749777939297114,-1.7874724019377197,-20.650020167310746,11.085759339833658,8.761525067090988,4.27776265129447,-66.60832119941712,-64.48298838496208,-69.49543209806085,-69.021845433712,1.3492186467401541,1.5966331406215235,1.1999999999999997,0.5375393397653823,0.21272842881766926
weights_mismatch,weights,Weights mismatch,mismatch,18,live,6.23473444532367,0.18101919862973953,0.0015493825637377479,0.2425,0.003792796101403825,0.3,0.7,0.0,0.0,-4.118607127414699,-2.1841406241785606,-21.587518083891734,6.9364998424869,8.085785605311393,4.624260241985321,-42.15696624279022,-41.946723588109016,-41.36340987920761,-41.43362320423126,1.3162521552582387,1.5713050197706573,1.1999999999999997,0.49291901216422007,0.1650612880267001
weights_mismatch,weights,Weights mismatch,mismatch,19,live,9.303900892819168,0.17242528578888863,0.001457142626768167,0.245,0.003699722389133879,0.2625,0.7375,0.0,0.0,-6.004456969504278,-2.586179981432778,-23.202648615696038,2.165288432041565,7.863737054169178,4.276577697396278,-19.227932718396186,-16.179448863565923,-15.310735062360763,-15.269620767235756,1.284693383102744,1.5378496917821582,1.1999999999999997,0.46870759240731014,0.1259636430304725
weights_mismatch,weights,Weights mismatch,mismatch,20,live,8.965651863764892,0.17032203273462151,0.0015972769229118061,0.2475,0.0036853933267036536,0.2775,0.7225,0.0,0.0,-5.92600754618018,-2.297745427808578,-28.78403386890054,10.125487772299236,9.644933128580451,5.918510705009103,-25.835078271031378,-26.590587406530975,-23.271294699162244,-24.761877861097457,1.2710159159072087,1.4824507175753616,1.1999999999999997,0.46034347355732114,0.15318229978694414
weights_mismatch,weights,Weights mismatch,mismatch,21,live,11.475938854321544,0.1645880329764133,0.0014730343741922044,0.2575,0.0035936829450745247,0.2925,0.7075,0.0,0.0,-6.072627114840693,-2.600944313525112,-29.220717234886376,3.5127148750472768,9.680170452985912,6.102029902348295,6.615385128669441,6.764235818292946,9.598449946716428,8.762896451884881,1.271803511234985,1.4902355390144764,1.1999999999999997,0.44639996392323844,0.13330714288699214
weights_mismatch,weights,Weights mismatch,mismatch,22,live,11.184871758618273,0.1669824839164792,0.0014368346376767193,0.25,0.0036796931992580583,0.2925,0.7075,0.0,0.0,-6.282131336485062,-2.5288085906675377,-26.275774820232037,4.110437506492647,15.236659256592393,5.750718189068139,31.42991181820631,24.162570769265294,24.91565221250057,24.259831693954766,1.2919397523321112,1.5157049249900487,1.1999999999999997,0.47138966959163026,0.141859848353316
weights_mismatch,weights,Weights mismatch,mismatch,23,live,11.223474364592928,0.16260253207046588,0.0014900971766323187,0.255,0.0036013283812078023,0.295,0.705,0.0,0.0,-7.090773456934153,-3.0084883474216717,-28.519660087366628,4.041550664166194,15.168980811685323,5.5657287320494655,39.644210369512436,33.5984294513613,34.28272146731615,33.92629195451737,1.2710735034575444,1.4578881554455796,1.1999999999999997,0.4622440452132897,0.14812956015141207
weights_mismatch,weights,Weights mismatch,mismatch,24,live,13.015210895050902,0.1582370472312194,0.0013899854726275812,0.245,0.0035161466134963817,0.3,0.7,0.0,0.0,-8.119024675145806,-2.6344726530362443,-28.960805381141856,4.417017212922604,13.727903836220502,4.729826839417219,73.71662490308285,66.60634163990616,69.29103671610355,69.26590920582413,1.2810811051158901,1.4460978740415795,1.1999999999999997,0.434624687455322,0.14655021836775778
weights_mismatch,weights,Weights mismatch,mismatch,25,live,14.083562297148996,0.15576772128365782,0.0013185938616235096,0.2325,0.0034545423593176816,0.2375,0.7625,0.0,0.0,-9.96607180858798,-2.9578777039372426,-33.465605563175345,2.7361146724425613,16.01080326974392,6.236452980637551,101.67160226508975,91.76958587780595,97.4001778511703,96.41599145069718,1.2501398061216213,1.4309420507162098,1.1999999999999997,0.42797693165345146,0.10673298118694319
weights_mismatch,weights,Weights mismatch,mismatch,26,live,13.817562488039773,0.15576204214393707,0.0013463866355203841,0.24,0.003486446220409582,0.31,0.69,0.0,0.0,-6.658222136118926,-2.2286689455698294,-29.60051882463681,2.9203703655273614,15.9889909440279,7.351781315803528,112.78641462385654,105.41301904380322,107.06778980821372,107.16508237332106,1.2613820820730017,1.4453058106736165,1.1999999999999997,0.4480546778496888,0.14417642349963602
weights_mismatch,weights,Weights mismatch,mismatch,27,live,13.676964175219439,0.15634305791125633,0.0013594490422880277,0.245,0.003473663709122592,0.2875,0.7125,0.0,0.0,-7.036160165927091,-2.7257339060952006,-30.347545265083426,3.870964109230649,15.361898620128631,6.6479176564514635,127.57616134643554,118.38155155181884,121.43032728523016,121.16335698500275,1.2618195274882735,1.4486626369152389,1.1999999999999997,0.4417932689403902,0.13662663787359436
weights_mismatch,weights,Weights mismatch,mismatch,28,live,13.905888704168946,0.1555959759024859,0.001346820827202535,0.245,0.0034297176490763167,0.315,0.685,0.0,0.0,-7.506014569423773,-2.3494032680705175,-28.721301207748933,3.1815162519528495,15.906604527302552,5.82621639110148,148.2713734264602,138.74775966383515,140.42702524222435,141.43518011525273,1.2795287317101087,1.446763464684949,1.1999999999999997,0.43596996573993496,0.14790462120193265
weights_mismatch,weights,Weights mismatch,mismatch,29,live,12.494618910863533,0.15599584181196108,0.001451881881524642,0.26,0.003419025091266742,0.3175,0.6825,0.0,0.0,-6.776727126316331,-2.5019433010091916,-27.550133403572136,6.050205106556471,15.951690782792866,6.227265949808061,146.01589075159282,137.55362854599952,138.50776587076484,139.1579495799914,1.2825317224640578,1.4510867010286252,1.1999999999999997,0.4604752929865228,0.1697837432591604
weights_mismatch,weights,Weights mismatch,mismatch,30,live,12.384770562946358,0.15606064668546218,0.0014640609177874475,0.2575,0.003389891672978776,0.35,0.65,0.0,0.0,-7.470179489174192,-1.6580679401599525,-35.3926614984221,8.454378468916953,16.127011880874633,6.6668970081955194,157.2698593930155,148.1840390009433,150.49901259988548,150.96694755487144,1.2789637188479055,1.4120412452665958,1.1999999999999997,0.4599861453328708,0.18693298502967437
weights_mismatch,weights,Weights mismatch,mismatch,31,live,12.666940944260707,0.15434661450851975,0.0014621487163197944,0.2475,0.0033882674953600576,0.3425,0.6575,0.0,0.0,-7.316774856968216,-1.6322619047933102,-28.633050190029614,6.24182191703811,17.075834332732484,6.495909216254949,175.83719647857362,166.14748755544423,167.79814836874604,167.65201495558023,1.2740272062544455,1.4222630200580288,1.1999999999999997,0.46411952355668346,0.18499256401708333
weights_mismatch,weights,Weights mismatch,mismatch,32,live,11.899176909027256,0.15424404901321864,0.0014999031851302628,0.2475,0.003352118093665018,0.37,0.63,0.0,0.0,-9.138150573971165,-1.8669862114413007,-38.04269650983692,5.980237989036395,16.880177893340587,7.013819026574493,185.29118175059557,175.66762801527977,179.262307234779,180.23199572980403,1.2829279865882273,1.3967385237876437,1.1999999999999997,0.46691174805096325,0.20417520030582875
weights_mismatch,weights,Weights mismatch,mismatch,33,live,12.490734899916625,0.15537530637740582,0.0014391723709079834,0.2575,0.003430408801019469,0.365,0.635,0.0,0.0,-7.93377997783611,-1.5226166475530079,-33.58795302009146,8.164870289884174,16.68725893095136,6.978808450717479,232.65237266272305,222.87537969574333,225.95010622441768,226.01987013457344,1.2932210535986863,1.4326710881968763,1.1999999999999997,0.4594755412674549,0.1846814602879943
weights_mismatch,weights,Weights mismatch,mismatch,34,live,12.454279240609052,0.15827917829690274,0.001476522251234929,0.25,0.003511790019735711,0.3825,0.6175,0.0,0.0,-7.614392574094223,-1.5128392404223518,-29.264235262879467,5.892802417793224,18.725398760437965,8.086323187947274,277.13597634598614,266.83644838809965,269.01733046859505,268.8965549722314,1.3134993454007804,1.482159303008295,1.1999999999999997,0.4846642212529881,0.19541867683676045
weights_mismatch,weights,Weights mismatch,mismatch,35,live,13.51137612108103,0.1566910648475857,0.0013284368897503354,0.2475,0.003632620954109572,0.4175,0.5825,0.0,0.0,-4.622940541741663,-1.3835047376273906,-24.62012172145644,8.509734263956714,16.01819405581802,6.801360386125744,348.4745125279948,340.88504995182154,340.061215852499,340.10186992097647,1.358393328573284,1.5601071747836672,1.1999999999999997,0.5073922633059613,0.22547136082299452
weights_mismatch,weights,Weights mismatch,mismatch,36,live,13.3237391251285,0.15964930157414076,0.0013096078268495445,0.24,0.0036577874302277436,0.45,0.55,0.0,0.0,-2.93117263863318,-1.1332890702099832,-21.089624927896736,7.574085248209774,15.06621138393879,7.197998666167259,402.44257160365584,396.87547852039336,394.80917328238485,394.62643280804156,1.381907885752003,1.5790946024436174,1.1999999999999997,0.5090052144616395,0.24147244431605933
weights_mismatch,weights,Weights mismatch,mismatch,37,live,13.148756565966217,0.1620898616425958,0.0013954231466453031,0.235,0.0036997415343721306,0.4825,0.5175,0.0,0.0,-2.067960190070592,-0.6728136502899673,-14.655978866580584,12.18400922635686,14.849726726831868,7.110940486192703,439.3416325303912,435.1312838054914,431.6771424472332,431.4457193684578,1.391816066981479,1.609155433796011,1.1999999999999997,0.5268918213183942,0.24967835628137203
weights_mismatch,weights,Weights mismatch,mismatch,38,live,12.616523535553428,0.1655348835582834,0.001470611321286054,0.2475,0.0037400502327460884,0.47,0.53,0.0,0.0,-0.2620390328571276,-0.6762361323669097,-18.223774732301422,10.900439908617365,14.345727818012238,8.154196542799474,481.9359504491091,478.7294931036234,474.81844285577534,473.98006674766543,1.383167918559905,1.575930030741456,1.1999999999999997,0.505546735171867,0.2431355702395661
weights_mismatch,weights,Weights mismatch,mismatch,39,live,12.918983771507023,0.16553087679665868,0.001453328741714374,0.25,0.003835606824248203,0.5775,0.4225,0.0,0.0,1.2639418878978337,1.4595652931657526,-13.813498508481798,18.003972152779014,13.518247909247876,6.387308063209057,537.0431095144153,533.4566204863787,526.8998828729987,526.8029521638155,1.4430450140286453,1.6233515390957183,1.1999999999999997,0.5285177126782316,0.2985298836523727
weights_mismatch,weights,Weights mismatch,mismatch,40,live,13.358475759861255,0.16402034833296333,0.0014382608322381929,0.2275,0.0038135294645735385,0.6675,0.3325,0.0,0.0,7.840205315785941,3.4955154813828813,-7.10091931719944,22.741900473220394,11.987371053248644,7.817863977849483,594.6321755176782,594.48843089208,583.717663089335,581.377635846734,1.5009977888576862,1.6574018292244803,1.1999999999999997,0.5407460734078712,0.362186758035894
weights_mismatch,weights,Weights mismatch,mismatch,41,live,12.986090909204068,0.16838375132866829,0.0014437675650503428,0.2425,0.003848712243965331,0.6925,0.3075,0.0,0.0,7.099364498183664,4.011016759983534,-10.870350500545523,22.29820432302056,11.769443484665826,7.999319049268961,649.2027744007111,646.1128640447837,637.9687910839915,635.6030398713052,1.5304327657757537,1.660819956356682,1.1999999999999997,0.5362719964555144,0.38129247133674726
weights_mismatch,weights,Weights mismatch,mismatch,42,live,12.555051134494073,0.17072112723111618,0.0015072861435293649,0.255,0.003939338951460985,0.745,0.255,0.0,0.0,10.811266828470522,5.932373035894763,-5.46941863797591,24.570957576225492,13.022991311475634,9.709812340866774,697.0212009824068,693.8730568541587,681.6285322083719,681.0121249142289,1.5607851020381878,1.6776837313796895,1.1999999999999997,0.5432663229766773,0.40508276078388583
weights_mismatch,weights,Weights mismatch,mismatch,43,live,13.12658676754706,0.16980243632087424,0.001451835728714593,0.255,0.003983318425413111,0.7775,0.2225,0.0,0.0,13.448532067464367,8.317269865611571,-5.725184046187854,28.96718546079421,11.20868346363306,9.41289083344862,766.7045853951573,765.6056864637136,750.3795545534975,751.4375621905923,1.5794436507936171,1.6850653107929117,1.1999999999999997,0.5475481729151973,0.4260799348434301
weights_mismatch,weights,Weights mismatch,mismatch,44,live,12.482835995285463,0.17287969966377556,0.0014803936072149931,0.2475,0.003993622018624087,0.795,0.205,0.0,0.0,13.06487064079741,8.117271806332766,-5.6635375257158795,34.319911371841854,11.588507121882866,9.173005516529082,805.9627730338275,806.0704013780435,789.3328676855564,791.7347631156445,1.5778286947064317,1.6861462322047354,1.1999999999999997,0.5525626686057938,0.4304876243633499
weights_mismatch,weights,Weights mismatch,mismatch,45,live,12.077214236056337,0.1743794937944475,0.0015600173539987222,0.2575,0.003995242371725362,0.7675,0.2325,0.0,0.0,15.264404435285186,10.184507234776675,-5.309305081266039,36.821311892222454,14.430616793185472,11.415624650120735,854.4724207480252,855.7334343278408,835.9201772147417,837.7213351118564,1.5778791595475232,1.70542945492606,1.1999999999999997,0.5650881759254848,0.4171092871483356
weights_mismatch,weights,Weights mismatch,mismatch,46,live,13.469815073706418,0.1749441002303379,0.001492725779419586,0.2475,0.0039621701852495415,0.8825,0.1175,0.0,0.0,17.827495745508077,11.840074489595736,-1.0548649194049058,40.24453861048512,12.427493929639459,10.460111230090261,937.2641654028744,939.6115515983105,917.7386648344993,919.5434243447334,1.658557645253427,1.7189467201324533,1.1999999999999997,0.579715337519428,0.5079721483474947
weights_mismatch,weights,Weights mismatch,mismatch,47,live,12.222257027830073,0.17682303142743508,0.0015303439835489552,0.2525,0.003996373356793541,0.875,0.125,0.0,0.0,19.299016670644118,16.15190956155417,-1.152273405092876,44.759244590189326,13.869340965598822,10.719515258967876,983.619427165091,982.9259374655783,960.9523778229952,960.6917052844167,1.6493625550655475,1.7164647016316354,1.1999999999999997,0.5696444129498961,0.4945140027816021
weights_mismatch,weights,Weights mismatch,mismatch,48,live,12.527583429455094,0.17438509342699157,0.0015084602993283888,0.24,0.004098838822252742,0.915,0.085,0.0,0.0,28.7509312892837,23.518553813489234,1.3442451194193714,57.02320557837083,14.553947521448135,10.500109897702933,1049.9003344023229,1049.579600150585,1016.8626877079904,1017.0044958135486,1.708290192087021,1.7565890914856217,1.1999999999999997,0.6019356492923593,0.5453948658798966
weights_mismatch,weights,Weights mismatch,mismatch,49,live,13.134482841531831,0.17364200520266124,0.0014956996693245724,0.24,0.004101763562369761,0.855,0.145,0.0,0.0,22.452862359735843,12.323565382161718,-3.176865495621493,57.61586881739746,14.388831061422826,12.1173357796669,1085.9862006050348,1085.10705116719,1061.825204731226,1059.8163666522503,1.64864550920544,1.690532848282961,1.1999999999999997,0.5470365084404313,0.48838868553608283
weights_mismatch,weights,Weights mismatch,mismatch,50,live,12.712337494181844,0.17169645805997155,0.001510411615529904,0.2425,0.004013579826222056,0.6275,0.3725,0.0,0.0,10.938119458330767,4.551812711880046,-19.8114115371437,40.81344906087085,16.120149384196846,14.253133011460305,1076.5107098818385,1076.220873632431,1062.8814010369779,1064.2350103110075,1.5465316463797025,1.6624814010304596,1.1999999999999997,0.5262791740986117,0.3844454351305766
weights_mismatch,weights,Weights mismatch,mismatch,51,live,11.192694584315037,0.1750512366366244,0.0014639611454554636,0.2325,0.004108874949983411,0.5325,0.4675,0.0,0.0,7.600816417155683,0.8402645792924943,-18.201999731150583,38.48424857680564,16.019228776693343,12.440076032876968,1063.5057704532146,1062.6643130493164,1050.981324892044,1052.8229857409,1.5127361550142147,1.6666129462857213,1.1999999999999997,0.5375735236059,0.3480793908232495
weights_mismatch,weights,Weights mismatch,mismatch,52,live,11.826195350421262,0.17114995485453818,0.0013890180437852037,0.22,0.004160119068230184,0.5075,0.4925,0.0,0.0,9.654953432306126,0.19032002952599214,-18.873078612683496,45.6148381364676,14.11381238400936,11.019736641049384,1060.4868087118864,1060.102644393444,1047.148238363862,1047.9364205348493,1.494898808308758,1.6793483572301333,1.1999999999999997,0.5518731381268487,0.3347082469270834
weights_mismatch,weights,Weights mismatch,mismatch,53,live,12.936084688562083,0.17074716014934335,0.0013669629566227606,0.225,0.003989307353933647,0.355,0.645,0.0,0.0,1.552177922792452,-3.3586702074868526,-18.559952338067294,23.2770296466501,12.948737159967422,10.207042125463486,1054.9079645621778,1056.579560368061,1051.6555023646354,1051.236104413271,1.382697783753404,1.6309318425838413,1.1999999999999997,0.5152136737809565,0.22368338428632037
weights_mismatch,weights,Weights mismatch,mismatch,54,live,12.472614104875708,0.16978381166448794,0.001362948358434591,0.23,0.003986476526602063,0.4525,0.5475,0.0,0.0,6.641771147558514,-0.8199469196445648,-15.002374528290646,31.891087786715513,12.432329004704952,10.629298013150692,1035.7512890678645,1038.363733818233,1028.8278173321485,1028.3901475510002,1.435849604003576,1.6497238900467506,1.1999999999999997,0.531606457727414,0.279919308777636
weights_mismatch,weights,Weights mismatch,mismatch,55,live,12.776499592151012,0.1708008838181729,0.0014914171519962072,0.24,0.003934057988119775,0.385,0.615,0.0,0.0,0.11892095827768998,-2.3392595228258415,-26.12420504132185,25.09578684033984,14.266019892692565,9.634667815566063,1017.1901729631423,1014.9365203905105,1012.3783608987927,1010.240977023542,1.3859199665359003,1.599535409634206,1.1999999999999997,0.49268892420511934,0.23133506823271793
weights_mismatch,weights,Weights mismatch,mismatch,56,live,13.216359754521845,0.17001964032298067,0.001499300406270324,0.2525,0.003922108072657788,0.455,0.545,0.0,0.0,2.022631110255727,-1.1750846091268272,-17.037188038966573,19.443657697915583,12.609390367344021,10.108986538462341,1017.8209187316149,1017.964587251991,1013.9105990235507,1012.8227155020461,1.424650568539078,1.6025310701675741,1.1999999999999997,0.49303584623103397,0.26914250754721886
weights_mismatch,weights,Weights mismatch,mismatch,57,live,11.734291911836836,0.17138515272430646,0.0015986558583425314,0.2625,0.004031149851625912,0.425,0.575,0.0,0.0,3.9983573112190673,-1.3936112104354947,-18.275863125619797,21.499976077740047,13.807288374006749,10.253704169988632,978.6985142457485,979.3844654539228,972.0836315917969,970.8889121472836,1.3930005462751762,1.5939789602778245,1.1999999999999997,0.48621442381277274,0.2435405507121132
weights_mismatch,weights,Weights mismatch,mismatch,58,live,13.194201792873853,0.1675959436143698,0.0015739559638620548,0.26,0.003940694043511689,0.44,0.56,0.0,0.0,2.4518233637470384,-1.365863112511306,-18.806077909865778,19.12397753116488,11.69037539564073,9.231437519788741,990.6748723381013,989.1782906165719,985.7864246702194,984.2393040812016,1.4080912571105557,1.5718835358263206,1.1999999999999997,0.47401150934058905,0.25889482251811957
weights_mismatch,weights,Weights mismatch,mismatch,59,live,13.542615908398808,0.16619574093540887,0.001545320769742451,0.255,0.0039018531417501457,0.4325,0.5675,0.0,0.0,0.6100982106190861,-1.4858831651188709,-22.7130541583389,14.590927017178211,14.784617131054402,10.05286485986784,999.1230939731001,998.8078737193346,993.4077775956877,993.8333333009482,1.4029448681021364,1.5762793743242067,1.1999999999999997,0.47565122796404125,0.25202491710748126
weights_mismatch,weights,Weights mismatch,mismatch,60,live,13.510308861666008,0.1670388696488182,0.0015421395729341909,0.26,0.003876130527595417,0.38,0.62,0.0,0.0,-0.1826184656479444,-2.6261680648792662,-19.56233613159292,10.790286423993354,14.471591662466526,10.94770001411438,983.0189727321267,982.8218528819084,979.3891531538964,979.7626330888271,1.3755033127797218,1.5569440249745492,1.1999999999999997,0.472008366885903,0.22515466217077754
weights_mismatch,weights,Weights mismatch,mismatch,61,live,13.467134151044753,0.16688220711241997,0.0014839489468537583,0.2575,0.0038409162267226283,0.415,0.585,0.0,0.0,0.845686004697545,-1.492235518715006,-16.471008388660902,10.903157568028407,13.54765821568668,9.819459293037653,982.3836235964299,981.7048533404618,977.8722799883783,977.0611261737347,1.4056398036427566,1.581757766039256,1.1999999999999997,0.49332657077386716,0.2541379801159819
weights_mismatch,weights,Weights mismatch,mismatch,62,live,13.178476105635744,0.16927502137542055,0.0014989304211829098,0.2575,0.003772379027464632,0.455,0.545,0.0,0.0,1.3474450442654318,-1.1002414034772698,-20.953533023248994,14.963469520424661,17.671108371019365,10.055955892950296,973.9570625960827,977.9714062714577,967.4992054951191,966.4971588121355,1.3748518542530095,1.525048051364123,1.1999999999999997,0.4938144359827708,0.2642056736073987
weights_mismatch,weights,Weights mismatch,mismatch,63,live,15.729765897154158,0.16987757879890344,0.001414323859777759,0.2625,0.0038986365283242954,0.56,0.44,0.0,0.0,15.8391498027304,2.039801081398565,-15.708429894475147,69.59742564798911,18.945880596637725,15.825540986061096,1026.074774723649,1027.9972346144914,1010.1837914675474,1005.9642841118574,1.4640443060033175,1.5690651301236511,1.1999999999999997,0.5161430306420186,0.35526114210170173
weights_mismatch,weights,Weights mismatch,mismatch,64,live,15.369599667581141,0.16626304179589574,0.001382296363875158,0.255,0.003838565940786798,0.4875,0.5125,0.0,0.0,2.771742968863397,-0.21524024820533327,-19.8250918353943,19.719882467975363,15.732493739724159,11.458678372949361,1007.691060281992,1006.1006887680292,1000.5916614930331,999.103900745511,1.4126006390224504,1.549154440626644,1.1999999999999997,0.47471762519309996,0.2842492038158478
weights_mismatch,weights,Weights mismatch,mismatch,65,live,15.15101796787389,0.16611315053923514,0.001374966487524837,0.2525,0.0038641069181721732,0.5125,0.4875,0.0,0.0,2.4833297998437156,0.21133394824801144,-19.523709768667548,21.519222843967125,14.788608240261674,10.963950818777084,994.5467972461134,990.4171798259019,986.7874669402838,985.5547055345774,1.4183198439173648,1.5642708919655803,1.1999999999999997,0.5081287748653018,0.30665556946266714
weights_mismatch,weights,Weights mismatch,mismatch,66,live,15.342372784227937,0.16367369925008682,0.0013687677097544576,0.25,0.003815473518548966,0.45,0.55,0.0,0.0,2.0134950070925357,-0.8033705277086938,-17.604897027883496,13.71653874343941,13.33613257676363,9.653140369653702,1023.5412792479992,1023.0661980721354,1017.2386522379518,1017.9676625850797,1.3516509734416622,1.5489618307337525,1.1999999999999997,0.5184440617499226,0.24144377821002544
weights_mismatch,weights,Weights mismatch,mismatch,67,live,14.936804270028324,0.16451921436236247,0.0013178990136994784,0.2475,0.0038099497918637347,0.41,0.59,0.0,0.0,1.5126893610803185,-1.4380510079216293,-15.133647883246315,10.101518607581134,14.921528051495551,10.470369667708873,1043.5078646808863,1044.6457950210572,1037.1056581670045,1039.11167072922,1.3305856364320043,1.5421151758684315,1.1999999999999997,0.49650210264985417,0.19806928958009273
weights_mismatch,weights,Weights mismatch,mismatch,68,live,16.09773530997613,0.16771214215177416,0.0013205535860745152,0.2475,0.003916257203841844,0.5725,0.4275,0.0,0.0,6.280870687299832,1.6196012523354284,-11.114025594360916,22.644383617583767,13.127604724764824,10.602692069523037,1073.4889970320464,1072.7035673606397,1066.4071446840837,1062.1682757461072,1.4098740222021775,1.5458193562385798,1.1999999999999997,0.4932498100511603,0.3093250112698785
weights_mismatch,weights,Weights mismatch,mismatch,69,live,14.498909225872174,0.16691266866595988,0.0014159342473997053,0.26,0.0038718203238063704,0.485,0.515,0.0,0.0,5.12435915959149,-0.24354559924722707,-14.375608086195461,19.743442082518744,12.71734916202724,9.955746846199036,1066.6240020632745,1064.860390002653,1057.6811563181877,1058.0248929619788,1.3668576920362634,1.5268980258168556,1.1999999999999997,0.4803641653280277,0.26071168373482206
weights_mismatch,weights,Weights mismatch,mismatch,70,live,14.436260139833792,0.16585661556858036,0.001392656806833069,0.2575,0.003868069960030933,0.4525,0.5475,0.0,0.0,3.1985902957580663,-0.9329877674680347,-16.990566452441364,12.580516527502448,13.815498582124711,10.313272996842862,1106.6700783669949,1104.6801447963715,1099.5026632538438,1098.4389806324243,1.3524574211523623,1.5324227398629102,1.1999999999999997,0.47345828186127625,0.2271483017085128
weights_mismatch,weights,Weights mismatch,mismatch,71,live,13.728243910410818,0.16874637439176535,0.001422046178385488,0.2575,0.003910536762007064,0.505,0.495,0.0,0.0,4.002853658178228,0.10476831845448942,-16.123942227844505,19.72721847220075,11.617095643281937,8.347738697230817,1098.5683791053295,1099.3064502501488,1091.9527449597417,1091.3714818947017,1.3897425146642717,1.5456757326167356,1.1999999999999997,0.4838954115957926,0.2709806370170863
weights_mismatch,weights,Weights mismatch,mismatch,72,live,13.530020016890637,0.16891451314450973,0.0014569142092959175,0.2625,0.003892948329875012,0.45,0.55,0.0,0.0,2.558236521669028,-0.8785584944957918,-14.510727613674748,11.470920206982068,12.06327689949423,8.48941549986601,1116.5401899326594,1114.66109978389,1109.9351178476215,1108.995010702014,1.3523223698998779,1.5359467868658376,1.1999999999999997,0.4814521813079298,0.22636427832723388
weights_mismatch,weights,Weights mismatch,mismatch,73,live,13.47555479629603,0.1655231381798818,0.0014596886502935475,0.2625,0.003940376310600987,0.445,0.555,0.0,0.0,2.6117299394197055,-1.1283088085473736,-16.708816011939412,13.307391975165558,14.362890112698079,9.702222314178943,1144.9089617580175,1145.743362838924,1137.8362150901555,1138.2642511555553,1.3615345753613834,1.5438771726734462,1.1999999999999997,0.47825735346630294,0.22536834600582012
weights_mismatch,weights,Weights mismatch,mismatch,74,live,14.943640164545787,0.16383048770186448,0.001423458519461409,0.26,0.003927664675261693,0.515,0.485,0.0,0.0,2.8052373081830524,0.28953048107939594,-15.180821415859578,9.647290208569709,15.124703024029731,10.709741517305375,1208.5691076672076,1210.5916554409266,1202.540964679718,1202.173610919714,1.3718467953192228,1.5204432680633557,1.1999999999999997,0.44769104478730243,0.2449131246905087
weights_mismatch,weights,Weights mismatch,mismatch,75,live,14.364447116494455,0.1680719430397945,0.0014211753683734307,0.265,0.003928284523165784,0.52,0.48,0.0,0.0,2.7970470757362413,0.2702586726204572,-15.66784589773633,9.298382109373975,13.013727853000164,9.035105504989623,1212.4752610877156,1213.9425491309166,1206.1172048449516,1206.7441621756554,1.3939641333724504,1.5295090473164297,1.1999999999999997,0.4593748134384235,0.2776778378209783
weights_mismatch,weights,Weights mismatch,mismatch,76,live,14.656201641318845,0.1676503757775891,0.0014774329356921434,0.2675,0.003925737181306951,0.4475,0.5525,0.0,0.0,2.298327896035589,-1.1046021579180323,-15.320307693077096,10.55218524232066,14.131371004283428,10.276030974388123,1240.0733220267296,1241.4143361088634,1234.5771037685872,1234.5975133955478,1.3725201032647947,1.5324285984633965,1.1999999999999997,0.4621837036331513,0.24389391109997396
weights_mismatch,weights,Weights mismatch,mismatch,77,live,14.883985798537612,0.16925637567016383,0.001399297097178201,0.2625,0.003955147651506789,0.52,0.48,0.0,0.0,3.2033447384617317,0.46504674403752233,-14.213738876143019,11.510758654069575,12.447519529163838,9.406039610505104,1276.3834094884992,1277.80231308043,1270.6831084644793,1271.0076837962865,1.4049750688097913,1.5554132308852358,1.1999999999999997,0.47303448194300446,0.27521289295430545
weights_mismatch,weights,Weights mismatch,mismatch,78,live,14.707221713515734,0.16972132078797697,0.0014680986179626554,0.2675,0.003970875952444664,0.54,0.46,0.0,0.0,2.7829093101760374,0.669206996169919,-15.055908417654074,11.499123183739982,13.986826829775236,10.816617732793093,1291.6892189972243,1294.2813061088323,1286.572515875101,1287.4871211023628,1.4063896132749665,1.5407413113574977,1.1999999999999997,0.4640745064110013,0.2824500721163741
weights_mismatch,weights,Weights mismatch,mismatch,79,live,13.528403502218584,0.1710645874213165,0.0014155325282517418,0.2525,0.004021049951694491,0.475,0.525,0.0,0.0,4.447841859310234,-0.4272741966402016,-12.0177188432615,17.837634346915237,13.03557276725769,10.288167148828506,1270.2519007760286,1270.641604462266,1263.6457338362932,1262.8515539544821,1.3951047971844504,1.5581147935660271,1.1999999999999997,0.48229057290073496,0.2667800029765723
weights_mismatch,weights,Weights mismatch,mismatch,80,live,14.126597891108672,0.17086398476439618,0.0014363775264174688,0.2525,0.004039864401757585,0.465,0.535,0.0,0.0,2.1380969860439345,-0.8412067791060878,-15.854264528043949,15.272558255107766,12.324396728985011,9.568535551130772,1307.7065456325934,1307.7843301713467,1303.4136991550029,1302.2836108867823,1.377183711681273,1.5480838231489946,1.1999999999999997,0.4764801026056098,0.25312558595895146
weights_mismatch,weights,Weights mismatch,mismatch,81,live,13.70810717984301,0.17138169899431863,0.0014667828247181558,0.2475,0.004005659274211918,0.4325,0.5675,0.0,0.0,1.2808489604801963,-1.652761782676805,-17.794985916286166,11.150535524382079,13.627063763737679,10.078376954495907,1313.9331723058224,1314.7390273004771,1308.674981519878,1310.3323614108563,1.3612936623610126,1.5247674191443321,1.1999999999999997,0.4640620576808919,0.23575059933436138
weights_mismatch,weights,Weights mismatch,mismatch,82,live,13.636953486772349,0.17331094746639708,0.0016092059534625145,0.2725,0.004044386482102174,0.505,0.495,0.0,0.0,2.711908625049191,0.23583107715126062,-16.832437798229417,13.06622186284985,13.753506947718561,9.93573707997799,1337.8600536704064,1339.1092441451176,1332.3398458838462,1331.5656107634306,1.387533634676413,1.5054681871865643,1.1999999999999997,0.4410056244837656,0.2640652498225219
weights_mismatch,weights,Weights mismatch,mismatch,83,live,15.170876680681612,0.16696823002310943,0.0013808657611720685,0.245,0.00395968820202324,0.52,0.48,0.0,0.0,2.9228563860685988,0.5579426948558037,-13.23039362584451,13.153733418109958,13.452275905013085,9.940004170648754,1407.0826728248596,1408.3536322063208,1401.2952906568348,1401.265399905704,1.3871808885642065,1.523799249694818,1.1999999999999997,0.459557089719268,0.26166260926678986
weights_mismatch,weights,Weights mismatch,mismatch,84,live,14.791446415097411,0.16586562358276713,0.0013787462378906637,0.235,0.003984564123696561,0.485,0.515,0.0,0.0,3.80130087166253,-0.35153329122283594,-16.30524782562711,15.71676973307485,14.505742765367032,10.735007864497602,1401.6772126859425,1402.0191776421666,1394.0510602891445,1394.4955176165327,1.38223114951455,1.5292873391071482,1.1999999999999997,0.4671786046109534,0.25186921944534857
weights_mismatch,weights,Weights mismatch,mismatch,85,live,15.86730141096941,0.16197641514064656,0.0013709843843386432,0.225,0.003901589749447678,0.49,0.51,0.0,0.0,3.372681728101295,-0.17117244610324178,-13.686124433040778,17.403650550530223,16.442986251711844,11.875751140713692,1462.5433478111029,1464.5828793871403,1455.8272051161528,1455.4135556316376,1.374350986555025,1.5191119264549606,1.1999999999999997,0.46221777059700914,0.2571246725980354
weights_mismatch,weights,Weights mismatch,mismatch,86,live,14.973155599013646,0.16581462902580854,0.0013466280464507442,0.225,0.003993271490164102,0.51,0.49,0.0,0.0,5.019212715071222,0.17284587251384664,-15.378217170659173,19.83423249630104,15.044568680226803,11.601397094279527,1452.9357852783799,1454.690222094059,1445.4946988503634,1445.2002574789524,1.4100224511100756,1.580999689413386,1.1999999999999997,0.5072185527403001,0.27867290068881884
weights_mismatch,weights,Weights mismatch,mismatch,87,live,15.323903689846581,0.16595126226490645,0.0013903786402496715,0.225,0.0039387155429747986,0.48,0.52,0.0,0.0,2.4227907803564848,-0.5950714592666486,-13.715636416677262,14.7372425458002,14.671390053033829,10.327221077084541,1488.5929533976316,1490.2068168979883,1482.2696035015583,1482.9902696353197,1.3829930999894737,1.559047774907312,1.1999999999999997,0.48973593740266624,0.2552211468459675
weights_mismatch,weights,Weights mismatch,mismatch,88,live,15.239015446193275,0.16393889970421294,0.0013923875303530541,0.225,0.003970252397168527,0.455,0.545,0.0,0.0,3.5895209297867456,-1.0105090400732024,-16.85348596765989,19.318301460486182,13.864117451906203,11.366020710095762,1500.4246927380561,1500.9988599431515,1494.8006415501982,1494.4422612440585,1.3893817361165923,1.55537577585935,1.1999999999999997,0.4861035529099804,0.26380128609952525
weights_mismatch,weights,Weights mismatch,mismatch,89,live,15.859316173582192,0.16534940827238018,0.0014168008268266707,0.235,0.003935098983363528,0.54,0.46,0.0,0.0,4.064372115383196,0.7940029281165266,-13.70756568687484,17.602516890787534,15.210549249649048,11.361660774350167,1546.9371299493314,1547.9183817279338,1540.0630562651158,1538.960513290763,1.4217890903885273,1.5704866544539362,1.1999999999999997,0.49325661759312595,0.2896337242418609
weights_mismatch,weights,Weights mismatch,mismatch,90,live,15.1413223652851,0.166611701693156,0.001373311408603338,0.2375,0.003980241213705898,0.53,0.47,0.0,0.0,5.3381061025946295,0.6166747033902311,-12.957181472136654,21.42173369984613,13.668666723370553,10.763169044852257,1507.4305986088514,1506.319404666424,1498.5511059385537,1498.7060967111588,1.4294507226096016,1.5808845272235335,1.1999999999999997,0.5127542209340704,0.31017963496999246
weights_mismatch,weights,Weights mismatch,mismatch,91,live,14.317152293466236,0.1646879066488235,0.0014256597367563123,0.2275,0.004005190640238984,0.5725,0.4275,0.0,0.0,4.889346619257431,1.23771750133551,-13.659588403660836,18.473248846614997,17.241861884593963,13.241238137483597,1464.092758500576,1466.1207190442085,1456.8848877441883,1455.544129266739,1.418517561971798,1.533894296798627,1.1999999999999997,0.4697223734593355,0.3032175368709112
weights_mismatch,weights,Weights mismatch,mismatch,92,live,14.421257755094068,0.16672546903286892,0.0014484536104166128,0.25,0.003961465875761877,0.4875,0.5125,0.0,0.0,3.996530416175955,-0.2790828195142403,-17.959416369976584,17.754532863255804,15.58702674806118,12.42972476541996,1479.4679649424552,1477.690463464856,1471.4945607888699,1471.3519752675295,1.3996375537378702,1.5237116559226542,1.1999999999999997,0.42893640188595056,0.2610613746870916
weights_mismatch,weights,Weights mismatch,mismatch,93,live,14.898745334867751,0.16458042574628165,0.0013607083770259293,0.23,0.003916950248768866,0.475,0.525,0.0,0.0,4.1757713605285645,-0.5150523919164698,-13.727866096562478,14.697133780215612,12.807737222909928,9.941830137372017,1488.0193975383042,1485.398966779113,1480.4440796792508,1478.8858352667094,1.3812108513712373,1.5245144410334215,1.1999999999999997,0.44085255549504493,0.2517937537212299
weights_mismatch,weights,Weights mismatch,mismatch,94,live,14.63971890018229,0.16392515570352129,0.0014320069254928534,0.2375,0.003973040412973919,0.57,0.43,0.0,0.0,4.713255401248216,0.7474406134173819,-10.259809080731975,10.801624732893655,16.346806776300074,12.231728434860706,1467.2724269092082,1468.3620451035351,1459.243979305923,1458.7293842476606,1.4023595536780171,1.5338532834477672,1.1999999999999997,0.4543831089905106,0.27546418726134847
weights_mismatch,weights,Weights mismatch,mismatch,95,live,14.366144838770289,0.16562141552293916,0.0014248860329496471,0.2525,0.003970569677395102,0.63,0.37,0.0,0.0,8.157641596749128,2.006652059845919,-13.70589995731368,26.909290996816445,16.38310384184122,11.64561563640833,1444.5136990103126,1445.8619108963012,1432.9791796764732,1431.6027204918862,1.3915771033947442,1.4821884627589201,1.1999999999999997,0.4230744344493247,0.28121705933330904
weights_mismatch,weights,Weights mismatch,mismatch,96,live,13.993543215594674,0.16428343252390712,0.0013551077705254181,0.2375,0.004021210754367629,0.625,0.375,0.0,0.0,10.648743363126837,1.7340532203766372,-9.74038773782696,33.78961731211122,14.488828851878644,12.029541323184967,1436.5163069736957,1435.2228367361427,1423.2531538307667,1422.2663273870944,1.4048225759405997,1.4972974213515045,1.1999999999999997,0.4308438422572579,0.2880610840041784
weights_mismatch,weights,Weights mismatch,mismatch,97,live,14.365446683532928,0.1676883666770862,0.0013484316406332298,0.245,0.0038970155380699447,0.505,0.495,0.0,0.0,7.883950082437951,0.13693398946890056,-13.654853389414024,34.222991093175885,13.224162132889033,9.293197894422338,1440.6328312967717,1436.1091554260254,1426.50933044401,1426.5968068909644,1.3585609528769527,1.4883005220244068,1.1999999999999997,0.4728229371714271,0.2578340039694984
weights_mismatch,weights,Weights mismatch,mismatch,98,live,14.203533076989753,0.1667959600899841,0.0013234580933452747,0.2375,0.0038667592558575747,0.51,0.49,0.0,0.0,5.666096527599657,0.15777397307152796,-10.758117250255047,22.479129526035354,13.835653033852576,11.663248789310455,1422.344871107936,1423.4713317131996,1415.2120282483102,1414.9203647542,1.348087574945605,1.4929161164033409,1.1999999999999997,0.4587986053046141,0.23805352740877225
weights_mismatch,weights,Weights mismatch,mismatch,99,live,15.258723944521272,0.16413721342552112,0.0013023167551639576,0.2325,0.003818327076894688,0.4975,0.5025,0.0,0.0,7.523539722695727,-0.10016778475346655,-12.647878351740518,36.01491541953052,16.986576158553362,12.07601152062416,1454.2118305064737,1454.1794397383928,1441.5092988693714,1442.0049836492537,1.3939365266501074,1.581942126730631,1.1999999999999997,0.5538287857959905,0.2830750798220616
weights_mismatch,weights,Weights mismatch,mismatch,100,live,14.370733835438735,0.16677124389574138,0.0012386768984738044,0.2325,0.0037721816437062284,0.5625,0.4375,0.0,0.0,9.69275499016748,1.4545718609898586,-10.855064428516743,36.36075267063983,14.545878269672393,11.111174024641514,1428.1718217921257,1428.4877364397048,1415.5134209546447,1414.8836042732,1.4311552926066269,1.6017240347309099,1.1999999999999997,0.567671111573351,0.32334448893309214
weights_mismatch,weights,Weights mismatch,mismatch,101,live,15.026081799171518,0.16196287069585405,0.001186499176156116,0.225,0.003757302456915187,0.585,0.415,0.0,0.0,9.002928474351739,2.352499434411495,-16.00778892201308,34.15771511630352,14.80300982773304,9.91724102795124,1446.842048648596,1442.3124009388684,1430.8696509796382,1430.499966596365,1.4814088516290262,1.6674178848482955,1.1999999999999997,0.6269416789265863,0.3779359787970412
weights_mismatch,weights,Weights mismatch,mismatch,102,live,14.372874886035786,0.16034869173076116,0.0012678150932473884,0.2325,0.0036862509705002356,0.465,0.535,0.0,0.0,6.582375529092027,-0.7731440497840651,-13.522010416251828,36.666210470735315,16.310569095611573,12.519668614566326,1417.0438148772716,1412.8383891570568,1404.8935580906273,1404.2330846178531,1.3984363469157355,1.6113787658286602,1.1999999999999997,0.5922924832484335,0.2775903702185039
weights_mismatch,weights,Weights mismatch,mismatch,103,live,15.177752977134782,0.15757096450378438,0.0011134968094545644,0.2125,0.0037829719975933213,0.565,0.435,0.0,0.0,16.093285383083423,1.1200182292784007,-15.278373442376276,73.27902173831346,17.63028906852007,14.659698131084442,1417.6100128641724,1421.923463677168,1401.1601483118534,1400.239427946806,1.4541556897768944,1.6389418192505432,1.1999999999999997,0.6060357552391418,0.37581225833825416
weights_mismatch,weights,Weights mismatch,mismatch,104,live,15.372534922826413,0.15613074760583273,0.0011383745599386002,0.2,0.003725697644991963,0.5975,0.4025,0.0,0.0,15.203910556540615,2.1687465075041956,-14.18743245345995,78.30439803015148,15.793141520619393,14.704657999575138,1414.5105987495183,1418.9642014765739,1400.7964885172248,1400.0890996932983,1.4280828463731354,1.5510894987127344,1.1999999999999997,0.5020503635070136,0.3378197742952143
weights_mismatch,weights,Weights mismatch,mismatch,105,live,15.118357454629065,0.15374856624073222,0.0011341798133018676,0.195,0.0037145685680399854,0.6025,0.3975,0.0,0.0,22.861649678983483,2.5054089522477057,-10.630062162104785,99.2213795032731,13.861467149853706,13.744443121552468,1392.9538416147232,1395.2579896277189,1373.6629245710374,1368.5869951480627,1.4307102061360553,1.5442206199218151,1.1999999999999997,0.5176102809820423,0.3549072434089469
weights_mismatch,weights,Weights mismatch,mismatch,106,live,15.47895925641361,0.15027878215846452,0.0010745559666089503,0.1625,0.0036519373406567555,0.7475,0.2525,0.0,0.0,28.791962851433574,9.252037431793951,-5.2814948896784095,97.8548024088055,14.686836586594582,16.395108006596566,1398.6576662629843,1400.6013555681704,1376.091763495803,1368.9957182753087,1.450833050409559,1.52923408061238,1.1999999999999997,0.5100807760258925,0.3914887650662496
weights_mismatch,weights,Weights mismatch,mismatch,107,live,15.01421789120075,0.14990156237296207,0.0010942753102659592,0.1275,0.003523683163618684,0.7125,0.2875,0.0,0.0,22.390004924447993,6.145097230487465,-6.441332047082775,78.99963959793479,14.755916548669338,14.689655434638262,1372.6706950676441,1375.1229092928768,1353.112656327486,1349.7635626085103,1.4345238510124432,1.5141382479728371,1.1999999999999997,0.5035305097997231,0.35348927760283755
weights_mismatch,weights,Weights mismatch,mismatch,108,live,15.650910981641948,0.14805549095709997,0.0010366651800965655,0.1075,0.0034976287710728506,0.79,0.21,0.0,0.0,31.304092889322717,16.83533530821674,-4.001418474697643,82.52353147075895,15.408818869590759,15.178912488818169,1410.9433817714453,1414.171743118167,1383.4859738004207,1378.5568595653772,1.5232237841376928,1.5974430498142238,1.1999999999999997,0.5544029696870093,0.4311061294526147
weights_mismatch,weights,Weights mismatch,mismatch,109,live,15.496587670525603,0.152598975774028,0.0010392179325998568,0.1125,0.0035670284687058028,0.77,0.23,0.0,0.0,33.50678392817259,9.542214408869768,-4.8296033032959365,107.98690060237242,15.110185706317425,17.563334107100964,1460.6691978284716,1462.1322349643708,1433.743942272365,1426.9459694695472,1.502174325153897,1.5850185863426143,1.1999999999999997,0.5580428145193368,0.43704203923948404
weights_mismatch,weights,Weights mismatch,mismatch,110,live,15.574962504322588,0.15314726454444774,0.001079876652864752,0.1525,0.003589566296481794,0.7125,0.2875,0.0,0.0,29.689191307946572,5.045829350333506,-9.435938969485274,117.94009921538425,16.85463748753071,18.133110362887383,1489.2321632063388,1485.4180070346595,1463.619954776764,1454.2044458395242,1.4656552773024487,1.5625972427810486,1.1999999999999997,0.5352540352322179,0.40252427322480083
weights_mismatch,weights,Weights mismatch,mismatch,111,live,15.408419727383189,0.15734861624643898,0.001092330425841876,0.1875,0.0036814591047864362,0.63,0.37,0.0,0.0,31.870949883299478,2.564938558628576,-9.042503023324295,124.74955064649451,12.789256342723966,18.169263410642742,1497.6274918267131,1497.0323617372662,1476.0443043145538,1465.628893614784,1.446611728774093,1.5611962070926757,1.1999999999999997,0.5217447550732993,0.37299115855967485
weights_mismatch,weights,Weights mismatch,mismatch,112,live,16.241944585222047,0.15435497174787358,0.0010661704592220085,0.195,0.003679241864545443,0.5575,0.4425,0.0,0.0,25.4055311921681,1.2429122212327854,-18.195665623469722,122.88931140795387,15.461914431899785,18.043089792579412,1569.6945614148676,1565.639207751751,1549.8314291983843,1539.8495151667296,1.4361830558395576,1.530791775730479,1.1999999999999997,0.4909060464782485,0.3432633996754559
weights_mismatch,weights,Weights mismatch,mismatch,113,live,15.506149447956664,0.1601462964649819,0.0010741038758131265,0.2025,0.0037813201759440062,0.6175,0.3825,0.0,0.0,24.69976629006138,2.377233630687215,-13.296305109288003,113.41892515819853,15.922595148086549,19.113353227376937,1558.0137381589414,1557.9361493122578,1540.8998355337978,1532.0284902510048,1.4594556032857688,1.5466796686192397,1.1999999999999997,0.4982689370333882,0.37529171235660536
weights_mismatch,weights,Weights mismatch,mismatch,114,live,16.343519523593827,0.15669412711685288,0.0010990102685718213,0.205,0.0037676826176252587,0.585,0.415,0.0,0.0,21.035562605507938,1.9506880630922865,-13.656159193534222,95.4294866616571,15.20135458022356,15.437329472601414,1599.8458534133433,1598.7060729590057,1581.2496862480045,1575.6987522661686,1.4451408099374308,1.5539001930214256,1.1999999999999997,0.5034194095787757,0.3507894993650554
weights_mismatch,weights,Weights mismatch,mismatch,115,live,16.192516485298324,0.15929608378010823,0.0010864930691595021,0.21,0.0038073476505317786,0.6075,0.3925,0.0,0.0,21.271327881485966,2.2248837851302596,-9.416685518091436,82.95178812115569,15.19196387887001,14.515914100185036,1620.7210945904255,1622.922142109871,1601.7045357244463,1598.0390681031347,1.4490195367024967,1.5820587421386432,1.1999999999999997,0.5197801354752114,0.35135310381178786
weights_mismatch,weights,Weights mismatch,mismatch,116,live,15.691731771489492,0.16086918343043688,0.0011068498294665072,0.22,0.003862914185619405,0.615,0.385,0.0,0.0,23.088123077952837,2.409152260573819,-8.42731387933175,90.59798904474926,14.337869474589825,15.14270167708397,1624.8539158457518,1621.8101616993547,1603.9270902347564,1598.1662723100185,1.4526790359181887,1.5627532138491222,1.1999999999999997,0.49917303097752724,0.3524333658530022
weights_mismatch,weights,Weights mismatch,mismatch,117,live,16.39345757920081,0.162547612945679,0.001083060173721952,0.2325,0.0038949863206048274,0.5975,0.4025,0.0,0.0,20.56072734878215,2.3511524595649007,-13.930774015722681,81.79945918670657,15.879860166311264,14.530974715948105,1679.9624309003352,1678.4423177409171,1660.0070953190327,1654.5738816690446,1.4464737489862205,1.5611435237545528,1.1999999999999997,0.49956310412265253,0.33890166220322443
weights_mismatch,weights,Weights mismatch,mismatch,118,live,16.859690944111026,0.16414173731144366,0.001049959518410742,0.295,0.003877845550459459,0.6825,0.3175,0.0,0.0,20.425378121981613,4.302801976889526,-10.608113651252324,72.80913981523004,15.975786036849023,13.764294795095921,1747.9101610660553,1748.2876395994424,1726.2701750013232,1724.6497603255511,1.468960412091646,1.5769640348068705,1.1999999999999997,0.5036636461427523,0.3646023738267567
weights_mismatch,weights,Weights mismatch,mismatch,119,live,16.81267940392531,0.16407572150062255,0.0010807474331700699,0.285,0.0038983943224005046,0.645,0.355,0.0,0.0,19.044684470762224,2.91779173059399,-7.643984493496964,72.94782006500064,15.288966289758683,13.08389382250607,1772.5273339772225,1771.3332829535007,1752.3036636281013,1749.0528873001783,1.4531078247701592,1.5696800307383092,1.1999999999999997,0.49684896174029314,0.34447798652498884
weights_mismatch,weights,Weights mismatch,mismatch,120,live,17.749947686875952,0.1633123251363209,0.0011086429807110473,0.3,0.003852754314698701,0.63,0.37,0.0,0.0,16.625998707069847,2.38251417177662,-9.141068231700046,63.29171148874499,14.082519614696503,12.460814622193574,1831.9513458359243,1831.0560283350944,1814.759511692971,1811.747782751322,1.4496755560175882,1.5777821637198242,1.1999999999999997,0.5014831718175526,0.3401545758727881
weights_mismatch,weights,Weights mismatch,mismatch,121,live,16.29386543993205,0.16885366275180191,0.0010963339017158432,0.275,0.004029608276712458,0.585,0.415,0.0,0.0,19.3491139334825,1.9204931172032502,-10.990378583914069,71.4726213169176,16.694954285621645,15.542430993365123,1805.4128409826756,1807.2980854713917,1787.463435664177,1784.2388423096668,1.4470958595927375,1.6021669238685292,1.1999999999999997,0.5379042249907962,0.34851078972490285
weights_mismatch,weights,Weights mismatch,mismatch,122,live,17.224095833089432,0.16762862711880147,0.0010955778861541415,0.2775,0.003956386950529524,0.63,0.37,0.0,0.0,15.60356321823212,3.069303601096692,-10.806065260009335,53.44113752222607,16.647030274868012,13.626859535574914,1890.1537143158912,1890.800237956047,1872.4974879932404,1871.2036472564935,1.4642894774040804,1.6112886444673784,1.1999999999999997,0.5395197659736028,0.3620388784814343
weights_mismatch,weights,Weights mismatch,mismatch,123,live,17.268806801805553,0.16507928548298423,0.0011146582317897345,0.275,0.00397169625809147,0.525,0.475,0.0,0.0,10.426608756848282,0.40030564244555933,-11.932041904845185,46.501035431596236,14.533518189191819,11.487866154909135,1927.4879455924033,1928.9839844596386,1915.3651169991492,1914.1554252636433,1.4135632006143044,1.5732279136717637,1.1999999999999997,0.5344191590581172,0.3009784290991662
weights_mismatch,weights,Weights mismatch,mismatch,124,live,16.724588290678593,0.16734659106531274,0.0011589768878996778,0.2625,0.003979034947523025,0.6,0.4,0.0,0.0,11.376052867377428,1.71682023433641,-10.808008646803092,37.332914381401885,14.139030224084854,11.0777366656065,1927.9498402929305,1929.308578671217,1913.809848626852,1914.5681100720167,1.418478257301974,1.5656855763130084,1.1999999999999997,0.5063721922101977,0.31652260380995656
weights_mismatch,weights,Weights mismatch,mismatch,125,live,16.18291543584617,0.16893006917108955,0.0011768358376053544,0.2675,0.0040441614391014255,0.545,0.455,0.0,0.0,9.723974776775973,1.1412809924368617,-10.91824485582342,37.86429019197659,17.419891413291918,13.33863333940506,1929.675897441944,1929.002824151516,1914.9851073408126,1916.0765150284767,1.4026446801099888,1.5810160127666149,1.1999999999999997,0.5143544261289833,0.2924977854498219
weights_mismatch,weights,Weights mismatch,mismatch,126,live,15.6354147519412,0.17434007174509916,0.00114569609373528,0.2625,0.004196781918716396,0.76,0.24,0.0,0.0,23.444164587234845,6.056713103200536,-5.234379985430904,73.58243286978733,15.73792731821537,17.184008808135985,1920.395884451866,1919.5140878015757,1895.2965929412842,1900.614061279297,1.5004869779487526,1.5715453682852694,1.1999999999999997,0.5046528975449527,0.4106374758656722
weights_mismatch,weights,Weights mismatch,mismatch,127,live,15.680605833642234,0.1711953110072013,0.001224040075545018,0.275,0.004125486515498925,0.63,0.37,0.0,0.0,15.152381789037976,3.935448511832419,-7.939400375463833,46.84883974946794,15.48354887008667,13.86571268081665,1963.7185318493844,1965.1550762963295,1946.8034074926377,1948.5245919942856,1.4585971402561966,1.5955393487260678,1.1999999999999997,0.5335241764633335,0.3628144437054867
weights_mismatch,weights,Weights mismatch,mismatch,128,live,15.820334119207097,0.17299097483339262,0.0011808046745509604,0.2775,0.004179391310852686,0.5975,0.4025,0.0,0.0,14.543113459433242,2.3131788942104663,-10.86104296218486,57.06777222709355,17.33222974181175,15.886377103328705,2001.9178098225593,2006.0369567549228,1985.788528237343,1990.1826891922951,1.4152202637022535,1.5701066712310712,1.1999999999999997,0.5214354161617449,0.3259926692887449
weights_mismatch,weights,Weights mismatch,mismatch,129,live,16.314550970526184,0.16836230497255747,0.0011951263818702573,0.2675,0.004157785217355166,0.63,0.37,0.0,0.0,14.002616521203793,2.990314763610627,-11.644176595902682,42.362422443741664,16.913600714206694,13.926836207211018,2079.774887517691,2080.2637903130053,2062.3994573011996,2063.65472566247,1.4354920773001447,1.571163911524261,1.1999999999999997,0.525244468226586,0.3485860726367853
weights_mismatch,weights,Weights mismatch,mismatch,130,live,16.627939462697142,0.17120335019128347,0.001224132186677761,0.27,0.004057865570018559,0.54,0.46,0.0,0.0,7.760018303736644,1.061216784481779,-11.684959791231494,24.095535939379875,15.842275972366332,12.885126407444478,2115.3132709431648,2117.6830332398413,2105.8154474067687,2105.7402231428027,1.4106995499820798,1.580612943346751,1.1999999999999997,0.51371091035618,0.30022186109403287
weights_mismatch,weights,Weights mismatch,mismatch,131,live,15.689693033158132,0.17633890403002478,0.0011692541574732575,0.265,0.004248967431606748,0.6025,0.3975,0.0,0.0,24.46412664366095,2.4798265392850567,-11.212344128067366,70.6173588540142,17.717410650253296,17.92596289670095,2070.559225962162,2073.439288971424,2044.2915321410633,2051.189774452895,1.4754049451743334,1.6424713200091268,1.1999999999999997,0.5614165128362251,0.3602495534174474
weights_mismatch,weights,Weights mismatch,mismatch,132,live,16.013001631055115,0.17574438385815486,0.0011705265486301236,0.2675,0.004266342067570111,0.55,0.45,0.0,0.0,22.09455796482233,1.1320211240500981,-13.325717384668632,67.56662089542876,18.12348903078586,17.873960521817207,2082.6924196240307,2087.8577251870556,2058.0310612154008,2067.825205052495,1.4313198864954573,1.5659493346495186,1.1999999999999997,0.5120078450057899,0.32669408435055836
weights_mismatch,weights,Weights mismatch,mismatch,133,live,16.25107001256156,0.17393627388777766,0.0012751137167497564,0.275,0.004220956445830058,0.635,0.365,0.0,0.0,21.35858789062845,2.470975446043667,-9.161732621900136,60.48171392698385,16.776849491596224,16.502668339647354,2102.239517300129,2104.253575081825,2079.414377452731,2083.8085663974657,1.4512537362982858,1.5492265324387047,1.1999999999999997,0.4983285626021231,0.3572516618691819
weights_mismatch,weights,Weights mismatch,mismatch,134,live,16.21428224102794,0.17281993527423872,0.00134373411559706,0.265,0.004144828761835005,0.5425,0.4575,0.0,0.0,11.249837326571795,1.0476940136940343,-12.132947721135405,40.43926846712328,17.22281242132187,14.223935885429382,2115.205816011429,2117.1803352999686,2102.505206770897,2101.3779394435883,1.4083436704299814,1.5304211175052884,1.1999999999999997,0.4901653073721747,0.3087853583872297
weights_mismatch,weights,Weights mismatch,mismatch,135,live,16.580252092981222,0.17367527410024125,0.0012435756431171364,0.2825,0.004200910423380637,0.6075,0.3925,0.0,0.0,17.458148261529203,2.1619729580163494,-8.654171201485587,39.80386227916818,16.62305293262005,15.479021057337523,2139.9624170917273,2142.20245380044,2121.190328218937,2123.765238043517,1.440402893971452,1.5748600473904417,1.1999999999999997,0.49984173998641507,0.32986093093727503
weights_mismatch,weights,Weights mismatch,mismatch,136,live,16.88414627269932,0.1709990684620838,0.001235850803194014,0.275,0.004163558695695773,0.57,0.43,0.0,0.0,11.647779059739234,1.427063905132,-14.212050625508981,33.20503154108403,17.103309706449508,12.800881123542785,2160.3576627099515,2159.0018737363816,2143.4517838191987,2144.001104478836,1.4320490742276721,1.6104181732908864,1.1999999999999997,0.556123881329012,0.33930905112976306
weights_mismatch,weights,Weights mismatch,mismatch,137,live,16.719209354899164,0.1689937457639348,0.0013615840292730314,0.2925,0.00414949289505909,0.53,0.47,0.0,0.0,12.179395151052875,1.1437512956317022,-14.296565357852796,38.493643023132165,17.330527234077454,14.982392640709877,2136.463835117817,2138.1913218855857,2121.2501433986426,2124.3434448337557,1.4141587275559073,1.6064336368549337,1.1999999999999997,0.5460546281928124,0.30986498387301425
weights_mismatch,weights,Weights mismatch,mismatch,138,live,17.43492321307242,0.1663334929401303,0.0013901915460546427,0.2925,0.0040684107379326305,0.525,0.475,0.0,0.0,7.968124878858947,0.9420654828497845,-13.289425734819575,23.59583880232398,18.820879003247246,15.658193310499191,2150.2604421687124,2148.312759872237,2138.3049021410943,2137.998899191618,1.3934862716658847,1.5847531959032155,1.1999999999999997,0.5570549917804982,0.30127065063970254
weights_mismatch,weights,Weights mismatch,mismatch,139,live,16.957652350404214,0.16826657636773085,0.0013850858950709788,0.2925,0.004124916846703804,0.53,0.47,0.0,0.0,7.870519595464936,0.8025957339347372,-17.043738695086674,24.607742119955812,16.83956866800785,12.776404784321786,2150.5587684941293,2150.787596976161,2138.124276058674,2139.347714032531,1.3958478051209957,1.591274349315512,1.1999999999999997,0.5491650850120763,0.3051040288998599
weights_mismatch,weights,Weights mismatch,mismatch,140,live,17.2172455563982,0.16874724027006102,0.0013757876857950796,0.29,0.004069900161535134,0.5875,0.4125,0.0,0.0,6.969026238682167,2.415841911129519,-12.254904845583132,22.87961022210476,16.903059537410737,13.969791331291198,2201.7485503339767,2203.658401257992,2192.0226296710966,2193.5739454603195,1.409849545963297,1.5660666264878293,1.1999999999999997,0.5201028539925986,0.320044242946847
weights_mismatch,weights,Weights mismatch,mismatch,141,live,16.845160646404437,0.1690937380538523,0.0013323829513586754,0.2825,0.004152856205491117,0.535,0.465,0.0,0.0,11.132294786617829,0.8194110572828777,-13.414450374953093,42.26681904854484,16.224427128434183,14.135956359505654,2186.2082116031647,2188.020865183473,2172.4089189910887,2175.371819387078,1.41145815817423,1.6079134513387043,1.1999999999999997,0.5446376609949319,0.3040418242007483
weights_mismatch,weights,Weights mismatch,mismatch,142,live,16.889602438350117,0.1676868218920683,0.001415632295957,0.3025,0.004139477111001915,0.54,0.46,0.0,0.0,9.281273404895256,1.0165700827140824,-14.588976749491575,31.111682179171073,17.338886894881725,14.860762027204037,2176.5136807531117,2178.0414321753383,2165.0307616961004,2165.9985464856027,1.3910631782144862,1.6008756153477168,1.1999999999999997,0.545531817878264,0.29640957066122825
weights_mismatch,weights,Weights mismatch,mismatch,143,live,17.498976591877636,0.1657549886016264,0.001345856140101455,0.285,0.004119166617387512,0.635,0.365,0.0,0.0,10.221710687011923,2.6437247680073597,-10.563668833213068,37.315816367994024,16.961758968830107,14.326068191602825,2204.377526613474,2207.3767664086818,2193.367032254934,2192.6663981664924,1.4262007281912452,1.5809735867629087,1.1999999999999997,0.5299598141939482,0.33406025674323203
weights_mismatch,weights,Weights mismatch,mismatch,144,live,16.83357222547997,0.16804029858311648,0.0014058482409442768,0.285,0.00414026784265403,0.6375,0.3625,0.0,0.0,10.985782926133336,2.8515529950272125,-8.5948082283536,31.63452551434441,15.965134036540984,15.148834835886955,2176.6979047083855,2175.7382662153245,2164.0798598176243,2164.746470761299,1.4243819290432886,1.5743514721753047,1.1999999999999997,0.5215194567555606,0.3380770037660776
weights_mismatch,weights,Weights mismatch,mismatch,145,live,17.165932225516176,0.16566153955005775,0.0013090995620682105,0.295,0.004147441485903351,0.595,0.405,0.0,0.0,11.316175100190355,1.517294032887321,-7.464956653805029,35.56759134580522,15.285946082472801,12.82373493373394,2201.7869110018014,2203.251685014963,2188.156683071256,2189.319199835062,1.4289766491981126,1.5869689343545872,1.1999999999999997,0.5265703282997842,0.33526849096648986
weights_mismatch,weights,Weights mismatch,mismatch,146,live,17.497282375806112,0.164669750534343,0.0013466446487468337,0.3,0.004116413595309166,0.6275,0.3725,0.0,0.0,11.682539273446448,2.5198494091535224,-8.624869521420667,27.954986858902927,15.915233118236065,14.438633133471011,2240.698936679363,2241.2342245438695,2228.907269157767,2226.701914909184,1.457703783928955,1.619819729508738,1.1999999999999997,0.5475247513988944,0.3603289976620521
weights_mismatch,weights,Weights mismatch,mismatch,147,live,16.688818771180962,0.1675810524453183,0.0013165689591414498,0.29,0.004218646528631981,0.5625,0.4375,0.0,0.0,12.919924283529879,1.1968406779205907,-10.109062762792428,53.41469657382201,18.14185733795166,14.765488047366961,2195.724405224323,2194.1679210329057,2178.2165282559395,2179.0767251851503,1.442753505115254,1.644697742645772,1.1999999999999997,0.5682261455327418,0.3385054343578158
weights_mismatch,weights,Weights mismatch,mismatch,148,live,16.78195023870347,0.16800797747630764,0.0012925541739580986,0.2875,0.004160528570529066,0.57,0.43,0.0,0.0,11.983608537002029,1.7796270075711504,-15.402739070200367,39.21531520909576,18.83712685227394,14.392894559837877,2232.803135164976,2228.706026432514,2214.3238895235954,2214.323144774549,1.4376463135548654,1.6268199087952986,1.1999999999999997,0.5642765152210466,0.3353292746058101
weights_mismatch,weights,Weights mismatch,mismatch,149,live,18.03971112575636,0.16354943708488745,0.0013023408483915427,0.295,0.004065237067482805,0.5175,0.4825,0.0,0.0,6.233913225799175,0.39053542516143125,-15.253168561451183,32.1354491488793,18.968142676353455,13.615691344738007,2283.6305607771874,2282.216413733959,2271.2162757420538,2271.450865936279,1.4046089536309936,1.613423275922837,1.1999999999999997,0.5573568425826178,0.3029225621505161
weights_mismatch,weights,Weights mismatch,mismatch,150,live,17.48348219653612,0.16367927267395152,0.0012751842309196876,0.275,0.004113432997709361,0.61,0.39,0.0,0.0,10.469908159814208,2.404593777248465,-10.646334061762957,32.7808802569536,16.170276852548124,12.56934137493372,2270.0299361869693,2271.583213995099,2257.339110967815,2256.1258281999826,1.423293335881885,1.5962644502789356,1.1999999999999997,0.5369619259297577,0.32504517276967126
weights_mismatch,weights,Weights mismatch,mismatch,151,live,16.689929172664275,0.16621833965123614,0.0013127084968556275,0.2825,0.0041898734303462744,0.6025,0.3975,0.0,0.0,14.972426928616445,1.8680773340038286,-8.829309143868363,42.26675869278312,16.18977087765932,14.347229840755462,2240.30671277076,2241.498098681569,2223.449999602437,2224.7187023693323,1.4424417131737968,1.6189244644576986,1.1999999999999997,0.5562925136289238,0.3440286071530619
weights_mismatch,weights,Weights mismatch,mismatch,152,live,17.13344468522333,0.16372117686945883,0.0013259093777763797,0.2775,0.0041066454341053,0.48,0.52,0.0,0.0,8.299443204822603,-0.5787571447341406,-10.996505451765255,28.620488169879273,17.454990019500254,14.134891262203455,2276.444846855402,2277.1290219703315,2265.342323201895,2264.985582689196,1.3795239866751763,1.5865127931589447,1.1999999999999997,0.5397267280453174,0.2832867369991107
weights_mismatch,weights,Weights mismatch,mismatch,153,live,17.9807476867796,0.16159425733688626,0.001280117005300137,0.3075,0.004048821975166758,0.5625,0.4375,0.0,0.0,6.740742853933551,1.6581155557329055,-12.331555681671034,23.20244481777147,14.825483701229096,13.380783442258835,2334.755454903841,2334.2314543259145,2328.34506780386,2324.26544875741,1.4154373124057849,1.5695564414541712,1.1999999999999997,0.5064778997728194,0.312822731955411
weights_mismatch,weights,Weights mismatch,mismatch,154,live,16.464795302347383,0.16284496817747343,0.0013802732589987777,0.3,0.004223413680159909,0.5525,0.4475,0.0,0.0,7.595202853465763,1.0717696636354503,-11.820390013715656,26.08404129742391,18.671834005117418,15.211039062142373,2303.9035786020754,2301.6084234929085,2292.3212286657094,2291.073089914322,1.3940664872237278,1.5548603648132218,1.1999999999999997,0.491430048167653,0.2945449248454246
weights_mismatch,weights,Weights mismatch,mismatch,155,live,17.236617825767013,0.1616165863070218,0.001358779389269426,0.295,0.004148806887904265,0.5625,0.4375,0.0,0.0,7.360330332957824,1.504465598582101,-11.049665799338253,16.353154377280752,17.82626764178276,14.799102271199226,2328.9165483021734,2327.666555160284,2318.7192393296955,2317.083098407984,1.3860351341097568,1.5397936789045912,1.1999999999999997,0.4780547026154754,0.2832441321334596
weights_mismatch,weights,Weights mismatch,mismatch,156,live,17.885859863780787,0.15991646266849138,0.001359377327637923,0.2875,0.004140356600765116,0.59,0.41,0.0,0.0,6.540955959758295,1.8404493903784669,-14.352406408656678,17.162275590714312,16.12907633751631,11.842186822295188,2339.5520625281333,2337.3622002866864,2327.798411502838,2327.454665594697,1.4143494686523241,1.56860217636883,1.1999999999999997,0.5054688387726052,0.3109972364336798
weights_mismatch,weights,Weights mismatch,mismatch,157,live,17.840617720922864,0.16242114231712804,0.001284884525806319,0.295,0.004130797309115195,0.5575,0.4425,0.0,0.0,5.718542984122666,1.1908384341525107,-12.779131952838904,14.219898926038313,16.652116593122482,13.383275325298309,2353.0720682621004,2350.4537895023823,2344.071187205315,2341.473757274151,1.3886037709935066,1.5620668182210595,1.1999999999999997,0.49761462688658525,0.28341134873201873
weights_mismatch,weights,Weights mismatch,mismatch,158,live,18.318230999528,0.1580913080904302,0.001319486069704425,0.295,0.004024165736164195,0.57,0.43,0.0,0.0,4.6169751549175695,1.1167071112919018,-12.931545527898288,15.749278900840318,15.50441734790802,13.344366977214813,2363.813976845145,2363.91177272737,2356.633226761222,2357.53249232471,1.3930974234531142,1.5473702222027115,1.1999999999999997,0.5082484212866095,0.3019142983274525
weights_mismatch,weights,Weights mismatch,mismatch,159,live,18.01720568624477,0.16172500562716216,0.0013014953656166684,0.3075,0.004042607811333709,0.4825,0.5175,0.0,0.0,3.8149580291597247,-0.4921836581464234,-13.75501336846637,16.03934293386806,17.197924773395062,13.720477015972138,2364.71609139055,2363.392698763609,2357.8262294757365,2355.690819350481,1.364399848636374,1.5349645270375496,1.1999999999999997,0.49797370252053774,0.2648507816824141
weights_mismatch,weights,Weights mismatch,mismatch,160,live,18.186532591696007,0.1611301925620514,0.0013236838840064524,0.3075,0.00398388133644959,0.62,0.38,0.0,0.0,6.80267830357099,1.7751231779047885,-9.921592027126461,14.399994365095743,14.82145062185824,12.335092917978763,2361.2146284627916,2362.0873266776653,2352.7222434997557,2351.9956864818932,1.4014729434091453,1.5477121302683379,1.1999999999999997,0.5071660642794482,0.3107371766789987
weights_mismatch,weights,Weights mismatch,mismatch,161,live,18.461242918468237,0.1585027190440634,0.0012546719997457313,0.2875,0.00399512158180689,0.57,0.43,0.0,0.0,5.233863860601668,1.5465025621293762,-12.945321873587567,15.26072300499406,15.713257258832455,12.106617561578751,2368.1767330408097,2369.0903336796164,2359.832858426571,2359.7462467324735,1.414714541788629,1.5941909811525867,1.1999999999999997,0.5484347546714238,0.3205841659351185
weights_mismatch,weights,Weights mismatch,mismatch,162,live,18.46741638524229,0.15827716545920165,0.0013170249563562938,0.27,0.0039084811013950305,0.5075,0.4925,0.0,0.0,3.880585431777162,0.09329540362352873,-20.31310734117196,23.183762776574987,21.089778898954393,15.864533251523971,2373.4082575941084,2368.9211985743045,2361.678070063591,2362.431664863825,1.418205198197112,1.6510196922711935,1.1999999999999997,0.5913123866127349,0.31195167451009886
weights_mismatch,weights,Weights mismatch,mismatch,163,live,18.681461556900302,0.16003466953276885,0.0012586464049468837,0.2825,0.003911922826989118,0.59,0.41,0.0,0.0,5.632993814317412,1.9567667029797988,-12.120958175010944,17.865410830004365,20.361247556209563,15.731273616701365,2386.2010475468637,2383.8577298641203,2374.336196975261,2375.1898064857724,1.4327127339890149,1.6105815567755548,1.1999999999999997,0.5600357298602013,0.3392097647498123
weights_mismatch,weights,Weights mismatch,mismatch,164,live,18.62250864575713,0.1586611870525072,0.0012657592890946156,0.315,0.0039147430183324025,0.46,0.54,0.0,0.0,2.1575924840465537,-1.3714468846135333,-17.694923230736823,11.953271813993663,18.724142333269118,14.334984036684036,2383.6824497151374,2385.301885846853,2377.051633009911,2378.831181446314,1.3815945305735646,1.6248355900781706,1.1999999999999997,0.5819494207188919,0.2911763544610752
weights_mismatch,weights,Weights mismatch,mismatch,165,live,18.253855753399677,0.15950300154708144,0.0012598959504559967,0.2925,0.003910495005212149,0.555,0.445,0.0,0.0,6.011378673346428,1.04541176990665,-12.01716799166643,17.329414905918465,16.96813638150692,14.728606544733047,2385.308706715107,2385.909763353467,2378.228088040352,2376.4817653548716,1.4180221643312485,1.60197312061005,1.1999999999999997,0.5746277742669733,0.33968253720798924
weights_mismatch,weights,Weights mismatch,mismatch,166,live,18.10952418832948,0.15989856949839548,0.001232178984374356,0.31,0.003954729943355217,0.53,0.47,0.0,0.0,4.876168522174336,0.6968554835302516,-13.221675334381143,17.83357305947386,15.874907035827636,13.118755287528039,2384.1491919136047,2383.516869621277,2376.5088105481864,2375.884623436928,1.432763829555321,1.6554285170988914,1.1999999999999997,0.6216212647054329,0.3504353065600084
weights_mismatch,weights,Weights mismatch,mismatch,167,live,18.657503513076378,0.15859537819245056,0.0012108733056716923,0.3025,0.0039015408076132608,0.4875,0.5125,0.0,0.0,3.305882464507947,-0.366516387194622,-15.961989962174515,16.91557554150277,15.129576861858368,11.697003574371339,2400.7581440126896,2400.847590068579,2394.4362086614965,2393.68398691982,1.4092268044608267,1.6453472522151287,1.1999999999999997,0.6203445480416091,0.32939271478931637
weights_mismatch,weights,Weights mismatch,mismatch,168,live,19.00945385263933,0.15740415996038631,0.0011754754923405486,0.29,0.0038872928722181355,0.5475,0.4525,0.0,0.0,4.2101859050081165,1.321114176931701,-16.097605783682866,14.557808951570859,16.61109262049198,12.047187947034836,2412.271088013053,2414.8406076419355,2405.001111447811,2404.5536625826358,1.463898321217427,1.6979297323676434,1.1999999999999997,0.655822470594813,0.37222784217623806
weights_mismatch,weights,Weights mismatch,mismatch,169,live,18.87970437241175,0.15789690487147579,0.0011658329885459453,0.3,0.0038862078047638064,0.5075,0.4925,0.0,0.0,4.457677319620069,0.38715984194504927,-14.104438886181379,18.85126587779321,16.256572949886323,12.250530572235585,2420.625445973873,2420.497780303955,2412.5152471637725,2411.670739417374,1.4369218516716313,1.6975137201961132,1.1999999999999997,0.6712203933505367,0.3583879252802922
weights_mismatch,weights,Weights mismatch,mismatch,170,live,19.1751127257275,0.155873984705439,0.0011330037454149958,0.2875,0.003867495274714313,0.5175,0.4825,0.0,0.0,3.091375813622363,0.40724100512869654,-15.292167060912016,15.664997732185933,16.19428450733423,12.750325301885605,2435.0032066601516,2433.6006066945197,2427.297302516699,2428.225976369381,1.4232073333930861,1.693134728856229,1.1999999999999997,0.6766650632354367,0.3618287145112727
weights_mismatch,weights,Weights mismatch,mismatch,171,live,18.86504836882949,0.15638962967563028,0.001148161063024955,0.295,0.0038112615443383923,0.5075,0.4925,0.0,0.0,4.8723285719990095,0.4666039880177095,-12.990705409592897,16.121771849797323,16.437466819435357,12.584812247753144,2439.2249386274816,2441.869940813631,2430.666233767271,2432.9684809982778,1.4184540070010023,1.690397379374996,1.1999999999999997,0.6821348617633122,0.358972929170761
weights_mismatch,weights,Weights mismatch,mismatch,172,live,18.085411281518333,0.15390956256948185,0.0010831600116696048,0.27,0.0038682481231680165,0.58,0.42,0.0,0.0,7.437645993988223,2.2194634077577575,-11.883099624565121,23.352629884325708,15.267657074034213,13.402575491666793,2420.966208514571,2421.0457463982702,2410.927081003189,2412.4696563613415,1.464286885535452,1.685133499433303,1.1999999999999997,0.7016364601841891,0.4170399623323191
weights_mismatch,weights,Weights mismatch,mismatch,173,live,18.940539441036886,0.1536387859843506,0.0010827852429867028,0.265,0.0038003761169653027,0.44,0.56,0.0,0.0,2.605652763384636,-1.4561469792129174,-16.820459722851773,14.527034814222548,16.750560752153397,12.416174565404653,2449.383124150038,2450.9336401438713,2443.018784172535,2443.4063657583297,1.395945223504647,1.706701645973322,1.1999999999999997,0.6905344870567955,0.3226758983528268
weights_mismatch,weights,Weights mismatch,mismatch,174,live,19.142775151140903,0.1528974292925454,0.0010540893235939305,0.28,0.003792875870479413,0.5275,0.4725,0.0,0.0,3.8444095026355054,0.9689236608046485,-12.852800288090338,14.664743259217994,16.466818677186964,13.25279822051525,2453.1284979069233,2454.377510821819,2446.5325216066835,2446.8469163829086,1.4334856835304874,1.6857603074520973,1.1999999999999997,0.6774254889398117,0.371695224045896
weights_mismatch,weights,Weights mismatch,mismatch,175,live,18.726938422864418,0.15153990662766062,0.0010823991508463432,0.28,0.0037686773114626983,0.55,0.45,0.0,0.0,5.903964792155341,1.7366531367351854,-15.25484221483302,17.79049536335395,17.86285032749176,14.975936663150787,2450.2276663029193,2451.9149379980563,2443.048459634781,2441.502781479359,1.465602314092438,1.7196624600568609,1.1999999999999997,0.691911966751631,0.39438415433514334
weights_mismatch,weights,Weights mismatch,mismatch,176,live,18.48981470911526,0.15460230684477191,0.00101382927937434,0.265,0.003817651277779852,0.56,0.44,0.0,0.0,3.872858605472777,1.182659363821358,-14.311363719331913,16.28455008032918,17.523356137424706,13.02203798532486,2468.3227079176904,2473.275063202232,2462.2556470108034,2462.5845202326773,1.4536200727920174,1.6979521427445723,1.1999999999999997,0.6745266334545673,0.3893786531919744
weights_mismatch,weights,Weights mismatch,mismatch,177,live,18.503651656710492,0.15494620762683975,0.0010348793044085442,0.28,0.0038103344398143914,0.5775,0.4225,0.0,0.0,5.8888056207661315,1.7075913169892374,-12.25643447479797,18.781465651768478,17.319353591799736,14.11063044667244,2501.1290894335507,2505.149195308685,2493.41299723804,2494.6615504556894,1.4691007931699431,1.699332411277764,1.1999999999999997,0.6698463040238135,0.39577609171149974
weights_mismatch,weights,Weights mismatch,mismatch,178,live,18.917472140862248,0.15442993112052716,0.0010750914107379769,0.28,0.0037816259832446396,0.5825,0.4175,0.0,0.0,6.828094854335006,2.046135596836052,-9.386435462884355,18.497072749074416,13.820895699411631,12.00506387591362,2535.722884666771,2537.3575642597675,2527.656458210945,2528.127656825781,1.465725434449434,1.6859635632633887,1.1999999999999997,0.6667444882625588,0.40299615780816317
weights_mismatch,weights,Weights mismatch,mismatch,179,live,19.996846233032286,0.15083385257706142,0.001102568293954017,0.2775,0.0037934515665831235,0.5325,0.4675,0.0,0.0,6.579050126327329,0.8758289795358678,-12.102320879828904,18.243172315594443,14.999864720106125,13.44644661962986,2573.419404871464,2572.9441876256465,2566.64207675755,2563.446301848888,1.4324465163592277,1.7056775848138097,1.1999999999999997,0.7016175292898226,0.3899700381932294
weights_mismatch,weights,Weights mismatch,mismatch,180,live,20.226076198035997,0.15168818420510388,0.0010842166832608225,0.28,0.003819520190126641,0.48,0.52,0.0,0.0,5.783885248409828,-0.5040484178464908,-15.8554927413963,17.805771838149948,16.017616906166076,13.828399832248687,2599.2166857290267,2596.1551404857637,2590.2260171890257,2589.1889395308494,1.4080341272205594,1.7083131697789224,1.1999999999999997,0.6957516250656914,0.35458338984423476
weights_mismatch,weights,Weights mismatch,mismatch,181,live,20.451977589650195,0.15162832596685122,0.0010517583283784762,0.2525,0.00386292785056774,0.535,0.465,0.0,0.0,4.335206199450238,0.7992371143875516,-11.745068116425681,13.500134219213074,13.854715864658356,10.663278148919344,2622.4186660957334,2621.540302860737,2614.672318339795,2614.225007156134,1.4200062943153215,1.6607768049143175,1.1999999999999997,0.6324137693716676,0.35092489081408473
weights_mismatch,weights,Weights mismatch,mismatch,182,live,19.90120599426416,0.15271473534161994,0.0011656646916100525,0.2825,0.003847219967247107,0.4675,0.5325,0.0,0.0,3.6570593676926206,-0.5139196572253013,-13.723186079443984,14.511981799305245,14.800428804159164,11.505683988928794,2610.303394113779,2610.3345408058167,2603.5512006145714,2603.1742898750304,1.3727097077575414,1.59064280891262,1.1999999999999997,0.6024415812784112,0.3156304148692754
weights_mismatch,weights,Weights mismatch,mismatch,183,live,19.642326112823472,0.1565065047009696,0.0011320219069084895,0.29,0.00390811150537023,0.505,0.495,0.0,0.0,4.774091495149483,0.16566346605463877,-13.124664616329847,16.913867102446655,13.665259201526641,10.982291712760926,2628.2580538356306,2627.9501432669163,2620.4370218932627,2620.8479466474055,1.377425666069081,1.6010278049614037,1.1999999999999997,0.5918434550062515,0.3056103090544321
weights_mismatch,weights,Weights mismatch,mismatch,184,live,18.893433638409206,0.1552508672030859,0.0011755892344445184,0.265,0.003970299420442258,0.54,0.46,0.0,0.0,5.46997583834302,0.9011430985974584,-14.891688010482175,16.22581003367272,19.158824387155473,15.680701602995395,2630.7211570715904,2630.1694203096254,2622.0022348320485,2620.9841657069323,1.4226253247089602,1.6468749496851165,1.1999999999999997,0.617184548805237,0.35081471498580963
weights_mismatch,weights,Weights mismatch,mismatch,185,live,19.740753285801226,0.15534445227851626,0.0011789580650030651,0.28,0.003946156576529268,0.6075,0.3925,0.0,0.0,5.727482147660362,2.38028294306082,-9.739320977777789,14.980531767576778,14.266601010309532,11.698576444983482,2665.92334400177,2666.3757669553625,2658.408282403946,2657.2936719936133,1.4251643861680627,1.5945732658230285,1.1999999999999997,0.5620862937053545,0.354928532479484
weights_mismatch,weights,Weights mismatch,mismatch,186,live,19.31100417085258,0.15498164763040415,0.0011452158463829743,0.28,0.004036015333488359,0.5925,0.4075,0.0,0.0,5.218534778155135,1.682862075012281,-13.24039263357672,24.135219544835447,18.638015302419664,14.178255352973938,2674.613115108013,2671.2275961220266,2663.4040697407722,2663.073949019909,1.4361818841152663,1.613401173612168,1.1999999999999997,0.5729730995459366,0.35958236885949846
weights_mismatch,weights,Weights mismatch,mismatch,187,live,19.160252939624964,0.1546641137180474,0.0012008214699540077,0.25,0.004054105560843272,0.63,0.37,0.0,0.0,6.675617688463887,2.643561066529628,-8.865694431621339,15.770296090983585,15.982782722711564,12.83235461473465,2678.9226705682277,2678.725511665344,2668.739744260311,2669.2497444105147,1.4524816258075794,1.6098980997868393,1.1999999999999997,0.581741141550809,0.37722866545305705
weights_mismatch,weights,Weights mismatch,mismatch,188,live,19.448627191026933,0.15664416190553185,0.0012250512225894553,0.27,0.004011763881602133,0.565,0.435,0.0,0.0,4.384064257107774,2.4668661580609523,-14.44637057495479,15.031987682375442,15.320277931690216,12.482371745556593,2700.773922407627,2697.28500916481,2692.0402348427474,2691.5686860799788,1.4172413144022153,1.5886130232239595,1.1999999999999997,0.5560032022993369,0.3441339705751459
weights_mismatch,weights,Weights mismatch,mismatch,189,live,19.820737065514876,0.15312834444347337,0.0012730734443212749,0.2675,0.003947751025144088,0.5725,0.4275,0.0,0.0,5.719128617989079,1.7632156434694934,-9.662914564362016,19.320425936133695,15.750868074893951,13.929572931528092,2705.718889157772,2705.3004491901397,2698.10308699131,2697.82878038764,1.3984809881276556,1.5646082851150365,1.1999999999999997,0.5459855060675796,0.3314631488800332
weights_mismatch,weights,Weights mismatch,mismatch,190,live,19.11636939651837,0.15543798511601625,0.0012866953618044486,0.27,0.004013731635340169,0.48,0.52,0.0,0.0,4.013893818078147,-0.4940082500898697,-15.257301249529426,17.726458741641196,17.60934677362442,14.329163343906403,2705.672959578037,2705.564230418205,2697.9797674560546,2698.6618202996256,1.3846834231326346,1.5963956461071438,1.1999999999999997,0.5552410991866769,0.3000484627403582
weights_mismatch,weights,Weights mismatch,mismatch,191,live,18.20432748378782,0.1567758038236066,0.0012966049687854924,0.2825,0.0041030291399175725,0.53,0.47,0.0,0.0,6.515906967074647,0.8040171364602884,-18.623926122075133,25.94304448507048,21.126055599302052,16.17766171991825,2688.361347439289,2690.9688096387686,2676.2811053675414,2680.113370296955,1.4252050600115558,1.6201111630634524,1.1999999999999997,0.5810145941423166,0.347348145444735
weights_mismatch,weights,Weights mismatch,mismatch,192,live,18.409928117666773,0.15530228606864505,0.0013049165131752258,0.2675,0.0040886624847175845,0.625,0.375,0.0,0.0,8.03276686014199,3.1498177566450067,-11.538014078779767,21.197261498555374,16.485965939462186,15.820523497164249,2700.3164316850903,2700.9745658299325,2691.171165614724,2692.71755990237,1.4284997680069265,1.5721887553299034,1.1999999999999997,0.5356078159673769,0.3548385620536091
weights_mismatch,weights,Weights mismatch,mismatch,193,live,18.11671721619481,0.15400963192734782,0.001337745262198748,0.2475,0.004159841089012597,0.5925,0.4075,0.0,0.0,8.084390435701472,2.3515322118571476,-12.964805237766905,29.354994674792458,19.814759163856507,16.591921823024748,2689.085837748051,2689.8965547156336,2678.668655817509,2677.6928543138506,1.3993157985460163,1.5669574834532092,1.1999999999999997,0.5256359299773176,0.31570622554605554
weights_mismatch,weights,Weights mismatch,mismatch,194,live,15.796589292755684,0.15503556763274617,0.0013497580122447922,0.245,0.004200213595538587,0.6825,0.3175,0.0,0.0,8.589547449796125,5.671589971224677,-13.633711520447603,21.299390544812454,20.62780697643757,16.927812632918357,2634.304443414211,2636.8146792691946,2623.1574497884512,2623.377588824034,1.4331265341198236,1.536175095377742,1.1999999999999997,0.4977514472382336,0.3502310326382794
weights_mismatch,weights,Weights mismatch,mismatch,195,live,16.927598049449067,0.15501553521246372,0.0013441191137536712,0.26,0.004123639897363808,0.59,0.41,0.0,0.0,8.375966860161093,2.6899717819226687,-11.016956881244733,25.09709827478457,18.297740535736082,14.903209766149521,2659.1657690525053,2662.8492298793794,2649.1032451605797,2649.365303348303,1.4267845604028562,1.5643782089515168,1.1999999999999997,0.5119183005701353,0.34012500898944703
weights_mismatch,weights,Weights mismatch,mismatch,196,live,16.78860121430734,0.1566523674089159,0.001271253831842814,0.27,0.004094376956879119,0.7275,0.2725,0.0,0.0,12.405749953951908,6.4573680674425304,-7.092022033615103,35.26720976977651,17.997701424360276,13.768200476467609,2675.0296615719794,2675.4656726014614,2658.6766185605525,2658.5420580777527,1.5422255484014533,1.6730039449458678,1.1999999999999997,0.6489158890420598,0.47761123067993255
weights_mismatch,weights,Weights mismatch,mismatch,197,live,17.16402751763917,0.15422521451357846,0.0012288915179534397,0.285,0.004072876568477377,0.6725,0.3275,0.0,0.0,8.567926684200652,4.701052982570673,-10.972115763640158,24.632426564913246,17.32593016907573,13.453668882846832,2689.3108234505357,2693.4249059557915,2678.6444764328003,2679.2036692643164,1.5237838179387841,1.6965819242378526,1.1999999999999997,0.6681947930478788,0.4562684282984617
weights_mismatch,weights,Weights mismatch,mismatch,198,live,17.941814650269926,0.15035072801200536,0.0011231774296124862,0.2725,0.004025195777892221,0.5675,0.4325,0.0,0.0,6.136138112560717,2.0829812218657935,-12.96328399268541,21.603665764453847,16.852922107577324,12.628370782136917,2709.510273397565,2711.3625504267216,2698.5522456622125,2701.590011972189,1.4782726678427713,1.719747215196578,1.1999999999999997,0.6955883143534893,0.40956964392393636
weights_mismatch,weights,Weights mismatch,mismatch,199,live,17.208925191169513,0.15391527525731954,0.0010893832991972954,0.27,0.004009474329985107,0.57,0.43,0.0,0.0,5.7615263366666865,1.6283353523810433,-16.75292833020885,23.80688650313709,15.24117359995842,11.717467592805624,2685.5166154634953,2687.623144817352,2676.4894392955302,2678.070693094581,1.4540329317766707,1.7113519275599791,1.1999999999999997,0.6974609742558531,0.4054963487744064
weights_mismatch,weights,Weights mismatch,mismatch,200,live,16.195274174300852,0.15214478341085716,0.0011408761987761046,0.2925,0.003998973541951469,0.5275,0.4725,0.0,0.0,8.281625081068356,0.8033495170676233,-6.299368997903002,22.72758405900336,16.30928645193577,11.802693805694581,2598.064400115013,2612.5645678955316,2588.24451734066,2596.797748293877,1.4158257265080383,1.6887312012237026,1.1999999999999997,0.6946904635864706,0.3742793874908591
weights_standard,weights,Weights standard,standard,1,warm_start,-2.4757971343220584,0.2927707191778444,0.002622321657885212,0.4425,0.0064568836486144756,0.0,0.0,1.0,0.0,nan,nan,nan,nan,nan,nan,nan,nan,nan,nan,1.1999999999999997,0.00955454477125526,1.1999999999999997,1.207518977766274,0.0
weights_standard,weights,Weights standard,standard,2,warm_start,7.874069683245648,0.18594152231035466,0.0015049713189922193,0.2525,0.00406805330906442,0.0,0.0,1.0,0.0,nan,nan,nan,nan,nan,nan,nan,nan,nan,nan,1.1999999999999997,0.008572976264507273,1.1999999999999997,1.2069631978642241,0.0
weights_standard,weights,Weights standard,standard,3,warm_start,7.9847975595233605,0.18505905208111023,0.00149940613132385,0.2525,0.004050174802753668,0.0,0.0,1.0,0.0,nan,nan,nan,nan,nan,nan,nan,nan,nan,nan,1.1999999999999997,0.008513357463016178,1.1999999999999997,1.2069279072038004,0.0
weights_standard,weights,Weights standard,standard,4,warm_start,8.105924556201765,0.18410211055489434,0.0014935419865018456,0.2525,0.004030856705497501,0.0,0.0,1.0,0.0,nan,nan,nan,nan,nan,nan,nan,nan,nan,nan,1.1999999999999997,0.008454830419372967,1.1999999999999997,1.2068919001603071,0.0
weights_standard,weights,Weights standard,standard,5,warm_start,8.225657526245664,0.18307196649804552,0.0014873741488288144,0.255,0.004010630967331611,0.0,0.0,1.0,0.0,nan,nan,nan,nan,nan,nan,nan,nan,nan,nan,1.1999999999999997,0.008396048495668997,1.1999999999999997,1.2068561230076558,0.0
weights_standard,weights,Weights standard,standard,6,warm_start,8.348965000563991,0.18196566273979833,0.0014809316486112634,0.25,0.003989097584543291,0.0,0.0,1.0,0.0,nan,nan,nan,nan,nan,nan,nan,nan,nan,nan,1.1999999999999997,0.00833720117852348,1.1999999999999997,1.2068189039338932,0.0
weights_standard,weights,Weights standard,standard,7,warm_start,8.481938704380315,0.18077234278615023,0.0014741697172206752,0.25,0.003967701265885293,0.0,0.0,1.0,0.0,nan,nan,nan,nan,nan,nan,nan,nan,nan,nan,1.1999999999999997,0.008278375418785495,1.1999999999999997,1.206784365821499,0.0
weights_standard,weights,Weights standard,standard,8,warm_start,8.646113114652538,0.17952075608766044,0.0014670518705704732,0.2525,0.003944440970848885,0.0,0.0,1.0,0.0,nan,nan,nan,nan,nan,nan,nan,nan,nan,nan,1.1999999999999997,0.008220633027358102,1.1999999999999997,1.2067515061785934,0.0
weights_standard,weights,Weights standard,standard,9,warm_start,8.806242397490184,0.1784467768279042,0.0014595864385182817,0.2475,0.003918984385594987,0.0,0.0,1.0,0.0,nan,nan,nan,nan,nan,nan,nan,nan,nan,nan,1.1999999999999997,0.00816430773669426,1.1999999999999997,1.2067191180880215,0.0
weights_standard,weights,Weights standard,standard,10,warm_start,8.921790762841676,0.17753237362988525,0.0014515408397545338,0.2475,0.0038923548725399303,0.0,0.0,1.0,0.0,nan,nan,nan,nan,nan,nan,nan,nan,nan,nan,1.1999999999999997,0.008108760287262729,1.1999999999999997,1.206686111298796,0.0
weights_standard,weights,Weights standard,standard,11,protected_handover,9.070162947450875,0.1765178214087376,0.0014432441652684016,0.245,0.0038665404351189325,0.0,0.9975,0.0025,0.0,nan,nan,nan,nan,nan,nan,nan,nan,nan,nan,1.1999999999999997,0.008051738245903457,1.1999999999999997,1.2066515902184178,0.0
weights_standard,weights,Weights standard,standard,12,protected_handover,9.243795266627322,0.17539656692687244,0.0014346148404482768,0.2425,0.00383892770481859,0.0,1.0,0.0,0.0,nan,nan,nan,nan,nan,nan,nan,nan,nan,nan,1.1999999999999997,0.007991014285733062,1.1999999999999997,1.2066128122565696,0.0
weights_standard,weights,Weights standard,standard,13,protected_handover,9.454461497921823,0.17419942079565698,0.001425550484335849,0.2375,0.003809755669545456,0.0,1.0,0.0,0.0,nan,nan,nan,nan,nan,nan,nan,nan,nan,nan,1.1999999999999997,0.007930244475256707,1.1999999999999997,1.2065728040626211,0.0
weights_standard,weights,Weights standard,standard,14,live,10.257158931727936,0.16895838944167296,0.0013877113444901621,0.23,0.003756951637858541,0.3225,0.6775,0.0,0.0,-2.8818510001586293,-16.950520484646518,-31.77881013082986,47.240791862593184,19.236273094535544,3.212881167804388,-68.9982080842394,-86.53851657020007,-90.6378790079651,-91.19670502494152,1.4142303358678077,1.7087021917293965,1.1999999999999997,0.6970859160928375,0.21886881014875667
weights_standard,weights,Weights standard,standard,15,live,9.805464511699181,0.17186630023189264,0.0014156319253874833,0.225,0.003794885872453797,0.23,0.77,0.0,0.0,-5.353057750641382,-9.54771617400391,-34.88184738350711,14.041194975932841,13.0701079037413,2.6817087614536286,-25.151509307809174,-28.87173062413931,-32.216377234458925,-31.89059018969536,1.3511449578345673,1.8114689973734364,1.1999999999999997,0.645061301054578,0.15492004409501078
weights_standard,weights,Weights standard,standard,16,live,10.347595971344214,0.16914400016223127,0.0013985023314168564,0.23,0.003773666134168506,0.205,0.795,0.0,0.0,-23.49781744084238,-12.896055112001022,-82.03463732629288,5.736367290280952,15.49400636434555,3.044039714336395,-21.77425393939018,-27.271464174985887,-13.466399001479148,-13.491008312106132,1.2490779050702498,1.4302722418307465,1.1999999999999997,0.46634908551031706,0.10866762672598256
weights_standard,weights,Weights standard,standard,17,live,11.550406786176241,0.16460425554821342,0.0013790173379136514,0.2175,0.00375931776224985,0.2225,0.7775,0.0,0.0,-21.226723932368067,-10.03378427838836,-75.22681231339625,3.6990646748468574,13.3427165029943,3.3790533363819124,-12.020178645849228,-18.529625116437675,-4.245354087352752,-3.7849769580364225,1.2315047784982545,1.3478068505761511,1.1999999999999997,0.4322440043855337,0.10071566313367666
weights_standard,weights,Weights standard,standard,18,live,11.245260310671886,0.16689435126624028,0.0014128135069963882,0.2325,0.003807994949714672,0.19,0.81,0.0,0.0,-25.240931460711817,-11.943743269612302,-87.0682428326536,2.7900068166500445,17.1699992133677,4.281796872615814,-5.0942244267463686,-14.592275636345148,2.255863560438156,2.7577489006519316,1.222574032657392,1.3332876757652912,1.1999999999999997,0.3774052131787514,0.07530786749175322
weights_standard,weights,Weights standard,standard,19,live,10.15140187611283,0.17165653969707947,0.0014336993999582138,0.2325,0.0038376784509457067,0.175,0.825,0.0,0.0,-28.61832204064439,-12.072921273000016,-108.38362653943896,2.293901717456108,17.786355957090855,4.965144927501679,-6.710786726474762,-14.034712912142277,5.330083565711975,5.513367946147919,1.2099772718763473,1.3007429006101665,1.1999999999999997,0.3713985260617963,0.06634778684807757
weights_standard,weights,Weights standard,standard,20,live,9.918748655949337,0.1703998050956167,0.0014860950653085045,0.23,0.0037576220561281316,0.2,0.8,0.0,0.0,-28.844434806074297,-14.402361173234794,-94.71992246658948,3.62436472645202,20.230804934175683,4.965591705441475,-8.542712649405003,-15.39515201327391,1.5516422152519227,1.663078550696373,1.2098222228987536,1.293481129459945,1.1999999999999997,0.39626851746895886,0.0873837330455319
weights_standard,weights,Weights standard,standard,21,live,10.196223736450493,0.16954872934341786,0.001448221833902505,0.2275,0.003776437345021989,0.22,0.78,0.0,0.0,-26.956314750374776,-10.034047610553294,-89.11874333860835,3.5701482078061724,19.25831979572773,5.851722217798233,-2.7209193468093873,-7.213207119107246,8.24958579301834,8.909989558458328,1.2198512845691587,1.3267147092212397,1.1999999999999997,0.40730981201804684,0.09915161602750817
weights_standard,weights,Weights standard,standard,22,live,10.008881611326979,0.17011350611824866,0.0014533962653677,0.22,0.003706904740573306,0.18,0.82,0.0,0.0,-27.95480340560383,-10.548549410433019,-88.92889370301589,2.131729949548015,20.833605302870275,5.874433968961239,1.9646421575546265,-2.005286001265049,12.564670267105102,13.379956577718257,1.2129798690267766,1.3541620840291448,1.1999999999999997,0.3926179486038655,0.06998605126718596
weights_standard,weights,Weights standard,standard,23,live,9.719504551126864,0.17029710489969646,0.001460431418257382,0.225,0.0036844702915306148,0.1525,0.8475,0.0,0.0,-33.04681105065985,-11.714638450355864,-102.27776414211522,1.3964964819839811,20.819647597074507,6.200165073871613,-1.177498699426651,-8.193972249031066,13.096874994039535,14.38127403140068,1.2166517962256993,1.3208910532252502,1.1999999999999997,0.35266883308465696,0.05442924239459309
weights_standard,weights,Weights standard,standard,24,live,10.096057939718998,0.16915082496917197,0.0014457277186034278,0.2175,0.003668623643977793,0.1925,0.8075,0.0,0.0,-34.20432297033471,-16.84303492235366,-100.6048410409147,2.4785971217088276,24.594261885881423,6.720300772190094,8.216127191781998,3.898172709941864,21.994864491224288,22.775173581838608,1.2188801180659694,1.3526713419325034,1.1999999999999997,0.34309938971076553,0.06177400124709392
weights_standard,weights,Weights standard,standard,25,live,9.79884273484435,0.16905782711168754,0.0015016051730581076,0.2225,0.003660490689034017,0.225,0.775,0.0,0.0,-28.329785704215297,-11.178331946135629,-89.53982714308465,3.726540221962676,23.710653301477432,7.176235599517822,3.7868515181541444,0.1897894561290741,13.0078722012043,14.554570006132126,1.2189599922831413,1.3585760100263187,1.1999999999999997,0.3504218482823999,0.07777663403664904
weights_standard,weights,Weights standard,standard,26,live,9.880355796890422,0.16987177144305085,0.001471431867915724,0.2125,0.0037001816167064982,0.15,0.85,0.0,0.0,-40.19470548314173,-17.11010081178147,-119.17193652504874,1.2157528975646852,29.126284490153193,7.381560379255097,2.037473840042949,4.371868098974228,21.333247196662704,21.97117868423462,1.2009006363981498,1.3045475924859893,1.1999999999999997,0.3344579595276005,0.05033201933850196
weights_standard,weights,Weights standard,standard,27,live,8.80190031180655,0.17709038123532583,0.0015172572967673862,0.195,0.0037959109378932136,0.19,0.81,0.0,0.0,-48.867211551258194,-13.594329414677674,-131.40962310548667,2.4537999589963,44.49027748655528,6.52656602746807,-6.92997974306345,14.09946143526584,14.386808849573136,14.583081646030768,1.202403600081753,1.3303428310471148,1.1999999999999997,0.3813225315601838,0.0692223980566758
weights_standard,weights,Weights standard,standard,28,live,10.411114037378065,0.16799059144396897,0.0014620006772914534,0.2025,0.0036244674702410463,0.1875,0.8125,0.0,0.0,-54.483983760119415,-13.886817770316334,-102.2816106253038,2.2358898521216495,55.1351974016428,7.234524084627628,-6.985112519264221,26.56785555779934,15.596974364817143,17.145296020507814,1.2164921121595003,1.346420531668124,1.1999999999999997,0.3662988757894726,0.0643800207305323
weights_standard,weights,Weights standard,standard,29,live,9.730276201107245,0.17158020681711256,0.0014681982423810536,0.2175,0.0037569337888867637,0.1825,0.8175,0.0,0.0,-55.31039183674869,-13.44726323544792,-110.6996942040112,3.158137884041613,55.57274253040552,6.445220734030008,-19.232419394552707,12.372122054696083,3.2215029878914354,2.276637620329857,1.2174530001438228,1.3688189496549055,1.1999999999999997,0.3813029632423532,0.06446766071021975
weights_standard,weights,Weights standard,standard,30,live,8.652129138547865,0.17465822396183128,0.0015141270453642136,0.22,0.0038113278569016666,0.2675,0.7325,0.0,0.0,-48.92453792610782,-7.511529498418881,-122.44654846916079,5.363729514578753,56.15139288410544,8.625542088747025,-21.289873547554016,8.12377501860261,-5.373664127588272,-5.001396985054016,1.2264340133751965,1.3476544530184498,1.1999999999999997,0.3695180373897302,0.0943744109744901
weights_standard,weights,Weights standard,standard,31,live,9.180067588192339,0.17340550382711978,0.0014763764220300432,0.22,0.0037929746923659646,0.23,0.77,0.0,0.0,-45.162013548747275,-10.339151927034735,-112.2045303476567,5.312298786169102,50.47982074379921,9.400609744787216,-6.914906413555145,11.397136908769607,6.405108504295349,6.236885699033738,1.2353682539184445,1.3904174995712455,1.1999999999999997,0.3661692582874195,0.08228308034540416
weights_standard,weights,Weights standard,standard,32,live,8.82537586986471,0.17082707438963673,0.0015359053938713402,0.2075,0.0038265167875646206,0.2525,0.7475,0.0,0.0,-33.52273430716052,-7.300656452304814,-152.96972407651234,7.988525084511409,28.229217775277792,9.778783316016197,-3.8279661202430724,-18.55902036625892,4.313878113627434,3.4402619993686674,1.2304781672071916,1.334407380340574,1.1999999999999997,0.3120742338229628,0.08508789349772183
weights_standard,weights,Weights standard,standard,33,live,8.358841594458411,0.17486343500466286,0.001445794714860969,0.2225,0.0037541212185641746,0.2625,0.7375,0.0,0.0,-24.77579478686333,-7.440669429517982,-105.97712801261409,5.800126844407998,28.095663614496587,9.943043137788772,50.299848833084106,31.770767547860743,48.33922565937042,46.97421095430851,1.22858880307184,1.3451778429187635,1.1999999999999997,0.3112100084487484,0.08034257913600279
weights_standard,weights,Weights standard,standard,34,live,7.178813288307546,0.18403713090411827,0.0015125318922422932,0.24,0.0040114579974926705,0.2725,0.7275,0.0,0.0,-33.4112998283996,-6.655811349388074,-97.77866251657316,7.028739316978654,35.656977214217186,10.11552693516016,62.98998415470123,37.097867965102196,57.0256778639555,58.79829174727202,1.2245218975433343,1.3312934522086086,1.1999999999999997,0.3101919156939557,0.08036662984406309
weights_standard,weights,Weights standard,standard,35,live,7.622252328205266,0.1819050539639012,0.0015116717865262033,0.2425,0.004035365252758308,0.265,0.735,0.0,0.0,-33.46202685043404,-7.533200641514682,-119.34600167288734,4.742135747534317,28.368348233252764,11.494487480819226,93.16690098240971,75.55611092805863,100.42283965200185,101.47288368582726,1.213867333389902,1.3099615723374853,1.1999999999999997,0.3179114370504537,0.09297261164033024
weights_standard,weights,Weights standard,standard,36,live,8.024331488921325,0.18336954425361354,0.0015520446740256713,0.2475,0.004050988401077136,0.2425,0.7575,0.0,0.0,-36.60077516693602,-6.963012484572198,-121.75231694973941,5.896606989588862,24.918186488747597,10.195963996052742,100.42945495918393,95.39620595678687,119.5793153962493,119.99966499596835,1.2204168853584425,1.3365709035864637,1.1999999999999997,0.31424799224370625,0.0725159393093595
weights_standard,weights,Weights standard,standard,37,live,5.778005721175762,0.19449451567843504,0.0016765718807334475,0.2675,0.004310618574226238,0.27,0.73,0.0,0.0,-23.26937848940615,-7.398252383516379,-102.74140149162186,10.26663279995256,36.7402828297019,8.897886234754697,120.06969726711512,128.18225597321987,118.71255980417132,120.3893701324705,1.2438954780153957,1.3365434902919058,1.1999999999999997,0.3401918495254591,0.11214539041535104
weights_standard,weights,Weights standard,standard,38,live,7.911732527814529,0.18412502485532276,0.0016313907280329644,0.255,0.004127876788061331,0.2975,0.7025,0.0,0.0,-15.264255125782574,-6.753455676374415,-64.04312567974071,11.474663979083033,22.138037187084556,8.92716499313712,191.68770577326416,188.6983771573752,191.67005195498467,192.81641575321555,1.2291747481686008,1.3220527933653414,1.1999999999999997,0.4194740119307625,0.1317531777084293
weights_standard,weights,Weights standard,standard,39,live,6.710684628117832,0.18991619522432998,0.0015284697741355091,0.265,0.004287000867572057,0.2425,0.7575,0.0,0.0,-21.121081017926798,-8.318025301791483,-75.72386561031766,8.244901697070242,23.916251536244527,8.298756084665657,225.63453255021014,227.79758284330367,230.66300990603864,233.76828567266463,1.2145993381037354,1.270282555023685,1.1999999999999997,0.4326219115192626,0.11068457626415658
weights_standard,weights,Weights standard,standard,40,live,6.649611943672312,0.18846560591340547,0.0016272255590402836,0.255,0.004269001825274139,0.32,0.68,0.0,0.0,-16.11681261784018,-5.044428546159018,-69.22758658407759,20.56242490548168,19.69910106420517,9.157247362295166,247.59585016608239,248.25535638689996,252.9670556689799,254.028100909004,1.2260574522448424,1.2741197731795086,1.1999999999999997,0.4151972383972317,0.15514590070566917
weights_standard,weights,Weights standard,standard,41,live,6.545924654992966,0.19044301510608444,0.0016025422744306978,0.24,0.004435688679069413,0.37,0.63,0.0,0.0,-15.600546108569706,-3.6370024756854207,-58.96379678503854,18.834569900114204,20.05728309839964,8.513862882815301,281.7187674024701,282.23026204884053,285.479483743757,286.57908015739173,1.2471111747213448,1.3256458379834979,1.1999999999999997,0.40290009712744906,0.18043609001545136
weights_standard,weights,Weights standard,standard,42,live,6.727081579203834,0.18842489249277633,0.001626291216606549,0.2425,0.004392204692515878,0.5025,0.4975,0.0,0.0,-2.053836073202333,0.26370534002109025,-35.133946097310826,35.92004499148261,16.099407418966294,8.076927476227283,319.2316254901886,320.6427266395092,312.8330756092071,315.09887726336717,1.3026841474892916,1.3577718469491669,1.1999999999999997,0.4421791439417644,0.24080998996285466
weights_standard,weights,Weights standard,standard,43,live,6.3229284313698795,0.1889658504839787,0.0016122767064122145,0.2475,0.0043624719460892605,0.4925,0.5075,0.0,0.0,4.429292241714148,-0.09641061349955748,-21.480389537437926,40.60817676733093,15.144514756202698,8.44754760980606,370.58416037082674,372.9192000198364,359.68744270801545,361.55832434415817,1.3404397728436692,1.3880345910947869,1.1999999999999997,0.4464534023430168,0.24190117365043867
weights_standard,weights,Weights standard,standard,44,live,5.441509666196878,0.19399507733485108,0.0016072025197459022,0.2475,0.004486304650463901,0.465,0.535,0.0,0.0,2.204000185899584,-0.9619371876739677,-26.88679431949249,40.237468551358404,17.481633467674257,9.732559908628463,409.59092440366743,413.5587129807472,400.58564933776853,402.6525213944912,1.3494114671378616,1.3975653919771747,1.1999999999999997,0.45227427732952236,0.24011416934649787
weights_standard,weights,Weights standard,standard,45,live,4.763147688688279,0.19860477740992186,0.0016603182715999821,0.245,0.004555449623170877,0.405,0.595,0.0,0.0,-3.6729343452274077,-2.844588702982904,-43.11387300762519,36.07296263390857,16.819867264032364,9.187094631195068,429.6346557694674,429.9844558352232,425.1366413974762,426.5577011203766,1.3034015547317843,1.366866621138368,1.1999999999999997,0.4077136821231434,0.18755937987591742
weights_standard,weights,Weights standard,standard,46,live,3.5148572635814253,0.208968066592637,0.0016989974462209261,0.2525,0.004727887620424889,0.355,0.645,0.0,0.0,-5.524075821528365,-4.318314712810462,-44.95784893243646,35.54755556787368,19.17899872779846,11.344166541099549,438.46484141349794,442.2651280593872,436.213469209671,439.8899132108688,1.2918412037780813,1.347502689747485,1.1999999999999997,0.374577008017355,0.15137495117636382
weights_standard,weights,Weights standard,standard,47,live,5.710890602134882,0.19430506267601558,0.001638767551477415,0.2375,0.004472065385127303,0.3425,0.6575,0.0,0.0,-5.230512067028808,-4.665017604813599,-50.818191427945656,32.57119177554756,19.046815309524536,11.239256014823914,493.3118411922455,493.7434794044495,489.7797770214081,492.115444188118,1.2903376165549554,1.351067509602339,1.1999999999999997,0.3909820434730959,0.15004159284621812
weights_standard,weights,Weights standard,standard,48,live,6.050831917408095,0.1998007179959692,0.0016087010102177372,0.25,0.00449292174389698,0.3375,0.6625,0.0,0.0,-5.959146291725967,-5.685511917227288,-51.58020949055026,37.8124166846093,28.72709498524666,10.78166978597641,512.416700245142,524.9674265050888,506.012776620388,507.38854496479036,1.3110878423682528,1.3794131913543135,1.1999999999999997,0.4495918134975472,0.13243286542969349
weights_standard,weights,Weights standard,standard,49,live,6.062196684000785,0.20473849659149462,0.0013686394670456429,0.225,0.004553343234001427,0.3975,0.6025,0.0,0.0,0.12478382824668699,-4.350466472070906,-46.30077316860079,49.856795360310684,23.37332790374756,11.196604202985764,563.8893018722534,568.0358969306945,551.8054742622376,555.5088873016834,1.3483065955153897,1.4166438034449513,1.1999999999999997,0.4627947844800293,0.19482802089392515
weights_standard,weights,Weights standard,standard,50,live,4.445218341573957,0.20533289364556423,0.001589197612148733,0.24,0.004460614673523765,0.2125,0.7875,0.0,0.0,-16.383139834346128,-8.47310561564197,-61.84519255916047,11.24949169253829,29.98046165943146,11.805746479034424,541.1739651298523,552.1422358083724,543.2297194337845,546.491897816658,1.2565406134182733,1.3928132628962928,1.1999999999999997,0.4700708876098219,0.0899889360718568
weights_standard,weights,Weights standard,standard,51,live,5.155491957706881,0.20096719165119253,0.0015844375198961263,0.235,0.004424325505792456,0.3425,0.6575,0.0,0.0,-8.692051567327189,-4.190445660667457,-48.91839327322127,15.912790551111645,20.618827369213104,10.486313800811768,538.2514983677864,541.7477741909028,538.5129605197907,538.6000214862823,1.2720283917687931,1.3827259034913237,1.1999999999999997,0.40122091195735826,0.1512933600346008
weights_standard,weights,Weights standard,standard,52,live,3.737336504528837,0.2103727016804011,0.0015455109750111351,0.245,0.004669727866305559,0.245,0.755,0.0,0.0,-13.93147603216708,-7.030127262038604,-57.08130243447862,14.649376020950218,22.75267408490181,12.324317495822907,514.2198690009117,515.3522491753101,517.4408749508858,519.1310066413879,1.2433068890914711,1.3691397680398347,1.1999999999999997,0.4186947234965897,0.12764840958935747
weights_standard,weights,Weights standard,standard,53,live,4.582940152220976,0.20545486697066834,0.0016199741957626434,0.2525,0.0045466439061024955,0.2,0.8,0.0,0.0,-16.27182421640276,-9.190341270858479,-58.34967370413625,4.6317340419447275,20.300452497005463,10.726339766979217,492.1102807426453,487.1739784359932,496.31135318756105,496.3604551577568,1.2313348561529152,1.3695718549199354,1.1999999999999997,0.4249372406909916,0.08699209241509549
weights_standard,weights,Weights standard,standard,54,live,6.91928847935733,0.19199540374292717,0.0015211997460130655,0.245,0.0043159164103376306,0.25,0.75,0.0,0.0,-11.743490117359102,-8.225329818792662,-42.26423936356547,8.648510626715826,20.8852719861269,11.292912610471248,515.0770979237557,510.1103684860468,515.2313000386953,514.2504135715961,1.2397111119437352,1.409341196183463,1.1999999999999997,0.4574144511934425,0.12663394095419558
weights_standard,weights,Weights standard,standard,55,live,7.679002875580271,0.19010706728638258,0.0015185606316842854,0.2425,0.004366119888363803,0.215,0.785,0.0,0.0,-14.96309959609026,-8.444116334289358,-46.23030163022853,3.170777642655029,19.04159524457529,10.518775689080357,494.2115851703286,487.78633867440743,497.9055959291011,496.9645064741373,1.229074724390708,1.4165415991346864,1.1999999999999997,0.45954892972724015,0.1104532550879566
weights_standard,weights,Weights standard,standard,56,live,7.049608257638172,0.18844178597292724,0.001469841349691307,0.24,0.004288014918759571,0.245,0.755,0.0,0.0,-11.236703748248145,-7.273467786942874,-40.480694509906485,6.048159369177475,18.441864929860458,11.637869695946574,509.3543261068966,501.9733837269247,511.5591226619482,508.62501607663927,1.2566692543457263,1.410096716723561,1.1999999999999997,0.48023188886591756,0.13245102901294484
weights_standard,weights,Weights standard,standard,57,live,6.469307937187014,0.1922771051716284,0.0015214210303792952,0.245,0.0043289937267944004,0.24,0.76,0.0,0.0,-9.85439738409081,-7.625204282861091,-41.94669189038036,5.045878382338315,17.855200767442582,9.911076746797189,485.2701169405505,478.0935175227746,484.5157018648833,482.66049288869834,1.2333250929656703,1.3975333619335446,1.1999999999999997,0.4515450096041657,0.11393606292329636
weights_standard,weights,Weights standard,standard,58,live,6.673133287943554,0.19186434334000943,0.0015561436089437703,0.245,0.004320165333324756,0.2375,0.7625,0.0,0.0,-20.353865462463467,-7.989517432074191,-61.27163394440863,3.772416740345787,22.30106350466609,10.428403959879653,457.8692631152272,450.4611073356867,463.22991018637083,462.05549730196594,1.2263359876542779,1.374319227625233,1.1999999999999997,0.43553936349039235,0.1070625537131208
weights_standard,weights,Weights standard,standard,59,live,6.46429498836777,0.19249985668778025,0.001514799876504199,0.24,0.004323289661056566,0.28,0.72,0.0,0.0,-16.554677382021676,-7.128748545438244,-48.939143842329074,5.20392420127201,20.921329829711468,11.22941336736083,453.6691294707358,444.24417948795485,457.0554508139193,454.5753645822406,1.2128627703888546,1.378984210949372,1.1999999999999997,0.4539352492121512,0.12115743003242202
weights_standard,weights,Weights standard,standard,60,live,5.643046867874248,0.1978129741971915,0.0015637381804320472,0.2475,0.004412669218215929,0.245,0.755,0.0,0.0,-16.112362179934486,-6.237170216098548,-46.260526083085175,4.821828243748491,22.132637202031912,11.626541064679623,427.6996808880195,418.48128028407695,429.6795301771164,427.7057211792469,1.2051274960391956,1.3622998110298283,1.1999999999999997,0.45096706886422777,0.10562990237051065
weights_standard,weights,Weights standard,standard,61,live,3.111289266270046,0.20839906471124783,0.0015898632720648715,0.25,0.0046398437139324065,0.2875,0.7125,0.0,0.0,-16.187994685163503,-6.308539345354745,-57.53500803049243,6.071843972522341,22.26690621547401,10.880460370182991,408.5102412769198,399.4700872544199,409.7605585362017,407.8146158401668,1.2184326310207616,1.3380986495804603,1.1999999999999997,0.46268746590825804,0.12449546038603447
weights_standard,weights,Weights standard,standard,62,live,7.0411361644557555,0.19259477134529795,0.001597927189800439,0.26,0.00437182465905841,0.275,0.725,0.0,0.0,-12.993282208070104,-5.9194544555339945,-45.256766959425065,5.650167484815924,24.90284000262618,12.194109731912613,390.43881943419575,383.3598317408562,388.9438152208924,385.4164599767327,1.1906658048636363,1.3302444200391443,1.1999999999999997,0.4498511323673685,0.12795689502053023
weights_standard,weights,Weights standard,standard,63,live,7.329562000073578,0.18718057620278317,0.0014981557548715404,0.2575,0.0042504324724175965,0.2875,0.7125,0.0,0.0,-19.873211782204088,-6.2731046700899284,-76.88383027048214,4.929925753031218,31.05696294642985,11.775632643178106,429.0494419410825,411.91143855266273,421.8443681486696,420.29190108567474,1.1941621853272486,1.3313316913763902,1.1999999999999997,0.4640936811734106,0.12132137712139902
weights_standard,weights,Weights standard,standard,64,live,6.387406324575911,0.19158445391831505,0.0015401176597520762,0.255,0.00431537397140795,0.2375,0.7625,0.0,0.0,-19.441780608862324,-7.6639135962841465,-53.85318604793451,3.1097339711700576,25.646035204827786,12.003958914875984,394.80541175156833,382.64851789325473,394.1398005798459,394.9051642599702,1.2028068568886272,1.333872863426391,1.1999999999999997,0.458592667753553,0.10382278933306631
weights_standard,weights,Weights standard,standard,65,live,7.085153821618102,0.18814106934527264,0.0014705925155074323,0.25,0.004370417869047513,0.245,0.755,0.0,0.0,-18.66802328220767,-7.489638614278512,-64.65069686286186,4.144750777611582,24.246374331712722,12.132254556417465,385.7892197555304,377.282307318449,387.7477491966263,388.42354878697546,1.2058015476250064,1.3108416912718426,1.1999999999999997,0.4584343466417188,0.11255777337281696
weights_standard,weights,Weights standard,standard,66,live,8.819474998666074,0.18449686213528252,0.001555258081916073,0.2575,0.004252247174997411,0.27,0.73,0.0,0.0,-13.802229447835384,-5.5447272281730875,-54.13494266570996,4.697631354179535,21.682495224848388,11.014777736440301,362.17904325880113,354.1003256773949,360.99691066399214,361.5432719065994,1.1786221722204755,1.290204399507482,1.1999999999999997,0.4660629285953153,0.13288403235820592
weights_standard,weights,Weights standard,standard,67,live,7.503112113986675,0.19194323378050168,0.0015965338878080255,0.265,0.004345218831546531,0.35,0.65,0.0,0.0,-10.708776125921329,-2.689998657105747,-42.00020625691318,9.604147493772604,21.181825157962738,12.232764751315116,372.02087024692446,365.0828437644243,369.9173771440983,370.6996818095446,1.1942881011580024,1.3009347902344583,1.1999999999999997,0.4362986862771537,0.15775771303433125
weights_standard,weights,Weights standard,standard,68,live,8.34121749265236,0.1859610305552402,0.0015108222097977057,0.2575,0.0041090151890630115,0.285,0.715,0.0,0.0,-13.501955680005333,-4.9103963698861435,-46.13049984185216,5.293654148717676,21.956505933105944,12.756267365813255,418.62798042058944,417.6985006567836,422.01326484858987,422.9098632478714,1.1831658573475219,1.3186351107912686,1.1999999999999997,0.4325067270211619,0.1194828520369598
weights_standard,weights,Weights standard,standard,69,live,6.706330065805986,0.19625858658316386,0.0015761638872952306,0.2575,0.004338485629317195,0.315,0.685,0.0,0.0,-6.82926071640959,-3.402321233709017,-38.39391557154076,7.692332491941046,18.992196708619595,11.90322219401598,414.4138679262996,410.0303805667162,412.9774253812432,410.94112957179544,1.2333036891497497,1.3371768289700952,1.1999999999999997,0.4270842626903539,0.1408077092965928
weights_standard,weights,Weights standard,standard,70,live,6.86186718079937,0.19538341752310004,0.0015571934531440634,0.2575,0.00433247532660985,0.295,0.705,0.0,0.0,-9.496796521181938,-4.194923037309142,-40.14420604784272,5.077678602744345,17.45492784291506,11.249320262819529,431.93260519355533,429.6895269542932,434.44168516099455,433.7561538861692,1.2224755530543212,1.3553476303977414,1.1999999999999997,0.4299134566298533,0.12364039562832801
weights_standard,weights,Weights standard,standard,71,live,6.9427034461170045,0.19488637860184124,0.0015351352101382887,0.26,0.0043776717344403025,0.2775,0.7225,0.0,0.0,-9.305692798428954,-4.766341720265359,-35.879236278731284,4.701970097952437,17.262155516445638,10.387334926575422,465.09416620492937,459.5454080042243,465.8692008650303,463.6248478896916,1.2182038829110073,1.3445543254174288,1.1999999999999997,0.4326075369501363,0.10831096425239728
weights_standard,weights,Weights standard,standard,72,live,7.01203238901255,0.19902565553315885,0.0015028357679115322,0.2775,0.004517679785738102,0.245,0.755,0.0,0.0,-12.323394374668275,-6.678353231632094,-40.935555246549754,8.794068086002014,20.050144189596175,11.632046570777893,474.55142368495467,470.67240811526773,475.91900949835775,477.10809867501257,1.2121412148446316,1.338632991114694,1.1999999999999997,0.45715151265321746,0.12987293684414208
weights_standard,weights,Weights standard,standard,73,live,8.72351247090049,0.19047564367670777,0.0014858679795102963,0.265,0.00432478201801284,0.1925,0.8075,0.0,0.0,-15.707527587107489,-8.741758586052413,-38.898035239920176,3.5433090695168388,20.375584398061036,9.774654588326811,500.92755230367186,500.0634607698023,506.3860266663879,504.8095999574661,1.2153720054609076,1.374833311963016,1.1999999999999997,0.46544899590039807,0.08385328624474131
weights_standard,weights,Weights standard,standard,74,live,8.100275837213431,0.19456959485720365,0.0014538759413175433,0.2575,0.004398913184101543,0.265,0.735,0.0,0.0,-5.705451024574668,-5.727333188993207,-32.521760989993936,8.497164936610508,18.72525676369667,13.424717460274696,525.8455879461766,523.0458414018154,525.1632045638561,524.5297055929899,1.1797660762139233,1.3216866070138986,1.1999999999999997,0.5000218170809393,0.15272302442534735
weights_standard,weights,Weights standard,standard,75,live,9.995380430381864,0.18479502918831897,0.0014800827153298999,0.2625,0.004195252043110097,0.245,0.755,0.0,0.0,-11.122010814676468,-6.414118307538956,-38.18494967543775,4.260651402142303,17.432892930321394,11.28737566318363,540.3693199880794,538.4106102973223,544.6407381653413,544.0837726853788,1.1983155839221473,1.340696126861988,1.1999999999999997,0.4717900087102949,0.12054974424048752
weights_standard,weights,Weights standard,standard,76,live,9.05078697627685,0.18883268337711617,0.0014899807237301898,0.27,0.004287413397527588,0.235,0.765,0.0,0.0,-9.697549101760394,-7.576502207520264,-31.936005189701792,5.311901209115358,16.9285768841207,10.632473215076606,561.6251786747575,556.414614277631,562.8286938765646,562.0043891681103,1.207906433096164,1.3714718416369838,1.1999999999999997,0.4971445073226417,0.12214840728159636
weights_standard,weights,Weights standard,standard,77,live,9.788435320365531,0.18606927604474854,0.001445366540593429,0.2675,0.004175377769625486,0.25,0.75,0.0,0.0,-9.186662807720978,-6.28622665459315,-30.113540752862626,6.900073831376005,18.000256817648186,10.54898051686585,592.4686141002178,588.4723328640964,591.7343205563724,592.6695259111375,1.1896538876846223,1.3624844088401429,1.1999999999999997,0.4795953062906847,0.14487511731038732
weights_standard,weights,Weights standard,standard,78,live,9.052075075732999,0.18939447983799274,0.0014730206379402688,0.2625,0.004311702592784715,0.275,0.725,0.0,0.0,-8.765902433048502,-6.2040521813765395,-33.10635811229404,5.9304795400066785,20.007057547494767,13.39052430063486,602.2582809659839,597.1587954642623,601.6853221157194,602.0226074063778,1.2109843751063838,1.368405601508157,1.1999999999999997,0.4701887727400033,0.13336194058952536
weights_standard,weights,Weights standard,standard,79,live,9.287053542664022,0.18650715627034514,0.0013786335991667691,0.2375,0.00432940329641688,0.235,0.765,0.0,0.0,-10.137274804944697,-6.440426967344536,-37.01088436759637,6.242162842271978,17.8100273758173,10.730199792943894,631.9822749358416,625.4851489070057,631.9257657694817,631.6476889830456,1.2201165303506425,1.388227204886585,1.1999999999999997,0.48555101962075264,0.13139838043262803
weights_standard,weights,Weights standard,standard,80,live,10.04786000014007,0.18278938721384816,0.0013813822075351351,0.245,0.004202235522380533,0.245,0.755,0.0,0.0,-11.324165847072964,-6.044585943876882,-30.736741912115168,4.202950868912912,17.078219171389936,9.022387660704553,656.7493645187467,652.7155810947717,657.5851361198723,658.4073508782312,1.1882466071715487,1.3671797830312769,1.1999999999999997,0.4826810027216482,0.1267034112773538
weights_standard,weights,Weights standard,standard,81,live,7.031023887177444,0.19594944338827067,0.0014335609620681272,0.235,0.004560438456556756,0.225,0.775,0.0,0.0,-8.64398779042122,-5.81672646565417,-28.80210303539488,5.48721151494324,18.53425954043865,10.959392180889845,653.7128822079301,646.9566174569726,650.4390983861684,652.3593319152295,1.2058924016668873,1.3409533963256488,1.1999999999999997,0.4915900139643864,0.12856176177242773
weights_standard,weights,Weights standard,standard,82,live,9.450209711176148,0.1855751084186056,0.0013943859924280327,0.24,0.004242919507453294,0.2525,0.7475,0.0,0.0,-10.125478922268345,-4.2616041643838685,-31.098887512923575,5.161442002268452,19.005188489705326,11.00177032455802,690.3572122821212,681.702301812619,688.3478332030774,687.9460781566798,1.2242888479775473,1.3410748006199709,1.1999999999999997,0.49848599034700414,0.13481958755477677
weights_standard,weights,Weights standard,standard,83,live,8.608530090465925,0.18859448907000506,0.0013859151185620121,0.235,0.00430475829078927,0.2725,0.7275,0.0,0.0,-6.643501650319323,-4.151907839608931,-29.53850208452191,7.203516181012564,18.539859869778155,11.22407359264791,706.9636160039902,702.9056594613195,702.9068224775791,705.6090923883766,1.2279340202654954,1.3687499422078933,1.1999999999999997,0.4753984209846378,0.14057590720008412
weights_standard,weights,Weights standard,standard,84,live,8.637200842930351,0.18825727111931329,0.0013978741595668173,0.2375,0.004311673740639512,0.3175,0.6825,0.0,0.0,-5.451122842809011,-3.3813541067621458,-23.940834103884207,8.003869634916654,16.883769525811076,10.91817256002687,731.1949158272147,728.0854223691672,728.9644499019953,729.2798093247553,1.2472142065570702,1.3836126176751826,1.1999999999999997,0.44685600671361003,0.15282000958721534
weights_standard,weights,Weights standard,standard,85,live,8.51539455152244,0.19008498171419444,0.001407082667951462,0.2375,0.004367963471714861,0.2825,0.7175,0.0,0.0,-6.712935451791761,-4.470992257219496,-23.75058223033485,3.5218556226249316,16.063148226588964,10.275799988359212,744.5964359484612,740.775216896534,743.7590349976718,743.4557029515505,1.2064447214047447,1.3836396141237424,1.1999999999999997,0.4467025071056097,0.12076613798722186
weights_standard,weights,Weights standard,standard,86,live,8.223581217746855,0.19067386892861676,0.001398734730218207,0.2475,0.004344619375841574,0.3125,0.6875,0.0,0.0,-7.039513812224989,-4.480912749660817,-31.80210453398224,6.768918282547621,16.949123317971825,10.934883883967995,762.8422713329643,757.4075298714638,761.6141741981357,760.6781358933449,1.2118721950419502,1.3794480531761324,1.1999999999999997,0.4403230343388202,0.1262653836619886
weights_standard,weights,Weights standard,standard,87,live,8.383073407250242,0.19196492234303353,0.0014649001664893296,0.25,0.004332201775336566,0.275,0.725,0.0,0.0,-9.073766172214901,-5.996537208121765,-28.205456453918963,4.226344526744251,18.942025324702264,11.336109980940819,777.5501689618826,769.6272227609157,776.2995203000307,773.8048785769939,1.2275323730769312,1.3939747225396304,1.1999999999999997,0.44584114427170474,0.10655522531204234
weights_standard,weights,Weights standard,standard,88,live,7.957905849341388,0.19131586944113915,0.0014180442949073507,0.2425,0.004382091383449552,0.315,0.685,0.0,0.0,-4.033314613700258,-4.908869172824133,-22.492587538434442,5.968017807017186,14.440244318246842,9.53351375490427,796.4480171060562,794.356052428484,793.8605634409189,795.1886997261644,1.2247728811486471,1.3896862413171645,1.1999999999999997,0.44202028158554696,0.12656709623941556
weights_standard,weights,Weights standard,standard,89,live,7.571909064823248,0.1910811705390978,0.0013766771649781984,0.2375,0.004417720409557691,0.275,0.725,0.0,0.0,-6.855170563566579,-5.514017160662906,-30.234411837421792,8.553372132847029,19.054535761214794,11.174890377894044,822.174724413082,818.3390486655012,819.4861929813773,818.9708584807813,1.2267844379025674,1.392323613984603,1.1999999999999997,0.4450403888381501,0.12410241027704663
weights_standard,weights,Weights standard,standard,90,live,8.463966437478641,0.18733040802267678,0.0013859536201940162,0.2425,0.004369913979158476,0.31,0.69,0.0,0.0,-5.410585785218778,-4.595053964944718,-29.52339714595555,6.759272602879788,18.53895900197327,12.575734822154045,816.9819270253181,815.6800801818817,816.1040288186073,815.4459305185079,1.217797842562334,1.3871707873897292,1.1999999999999997,0.4318582653997872,0.13896780716877358
weights_standard,weights,Weights standard,standard,91,live,7.357955869100793,0.19055099076726237,0.0014465412403947334,0.235,0.004460632448047308,0.24,0.76,0.0,0.0,-8.77913360962616,-7.001334548790652,-30.672396671008116,6.234438140662814,17.199434409476815,11.89610290877521,770.138458805941,768.3637948167324,774.6546091047675,770.7911561921239,1.19647876562007,1.3652219287391187,1.1999999999999997,0.4393430403678565,0.10849568038328294
weights_standard,weights,Weights standard,standard,92,live,8.54116040930973,0.18520420907402596,0.0013669467169069437,0.235,0.00425541902206272,0.265,0.735,0.0,0.0,-8.739492292018,-5.284215587993174,-31.056995789539542,5.460461288875255,15.148191908597946,10.330686373002827,763.013528226614,759.9361684775353,764.8831366372481,765.9040004282444,1.1839534497561002,1.3419416680520166,1.1999999999999997,0.42150422021622397,0.12463824298474291
weights_standard,weights,Weights standard,standard,93,live,9.130588470253004,0.18202226660941764,0.0013180472642533214,0.2325,0.0042153336828613915,0.3025,0.6975,0.0,0.0,-4.916716157288861,-3.902124892290402,-27.697084463336427,6.273144755891884,15.005702241957188,10.847381811738014,753.6558110195398,750.9530174437165,753.4827828043699,752.6362573873997,1.1917450333560506,1.3517778563002587,1.1999999999999997,0.432276727216925,0.147755875762953
weights_standard,weights,Weights standard,standard,94,live,7.884752395301502,0.1874598582390879,0.0013207438681122972,0.235,0.0043992149421737785,0.335,0.665,0.0,0.0,-5.784212500659487,-2.585815466218314,-25.65146798537953,8.75584284309336,16.50255490027368,11.603216733932495,724.0869250254333,720.4022137857229,723.946490457654,722.3053510308266,1.2206507502331678,1.35211765206138,1.1999999999999997,0.45184389715560486,0.164524589870692
weights_standard,weights,Weights standard,standard,95,live,7.445905115789628,0.19064871704956687,0.0013898721969607857,0.25,0.0044141217367736595,0.3375,0.6625,0.0,0.0,-6.153034573909033,-3.279389543889856,-27.70861512329569,7.07059045755209,17.89428850531578,11.939775868952275,684.7426334261894,683.0193940031528,683.6790927746893,684.4713128316403,1.229694084581853,1.3597662493636913,1.1999999999999997,0.46377195502592855,0.15396883045522206
weights_standard,weights,Weights standard,standard,96,live,9.662139388676106,0.1821466685272042,0.0014141701381590339,0.26,0.004149588334693567,0.3375,0.6625,0.0,0.0,-9.822816500773818,-3.2772758516268823,-29.070436848626194,6.269884810183866,17.33622366398573,9.794792448282243,662.4051963490248,663.8603419747949,664.8700740969181,665.9490813362598,1.230971617902766,1.3552906354922651,1.1999999999999997,0.46797621602035067,0.1473681905174429
weights_standard,weights,Weights standard,standard,97,live,8.023838223131827,0.189476030945097,0.001469659685600524,0.27,0.004294124648145183,0.265,0.735,0.0,0.0,-9.902633417217356,-4.913826827381271,-29.567066071570295,5.001652986923876,20.790578278899194,11.730593973845243,612.4271333795785,610.9486741542817,612.862102676183,612.1875698390603,1.23092369661864,1.3495322029921561,1.1999999999999997,0.4957684440880469,0.12095481992159601
weights_standard,weights,Weights standard,standard,98,live,8.313859715746622,0.18703620699778653,0.0014443543671912038,0.255,0.00417683771160148,0.33,0.67,0.0,0.0,-5.135109482481527,-2.965496757963507,-23.1130577305687,7.384570103928492,16.2179071585834,11.680953133106232,598.195586849004,595.0151353001595,597.2744374185801,597.12273465693,1.233599643226647,1.3174283203528605,1.1999999999999997,0.48246848119379016,0.15133175413402214
weights_standard,weights,Weights standard,standard,99,live,9.748491567383587,0.1782631920913775,0.0013700746701602268,0.2675,0.003984259486856419,0.3075,0.6925,0.0,0.0,-8.206298293895285,-3.4576912386670955,-22.123758883149865,6.151557864803386,19.324865634441377,13.236392789185047,587.7606733638048,588.2355268162489,589.8327324691414,590.389273930788,1.235720655869528,1.328117519519305,1.1999999999999997,0.4847113862526689,0.15393915084456847
weights_standard,weights,Weights standard,standard,100,live,9.610902582560847,0.17849673798739174,0.0014395503058513242,0.25,0.0040420030474528565,0.3075,0.6925,0.0,0.0,-8.436987896078474,-3.676077722148335,-32.60359515608393,4.658517289027135,19.582841265499592,12.983249644041061,524.7086935415864,525.3924289810658,525.4965934586525,528.2730361044407,1.1956047537129053,1.22954318873171,1.1999999999999997,0.4163693343928054,0.1375782786114347
weights_standard,weights,Weights standard,standard,101,live,9.864188120783028,0.17565681217938825,0.0014078942180835497,0.255,0.004001749494359087,0.385,0.615,0.0,0.0,-4.937247597540864,-2.1487103024019234,-27.488660070343208,7.280279787202105,19.49166017651558,14.329756346642972,510.9120960456133,506.93046198546887,508.26881939962504,509.11840855523945,1.1933252422506073,1.2067658752285275,1.1999999999999997,0.403851706952632,0.15309585929875408
weights_standard,weights,Weights standard,standard,102,live,10.101363863900945,0.1689069541350181,0.0013408425348712027,0.23,0.003704091852945296,0.34,0.66,0.0,0.0,-6.053567399600597,-3.8338114939374464,-27.54061164968771,10.713376517290158,22.2706920106709,11.633992810547351,537.9865434032679,537.0214910329878,533.0205568751693,532.8126403772831,1.1945796390033139,1.1503384421201786,1.1999999999999997,0.4461777033318195,0.14045517672434216
weights_standard,weights,Weights standard,standard,103,live,10.069283087714355,0.16857563124025168,0.0013465709374635745,0.2225,0.003670862945652551,0.3075,0.6925,0.0,0.0,-8.833699073353035,-2.9802762989054887,-28.79758684272592,7.2495969508911475,21.411978901028633,11.53512322664261,492.17047531843184,490.97422937572003,491.6043223339319,489.44559610307215,1.1831401272229727,1.133852061129736,1.1999999999999997,0.4613313040535909,0.1434837461188573
weights_standard,weights,Weights standard,standard,104,live,9.854598297443767,0.1694015126731299,0.0013542189432938579,0.2225,0.0036490065543859063,0.3025,0.6975,0.0,0.0,-16.144611714838007,-3.1436374119354014,-49.189556903682615,5.4676777680594135,27.2893415671587,11.665565154254436,436.81751325190066,438.40785577535627,438.617017955482,437.6407632958889,1.1710586174598776,1.120578369928191,1.1999999999999997,0.46429611436168644,0.12952880624659774
weights_standard,weights,Weights standard,standard,105,live,11.148651188131362,0.1613006083911833,0.0012792390917578857,0.205,0.003536675437739835,0.3075,0.6925,0.0,0.0,-10.308862700533318,-4.5680068427769385,-38.323343284953125,6.051710359980919,23.19068694204092,13.658427907675504,430.2598358955979,431.4959799933433,430.3102354747057,432.9889862777293,1.1811322703020946,1.1101162992199065,1.1999999999999997,0.4750303171880638,0.122554849194497
weights_standard,weights,Weights standard,standard,106,live,11.738598496652596,0.15623551321628315,0.00123136384497645,0.1875,0.003457237809574243,0.2175,0.7825,0.0,0.0,-14.44631135297248,-8.743848964008066,-43.929202084194955,6.112659393688196,24.361528841927647,14.713244090676307,396.68903372108934,399.5895124208182,401.3562205207348,404.50752246558665,1.1863906391696633,1.0992466580381852,1.1999999999999997,0.48193985185764376,0.09564336096919224
weights_standard,weights,Weights standard,standard,107,live,12.13429993498764,0.15202272190311236,0.0012521655540450114,0.13,0.0033484399391670947,0.305,0.695,0.0,0.0,-19.345812518666893,-8.601958590975073,-47.629458910023544,11.382597503258355,30.21364156976342,14.066268305033445,346.958065226078,345.13418348923324,347.68378065109255,350.7908599834144,1.214112175458695,1.2603074843159823,1.1999999999999997,0.5468091980377667,0.16875203189041837
weights_standard,weights,Weights standard,standard,108,live,12.955294498742271,0.14688208330882208,0.0011451475828954322,0.1025,0.00327751588822634,0.38,0.62,0.0,0.0,-2.1489073743122664,-2.66243037751389,-32.88383094174603,12.650728023139097,23.067124754674733,16.739969721222295,371.335099700056,365.1025464655459,363.02967824593185,365.040693464065,1.2155690268934705,1.273911241788457,1.1999999999999997,0.4393606745390633,0.1624356911301406
weights_standard,weights,Weights standard,standard,109,live,13.131470303261615,0.1480628828155447,0.0011682490367942106,0.1175,0.003277823398226963,0.4275,0.5725,0.0,0.0,-1.7381756453880208,-1.3207052732110185,-22.869286450674505,9.084101393264882,18.634650288876145,12.926278928588145,394.86147360879926,391.8971796783246,388.91852483397815,389.8917382520251,1.1970874903193118,1.2465969337894725,1.1999999999999997,0.3910531581868904,0.15338514775759732
weights_standard,weights,Weights standard,standard,110,live,12.620389516599957,0.15131218051177872,0.0012047680700856343,0.1425,0.0033075010445465956,0.37,0.63,0.0,0.0,-3.6806440873791995,-2.5195949799425676,-28.290171087098223,8.208667890591647,18.60478843939258,10.174666122198104,441.1230611621146,435.5038993865252,433.80930640131237,433.30931735366585,1.2144570317618721,1.2780831538983506,1.1999999999999997,0.40824980952688406,0.14156144764320644
weights_standard,weights,Weights standard,standard,111,live,12.250318489684828,0.15569789389549185,0.0012006771758818681,0.1875,0.0034325390151120085,0.41,0.59,0.0,0.0,-0.5516329442859077,-1.3447196306527296,-25.039461569352714,8.744990831015357,16.421503821164368,11.124109178632498,476.8050384885818,470.6821108672768,470.1792677570879,467.81114433169364,1.2236931549888468,1.2743851726636608,1.1999999999999997,0.3644039224770191,0.16240523546543617
weights_standard,weights,Weights standard,standard,112,live,12.149716641503955,0.15674164116823633,0.0012528752652528905,0.19,0.0035124514477869496,0.3925,0.6075,0.0,0.0,-5.23559920382807,-1.879227776123443,-27.25866283122764,6.90661904456797,17.49571720123291,11.401770737320184,514.1688438564539,509.86910078823564,511.66165504619477,510.65093792855737,1.2052030415958654,1.2742281571253662,1.1999999999999997,0.41256466624156213,0.1515088785366176
weights_standard,weights,Weights standard,standard,113,live,11.689956408984385,0.15887833078449973,0.0012645415081948168,0.1875,0.003541136467524513,0.38,0.62,0.0,0.0,-1.953349379032797,-1.7552762072661636,-15.719681705650714,7.182267428513047,14.0290342079103,11.199432298541069,551.85573480919,551.7813589665294,550.9788276655972,550.8985520161689,1.219269753136973,1.2604860216201272,1.1999999999999997,0.3974207313060048,0.1620238619187186
weights_standard,weights,Weights standard,standard,114,live,11.246138983622819,0.1624033200468413,0.0012783287126762336,0.205,0.0035935881275359766,0.32,0.68,0.0,0.0,-4.733982765575242,-3.3657609044418138,-19.044733684388437,5.1194420008109285,20.063654329925775,14.065930266827344,591.9012382526696,591.9240615266561,590.5964197863639,590.6911266869306,1.1994765949667134,1.243605877341402,1.1999999999999997,0.4564491853628931,0.1490988727117609
weights_standard,weights,Weights standard,standard,115,live,11.03636707869393,0.16537703303188142,0.0012831918298432537,0.2375,0.0036316415278385295,0.39,0.61,0.0,0.0,-3.4352929424772607,-1.346116503548103,-26.7458264643519,8.662927209919111,15.406123874485493,10.213189671486615,636.7758076420427,634.927689217925,633.9758959034085,634.2023622186482,1.18965828310625,1.2611232006202175,1.1999999999999997,0.4957727166431429,0.20138645043186146
weights_standard,weights,Weights standard,standard,116,live,10.683782854076348,0.16642237466926954,0.0013263552804458512,0.225,0.0036805621123798633,0.3025,0.6975,0.0,0.0,-6.354229200057875,-3.26546431243392,-22.092454286340462,5.1237040871057955,16.570311797261237,10.175935480594635,672.2507617145777,671.5196413493156,671.4459471303225,672.2311859542132,1.2197836220769094,1.3314062336295933,1.1999999999999997,0.5427855085089718,0.14823272983139923
weights_standard,weights,Weights standard,standard,117,live,10.511291222772865,0.17043946158246456,0.0013302931002603696,0.23,0.0037083556275492023,0.295,0.705,0.0,0.0,-5.486396637196501,-3.2108961792937727,-21.219385187247823,4.798592842259589,14.85671527972445,9.71729478418827,707.2638387059234,705.2885716468096,706.2352130845189,707.0005368551612,1.2161405181163383,1.314857054570261,1.1999999999999997,0.5117035875694592,0.15516807077225198
weights_standard,weights,Weights standard,standard,118,live,10.032321043878936,0.17198836326608805,0.0013496429996231395,0.2325,0.0037637425429952365,0.295,0.705,0.0,0.0,-8.654376467205715,-2.6618453732980214,-23.942192613969198,4.140746578705785,16.782129254490137,8.981840772517025,749.5313408494741,745.3948023580759,748.8100582063198,747.8115917598084,1.2245275041677741,1.327674306325084,1.1999999999999997,0.5365618984085947,0.14319845816005247
weights_standard,weights,Weights standard,standard,119,live,10.422893197412348,0.1698611455191016,0.0013759929792492337,0.24,0.0037381441831392625,0.265,0.735,0.0,0.0,-4.58826952204311,-3.6270612495383574,-21.359575519850114,4.21594419013829,15.318149720802904,10.801112290918827,794.6950400784611,790.9493218743056,792.9045834615827,792.8700492948294,1.228123889389962,1.3413758469048807,1.1999999999999997,0.5421277823968794,0.13596444357236184
weights_standard,weights,Weights standard,standard,120,live,9.894561413246276,0.1750938145801206,0.0014118254989382403,0.2475,0.0038779009968896655,0.26,0.74,0.0,0.0,-12.212539757123132,-4.702576381948006,-25.67663064874632,4.140687224895686,20.449855528473854,10.162158578545787,815.1017998898029,808.7836578470468,814.4897686438635,813.2318716231966,1.212912438543832,1.3295776312976095,1.1999999999999997,0.561127035866149,0.12950164130238304
weights_standard,weights,Weights standard,standard,121,live,10.115650433216445,0.1743470947961901,0.0014054002186414966,0.245,0.0038360984173644763,0.3075,0.6925,0.0,0.0,-3.8205332528217815,-3.456940783167255,-22.992657489265817,5.543536766704182,16.73540669322014,11.999373438581824,863.2155898931622,859.4599222174287,861.5623635288327,859.2709858173132,1.2025037679489015,1.335535139016654,1.1999999999999997,0.534490667669385,0.15071622303354532
weights_standard,weights,Weights standard,standard,122,live,9.883136801356759,0.1756968557453969,0.0014171321433127937,0.255,0.0038935098029196664,0.2775,0.7225,0.0,0.0,-4.105925773636312,-3.904715019103378,-17.85921227720201,4.834064976992941,12.593509305566549,9.24414754314348,899.8447348153591,899.6824894596637,901.3456470942497,899.6813370950706,1.2242525128324748,1.3515217034909965,1.1999999999999997,0.5638060390115684,0.13766380098146933
weights_standard,weights,Weights standard,standard,123,live,10.20230570552056,0.17641150761506152,0.0014176114156912968,0.255,0.003893671613936116,0.315,0.685,0.0,0.0,-3.83417436757106,-2.6589002987651043,-18.43672331862353,5.3624855895951455,15.573730819411576,11.608373419940472,936.4005383487046,934.2486864721402,935.8868132391572,934.4865013474226,1.2512133367198996,1.3618225481238426,1.1999999999999997,0.5681735586946602,0.15940874754657508
weights_standard,weights,Weights standard,standard,124,live,9.919199415824663,0.17473854231297822,0.0014407853789684102,0.25,0.003949361755721171,0.325,0.675,0.0,0.0,-3.76340904042051,-2.8917454165834187,-15.967482075756102,5.332576843209236,11.182015620842575,7.945030248463154,969.9643565568327,969.8063562548906,970.3954294738173,970.4164195477963,1.216555176912191,1.3751630652834417,1.1999999999999997,0.5493596315628001,0.16254723681681094
weights_standard,weights,Weights standard,standard,125,live,9.73262696147809,0.1764840393481817,0.0014618842418889744,0.2575,0.004071361653646795,0.3175,0.6825,0.0,0.0,-0.6099855892958407,-2.6983025292723255,-17.434320625300277,4.945997933314398,17.460742285549642,9.34532401094213,998.5587534719706,1001.5058936145901,992.7915898171813,992.2515898504666,1.2190400263660428,1.3797802691614727,1.1999999999999997,0.5559828689394571,0.18679329972295164
weights_standard,weights,Weights standard,standard,126,live,9.098658523763806,0.17663965104019147,0.0014866052200852298,0.2525,0.004100344376714851,0.315,0.685,0.0,0.0,-3.716395248581112,-3.0593899933700293,-15.237788413311772,6.7650756753085215,14.780391641259193,8.771948222741484,1023.492614327073,1023.949138302803,1020.857362895906,1021.9910066045076,1.237867004672345,1.3954181710690126,1.1999999999999997,0.5320104974741798,0.19529501285805517
weights_standard,weights,Weights standard,standard,127,live,9.298366929085665,0.1777243019388241,0.0014635208936039951,0.25,0.004090753568113123,0.4025,0.5975,0.0,0.0,-5.680979764707318,-2.5005958074371506,-16.47251508422332,7.520420950377522,15.900968370437623,8.740022906214,1069.481615164876,1065.0747208625078,1066.019600611329,1065.5677091948687,1.2614950668546703,1.4095417916949122,1.1999999999999997,0.5660661017622032,0.24439485532299904
weights_standard,weights,Weights standard,standard,128,live,7.598887591840528,0.18367210351317284,0.0014891883731956268,0.2475,0.004202845628498093,0.4,0.6,0.0,0.0,-3.9327708358409934,-1.5255777260850607,-17.692803095382168,8.853828133706571,15.689257590174675,10.374888046383857,1096.3883980053663,1094.7876775407792,1094.1235317212343,1094.281437110901,1.2244555552510128,1.3895594228669221,1.1999999999999997,0.5309371160608483,0.23181602017654093
weights_standard,weights,Weights standard,standard,129,live,7.166406088714409,0.1897805324510502,0.0015703639395465085,0.2575,0.004311005063519741,0.3575,0.6425,0.0,0.0,-7.636696800733613,-2.4698727433594456,-21.650185369071277,4.981800744730119,16.577349899858238,11.341668615490198,1095.4115012840928,1092.159990054965,1097.2706954547764,1095.094227735549,1.22112431442422,1.3830370672041226,1.1999999999999997,0.5257279917021982,0.1960629693278402
weights_standard,weights,Weights standard,standard,130,live,8.924728098605497,0.1823635029039223,0.0015156920057179271,0.25,0.004228653338998435,0.3375,0.6625,0.0,0.0,-2.242978562703089,-2.2966134419300914,-16.297456301169493,6.516974782116181,12.731189090022816,9.412811449468135,1147.2492397725582,1146.0302552437688,1146.1265293231606,1144.992819468379,1.2376166128821053,1.407716422731863,1.1999999999999997,0.5368839394878313,0.19909611628528
weights_standard,weights,Weights standard,standard,131,live,7.743766600089536,0.1862007071536233,0.0015258445834283052,0.25,0.004298935432776755,0.35,0.65,0.0,0.0,-1.1489249615533639,-2.6458264963473255,-17.10195129703934,10.249083415346195,12.793622236177326,11.346743588298558,1180.667745210752,1180.6270465227963,1180.5624927468598,1180.126776482463,1.2465520054495396,1.4141413449853382,1.1999999999999997,0.5274612676190717,0.18283807383985662
weights_standard,weights,Weights standard,standard,132,live,7.8715290574820385,0.1884675779603564,0.0015498833908098458,0.2575,0.004332175709701141,0.425,0.575,0.0,0.0,-0.6353307463715597,-1.1415556841330385,-13.397829784077384,7.634854257030427,14.74329142794013,11.873223922401667,1203.8628479248284,1205.1086546196043,1201.5811505794525,1202.912349791378,1.2157776946184895,1.3618212034462116,1.1999999999999997,0.542645576028821,0.23654191010613113
weights_standard,weights,Weights standard,standard,133,live,8.772642035282345,0.18202527259131884,0.0015527679823968482,0.2475,0.004220309069188262,0.2775,0.7225,0.0,0.0,-4.696400287089222,-3.318400006040937,-20.368969274047952,5.469809463470465,13.53395379975438,9.896490827202797,1219.9991420009733,1220.5023647220432,1220.3309835270047,1222.2787283107639,1.2168795337190559,1.37646332745833,1.1999999999999997,0.5321263298373647,0.17467029144994314
weights_standard,weights,Weights standard,standard,134,live,7.729211795717211,0.18414818179609294,0.0015909251211993498,0.24,0.004291337276387839,0.3075,0.6925,0.0,0.0,-5.894583902272971,-3.071704426635236,-19.61787180170786,9.015846674652083,16.631108583658932,9.541804297119379,1213.9252114148437,1213.3033685728908,1212.4627891372145,1212.3639599463343,1.253299160923289,1.3912452199470904,1.1999999999999997,0.5722747846706756,0.19434222885781072
weights_standard,weights,Weights standard,standard,135,live,8.194347083365392,0.18338467229031835,0.0016094319348041975,0.24,0.004252490098495741,0.3025,0.6975,0.0,0.0,-3.848082029345046,-3.2247051658627583,-15.202322472001557,6.145770154017516,13.893800532966852,9.889135608673095,1215.380068833083,1213.9468097347021,1214.0437911599874,1214.9591241925955,1.2336824616242135,1.3951029683224276,1.1999999999999997,0.5466404178572012,0.17971169807564574
weights_standard,weights,Weights standard,standard,136,live,8.039044012293987,0.18279980496614698,0.0016279199111384319,0.2375,0.0042926840217667244,0.3675,0.6325,0.0,0.0,-1.9956170400787139,-2.082208602784192,-15.003732941840825,8.41416488646631,13.82810205310583,11.38856546998024,1215.5657534158229,1213.2690689256788,1214.506431171894,1213.4310074150562,1.230221382928027,1.393984691249909,1.1999999999999997,0.5436615036698543,0.21010000371790533
weights_standard,weights,Weights standard,standard,137,live,7.365185317875762,0.18904041676743483,0.001567350163879223,0.23,0.004284644773570827,0.3175,0.6825,0.0,0.0,-5.758873511339244,-2.71180329256984,-22.093446625817975,5.133360152654433,16.4895588606596,12.169563721418381,1213.0118214398622,1212.4509461987018,1213.3655176597833,1214.9636244744063,1.1995134872764783,1.364079157885232,1.1999999999999997,0.5290353287804465,0.1428349678122834
weights_standard,weights,Weights standard,standard,138,live,8.05212806866912,0.1866456432562621,0.0015440023275501635,0.245,0.004287409344914245,0.27,0.73,0.0,0.0,-6.0894280724017325,-4.8345861843361035,-21.10855040836186,4.483169690178158,13.171591097712517,9.565576588064433,1217.7995978301763,1218.053516176939,1219.3330995053052,1221.4767695622147,1.1748301407269748,1.366633615312872,1.1999999999999997,0.525344971479121,0.1583400266204734
weights_standard,weights,Weights standard,standard,139,live,8.475963732327232,0.18263591765084405,0.001561522816309842,0.2225,0.004299989432802218,0.29,0.71,0.0,0.0,-3.201945787761318,-3.28732160556649,-18.249386239277147,4.134879772787583,12.631317025721073,10.90504911504686,1224.09335783422,1223.0524782553316,1224.531289721951,1225.5550882679224,1.186609472759095,1.3778029361039947,1.1999999999999997,0.5370601152603691,0.1569352152737606
weights_standard,weights,Weights standard,standard,140,live,7.792357198259873,0.184833899661833,0.0015962756510329735,0.23,0.004333027805282312,0.2925,0.7075,0.0,0.0,-6.506707559512643,-3.21777837884321,-24.152082781885653,4.318740892365072,13.338722773045301,9.548573119938373,1218.4235126897693,1214.6976259161531,1219.0843571063876,1219.4600674176215,1.1854536208198818,1.376839569101515,1.1999999999999997,0.5317690126786647,0.17117955319617778
weights_standard,weights,Weights standard,standard,141,live,8.271523811561924,0.1838790707830684,0.0015370301491950992,0.2325,0.004261520607241801,0.2725,0.7275,0.0,0.0,-6.1600458000756975,-4.232278438741673,-19.673841634880226,3.840813769955294,14.201187829077243,10.276106168925763,1234.1818836030363,1230.8105482268334,1235.5642632263898,1233.88810813576,1.1851428141298321,1.3714320094634422,1.1999999999999997,0.5215919729452732,0.15479753148115097
weights_standard,weights,Weights standard,standard,142,live,8.863588866426541,0.18146932598200233,0.0015183335908117445,0.235,0.004240308601086485,0.27,0.73,0.0,0.0,-6.522998390349378,-4.750524350751903,-23.526509281774995,3.7219486582519625,13.15310665115714,10.531089812926949,1236.125504413992,1237.2284064495564,1239.2599261804298,1241.8853655111789,1.1845560577405256,1.3607151782520321,1.1999999999999997,0.5244589570248731,0.14681086164022983
weights_standard,weights,Weights standard,standard,143,live,8.278074185040339,0.18018958367573426,0.0015354634739712487,0.235,0.004320320127754351,0.3425,0.6575,0.0,0.0,-4.271807063161592,-2.448421673620686,-20.74832761913976,5.207440976310093,15.380991862937808,12.370838864296674,1239.6953481090814,1238.9371610045432,1240.216652354151,1240.9314344233273,1.1862559501098588,1.3752357763073946,1.1999999999999997,0.5119566830997212,0.2087936832675933
weights_standard,weights,Weights standard,standard,144,live,8.796236177924493,0.17974833528606077,0.001512621565835844,0.2225,0.00423391909852402,0.32,0.68,0.0,0.0,-5.017332288631704,-2.6980940568213896,-21.995220836617406,3.762360641073353,13.555446883440018,9.974430837631225,1254.444290407896,1250.5448150873185,1254.5147180974484,1253.3369634473324,1.1969239808466199,1.3653004995290996,1.1999999999999997,0.5312927101716179,0.1731985958262202
weights_standard,weights,Weights standard,standard,145,live,9.215081095505306,0.1784016223312456,0.001497546875624505,0.2225,0.004238567285042975,0.3125,0.6875,0.0,0.0,-6.591424820099995,-3.441772977604174,-23.66815679478359,3.837685057552979,14.152479261308908,10.956517052650451,1251.878126257807,1252.7105660772324,1254.9278792953492,1256.4423448324203,1.1804282518647304,1.3573838978618824,1.1999999999999997,0.521295953079904,0.17581047558264312
weights_standard,weights,Weights standard,standard,146,live,8.890514746135821,0.17934039582655523,0.0014853035801448192,0.2575,0.004238193484767964,0.335,0.665,0.0,0.0,-6.58677829596566,-2.5566825678190384,-23.116544489777286,4.511765952924962,13.323535919636488,8.978692715652286,1260.1588614231348,1257.8381941233574,1261.204605885148,1261.2682393060998,1.1599133644254385,1.351312034588981,1.1999999999999997,0.5033378161459792,0.18894388574874948
weights_standard,weights,Weights standard,standard,147,live,8.69114782716323,0.17979128361379149,0.0014920694678102475,0.245,0.004201313233891674,0.285,0.715,0.0,0.0,-6.603362065245906,-3.9402176037172776,-23.966274641647214,4.305181588233584,12.522626155614853,8.773163777738809,1262.8697414076328,1260.1793347668647,1264.4364415301382,1264.311862950623,1.1813511976541091,1.3464940703356332,1.1999999999999997,0.49939281831220866,0.15573906522496217
weights_standard,weights,Weights standard,standard,148,live,9.010461837847872,0.1803161425387143,0.00146216514084621,0.2475,0.004239381942181234,0.3125,0.6875,0.0,0.0,-6.316500862732519,-3.9337083758869937,-21.873222523137972,4.651626656629552,13.107644094601273,9.402941958382726,1261.252451513782,1257.9756364959478,1262.9290351768584,1261.513439887911,1.1876786363946001,1.340888410016058,1.1999999999999997,0.5114898223899668,0.16010204281885063
weights_standard,weights,Weights standard,standard,149,live,9.157051824740517,0.17650679211531192,0.001460854139874679,0.23,0.004255379729138982,0.34,0.66,0.0,0.0,-6.093056680721697,-2.2297939328232133,-22.220188128080824,5.321139261655131,13.8671131169796,9.103508622646332,1265.2011802488566,1265.0603668254614,1266.5789321488141,1266.3341179174186,1.1586184867282725,1.3603567472847546,1.1999999999999997,0.4978720093850288,0.19879558410097956
weights_standard,weights,Weights standard,standard,150,live,7.841033775582994,0.17893946979779954,0.001531323929591047,0.2275,0.004244862048304752,0.3725,0.6275,0.0,0.0,-4.868898355517393,-2.653607925767119,-21.27912747902237,8.160114326370907,14.264091183841229,9.69435042321682,1249.5591321414709,1249.2638077369331,1250.047601415515,1249.3658966314792,1.1874804523059106,1.3834737511213564,1.1999999999999997,0.5169870247878351,0.20319171346848106
weights_standard,weights,Weights standard,standard,151,live,8.789238604136427,0.17724463841939936,0.0014664512090581006,0.2225,0.0042042695134493924,0.315,0.685,0.0,0.0,-5.160558761109581,-3.836822358396148,-23.813383196691472,5.630063118869405,14.18468805849552,10.129818882793188,1264.4989722794294,1264.59553388834,1266.1361658301948,1265.1619592539967,1.2246966909087897,1.4099840446170133,1.1999999999999997,0.47365883001034204,0.15251994617191747
weights_standard,weights,Weights standard,standard,152,live,7.299217748884108,0.18582462484505932,0.0014680223817140885,0.2475,0.004360414286529054,0.3275,0.6725,0.0,0.0,-3.5561100335912736,-2.758495298116088,-16.901484524985925,7.238105629953261,12.363522510528565,7.565673052966595,1262.351188453436,1261.72997015357,1260.7111766010523,1260.8792069658637,1.2717336266626287,1.4200469251846641,1.1999999999999997,0.4666320637927052,0.16374776780332007
weights_standard,weights,Weights standard,standard,153,live,8.907384696980776,0.17788701292625755,0.0014152087310829635,0.2325,0.004238605098745614,0.3625,0.6375,0.0,0.0,-4.444085483521156,-2.4276722974914833,-25.5914421909132,15.077288149878223,15.611134933829307,9.770668192952872,1288.153237876296,1284.7455405843257,1285.5601022845506,1284.539485387057,1.2822625167988275,1.4228495732070348,1.1999999999999997,0.46810109735156386,0.19517366723644358
weights_standard,weights,Weights standard,standard,154,live,8.19867208864502,0.17725333358252374,0.0014874087868283312,0.2325,0.004258889816053497,0.365,0.635,0.0,0.0,-2.0278923141764165,-2.5118180903427003,-20.30998644505462,8.362378297300769,14.428969501405954,12.311801363229751,1278.5954440832138,1275.2150617684424,1277.7718862727284,1275.853386913836,1.2554296736765573,1.414359625490132,1.1999999999999997,0.4663070539494447,0.1879443927160989
weights_standard,weights,Weights standard,standard,155,live,9.592548760131338,0.1718071688992408,0.001431975948244724,0.2175,0.004118761540766541,0.2975,0.7025,0.0,0.0,-6.283073253346006,-3.5019136435109033,-23.316517660661884,4.7554128310843105,12.86140577107668,7.376732544153929,1296.5745881766081,1294.2696732899547,1296.4521548654138,1295.9808356973529,1.2230449110478059,1.4166057467756283,1.1999999999999997,0.482818986004799,0.15655656060469267
weights_standard,weights,Weights standard,standard,156,live,9.32300388392721,0.17468658931098296,0.0014714820901180455,0.2225,0.00418984840932586,0.3525,0.6475,0.0,0.0,-2.343624426445014,-2.265296876622486,-20.546257814960406,7.369458034685364,14.562897715866566,11.064305727742612,1285.8362382915616,1285.4984156560897,1284.6614146950842,1284.3565312981978,1.2274544277089796,1.3605399674809007,1.1999999999999997,0.46074293170538927,0.18814642666628692
weights_standard,weights,Weights standard,standard,157,live,9.74242436263361,0.17432705290196313,0.0014036189285873168,0.22,0.004152069218801594,0.2975,0.7025,0.0,0.0,-8.618648622617329,-3.7072691715944,-23.79321650132983,4.760671012490005,20.742431783378123,9.993162597715855,1290.81146751225,1298.6730989137293,1291.5907564499973,1293.6256245416403,1.2287304930490648,1.3575439088358427,1.1999999999999997,0.4381111045868939,0.1491016228336321
weights_standard,weights,Weights standard,standard,158,live,9.307387071433432,0.17614534773709933,0.0014676407229000815,0.22,0.004145875296076087,0.4175,0.5825,0.0,0.0,-5.538711404870074,-2.098839675571753,-29.363032271300742,8.712707701854157,18.163526122272014,10.470223440639675,1272.8357116594912,1269.97899635911,1268.9872793273628,1269.5158040044084,1.1439080717621117,1.1533945586074585,1.1999999999999997,0.3250715432596354,0.19602670693861732
weights_standard,weights,Weights standard,standard,159,live,9.838927231644629,0.17323650983097547,0.0014007412650551393,0.24,0.0041422631743681165,0.5275,0.4725,0.0,0.0,-3.3185873938094397,0.5636460956098119,-20.811018218982362,9.792135668210634,14.516154098212718,10.052573724985123,1283.2466885313393,1281.5822780263425,1281.035414888859,1281.5018541562558,1.159556661214808,1.1574327644175426,1.1999999999999997,0.30798450076451794,0.20540649190195914
weights_standard,weights,Weights standard,standard,160,live,9.461896690407578,0.17381355816293872,0.001411733032417708,0.2375,0.004084945759692225,0.59,0.41,0.0,0.0,-1.5453717133570433,0.9981619019430745,-13.899713694754562,10.516523088548936,15.820630003511905,11.155278539508581,1269.2414312848448,1268.0775449204446,1265.148310559541,1265.9288578277826,1.1545710712109363,1.1610090309752699,1.1999999999999997,0.32369867081242537,0.2293536976181454
weights_standard,weights,Weights standard,standard,161,live,9.419319258590935,0.17464979125390484,0.0014026726658920385,0.22,0.0041392093499004225,0.3925,0.6075,0.0,0.0,-4.811806648799578,-1.1156421503153808,-20.669700245933324,8.556551987343205,16.914856933094562,11.677058737911285,1252.4161229774356,1256.8057425099985,1252.977209329605,1255.389585915245,1.1887519589065805,1.2441877274219206,1.1999999999999997,0.3279415722696092,0.16135525108750307
weights_standard,weights,Weights standard,standard,162,live,9.609482419513922,0.17699823021418482,0.0013867203163327186,0.24,0.0041376904267518225,0.4425,0.5575,0.0,0.0,-0.3928656234697464,-1.107701540859523,-29.749790673249386,22.835496404377015,14.684277226030826,11.025382945239544,1263.6295692123472,1261.6396111898125,1260.1674878680706,1258.5635002240538,1.2524470639083791,1.3870393997654304,1.1999999999999997,0.44320364764806447,0.1963793219146853
weights_standard,weights,Weights standard,standard,163,live,9.799034905834224,0.17348953284689528,0.001426377932425672,0.2225,0.004095138956185435,0.3825,0.6175,0.0,0.0,-9.711430664499241,-1.612171599888498,-43.928297126506116,4.417753207224465,15.619191435724497,12.182187131643296,1240.7372266550362,1234.5594704514742,1244.6887057054043,1243.1546972060203,1.1748886961299256,1.169427314845446,1.1999999999999997,0.2308783874101452,0.11530031388824558
weights_standard,weights,Weights standard,standard,164,live,9.940197734557056,0.1725290458183516,0.0014337822827178083,0.2325,0.00404960397985009,0.445,0.555,0.0,0.0,-1.5717369139900026,-0.3909017068216656,-17.990490207852872,9.581419898762293,18.164209083914756,14.30270273193717,1224.0126354056597,1222.3776611220837,1219.7155332720279,1222.0930505384504,1.2015960195746909,1.2034954793766006,1.1999999999999997,0.26699343128298936,0.13568993670260335
weights_standard,weights,Weights standard,standard,165,live,8.432959470572412,0.18072921017176452,0.0015257075749135595,0.2425,0.004129559177765421,0.445,0.555,0.0,0.0,-3.645659592708983,-0.5894804032315051,-21.354149523444082,10.69180704321384,16.76451642990112,12.782286817729473,1167.4491204223036,1167.0525631031394,1166.3249908691644,1167.5015132859348,1.1860031714605919,1.191162002388963,1.1999999999999997,0.24574385766955464,0.12534445571409072
weights_standard,weights,Weights standard,standard,166,live,9.65440826109935,0.17360296189644678,0.0014977795116557925,0.225,0.004054405597549758,0.5,0.5,0.0,0.0,-0.29855957569904407,0.023704551509894145,-15.674672150341571,10.374709901936903,17.366538862586022,13.300515148043633,1181.1350923484563,1178.8673679757119,1177.4310717141627,1175.0342297440768,1.1996396220696708,1.2051092483476498,1.1999999999999997,0.29501207835783666,0.1585724381753601
weights_standard,weights,Weights standard,standard,167,live,8.671791221008945,0.18015269632573205,0.0015191621186051447,0.2425,0.004106731485284387,0.4225,0.5775,0.0,0.0,-3.9102795310341283,-0.8364090968872517,-23.290978015523248,5.206648483868759,20.430795448422433,17.78778134226799,1151.7914229524135,1144.271273353696,1151.710014578104,1146.8852162194253,1.172361950865087,1.1590446164525026,1.1999999999999997,0.23608694997192287,0.12158023618949297
weights_standard,weights,Weights standard,standard,168,live,9.50921525602616,0.17551428071739195,0.001495878691715902,0.2375,0.003997041576615976,0.4775,0.5225,0.0,0.0,-2.640266267125098,-0.3407447729134674,-26.359303545693272,7.767753823265506,17.115013903826476,14.33450230151415,1146.0224043768644,1143.3703531290591,1144.2880591073633,1144.8222150814534,1.17507614363537,1.1672861217632808,1.1999999999999997,0.24069262048613219,0.12762156117597848
weights_standard,weights,Weights standard,standard,169,live,8.938517403054023,0.17955676195237794,0.0014809401718931486,0.235,0.0040381758631780895,0.3825,0.6175,0.0,0.0,-2.915145995407339,-1.3432943376200939,-22.575988597818014,7.148463865569976,18.598718034923078,15.16190857976675,1127.4952574452757,1125.527552226186,1126.4885613968968,1125.4882786428927,1.1940689998036336,1.178655228876629,1.1999999999999997,0.2385393347081179,0.09241997928301092
weights_standard,weights,Weights standard,standard,170,live,9.475664538277266,0.17513221956370778,0.00149849390529556,0.24,0.0039780460483918815,0.36,0.64,0.0,0.0,-5.767214331179835,-1.9021224698025714,-33.88699211879493,6.603153018737796,24.347414207160472,13.862146783918142,1139.738711070344,1131.2036863204091,1129.7965549211203,1131.7027297869324,1.2483751315448544,1.3887967650338693,1.1999999999999997,0.4438112503608421,0.14439594067479902
weights_standard,weights,Weights standard,standard,171,live,9.347406430122136,0.1759793605972792,0.0015241045154376321,0.23,0.003997611195647053,0.34,0.66,0.0,0.0,-10.206453226506808,-1.9655480211315037,-45.51885104441849,6.112354333392622,23.55878716170788,12.941373656988144,1123.1272555792332,1117.6164851504564,1118.6656187933684,1121.2502536541224,1.2325593533146908,1.384733811794774,1.1999999999999997,0.40923462262724697,0.13065303441486026
weights_standard,weights,Weights standard,standard,172,live,8.638383403688568,0.17877252865275928,0.001467655955470204,0.2425,0.003995797778199975,0.2525,0.7475,0.0,0.0,-8.152823172738442,-3.491745607312737,-30.763485132063575,5.090450450275104,20.057440606355666,12.079810743033885,1132.5692651379109,1133.656356370449,1131.9932466468215,1134.5749553024768,1.2294151190760578,1.3546606570334938,1.1999999999999997,0.446191370218986,0.11174991026318595
weights_standard,weights,Weights standard,standard,173,live,8.93227574274552,0.17767637639825748,0.0014544817839111913,0.23,0.004025221977151284,0.355,0.645,0.0,0.0,-6.2242889814452464,-1.8568388147330346,-29.52666726100888,5.753953356004758,19.532937068119644,11.141260060966015,1135.333319964409,1132.8078268710524,1131.9996483927964,1131.8007751825453,1.2324584363375566,1.3741850058567704,1.1999999999999997,0.41875753347686157,0.14198359368428026
weights_standard,weights,Weights standard,standard,174,live,9.480836767774253,0.1764692101069697,0.001493587652854306,0.23,0.003997524728247112,0.3025,0.6975,0.0,0.0,-6.835006428482928,-2.0611614771512734,-31.455874539259185,4.65837987970527,18.797962303757668,12.41537740111351,1111.543108407855,1112.570079022646,1112.4205729961395,1112.59151589036,1.2229772572823647,1.3668449790229256,1.1999999999999997,0.40626865100588005,0.12108626404716424
weights_standard,weights,Weights standard,standard,175,live,10.36005681303821,0.1737837920288824,0.0014366147606682277,0.2425,0.003933236835752303,0.2975,0.7025,0.0,0.0,-5.824270145263165,-4.2439602309489,-29.12607544065886,7.377526493628079,17.475704101622103,11.528041704297065,1130.1499517008663,1131.874580422044,1130.6901145380734,1131.0784866082668,1.2145877618465506,1.291985500857158,1.1999999999999997,0.5232560799281495,0.16472831120420048
weights_standard,weights,Weights standard,standard,176,live,11.103188628584927,0.1712252815370225,0.001427853702027117,0.2425,0.003881040288236453,0.3475,0.6525,0.0,0.0,-5.836239257708669,-3.2964555599739924,-32.214977601870935,5.352078786827414,15.799520916342736,11.33742769241333,1135.1814826375246,1132.480746538639,1135.5249413132667,1134.8759264779092,1.1646061048635503,1.267667205518834,1.1999999999999997,0.5204990479679807,0.16814818964326522
weights_standard,weights,Weights standard,standard,177,live,11.774903957870592,0.16692819337334983,0.0013427019095527725,0.235,0.0037683546541667657,0.375,0.625,0.0,0.0,-5.720144220652347,-1.4320583629731942,-32.09844363100346,6.094383317086364,17.38120810598135,12.441673733778298,1175.4820187622308,1175.4440405276418,1175.6447669215129,1176.8363335195183,1.1799787218025686,1.3184729933909867,1.1999999999999997,0.43347364674551725,0.14977359665593867
weights_standard,weights,Weights standard,standard,178,live,10.351446552228163,0.17434602764688387,0.0014203371996452374,0.2425,0.0039210094497402715,0.3675,0.6325,0.0,0.0,-8.599275346532842,-1.8765951594873513,-40.48621672492081,7.135950560158514,19.59790263712406,11.831126387119292,1143.741694717109,1139.5612512424589,1142.7307705149055,1142.2312852367759,1.193918625799603,1.3294676297743484,1.1999999999999997,0.41899992889314647,0.1399094215702907
weights_standard,weights,Weights standard,standard,179,live,10.155006990256476,0.17073915262878092,0.0013564062287344393,0.2275,0.003906493435897031,0.415,0.585,0.0,0.0,-6.843189045431054,-0.5749419926862487,-35.52995790348813,7.06979912666648,21.14833280980587,13.348474776744842,1197.7819696259498,1189.8334834438563,1191.8845803946256,1193.811988438964,1.2096918897182014,1.3570936905445452,1.1999999999999997,0.40762220812057776,0.14927172941031686
weights_standard,weights,Weights standard,standard,180,live,10.154116657982874,0.17460984390704082,0.0014824520261224772,0.2425,0.004012903956679276,0.3925,0.6075,0.0,0.0,-6.727388001710729,-0.9139293261056594,-32.225134788499965,5.615587008183367,19.514502543359995,11.197615212621168,1154.177396107316,1147.497384893149,1150.2436726548988,1148.2465542922914,1.2368001469862095,1.3907703016725899,1.1999999999999997,0.410743213216143,0.16190082381208953
weights_standard,weights,Weights standard,standard,181,live,10.23216892138324,0.17527065323661095,0.0014641813657784069,0.2525,0.004091537749581099,0.4,0.6,0.0,0.0,-5.700780199471131,-1.0991615045560081,-33.90939323820666,10.51000534994926,19.86085234463215,13.713183255791664,1167.0767167526483,1160.1198305058479,1164.6931775152684,1161.6048980015516,1.2414618679337222,1.3861009976520458,1.1999999999999997,0.37329872961690064,0.14443009913403088
weights_standard,weights,Weights standard,standard,182,live,10.528242205689052,0.17478825692263128,0.0015013035471619163,0.2575,0.004052497694607396,0.465,0.535,0.0,0.0,-1.8051986709522019,-0.21096326248260766,-19.87971313988109,9.923613773401918,17.039945240020753,11.168462499789893,1167.238287615776,1161.546067328453,1160.116513659209,1160.5312061354145,1.2755355656381908,1.3828094888474791,1.1999999999999997,0.37218082198455876,0.17967311433793737
weights_standard,weights,Weights standard,standard,183,live,10.288631713755526,0.17734557932639142,0.0014790731165711547,0.255,0.0041010090707740135,0.4375,0.5625,0.0,0.0,-1.0023818937814533,-1.0440837314045908,-21.91972790411737,13.706303685556337,15.012360276095569,11.899900125861167,1181.091380870454,1180.5001143729687,1180.4373721849918,1176.9286927670241,1.2784846454730765,1.3979783000828365,1.1999999999999997,0.40435718282430344,0.16856765333429224
weights_standard,weights,Weights standard,standard,184,live,10.560118029350244,0.1778340969363862,0.0014611845796524774,0.2525,0.004091787131024626,0.4525,0.5475,0.0,0.0,-2.0296949304083607,-0.8618625275301497,-23.415870602083846,12.811519964448818,18.45544772190973,13.307205204516649,1191.89939219594,1189.6123026497849,1187.7615951797366,1187.5084312941135,1.2555364223268943,1.3636473459236003,1.1999999999999997,0.3906632709740758,0.17851683759099804
weights_standard,weights,Weights standard,standard,185,live,9.351459957498726,0.18668299461989923,0.0015297365399365936,0.2575,0.0042397120513672885,0.505,0.495,0.0,0.0,2.9836556655355815,0.06569701788998827,-20.656595834065588,21.117959480941835,15.985401127934455,12.09226491328329,1166.9585244846344,1166.062241217494,1159.2815970946103,1159.9812734973802,1.2651730058713029,1.3659710575375557,1.1999999999999997,0.38085134295560946,0.1890818405695442
weights_standard,weights,Weights standard,standard,186,live,9.821780581273902,0.18081697221511206,0.0015574591397210168,0.2525,0.004170917056566787,0.4025,0.5975,0.0,0.0,-4.229873913296173,-0.8791076810743164,-34.44668993643982,13.609574475112687,19.389455806016922,12.807258786857128,1167.974542428255,1170.2507738947868,1166.1382048633695,1167.3775365948677,1.2390514441082512,1.3707176347650476,1.1999999999999997,0.3782201347421723,0.1531977608410843
weights_standard,weights,Weights standard,standard,187,live,9.537443864914877,0.1840274464587779,0.0015860160919158172,0.2525,0.004288795915835484,0.4075,0.5925,0.0,0.0,-4.3486256303021715,-1.0954838280280228,-32.28582230962938,12.409122820497878,18.55565837956965,14.080413959026338,1164.129453823939,1167.3717204540967,1165.437436928749,1165.805443394184,1.2354903593772222,1.366777377491423,1.1999999999999997,0.38949261282243147,0.15827499867938685
weights_standard,weights,Weights standard,standard,188,live,9.235438027434677,0.18397623937320995,0.0016964286036139809,0.2525,0.00436100410566316,0.3775,0.6225,0.0,0.0,-4.0958938317339975,-1.8674006034305108,-34.201903590209625,11.4744503188123,16.35833867818117,12.03233807772398,1147.9721761769056,1151.4948885294796,1149.5249071136118,1149.4744105231762,1.2394216444452417,1.396463274602001,1.1999999999999997,0.45744162317057074,0.16551733618743433
weights_standard,weights,Weights standard,standard,189,live,9.894981540467535,0.18143174140878593,0.0016236572644277537,0.2675,0.004348454025879919,0.4425,0.5575,0.0,0.0,-2.977458469201406,-0.8976044849062248,-25.273829008498613,12.601135856641115,19.269996826052665,14.98865079343319,1163.7864103615284,1170.3144456893206,1165.0015656751393,1166.4866008102895,1.2397340752799926,1.3836948826451578,1.1999999999999997,0.41056609948747463,0.18860357858798815
weights_standard,weights,Weights standard,standard,190,live,8.662355104564602,0.1920304552187077,0.001606335748838473,0.255,0.004546568940703845,0.43,0.57,0.0,0.0,-3.7910555345980765,-1.3884599556186572,-28.504303695445195,11.489558004815263,16.046177298426628,10.85674077399075,1165.3053737148643,1170.0032459691167,1165.0855116924643,1167.4212365219742,1.2412585689204676,1.369322480928798,1.1999999999999997,0.4067230679603543,0.1735839714239318
weights_standard,weights,Weights standard,standard,191,live,8.284072560906658,0.19240999417907204,0.001591405607695761,0.27,0.004553208485302739,0.4425,0.5575,0.0,0.0,-2.0545243588657165,-1.1057471634457556,-24.921577293074186,11.304935083035891,15.812381513416767,11.30579676926136,1173.5962938448786,1172.5762644845247,1170.942574390769,1170.3213167083263,1.2365091543724984,1.3598953516016772,1.1999999999999997,0.39153798055455197,0.17367083122462035
weights_standard,weights,Weights standard,standard,192,live,9.322346799122492,0.18593668609504724,0.0015568684794303983,0.2575,0.004445438486384546,0.3375,0.6625,0.0,0.0,-4.549828446895108,-2.8239571490033484,-28.043793628958518,5.00935889656529,19.762213415279984,13.377521145343781,1184.9456531102956,1186.3356250285358,1183.15894993186,1184.446702977419,1.1970421545093952,1.3577480660064196,1.1999999999999997,0.4073834050383607,0.13588734205841985
weights_standard,weights,Weights standard,standard,193,live,8.506145191292532,0.18848725903066593,0.0015731380837761602,0.2475,0.0044919441838350525,0.3725,0.6275,0.0,0.0,-4.710000379450286,-1.9148581295978104,-34.34936483426147,7.101109083106774,17.919781011641025,11.645558564662933,1179.1143729817868,1184.8167910555005,1181.0739567625524,1179.7234796369075,1.2164218746186704,1.3699702429038916,1.1999999999999997,0.3943510282164607,0.14718088089721124
weights_standard,weights,Weights standard,standard,194,live,6.752183106845694,0.19177045850778687,0.0015829611514545788,0.255,0.004618646056033963,0.5125,0.4875,0.0,0.0,2.57111313480142,0.1607566429779297,-19.927705977793174,20.01193301828377,18.148491542488337,12.187952310740947,1180.7542401324213,1178.2119656836987,1171.3415103298425,1170.5598466089368,1.222084152537577,1.2537115785150874,1.1999999999999997,0.24749225835183544,0.15801908944312693
weights_standard,weights,Weights standard,standard,195,live,6.300738010864482,0.18479089375077817,0.0015360983101215403,0.24,0.004447541445354992,0.485,0.515,0.0,0.0,-2.9514175990787397,-0.2652762014111545,-23.450224048485413,11.84827302352797,20.31767665088177,12.569626114964485,1194.423332732916,1196.2435076087713,1190.7333724826574,1190.338048529625,1.2201885870897566,1.251964158435731,1.1999999999999997,0.2585435698134092,0.15166659138932864
weights_standard,weights,Weights standard,standard,196,live,7.72528517569448,0.17745275692597848,0.001635008009636494,0.2475,0.0042909859984832125,0.5175,0.4825,0.0,0.0,-5.8318830028682305,0.10312914179264965,-27.156285508438213,12.601850923443148,25.360755825042723,14.351170317530633,1186.2337790894508,1196.826287329197,1186.117589573264,1186.5816098570824,1.2708130996901739,1.411635201038814,1.1999999999999997,0.420160366542259,0.20114287218794125
weights_standard,weights,Weights standard,standard,197,live,7.923921137763832,0.17720367179463717,0.0016101132699034993,0.25,0.0042864741298926316,0.425,0.575,0.0,0.0,-7.735510565392915,-0.9962008140557259,-30.270353113683175,10.862523307291509,23.709424582123756,12.749659063518047,1213.5225311028958,1225.647267282605,1216.7098040312528,1216.004122030437,1.275246655407198,1.4648535741539173,1.1999999999999997,0.4746050658893404,0.19548422365191143
weights_standard,weights,Weights standard,standard,198,live,7.41385005638022,0.1810383630244334,0.0015922508634410848,0.26,0.0042620093724203435,0.4125,0.5875,0.0,0.0,-8.555527020962577,-1.3178462235519461,-31.691031710604236,8.17060450718127,23.529163428246974,11.453989308476448,1251.427684085369,1257.3903016009926,1250.8386605685948,1250.932898737192,1.2346400599852776,1.389297687482965,1.1999999999999997,0.48049306057748437,0.19049990051100946
weights_standard,weights,Weights standard,standard,199,live,7.342505954377438,0.17705858668957414,0.001498304924700829,0.2525,0.004095147141708102,0.4575,0.5425,0.0,0.0,-6.504473989736022,-0.5423179692958229,-21.938675515285286,5.461900795409629,18.895447601824998,10.771615291535854,1319.1063407613337,1323.7378745466472,1320.601044294834,1318.9962011709808,1.1874586584784879,1.3812452530121007,1.1999999999999997,0.5325987635584362,0.2199691980583264
weights_standard,weights,Weights standard,standard,200,live,7.795458571950101,0.17784634980402828,0.0015324108675218934,0.2575,0.003986039331188395,0.675,0.325,0.0,0.0,3.370902959576593,2.270130105598014,-5.081908303176368,6.291264959452839,11.667135629989208,5.384313881397247,1333.027618508935,1331.1428825905546,1324.4419777730106,1320.4156240394711,1.3490250359203286,1.3600828890672687,1.1999999999999997,0.5662057930157235,0.367417790159738
residual_mismatch,residual,Residual mismatch,mismatch,1,warm_start,-2.475463115745954,0.2927706401858373,0.0026223177021771865,0.4425,0.0064568867161870006,0.0,0.0,1.0,0.0,nan,nan,nan,nan,nan,nan,nan,nan,nan,nan,2.0787712713691518e-06,0.005259393468987643,0.0,0.005259393468987643,2.0787712713691518e-06
residual_mismatch,residual,Residual mismatch,mismatch,2,warm_start,7.874010893845127,0.18594178333833639,0.0015049683573207361,0.2525,0.004068056493997574,0.0,0.0,1.0,0.0,nan,nan,nan,nan,nan,nan,nan,nan,nan,nan,2.2713020646084725e-06,0.004236794231984217,0.0,0.004236794231984217,2.2713020646084725e-06
residual_mismatch,residual,Residual mismatch,mismatch,3,warm_start,7.984692406601336,0.18505932937001168,0.0014994051015581027,0.2525,0.004050181210041046,0.0,0.0,1.0,0.0,nan,nan,nan,nan,nan,nan,nan,nan,nan,nan,2.2250726567738705e-06,0.0042509312767258075,0.0,0.0042509312767258075,2.2250726567738705e-06
residual_mismatch,residual,Residual mismatch,mismatch,4,warm_start,8.105861238562058,0.1841020657455247,0.0014935434553698503,0.2525,0.004030853658914566,0.0,0.0,1.0,0.0,nan,nan,nan,nan,nan,nan,nan,nan,nan,nan,2.2739456645887434e-06,0.004263437865559192,0.0,0.004263437865559192,2.2739456645887434e-06
residual_mismatch,residual,Residual mismatch,mismatch,5,warm_start,8.225751087395833,0.18307175951326818,0.0014873750083868498,0.255,0.0040106275677680965,0.0,0.0,1.0,0.0,nan,nan,nan,nan,nan,nan,nan,nan,nan,nan,2.1875657711838807e-06,0.00427647837976737,0.0,0.00427647837976737,2.1875657711838807e-06
residual_mismatch,residual,Residual mismatch,mismatch,6,warm_start,8.349040538526186,0.18196550985806736,0.001480928696848447,0.25,0.003989091068506241,0.0,0.0,1.0,0.0,nan,nan,nan,nan,nan,nan,nan,nan,nan,nan,2.286098568184919e-06,0.004289013608583245,0.0,0.004289013608583245,2.286098568184919e-06
residual_mismatch,residual,Residual mismatch,mismatch,7,warm_start,8.48203890090931,0.18077219647381912,0.0014741684335295396,0.25,0.0039677004516124725,0.0,0.0,1.0,0.0,nan,nan,nan,nan,nan,nan,nan,nan,nan,nan,2.2672154825796747e-06,0.004295242447956272,0.0,0.004295242447956272,2.2672154825796747e-06
residual_mismatch,residual,Residual mismatch,mismatch,8,warm_start,8.646030864361617,0.17952055136780726,0.0014670556034361666,0.2525,0.003944434225559235,0.0,0.0,1.0,0.0,nan,nan,nan,nan,nan,nan,nan,nan,nan,nan,2.1917021075689315e-06,0.0042955656794570465,0.0,0.0042955656794570465,2.1917021075689315e-06
residual_mismatch,residual,Residual mismatch,mismatch,9,warm_start,8.806049896434699,0.17844642803999952,0.0014595874684215548,0.2475,0.0039189749956130985,0.0,0.0,1.0,0.0,nan,nan,nan,nan,nan,nan,nan,nan,nan,nan,2.2823629615334132e-06,0.004302512652004119,0.0,0.004302512652004119,2.2823629615334132e-06
residual_mismatch,residual,Residual mismatch,mismatch,10,warm_start,8.921949093624567,0.17753203477088633,0.0014515436935976767,0.2475,0.0038923461735248565,0.0,0.0,1.0,0.0,nan,nan,nan,nan,nan,nan,nan,nan,nan,nan,2.2658318913374263e-06,0.004315744812339845,0.0,0.004315744812339845,2.2658318913374263e-06
residual_mismatch,residual,Residual mismatch,mismatch,11,protected_handover,9.070040135753617,0.17651791590726362,0.001443245649421826,0.245,0.0038665421307086945,0.0,0.9975,0.0025,0.0,nan,nan,nan,nan,nan,nan,nan,nan,nan,nan,2.267780412707969e-06,0.004327544227582106,0.0,0.004327544227582106,2.267780412707969e-06
residual_mismatch,residual,Residual mismatch,mismatch,12,protected_handover,9.243794819209684,0.17539661429877662,0.0014346139093514949,0.2425,0.003838924765586853,0.0,1.0,0.0,0.0,nan,nan,nan,nan,nan,nan,nan,nan,nan,nan,2.2638538953253e-06,0.004335788461234781,0.0,0.004335788461234781,2.2638538953253e-06
residual_mismatch,residual,Residual mismatch,mismatch,13,protected_handover,9.454507113939478,0.1741993588824333,0.001425552107496523,0.2375,0.0038097545504570006,0.0,1.0,0.0,0.0,nan,nan,nan,nan,nan,nan,nan,nan,nan,nan,2.2355235573884174e-06,0.004332172470123664,0.0,0.004332172470123664,2.2355235573884174e-06
residual_mismatch,residual,Residual mismatch,mismatch,14,live,9.618354317034314,0.1731267597213261,0.0014159955772147382,0.2325,0.0037783756852149963,0.0,1.0,0.0,0.0,-242.7015645261094,-196.13177016939596,-418.17900515444126,-100.05614416975547,97.85793464896001,2.418630739996084,-123.04432939767446,-113.45101396572825,28.81704866213906,28.97225865530303,2.2927046899644673e-06,1.4103138896467815,0.0,1.4103138896467815,2.2927046899644673e-06
residual_mismatch,residual,Residual mismatch,mismatch,15,live,12.722977167167041,0.16234887000539655,0.0015682907941089006,0.25,0.00365703284740448,0.0075,0.9925,0.0,0.0,-292.9559934359528,-239.80679496404147,-630.073530928931,-106.76692590083911,119.20861941039563,3.231969605498016,-152.73106922477484,-141.30543441206217,29.22600186768919,30.457692208737136,0.01060890716159985,1.4097837174984413,0.0,1.4097837174984413,0.01060890716159985
residual_mismatch,residual,Residual mismatch,mismatch,16,live,-2.909707000285782,0.21042775451848222,0.003034222153053709,0.42,0.005649215877056122,0.075,0.925,0.0,0.0,-230.83153055086885,-203.57454404611033,-459.8018199984306,-31.526215049360832,98.84878634512424,5.624878520332277,-198.89302434802056,-220.92278172433376,-72.26633075859398,-72.57031411334873,0.10606797031356355,1.4112227084760338,0.0,1.4112227084760338,0.10606797031356355
residual_mismatch,residual,Residual mismatch,mismatch,17,live,7.392942588036276,0.18087515326252468,0.0016265772834883625,0.255,0.00402097225189209,0.0125,0.9875,0.0,0.0,-286.3241363439847,-219.48565015589864,-558.940176522918,-90.46605837227327,91.53613253757358,3.336372973397374,-160.90838409498335,-157.38940407186746,38.87421999052167,38.83835162080825,0.017679926800516645,1.4115860760354306,0.0,1.4115860760354306,0.017679926800516645
residual_mismatch,residual,Residual mismatch,mismatch,18,live,7.510092334992388,0.1752451199842362,0.0017123497966505523,0.2525,0.004019200652837753,0.0175,0.9825,0.0,0.0,-302.2507225679082,-280.8646039546377,-543.4758660988039,-102.61750216730461,99.4036010689661,4.096931079979986,-143.51528068888933,-165.81972755372524,52.345825509782884,51.96858783960342,0.024750989825699718,1.41386764660106,0.0,1.41386764660106,0.024750989825699718
residual_mismatch,residual,Residual mismatch,mismatch,19,live,12.790438544793671,0.16236041809331397,0.0016661298469730257,0.255,0.003611639142036438,0.0125,0.9875,0.0,0.0,-311.47175786312823,-229.8723641254192,-569.9679771124471,-111.32641402827751,96.27207578076981,4.184034600616433,-137.07832677706145,-144.48588047415018,78.12752266234253,78.83779669851064,0.017679925729009217,1.4094015320796887,0.0,1.4094015320796887,0.017679925729009217
residual_mismatch,residual,Residual mismatch,mismatch,20,live,13.111361339736252,0.16137991325067985,0.0016075193068437383,0.25,0.003530118465423584,0.01,0.99,0.0,0.0,-309.1278447143847,-249.76610293323876,-575.8416684171982,-113.06412844140878,85.58927536865696,3.9402004247531295,-125.66286791330204,-139.04613853141666,94.97643538031727,95.03318606533111,0.014143911857541169,1.4114611934134995,0.0,1.4114611934134995,0.014143911857541169
residual_mismatch,residual,Residual mismatch,mismatch,21,live,8.710879042464747,0.16794467306153024,0.001579640873280114,0.2275,0.0038741590082645417,0.01,0.99,0.0,0.0,-338.7981249404236,-281.0936519240006,-597.0114668341799,-120.29406284525582,97.65335171356797,4.934445821475237,-151.0760341116786,-151.01800980135798,95.28818513646722,94.53766450701282,0.01330486455551041,1.4106440297433978,0.0,1.4106440297433978,0.01330486455551041
residual_mismatch,residual,Residual mismatch,mismatch,22,live,11.674168329273375,0.16806307983760724,0.0017165124424926563,0.255,0.0037748223543167115,0.015,0.985,0.0,0.0,-358.98402949570465,-309.3155299622016,-651.5912819593742,-128.37470506094763,110.21401394948363,4.127237166464329,-144.68424859315158,-153.39089157894253,103.98329768806695,103.50117513895034,0.021215437972944663,1.4003240251877795,0.0,1.4003240251877795,0.021215437972944663
residual_mismatch,residual,Residual mismatch,mismatch,23,live,9.975097068453609,0.16836826867163307,0.0014239957538721404,0.2225,0.003704024255275726,0.0025,0.9975,0.0,0.0,-370.43067479934945,-280.12049594720304,-687.1395188959141,-135.1177996838227,99.194855004102,4.009083513468504,-143.4033233255148,-148.404523434788,129.1440738092363,129.2988057988882,0.003537779277053778,1.4113493745138037,0.0,1.4113493745138037,0.003537779277053778
residual_mismatch,residual,Residual mismatch,mismatch,24,live,12.674679508591565,0.16116150747952873,0.00159534507797914,0.2475,0.003581434488296509,0.01,0.99,0.0,0.0,-391.90151069474524,-302.17670128871913,-742.9594393970251,-145.16620237716393,115.69278013050557,4.5831609266251325,-138.727117947042,-149.3241815468669,136.43801674425603,136.85694597370923,0.01414440055273907,1.4081239508464656,0.0,1.4081239508464656,0.01414440055273907
residual_mismatch,residual,Residual mismatch,mismatch,25,live,12.641420371948605,0.1597343596887046,0.0015897419865349952,0.2425,0.0035318298637866973,0.01,0.99,0.0,0.0,-370.2077855547385,-274.03058542939687,-707.3339806777976,-118.65777681462362,97.88954063177108,4.491887426376342,-113.20921943426133,-146.30617246866225,146.64704907625912,147.2193344655633,0.014144315543702695,1.4113113134272242,0.0,1.4113113134272242,0.014144315543702695
residual_mismatch,residual,Residual mismatch,mismatch,26,live,9.982476353564989,0.15832720599231304,0.002041294614028765,0.285,0.003924986571073532,0.03,0.97,0.0,0.0,-365.50832311038926,-283.85127888884585,-757.4103729111008,-101.29839974634513,111.52325706601142,4.852633685916662,-133.04905793070793,-153.6635841178894,115.15759752199054,115.56860852599144,0.04239765110611568,1.4093043144638253,0.0,1.4093043144638253,0.04239765110611568
residual_mismatch,residual,Residual mismatch,mismatch,27,live,13.21250124981043,0.16043790567300814,0.001644799064383075,0.2575,0.0035948729515075683,0.0125,0.9875,0.0,0.0,-392.5566856605411,-308.30438718676317,-779.8986615040835,-122.33179689259775,100.93347909279167,3.754946266785264,-134.3620088171214,-133.61984131395818,161.18199448145927,161.35660123467446,0.01758880803644588,1.403330390098124,0.0,1.403330390098124,0.01758880803644588
residual_mismatch,residual,Residual mismatch,mismatch,28,live,11.449428395343473,0.16505811358627803,0.0017920935628525686,0.275,0.0038363829255104063,0.02,0.98,0.0,0.0,-386.63094730825645,-297.4893237114503,-763.4383100113139,-125.15471453203456,109.83349623970688,5.371647699661553,-113.72278112888335,-140.88345481209456,154.95243172910065,154.54484215930106,0.02828644522398876,1.4011782325463469,0.0,1.4011782325463469,0.02828644522398876
residual_mismatch,residual,Residual mismatch,mismatch,29,live,11.00194646382571,0.1609757294321806,0.001311542384158108,0.21,0.0037649422883987427,0.0175,0.9825,0.0,0.0,-414.179945728692,-330.92375669729427,-769.6428655341975,-113.55041114646522,109.22961339235306,4.118507079929113,-108.3667772948742,-110.85545671343803,198.96858684122563,199.71411544844509,0.022422696124636543,1.3920812384136851,0.0,1.3920812384136851,0.022422696124636543
residual_mismatch,residual,Residual mismatch,mismatch,30,live,10.854520679697792,0.1550659612502062,0.0019123369906462128,0.2625,0.0037223829329013827,0.025,0.975,0.0,0.0,-375.21855602214447,-263.06132246840855,-800.4787619236324,-96.60166043286439,104.40484168320894,6.111492126137018,-87.93973283320665,-120.2984452366829,171.75741069540382,173.62023168295622,0.035352380082627165,1.4014925043876694,0.0,1.4014925043876694,0.035352380082627165
residual_mismatch,residual,Residual mismatch,mismatch,31,live,14.006712298239837,0.15683923002140973,0.0016359861969953704,0.25,0.003529001772403717,0.0125,0.9875,0.0,0.0,-402.5814301310152,-275.4980021635599,-814.5334647011354,-111.7690142045784,105.51101603269576,4.98795851379633,-80.26820304751396,-110.27123266339302,206.41961213201284,206.9231037545204,0.017679896145797694,1.3978932643715212,0.0,1.3978932643715212,0.017679896145797694
residual_mismatch,residual,Residual mismatch,mismatch,32,live,11.486464288588563,0.15771382574723872,0.0015798587138121656,0.2375,0.0035660457611083984,0.01,0.99,0.0,0.0,-409.90118174979716,-288.08128640631855,-861.5564782678372,-124.2738789788101,98.16469211816788,5.598659588433802,-98.24307822227478,-103.56679421663284,216.41377245530487,216.21287064742296,0.01414436616046161,1.3916730170197136,0.0,1.3916730170197136,0.01414436616046161
residual_mismatch,residual,Residual mismatch,mismatch,33,live,12.569390846712947,0.16101582378409113,0.0015281149394382422,0.235,0.0035172830522060394,0.0075,0.9925,0.0,0.0,-407.805937280216,-241.9876394930792,-834.2661964425226,-108.90415944914406,106.92022080495954,4.544949731230735,-51.84358983673155,-71.25249350942671,243.81022479087113,243.7204273721576,0.010608791949418574,1.3979239711491176,0.0,1.3979239711491176,0.010608791949418574
residual_mismatch,residual,Residual mismatch,mismatch,34,live,7.120037405495716,0.16623833420630288,0.0022694667067892733,0.31,0.0042500773072242735,0.04,0.96,0.0,0.0,-365.3162006206809,-244.9911413758914,-853.8550281164944,-76.80136127920572,99.78000659629703,5.855979676246643,-72.04632256910205,-89.70143055677414,190.0530714827776,190.7533432942629,0.05645227742687843,1.390104953272126,0.0,1.390104953272126,0.05645227742687843
residual_mismatch,residual,Residual mismatch,mismatch,35,live,10.919695060004072,0.16450529011936485,0.0018005006643439108,0.2575,0.0038034138083457947,0.0175,0.9825,0.0,0.0,-383.2821299354041,-251.28974421887042,-862.5587961172043,-73.93549997586449,98.82378550000489,5.757609523236751,-5.404173382520676,-45.766725769713524,263.9931395116448,265.04106967628,0.024750969289082093,1.3744177230121801,0.0,1.3744177230121801,0.024750969289082093
residual_mismatch,residual,Residual mismatch,mismatch,36,live,10.4269179605282,0.16586131513416824,0.0013722751524624143,0.2325,0.003913948982954025,0.015,0.985,0.0,0.0,-440.52490502542526,-330.2201257795519,-895.6556864699071,-97.67853712469739,107.91692730680109,6.054256738424301,-1.9537852381169796,-39.38205850124359,318.1521305847168,317.6026078605652,0.021157913068043203,1.3961833672981612,0.0,1.3961833672981612,0.021157913068043203
residual_mismatch,residual,Residual mismatch,mismatch,37,live,7.81470714177055,0.17747161115275797,0.0015785928643839973,0.255,0.004049632698297501,0.01,0.99,0.0,0.0,-419.4525113011756,-298.0787356546397,-880.2874003113744,-104.1826150238853,104.42911102361977,4.8451778567209836,3.5809217739105224,-15.45567908219993,313.8908001324162,313.7445004990697,0.014128579319822632,1.3733813460301507,0.0,1.3733813460301507,0.014128579319822632
residual_mismatch,residual,Residual mismatch,mismatch,38,live,5.124847693295167,0.172361543212825,0.002362618935957986,0.2975,0.004418646395206452,0.04,0.96,0.0,0.0,-342.3204854187936,-245.38594712385913,-713.1131136970042,-77.1398369332509,86.65174646824599,5.604997207373381,24.850415572822094,4.576767698526383,276.04105826050045,275.70502645239236,0.05577438992538841,1.3809470511930493,0.0,1.3809470511930493,0.05577438992538841
residual_mismatch,residual,Residual mismatch,mismatch,39,live,11.811812545020059,0.1742093360733306,0.0016481907197010166,0.2675,0.0038883148133754732,0.0075,0.9925,0.0,0.0,-430.15894852211227,-294.7659394876327,-913.0890651730987,-97.40101687687475,113.5706754694134,5.566310049593449,55.163158739581704,35.46469996213913,367.3953888013959,367.31518284738064,0.010608754875756568,1.3705511625581284,0.0,1.3705511625581284,0.010608754875756568
residual_mismatch,residual,Residual mismatch,mismatch,40,live,5.987106242872146,0.19112675521353592,0.0018503565790648343,0.29,0.00422499418258667,0.0175,0.9825,0.0,0.0,-405.30434381455757,-311.8958221932147,-876.1093100340709,-89.46216167967697,107.32836311459542,6.007529594302177,71.85098165214062,34.1466945284605,357.36313211798665,356.3783029156923,0.024750965662949098,1.3621311428265301,0.0,1.3621311428265301,0.024750965662949098
residual_mismatch,residual,Residual mismatch,mismatch,41,live,5.941620475390062,0.19437653193392748,0.001715139789807371,0.2725,0.004405096024274826,0.0125,0.9875,0.0,0.0,-415.5690483895029,-324.6916310594112,-911.9743150402029,-93.21373706536136,92.61075922369957,6.257276945002377,68.57725660055875,47.66033142477274,388.27178360234944,386.1716396832466,0.014311326199040257,1.367327808194184,0.0,1.367327808194184,0.014311326199040257
residual_mismatch,residual,Residual mismatch,mismatch,42,live,9.600498083475959,0.18800915014005803,0.0018581046596596992,0.2775,0.004224738478660584,0.015,0.985,0.0,0.0,-413.61858556137713,-346.7374965822379,-911.2263129123589,-84.05591384178872,89.47317285686731,6.700957981646061,83.67534098684787,62.91512604147196,404.43208585307,403.6249006767571,0.021215362301589397,1.3709211865859594,0.0,1.3709211865859594,0.021215362301589397
residual_mismatch,residual,Residual mismatch,mismatch,43,live,7.009150387800537,0.19410494538069878,0.0017182504631631324,0.27,0.004373466521501541,0.0125,0.9875,0.0,0.0,-459.2625251997665,-368.3219729794831,-958.8438989443468,-99.18606053557419,128.10056037381293,6.330225122869015,102.7394393004477,67.26978543013334,422.25936084598305,422.5149521416426,0.017512706125059275,1.3486634781815712,0.0,1.3486634781815712,0.017512706125059275
residual_mismatch,residual,Residual mismatch,mismatch,44,live,5.396352017169624,0.18620066494845575,0.0018306468368057371,0.265,0.004528878778219223,0.0225,0.9775,0.0,0.0,-439.79371970393316,-300.28713087032236,-936.5487697521982,-85.8443259840455,111.8583497018367,6.705250090956688,117.41434130258858,99.41988723516464,443.1650181236863,442.7260182181001,0.03171247238422686,1.3649451322915664,0.0,1.3649451322915664,0.03171247238422686
residual_mismatch,residual,Residual mismatch,mismatch,45,live,8.982083369848347,0.1887463410754961,0.0018762454077472523,0.28,0.004268077835440635,0.015,0.985,0.0,0.0,-443.7186475387773,-362.45867980347316,-925.8952053126728,-89.32017236907866,115.23286371896043,6.866708149462938,150.6287929165922,106.00769998833537,463.6519027219713,463.4708872205019,0.020944266877686975,1.3449150989449814,0.0,1.3449150989449814,0.020944266877686975
residual_mismatch,residual,Residual mismatch,mismatch,46,live,6.397170187097175,0.19125277232032672,0.0018626175889268181,0.27,0.004455163404345513,0.015,0.985,0.0,0.0,-437.00313802075135,-324.41665412146386,-948.8222409239073,-93.4170894136509,97.27255988359451,7.215591128468514,142.61903427243232,130.78802852511407,483.5214106875658,483.55749958753586,0.02121526170569676,1.3524367243561244,0.0,1.3524367243561244,0.02121526170569676
residual_mismatch,residual,Residual mismatch,mismatch,47,live,9.993014663065827,0.17951916703509696,0.0020539266840568565,0.29,0.00429603859782219,0.0225,0.9775,0.0,0.0,-422.7947250589647,-302.96321878407684,-969.6698180900574,-82.6474973360202,97.83521409511566,8.376878229379654,181.11716666162013,150.62762881100178,499.2588927388191,498.93754374861714,0.03173832901344892,1.3509387850017622,0.0,1.3509387850017622,0.03173832901344892
residual_mismatch,residual,Residual mismatch,mismatch,48,live,9.28291702239433,0.1828837815214652,0.002081327528625147,0.2775,0.004342223480343819,0.025,0.975,0.0,0.0,-419.14338975460936,-291.20110916564397,-952.8156676503686,-77.07071858107497,77.65276960469782,8.941978753358125,177.47551002033055,156.54938252061606,516.4340468999743,518.2357311023771,0.03368408321658904,1.3556592670299075,0.0,1.3556592670299075,0.03368408321658904
residual_mismatch,residual,Residual mismatch,mismatch,49,live,9.170716594142782,0.18172245505544565,0.0022845542620104605,0.31,0.004410601556301117,0.0325,0.9675,0.0,0.0,-424.743266298019,-367.7435902326935,-843.0932727023821,-71.24816118594403,112.60633636072278,7.524232973754406,206.40573081299664,152.07661001086234,498.3329843975604,499.26030336126684,0.04366721169875651,1.3239728871593996,0.0,1.3239728871593996,0.04366721169875651
residual_mismatch,residual,Residual mismatch,mismatch,50,live,11.704352700548807,0.18126729411225437,0.0018488313655228093,0.255,0.004106472358107567,0.0125,0.9875,0.0,0.0,-453.10463949281734,-338.3954573294784,-957.8270867211329,-80.74595548911822,133.29498561404645,7.749813808351755,261.0786538672447,178.71382856033742,547.0001535980404,547.7069191199541,0.017652553509444165,1.2952037892116315,0.0,1.2952037892116315,0.017652553509444165
residual_mismatch,residual,Residual mismatch,mismatch,51,live,9.089093400768299,0.18120394104322168,0.0021954829375730885,0.3025,0.0042839165031909945,0.0325,0.9675,0.0,0.0,-403.6314495197327,-300.34797146998005,-916.343647655245,-84.30914894375645,102.25793299519457,7.511574507653713,220.46790880057029,172.2836768982187,504.5460774564743,505.7649352607131,0.039875398191758865,1.3176914328418667,0.0,1.3176914328418667,0.039875398191758865
residual_mismatch,residual,Residual mismatch,mismatch,52,live,10.303308025324295,0.17712970073716502,0.0021908283827505232,0.2875,0.004179152026772499,0.0275,0.9725,0.0,0.0,-426.14469532109115,-328.14547655968653,-945.7967064608555,-64.00365088620012,112.94408864840865,7.481641984134913,190.68450886011124,184.20456313177942,507.8984220004082,508.14717338189485,0.03846109134204667,1.3123942494115164,0.0,1.3123942494115164,0.03846109134204667
residual_mismatch,residual,Residual mismatch,mismatch,53,live,7.644878658994767,0.18351890541867305,0.002235650766326645,0.3025,0.004335567876696586,0.0325,0.9675,0.0,0.0,-394.36141754936193,-250.49613019783843,-1024.441853751537,-47.67013699748028,107.18589180201292,7.0509059958159925,240.83573242902756,198.41727106302977,513.1582951037585,514.3469499742985,0.04222573230085997,1.2735221262480827,0.0,1.2735221262480827,0.04222573230085997
residual_mismatch,residual,Residual mismatch,mismatch,54,live,11.304164124248286,0.18107173928837045,0.001971304018551608,0.2875,0.0041232482343912125,0.0175,0.9825,0.0,0.0,-422.28499557959003,-315.18837587860367,-931.1789878800862,-55.1839066257115,119.36561983697116,7.033290876820684,211.74428699977696,194.13020401611925,512.4173042093217,513.1686892300099,0.024725084688606316,1.251417831705287,0.0,1.251417831705287,0.024725084688606316
residual_mismatch,residual,Residual mismatch,mismatch,55,live,5.856060619291361,0.19589264893757063,0.0019142055368327072,0.265,0.004545216783881188,0.0175,0.9825,0.0,0.0,-440.9618214327638,-301.53584014162027,-1051.288033233286,-69.62675617981135,103.41662631601095,6.900829236698337,185.9963585320115,155.71167107105256,514.8654246459902,515.5332334447326,0.024188516283905125,1.287065223810684,0.0,1.287065223810684,0.024188516283905125
residual_mismatch,residual,Residual mismatch,mismatch,56,live,9.837147872177468,0.18763585021082982,0.0018890342411936583,0.28,0.004294917583465576,0.015,0.985,0.0,0.0,-412.46389528719897,-275.97104276785336,-956.5473021630823,-69.99242719938292,117.24442353479564,6.547769173011184,243.9225901222229,171.78316408865155,509.94031529426576,509.10515935100614,0.02107530862077649,1.2550327680191293,0.0,1.2550327680191293,0.02107530862077649
residual_mismatch,residual,Residual mismatch,mismatch,57,live,8.310519130317466,0.17292327519429015,0.0022764017847702813,0.2975,0.0042722482979297635,0.0375,0.9625,0.0,0.0,-367.2133644293361,-233.7696451418368,-906.500001589842,-61.731606223582766,95.7054252025485,6.418983176052571,231.33766203075646,203.5096494448185,495.29708079248667,495.2113035959005,0.05223444373111197,1.2553147158066327,0.0,1.2553147158066327,0.05223444373111197
residual_mismatch,residual,Residual mismatch,mismatch,58,live,7.445863498180587,0.18082887033069664,0.0022926305274955754,0.3225,0.004452690929174424,0.04,0.96,0.0,0.0,-348.0641523839024,-225.74029573035475,-828.4863741741016,-55.53863469613401,86.7620750617981,7.457375147789716,212.41342411875723,199.10117393136025,474.7885031186044,474.0588319915533,0.05368735979354807,1.2283596626180457,0.0,1.2283596626180457,0.05368735979354807
residual_mismatch,residual,Residual mismatch,mismatch,59,live,8.323839835403579,0.18194393232030873,0.0019988106077750904,0.2925,0.004315895885229111,0.025,0.975,0.0,0.0,-408.21977565164156,-296.69870033908234,-900.9118474814697,-64.97038317719066,111.87498800247907,7.578670970499515,215.62932711675762,165.5733055563271,494.7213370165229,494.1327537149191,0.03514765101869364,1.2646136429845176,0.0,1.2646136429845176,0.03514765101869364
residual_mismatch,residual,Residual mismatch,mismatch,60,live,9.082721653527212,0.17289878007312542,0.0020727303041035428,0.2875,0.004168751835823059,0.03,0.97,0.0,0.0,-374.689320729917,-261.15012897274994,-1013.7154579668932,-46.576407689737806,114.17050762601197,5.659568271934986,264.0652168156952,218.35345022708177,507.0668264260888,507.5349592489004,0.04034953564956723,1.1761275361850267,0.0,1.1761275361850267,0.04034953564956723
residual_mismatch,residual,Residual mismatch,mismatch,61,live,9.16731067217457,0.17900488705821269,0.0021378266423839856,0.31,0.004269999712705612,0.03,0.97,0.0,0.0,-344.2818977611537,-235.3334704836949,-811.9082156053936,-56.19912716328398,89.67802886553109,6.335055734701455,228.21773394711315,201.6886472839117,475.53271131470797,476.07859593268483,0.03937067825026517,1.1785743497979018,0.0,1.1785743497979018,0.03937067825026517
residual_mismatch,residual,Residual mismatch,mismatch,62,live,9.610866524831799,0.17414917430876922,0.001615519045165031,0.2625,0.004117559939622879,0.02,0.98,0.0,0.0,-342.20298585425815,-223.49682083516225,-847.1626739927791,-45.60252793781376,94.70146327704191,6.456870041787624,297.33677101999524,242.5304156011343,523.852731974721,523.7717260959745,0.02613116578273473,1.1277170042220122,0.0,1.1277170042220122,0.02613116578273473
residual_mismatch,residual,Residual mismatch,mismatch,63,live,8.805018789944874,0.1695620003180106,0.0024456201817872336,0.3425,0.004260887652635575,0.0475,0.9525,0.0,0.0,-298.0478693405281,-190.85760356378188,-732.6876717770461,-35.80000047254605,101.01167983938008,7.158718288913369,247.40429244130848,232.21320490557702,443.88184808321296,443.9612558194995,0.06486427761123588,1.1475864884810547,0.0,1.1475864884810547,0.06486427761123588
residual_mismatch,residual,Residual mismatch,mismatch,64,live,8.154298805549466,0.17163924144216086,0.00218021157477775,0.295,0.004135428369045258,0.03,0.97,0.0,0.0,-292.72666100443087,-198.6200261004323,-752.7206046702362,-45.97070941159735,87.22814309567212,5.954684792384505,277.1668953692913,259.25280237585304,479.2724733056128,479.8907826045901,0.04210285176855378,1.1418906393693768,0.0,1.1418906393693768,0.04210285176855378
residual_mismatch,residual,Residual mismatch,mismatch,65,live,9.506491755624872,0.167481842899575,0.002375089278475493,0.3325,0.00408638671040535,0.045,0.955,0.0,0.0,-263.71376411549835,-132.13583530616654,-698.7489323375709,-35.661362265368275,84.2809143216908,6.93263648495078,265.2629405988753,246.3721850734949,442.025124155581,442.19018867626784,0.06012675760811906,1.0832548825703034,0.0,1.0832548825703034,0.06012675760811906
residual_mismatch,residual,Residual mismatch,mismatch,66,live,11.410129445472302,0.17393748944742593,0.0018227477010523535,0.2875,0.004006362855434418,0.0175,0.9825,0.0,0.0,-297.1368270532254,-159.17627342056176,-783.5385133605785,-58.560182266931136,88.84115425921976,5.9333290991839025,318.3449548397213,274.743170452565,511.1052644215524,510.30230945429764,0.022625752496965575,1.033075179952885,0.0,1.033075179952885,0.022625752496965575
residual_mismatch,residual,Residual mismatch,mismatch,67,live,4.708239976373535,0.18241181838183554,0.0023812261689758318,0.2975,0.004628291577100754,0.05,0.95,0.0,0.0,-247.97073010399632,-160.41959412454358,-629.9977749693044,-40.80571852809158,83.7247193646431,6.780529081523419,314.3483141565323,261.3523015487194,459.3327633005381,458.26812927514317,0.06599212453681354,1.0943954288009947,0.0,1.0943954288009947,0.06599212453681354
residual_mismatch,residual,Residual mismatch,mismatch,68,live,9.061627784265704,0.17199010204761556,0.002100994112221041,0.295,0.004137279689311981,0.0325,0.9675,0.0,0.0,-256.5266561478447,-158.29817199346905,-712.8463288502318,-37.04129114142213,87.09956275060773,6.797692171465606,354.38312175482514,311.7066670118272,508.6888663828559,509.7195474548638,0.042074515586761396,0.9979168762750047,0.0,0.9979168762750047,0.042074515586761396
residual_mismatch,residual,Residual mismatch,mismatch,69,live,7.930711810804476,0.17961366789237412,0.0022116989618761545,0.3175,0.00431115910410881,0.035,0.965,0.0,0.0,-236.3982526597257,-159.7487287228613,-531.4146294510333,-40.366973409806796,68.22613264832646,5.544513538442552,324.177845479846,305.6668660357222,488.46261074960233,488.68110189076515,0.04484582719521396,1.0052745606083504,0.0,1.0052745606083504,0.04484582719521396
residual_mismatch,residual,Residual mismatch,mismatch,70,live,11.273013144767793,0.16653950414617053,0.0021258679253268074,0.3225,0.004081706404685974,0.04,0.96,0.0,0.0,-251.21923731649267,-142.8724658058064,-633.5817633839763,-43.182937440804025,87.89989470213652,7.135263311020099,355.9250662828982,321.04440716549755,508.7604316624487,508.98420509934425,0.047733873373170956,1.0083043525596014,0.0,1.0083043525596014,0.047733873373170956
residual_mismatch,residual,Residual mismatch,mismatch,71,live,8.547883997659932,0.16847680740397522,0.0024520906480193358,0.3325,0.004191901385784149,0.055,0.945,0.0,0.0,-195.21879921815446,-141.65598033178821,-458.48488887333923,-32.123257706867555,71.82885384500027,7.30877779468894,371.8167352858186,349.03388552337884,490.52830759063363,491.5900973686576,0.06321539813085252,0.9798294155555601,0.0,0.9798294155555601,0.06321539813085252
residual_mismatch,residual,Residual mismatch,mismatch,72,live,12.348612503546544,0.170873206162277,0.001842720253053701,0.2725,0.003926423192024231,0.0325,0.9675,0.0,0.0,-267.7462014023093,-167.97826938105038,-607.36430426854,-34.20431085182347,87.87974961504341,6.430896260142326,398.88935851991175,356.19968358680603,563.8196806852519,563.7488244001568,0.03544580851109348,0.9312685928259253,0.0,0.9312685928259253,0.03544580851109348
residual_mismatch,residual,Residual mismatch,mismatch,73,live,6.945135692334652,0.17000507717942817,0.00264059514631763,0.3275,0.0043526384234428405,0.06,0.94,0.0,0.0,-177.68908982602792,-127.5490655520974,-451.11758152350893,-13.149637887570071,72.43972307389602,6.1593541723117236,392.5375816643238,348.2599052327312,481.3186737135053,482.17930170860143,0.07396272811533702,0.9242019078559021,0.0,0.9242019078559021,0.07396272811533702
residual_mismatch,residual,Residual mismatch,mismatch,74,live,4.778913896256885,0.17311046091045607,0.002935204179929615,0.3625,0.004640825241804123,0.07,0.93,0.0,0.0,-181.1417155902571,-123.93641325507053,-426.84981736513356,-23.956845279614353,69.71792472139,6.547216125428677,355.6957292293012,334.7956596398354,462.9014794290066,463.39621060997246,0.08736224823303411,1.016071197609054,0.0,1.016071197609054,0.08736224823303411
residual_mismatch,residual,Residual mismatch,mismatch,75,live,10.532803012860422,0.17480989842096986,0.0022722522506705306,0.3275,0.0041903692483901975,0.045,0.955,0.0,0.0,-172.44447936359677,-128.79161141994155,-367.7104215688931,-17.164502233070316,60.038327121436595,5.971741716861725,419.64082886382937,393.16418005660177,524.8640046185255,524.5877443629503,0.048046074462022394,0.8788552986320487,0.0,0.8788552986320487,0.048046074462022394
residual_mismatch,residual,Residual mismatch,mismatch,76,live,11.580060801021629,0.17302609350042325,0.0015580034629147036,0.2525,0.0039991502463817595,0.0175,0.9825,0.0,0.0,-189.09515724270346,-128.765137487799,-444.37015460883526,-28.162007922077763,67.4463000183925,6.8573219795152545,470.41468368772416,452.7550520926714,589.5882587054745,590.4908079706132,0.016550178761501583,0.8364650867156734,0.0,0.8364650867156734,0.016550178761501583
residual_mismatch,residual,Residual mismatch,mismatch,77,live,11.685560587171908,0.1707085232973745,0.002147506169102858,0.31,0.0040655526518821716,0.055,0.945,0.0,0.0,-207.46209853766092,-130.06759407772142,-506.7501508644649,-22.034668309469236,83.90475343779195,6.0908541059494015,448.75439024880995,421.0696029150486,564.3790087544918,564.6344127261639,0.054524550856862385,0.8750512730599183,0.0,0.8750512730599183,0.054524550856862385
residual_mismatch,residual,Residual mismatch,mismatch,78,live,8.127467239568547,0.16911102443759085,0.002431931590695047,0.3125,0.0044026607275009155,0.06,0.94,0.0,0.0,-196.40338935924873,-122.8266255413744,-501.12330945131094,-20.67551890602921,69.47986110945698,5.227954461574554,430.48190957705026,402.3089352554083,547.9084120309353,549.0746739828587,0.06981025860667606,0.9066795022706455,0.0,0.9066795022706455,0.06981025860667606
residual_mismatch,residual,Residual mismatch,mismatch,79,live,10.798638421313472,0.17693177272894312,0.0020673036757480052,0.2975,0.0041294778883457185,0.05,0.95,0.0,0.0,-147.67055138166688,-118.84332200301418,-323.83051958527875,-32.63653420595499,64.09262644290924,5.678722284659743,517.692463684082,499.9952031850815,598.1215025866031,597.9863682504744,0.04308420936111332,0.79445671632427,0.0,0.79445671632427,0.04308420936111332
residual_mismatch,residual,Residual mismatch,mismatch,80,live,12.27829202942493,0.1787874891516363,0.002133519192338977,0.3075,0.004289989918470382,0.065,0.935,0.0,0.0,-124.10235357803475,-109.72107132853512,-274.2892390550363,-8.664443999198973,55.56170361250639,8.18837315350771,544.8665551564097,522.3453647255898,611.3067991369962,609.2787975499034,0.05679050420677638,0.7478979664847067,0.0,0.7478979664847067,0.05679050420677638
residual_mismatch,residual,Residual mismatch,mismatch,81,live,10.439243583243087,0.17845454612009895,0.002378206888295609,0.3225,0.004546945542097091,0.11,0.89,0.0,0.0,-130.87379937481438,-104.54344360455292,-283.1859435382293,4.057219616245378,56.46971906080842,8.045277495533227,528.6100633130968,518.5407398760319,605.7901897840202,606.1626613307,0.09734886525173728,0.8249688607118705,0.0,0.8249688607118705,0.09734886525173728
residual_mismatch,residual,Residual mismatch,mismatch,82,live,13.20676191421024,0.16982343678602604,0.0021872106935362547,0.32,0.004512408971786499,0.095,0.905,0.0,0.0,-120.60811440193397,-102.75206615952771,-282.88663152595944,-3.1905976836679906,43.00603839635849,7.154708765745163,577.5699226212502,561.1744741106033,654.4835732144118,653.6879451709985,0.086437061340264,0.7740540495820306,0.0,0.7740540495820306,0.086437061340264
residual_mismatch,residual,Residual mismatch,mismatch,83,live,11.123605800864828,0.17944508194723952,0.0019447723875372427,0.29,0.0045170201361179356,0.065,0.935,0.0,0.0,-138.19450628295925,-110.80042761867854,-321.34144681171375,-14.94099762884655,51.77656606376171,7.090741186141968,605.3246181857586,586.3442506009341,688.697924246788,689.8963614225388,0.05519093719989944,0.7857772083142308,0.0,0.7857772083142308,0.05519093719989944
residual_mismatch,residual,Residual mismatch,mismatch,84,live,13.990212441225946,0.17846035838713828,0.0017953207343497318,0.285,0.004171192497014999,0.0375,0.9625,0.0,0.0,-121.55076465161176,-110.07753991000692,-247.94292700935745,-20.95064228288713,51.25593480035663,5.3687220615148545,630.9429615992308,604.7253529785573,693.6436538004875,693.2731002479792,0.031817849281652294,0.7021368049225464,0.0,0.7021368049225464,0.031817849281652294
residual_mismatch,residual,Residual mismatch,mismatch,85,live,13.01118879553178,0.17712420910935825,0.0019970068783424274,0.3,0.004156618118286133,0.0475,0.9525,0.0,0.0,-120.65193824369221,-93.43446394485522,-255.80234437430153,-19.035894738587785,51.7194204223156,7.089050705134869,630.4907833325863,601.3599189162254,692.0996616309881,691.7108076974749,0.049496554227056136,0.7421306389352886,0.0,0.7421306389352886,0.049496554227056136
residual_mismatch,residual,Residual mismatch,mismatch,86,live,10.88165566151804,0.1813399910816286,0.0020886589576207424,0.3,0.004220410510897637,0.06,0.94,0.0,0.0,-112.5667323664317,-89.29222125949153,-261.3957948672845,-14.06017824117868,47.58447208821774,11.159575862884521,621.1210727548599,611.3606459325551,694.8901352274418,689.7979082643985,0.0461971211204418,0.7031756441283423,0.0,0.7031756441283423,0.0461971211204418
residual_mismatch,residual,Residual mismatch,mismatch,87,live,9.79292354108967,0.17314553615000608,0.002462286982200048,0.3425,0.00416399821639061,0.065,0.935,0.0,0.0,-93.5591523504005,-68.44793153150354,-202.2310834792676,-9.681502972258107,41.88109456419945,5.469952083975077,609.8870412039756,594.2827939140797,658.8037751832604,659.5869676710665,0.06766742895289513,0.7042499589013286,0.0,0.7042499589013286,0.06766742895289513
residual_mismatch,residual,Residual mismatch,mismatch,88,live,12.158389625409686,0.17113837624162997,0.0022323061069859026,0.3125,0.004262244403362274,0.0675,0.9325,0.0,0.0,-90.28808683282205,-82.97118184076305,-203.58540881535225,-6.844149696974017,40.28499554157257,6.485811788961291,641.0022865337133,622.3988480335474,688.4855811488628,687.8256241763384,0.05978110648571912,0.6552988454829147,0.0,0.6552988454829147,0.05978110648571912
residual_mismatch,residual,Residual mismatch,mismatch,89,live,9.859288012444749,0.17450630097881661,0.0024858236415223438,0.3525,0.004276407733559608,0.08,0.92,0.0,0.0,-85.66238254694699,-62.664441735324544,-200.796653632101,-5.7096571847299264,41.006578692793845,6.690232429206372,628.3245725274086,609.9727975684405,670.4696707949042,670.4555804800988,0.06978239619309402,0.6536815826798912,0.0,0.6536815826798912,0.06978239619309402
residual_mismatch,residual,Residual mismatch,mismatch,90,live,11.807932278217606,0.16514506377635654,0.0022863083682641535,0.305,0.004222541302442551,0.09,0.91,0.0,0.0,-81.95586195760112,-73.25554782498841,-178.35448984876274,-0.8089725073484415,40.6803847527504,7.56590710863471,635.3045674586297,628.1262166452408,679.934233982712,681.1112120294571,0.07524948445785543,0.6423011951747761,0.0,0.6423011951747761,0.07524948445785543
residual_mismatch,residual,Residual mismatch,mismatch,91,live,9.11198198954288,0.1617895100835927,0.002726336875199773,0.3425,0.004475594758987427,0.12,0.88,0.0,0.0,-74.82981122067471,-72.0988215430396,-190.04752466155756,4.479710277351174,43.06383251547813,7.619321077466011,590.4935056692361,568.3324492233992,618.3219157660008,619.206031422019,0.1021267674026759,0.6556042326583718,0.0,0.6556042326583718,0.1021267674026759
residual_mismatch,residual,Residual mismatch,mismatch,92,live,14.631430650904116,0.1493192900361977,0.0023034694818372665,0.305,0.004313177615404129,0.1225,0.8775,0.0,0.0,-69.41933738614244,-64.45163125288934,-159.1480747768699,8.999391280848164,39.06597502786666,8.574173801541328,652.7405193454027,639.7302023504302,684.9484070277214,685.3142895084619,0.10910453086824895,0.631653666812369,0.0,0.631653666812369,0.10910453086824895
residual_mismatch,residual,Residual mismatch,mismatch,93,live,10.688324336501436,0.1680493619470745,0.0022918916163092032,0.3375,0.004365497827529907,0.11,0.89,0.0,0.0,-61.1844424471374,-43.13602371868251,-178.48612035885048,1.4225430125727265,38.64332325160503,7.954014560878277,644.4295385551453,623.1721727174521,664.6189845085144,663.9159376260639,0.0945085596451883,0.5901047093888778,0.0,0.5901047093888778,0.0945085596451883
residual_mismatch,residual,Residual mismatch,mismatch,94,live,9.49880030181381,0.1619141384121632,0.0025176535274052726,0.3175,0.004282635003328324,0.1425,0.8575,0.0,0.0,-40.35011560571538,-31.939831309516023,-102.70680704887563,6.765523847072502,28.727722313404083,7.010153890550137,638.6063588047027,624.2553925919533,650.2662226572633,649.8084617471695,0.097048666436736,0.5568054124299691,0.0,0.5568054124299691,0.097048666436736
residual_mismatch,residual,Residual mismatch,mismatch,95,live,11.845595088812807,0.15774967434302112,0.0022327364839606675,0.3,0.004286890327930451,0.125,0.875,0.0,0.0,-49.86828276679681,-42.95937350479386,-132.51916838435844,5.344662028879134,30.76820505671203,7.241187834739685,662.8255672269314,651.312350974083,682.7143066835404,684.0494008541107,0.09735868136507943,0.5689502255212933,0.0,0.5689502255212933,0.09735868136507943
residual_mismatch,residual,Residual mismatch,mismatch,96,live,10.675219948437636,0.1392915668302321,0.0026787986053960155,0.33,0.004569457024335861,0.1575,0.8425,0.0,0.0,-31.450360826728147,-29.54979458063133,-84.63969857535949,11.468374745243604,27.710111479610205,7.294387382864952,631.8401622581482,623.2956984187663,638.8532744407654,638.2936368411779,0.14926869114382496,0.5895136824219777,0.0,0.5895136824219777,0.14926869114382496
residual_mismatch,residual,Residual mismatch,mismatch,97,live,12.325834380851315,0.1423145016219257,0.002347147426303979,0.335,0.004299869388341903,0.1675,0.8325,0.0,0.0,-35.33970557771734,-28.12474519479987,-114.60471732716563,18.076415671019642,29.915790304541588,7.12270570397377,667.3042107266187,651.2181223034859,671.5497807741165,672.0176533401012,0.13158395568735354,0.5176782033589221,0.0,0.5176782033589221,0.13158395568735354
residual_mismatch,residual,Residual mismatch,mismatch,98,live,15.638989334887421,0.1113896837213537,0.0025359735013698215,0.3,0.004508308470249176,0.215,0.785,0.0,0.0,-34.11231280926805,-29.970912370167753,-107.36366649319585,35.432127144016704,26.44398652791977,7.430493339896202,680.449996418953,667.8418706917763,689.2701456606388,689.170963870883,0.20037481894720297,0.541175242961859,0.0,0.541175242961859,0.20037481894720297
residual_mismatch,residual,Residual mismatch,mismatch,99,live,14.226413106768497,0.11926701194668404,0.0022443964368572943,0.275,0.004365590959787368,0.1775,0.8225,0.0,0.0,-37.00636582856864,-30.48833972097077,-111.99828749156602,20.21753920187473,26.637340279221533,6.907096155583859,697.2524032622575,689.0038981330395,710.8287987020611,709.9296098428964,0.1699859547238497,0.5455807899396418,0.0,0.5455807899396418,0.1699859547238497
residual_mismatch,residual,Residual mismatch,mismatch,100,live,15.195571823035989,0.1198158756796117,0.001980144623209805,0.27,0.0040289822220802305,0.145,0.855,0.0,0.0,-38.69886124934442,-31.876928385999065,-111.80001830380961,13.148209185994753,35.77624927699566,6.248176647424698,730.8117096829415,719.025967335105,733.9318156176805,734.1933138650655,0.13685357427380956,0.5722218065631125,0.0,0.5722218065631125,0.13685357427380956
residual_mismatch,residual,Residual mismatch,mismatch,101,live,17.804845589597118,0.12250751160875793,0.0017006199546403596,0.23,0.004165165275335312,0.1575,0.8425,0.0,0.0,-32.40142750149499,-30.70346851565091,-101.2792091873154,18.982202199161918,30.771233381181954,6.7758065342903135,748.745781828016,743.1077306079865,754.3914589834213,754.2286635565757,0.13147416045911953,0.5013570487394015,0.0,0.5013570487394015,0.13147416045911953
residual_mismatch,residual,Residual mismatch,mismatch,102,live,18.74199336099464,0.1105184808859391,0.0016383037693922262,0.2175,0.0040098604559898375,0.1925,0.8075,0.0,0.0,-25.36301929210952,-25.66692218657596,-81.01862081121497,27.79501076247609,30.243976826667787,6.073706234693527,772.9828465974331,766.166979445219,770.9544939625263,770.5465870690346,0.14730985283802372,0.4315422663694693,0.0,0.4315422663694693,0.14730985283802372
residual_mismatch,residual,Residual mismatch,mismatch,103,live,18.02724988974477,0.11591075737720652,0.0018269124937237754,0.2275,0.004009874910116196,0.1825,0.8175,0.0,0.0,-30.495363268095506,-25.311196039394417,-87.8699862477866,14.475669197398489,26.720460989177226,6.812072902321815,745.9119285044075,744.3753506243229,755.945637640953,755.4741611200571,0.14229541357881945,0.47445035610204156,0.0,0.47445035610204156,0.14229541357881945
residual_mismatch,residual,Residual mismatch,mismatch,104,live,22.818988414393925,0.09059873716234432,0.0013100465667744174,0.1575,0.0038731883466243742,0.19,0.81,0.0,0.0,-26.5638832151855,-27.43910146815432,-96.1237982881876,32.02269402912891,27.190045020580293,6.2355611562728885,817.8063750433922,811.9720918440819,821.2229409933091,819.7443598270416,0.16054728955044342,0.3997547256700051,0.0,0.3997547256700051,0.16054728955044342
residual_mismatch,residual,Residual mismatch,mismatch,105,live,21.719454614130292,0.09510086778873145,0.001620922525273627,0.195,0.004031941741704941,0.22,0.78,0.0,0.0,-30.960769800901506,-25.012109945698114,-109.78572228984861,24.1370700805165,27.585094219446184,7.352862908840179,787.4463540112972,778.1828914403916,793.4671157562733,793.5855557048321,0.17014150592081556,0.431290121701377,0.0,0.431290121701377,0.17014150592081556
residual_mismatch,residual,Residual mismatch,mismatch,106,live,20.091002297391565,0.09268128271749389,0.0015480863306477943,0.145,0.003885461539030075,0.1875,0.8125,0.0,0.0,-24.009897295990815,-19.894898500415138,-85.41055525566784,14.932870296237445,23.4758138859272,6.735809435844422,792.2621268260478,790.6407467627525,799.371715722084,798.0369639110565,0.1566870325454099,0.43452067693114427,0.0,0.43452067693114427,0.1566870325454099
residual_mismatch,residual,Residual mismatch,mismatch,107,live,20.689173387245184,0.09828857692098232,0.0014825552948739573,0.1775,0.0038621768355369566,0.2025,0.7975,0.0,0.0,-25.10904795599103,-25.800446753674237,-83.3673737239844,16.78802595553602,23.588031868040563,7.068773139715194,785.8013182196021,783.5286322331428,794.018151705265,792.4595717060566,0.15552695523576354,0.40968308795242714,0.0,0.40968308795242714,0.15552695523576354
residual_mismatch,residual,Residual mismatch,mismatch,108,live,21.580788273321563,0.09385100191737078,0.0015689301922726057,0.155,0.003721921294927597,0.2025,0.7975,0.0,0.0,-22.548243078653517,-24.224716772958686,-80.9287638728551,22.66476066412318,22.3042336666584,6.973106024563313,807.9739747667313,795.2650879704952,809.390968452096,808.2537378051877,0.15382682856545235,0.39471386157466726,0.0,0.39471386157466726,0.15382682856545235
residual_mismatch,residual,Residual mismatch,mismatch,109,live,20.673024926900062,0.09167992501189273,0.0016931782879733856,0.19,0.003958796411752701,0.23,0.77,0.0,0.0,-13.564374223141922,-14.480636786922645,-64.65369875762558,20.221085830549132,18.180725200772287,7.921728056315333,815.3922513961792,809.9700998610258,816.3332465052605,815.6095619884692,0.17920044987285297,0.3957220157781828,0.0,0.3957220157781828,0.17920044987285297
residual_mismatch,residual,Residual mismatch,mismatch,110,live,22.03142719154519,0.09041500548707873,0.001527589595665743,0.1475,0.0038017907738685606,0.2175,0.7825,0.0,0.0,-14.680377315754377,-16.74956491480117,-57.2135720279221,16.103486388525006,15.307806098461151,6.263824265748262,856.184267821312,850.8545048451424,859.3474346292019,858.9350856427849,0.16599222909550845,0.39318165600743477,0.0,0.39318165600743477,0.16599222909550845
residual_mismatch,residual,Residual mismatch,mismatch,111,live,24.826161027009302,0.09006305996275778,0.0012744301480139089,0.1475,0.003718077540397644,0.2075,0.7925,0.0,0.0,-18.149673274068796,-18.37594025076791,-72.23376887350867,28.783187349154232,17.545224667824804,6.334615240097046,904.070156507492,898.2479286658391,908.8411181688309,907.3285036325454,0.15620456085401851,0.36424743387510555,0.0,0.36424743387510555,0.15620456085401851
residual_mismatch,residual,Residual mismatch,mismatch,112,live,23.320628559456313,0.09192258468963445,0.001438114865261095,0.1525,0.0037689788639545443,0.18,0.82,0.0,0.0,-22.639684342928614,-16.19288918480612,-71.80539840494265,17.915944359083426,17.706840962171555,6.037883311137557,900.7351624274254,897.4606576669216,909.7470654622465,910.3581970834732,0.15560055451405297,0.40778657917778266,0.0,0.40778657917778266,0.15560055451405297
residual_mismatch,residual,Residual mismatch,mismatch,113,live,23.98126404620089,0.09044870580102762,0.00145485874541263,0.16,0.004061973243951797,0.2225,0.7775,0.0,0.0,-21.47422187587826,-21.407926853235665,-72.27519116823471,20.43372515195231,18.25114381670952,6.165360142886638,928.2485365867615,918.5176643097401,932.6523789036274,932.8586871853471,0.1806253132335187,0.4061021182255552,0.0,0.4061021182255552,0.1806253132335187
residual_mismatch,residual,Residual mismatch,mismatch,114,live,24.18681048740218,0.0950262780021507,0.0013426190854207562,0.155,0.003938347101211548,0.2,0.8,0.0,0.0,-16.799032762252455,-14.998831966262742,-72.43114259583244,26.481098399884576,17.303571035861967,6.092719419002533,937.1066774559021,930.607382080555,939.1443897819519,939.7181549859047,0.1706259555256484,0.3700153973115895,0.0,0.3700153973115895,0.1706259555256484
residual_mismatch,residual,Residual mismatch,mismatch,115,live,14.937046708060382,0.10860195475882456,0.0016558601331697826,0.175,0.0042933705449104305,0.22,0.78,0.0,0.0,-27.988768416647808,-24.38236849855454,-85.35027452738727,30.336056662979672,22.05554493665695,8.906718573570252,867.6777483129501,865.5069946789741,882.1697811710834,880.6558441412449,0.1827655879578572,0.4762350665024027,0.0,0.4762350665024027,0.1827655879578572
residual_mismatch,residual,Residual mismatch,mismatch,116,live,21.752073408498436,0.09620416365378767,0.0012977960972074512,0.1325,0.004222711622714996,0.225,0.775,0.0,0.0,-15.383658145446274,-15.96751110432956,-67.15887102864993,33.34051485636718,16.25385179758072,6.484396305084228,957.5686217260361,952.3600423789024,960.144356520176,960.9819338345528,0.18818862115455204,0.3999135307055692,0.0,0.3999135307055692,0.18818862115455204
residual_mismatch,residual,Residual mismatch,mismatch,117,live,22.811013755620955,0.0977396059466701,0.001357066768508,0.16,0.004047871977090836,0.21,0.79,0.0,0.0,-20.137846219412868,-18.549031325162332,-82.59025215150135,30.314851693770276,17.847116923332216,6.696848244071007,985.1806377220154,976.9436977910996,990.2941763907671,989.774785964489,0.17426053943453643,0.3835242885307813,0.0,0.3835242885307813,0.17426053943453643
residual_mismatch,residual,Residual mismatch,mismatch,118,live,23.985110009717477,0.09158291032342541,0.0013270375026865262,0.1525,0.0041529396176338195,0.22,0.78,0.0,0.0,-14.212011462413908,-15.139731890847486,-57.67444293660635,30.80059228323477,15.141250952482224,6.817736934423447,980.1212285745144,975.249523730278,983.5457003533841,983.5752973461151,0.18500782677511185,0.36631047697476204,0.0,0.36631047697476204,0.18500782677511185
residual_mismatch,residual,Residual mismatch,mismatch,119,live,24.097773928657144,0.09461760682024804,0.0014318439334084227,0.16,0.003990929424762726,0.2125,0.7875,0.0,0.0,-17.129842381595314,-18.601872143123103,-60.563552025007425,30.251627405460898,17.17194179534912,6.6600007927417755,1002.7835690402985,994.7414595127105,1005.3897533035279,1005.3422837531566,0.17978350449031627,0.3720338065897977,0.0,0.3720338065897977,0.17978350449031627
residual_mismatch,residual,Residual mismatch,mismatch,120,live,22.59448210040648,0.09145619803423236,0.001452856355761055,0.1875,0.004134283363819122,0.2525,0.7475,0.0,0.0,-14.215605591846488,-17.098781056081748,-57.729389390603046,26.916078328771384,15.822211179733277,6.803806155920029,1026.7937378168106,1021.4454117918015,1028.8577495110035,1029.7437360525132,0.19055708465446394,0.39715830112092076,0.0,0.39715830112092076,0.19055708465446394
residual_mismatch,residual,Residual mismatch,mismatch,121,live,21.985261229672076,0.10056272067213755,0.001254316377432323,0.1725,0.0043049024045467375,0.235,0.765,0.0,0.0,-15.737952508721285,-16.45387126826597,-62.00775086355438,29.375785972795565,18.19470400750637,7.706964863538742,1014.4516157573462,1007.9608496618271,1015.7712472867966,1017.110079330206,0.1846026062422986,0.39119815132293245,0.0,0.39119815132293245,0.1846026062422986
residual_mismatch,residual,Residual mismatch,mismatch,122,live,21.568889873099877,0.09538381449375764,0.0013305504317920802,0.1725,0.004366432875394821,0.27,0.73,0.0,0.0,-11.447665620140683,-8.64167196925223,-69.27672970059561,31.659455905749482,16.662588999271392,8.100829637050628,1014.6643724513054,1010.5230481004714,1015.8650694537163,1015.0656998348236,0.20073894413422252,0.3856508754139297,0.0,0.3856508754139297,0.20073894413422252
residual_mismatch,residual,Residual mismatch,mismatch,123,live,25.608813202853618,0.08533985144386587,0.0012365617506954814,0.17,0.004190086126327514,0.225,0.775,0.0,0.0,-17.19694056304472,-15.320475852930883,-60.07473879349551,28.1105964768954,16.010742225646972,7.289449419975281,1063.4029754066466,1059.1470374107362,1069.0742530679702,1070.3983682632447,0.2041013093401549,0.37613805114054005,0.0,0.37613805114054005,0.2041013093401549
residual_mismatch,residual,Residual mismatch,mismatch,124,live,21.061416071482977,0.10791099185476621,0.0011627533667,0.165,0.004361680299043655,0.2275,0.7725,0.0,0.0,-13.651374741167402,-16.813914731616592,-52.829503436437584,24.48977590749374,18.473356018066408,8.614365208148957,1060.9152431917191,1058.1355492448806,1062.3664229154588,1064.237651679516,0.1874570364735564,0.3907751315136231,0.0,0.3907751315136231,0.1874570364735564
residual_mismatch,residual,Residual mismatch,mismatch,125,live,6.572164038107412,0.12926328168304843,0.0015748588733124783,0.16,0.005705434754490852,0.4025,0.5975,0.0,0.0,1.7178716419222042,-6.60431388550154,-48.49478434189779,49.14088259323547,34.785867706537246,28.00930098772049,802.430537109375,794.5727009499074,793.4061720132828,786.5751592421532,0.2784583259206218,0.45263317866108466,0.0,0.45263317866108466,0.2784583259206218
residual_mismatch,residual,Residual mismatch,mismatch,126,live,11.1094174600419,0.1226543112094193,0.001531353325683854,0.1925,0.005258559957146644,0.39,0.61,0.0,0.0,-2.4669911708917796,-6.636201667560385,-46.084729188762545,47.169229137308676,18.735278823077678,14.06157241821289,984.1119064882398,974.9058746957779,979.7741756534576,974.7926378345489,0.284509621780159,0.4895266957679317,0.0,0.4895266957679317,0.284509621780159
residual_mismatch,residual,Residual mismatch,mismatch,127,live,25.035536478757784,0.09760904603745367,0.0013534891118928492,0.1675,0.004221593886613846,0.215,0.785,0.0,0.0,-11.005136797991472,-18.464403083073762,-48.63550519179759,26.00552369509554,14.276059632301331,7.815881673097611,1149.2882770395279,1143.9574558639526,1150.0197966861724,1152.2833915650845,0.1906582545111407,0.38828751722922683,0.0,0.38828751722922683,0.1906582545111407
residual_mismatch,residual,Residual mismatch,mismatch,128,live,20.315848686421486,0.10128468100339628,0.0012246832150639099,0.15,0.004459103196859359,0.315,0.685,0.0,0.0,-2.7603132518859117,-5.560706388595975,-36.8673583576166,33.07864766685875,14.929750307798386,8.782427954673768,1172.2697636473179,1165.529300198555,1165.53033326149,1165.4708444452285,0.19922771537928521,0.33586915838547027,0.0,0.33586915838547027,0.19922771537928521
residual_mismatch,residual,Residual mismatch,mismatch,129,live,12.769352847416442,0.11114396510118216,0.0012611449467421815,0.1375,0.004937930852174759,0.36,0.64,0.0,0.0,-1.200430668650327,-6.989210737601184,-37.609012934689346,39.77159015810894,16.44590609639883,10.43476047039032,1157.494193879068,1154.0353018379212,1152.3086545562744,1149.5715831327439,0.22441855639701266,0.3895939522621149,0.0,0.3895939522621149,0.22441855639701266
residual_mismatch,residual,Residual mismatch,mismatch,130,live,25.211422553507745,0.10351038060557932,0.001203270380176119,0.17,0.004248390048742294,0.25,0.75,0.0,0.0,-4.574600731804908,-8.88111942442174,-36.54425112063515,36.04685668461736,11.222750616073608,8.147436923980713,1203.951677184105,1199.9380004692077,1202.4426528930665,1204.422414264679,0.1768012506256384,0.32150510308508756,0.0,0.32150510308508756,0.1768012506256384
residual_mismatch,residual,Residual mismatch,mismatch,131,live,16.0756443241833,0.10811306081998737,0.0013376693179856854,0.1775,0.00472997434437275,0.3375,0.6625,0.0,0.0,-2.3343526025290697,-7.101775958486542,-34.5175484345966,38.50977519857061,14.70340542793274,9.531828327178955,1205.0977568483352,1200.8245283317565,1200.1994012641908,1200.0191604614258,0.21618810588537563,0.3943949321718396,0.0,0.3943949321718396,0.21618810588537563
residual_mismatch,residual,Residual mismatch,mismatch,132,live,23.058683215725292,0.0942082259022483,0.001272634811279219,0.1575,0.0044006542861461636,0.36,0.64,0.0,0.0,-2.029706539523911,-5.67409017918925,-32.276445226342275,31.593426161496016,10.291036909222603,7.221402688026428,1237.4484850019217,1235.4885952484608,1235.5011454391479,1235.3315862035752,0.202567920956497,0.34306403471375746,0.0,0.34306403471375746,0.202567920956497
residual_mismatch,residual,Residual mismatch,mismatch,133,live,20.714607259495374,0.10014377733551115,0.0011494476644574668,0.1575,0.004645687118172645,0.365,0.635,0.0,0.0,0.9963217529354932,-3.47694312775252,-29.355058191209377,36.99482565650225,9.996976656913757,7.24103458404541,1259.9745152664184,1258.8712220335008,1254.8972152900697,1256.4166717910766,0.21306798272934607,0.3676286008383262,0.0,0.3676286008383262,0.21306798272934607
residual_mismatch,residual,Residual mismatch,mismatch,134,live,20.442197542052057,0.09691610959759407,0.001364325607878022,0.175,0.004550870954990387,0.3625,0.6375,0.0,0.0,0.24322031833082008,-4.0735076394950624,-24.958665923795454,36.42032040696514,10.006081809997559,6.893459745645523,1247.3643015551568,1245.0615086627006,1242.412673678398,1243.2732372486591,0.21847312236670377,0.3700292976339016,0.0,0.3700292976339016,0.21847312236670377
residual_mismatch,residual,Residual mismatch,mismatch,135,live,20.918135065837376,0.08710122172521471,0.001419636403340812,0.175,0.004529824554920197,0.395,0.605,0.0,0.0,2.3130261742652567,-1.9393499165074672,-21.32732322512902,36.06166009559083,10.155067477226257,6.810864885747432,1267.0285531544685,1266.0597959494592,1260.714012207091,1261.0340122437476,0.23729649340014322,0.3623325228395197,0.0,0.3623325228395197,0.23729649340014322
residual_mismatch,residual,Residual mismatch,mismatch,136,live,23.038418904164047,0.09493495992231765,0.0011301574714078061,0.145,0.004566611796617508,0.33,0.67,0.0,0.0,2.653024188307508,-4.532256892159012,-26.163286774863728,37.39698642008612,9.821417293548585,8.129315595626831,1296.6714370536804,1297.7261251449586,1292.2883767461776,1293.39235519886,0.22532554001479266,0.35559940892124814,0.0,0.35559940892124814,0.22532554001479266
residual_mismatch,residual,Residual mismatch,mismatch,137,live,22.74981690700546,0.09033078403777656,0.0013200134144877218,0.1625,0.004788602665066719,0.42,0.58,0.0,0.0,7.027652601980641,-1.4523169723632918,-17.09082447479718,38.12120199762066,9.382864815592766,8.625760715007782,1295.4428132790326,1295.3739583873748,1286.6079438972474,1288.6129422211648,0.2575653699656481,0.3512496468247896,0.0,0.3512496468247896,0.2575653699656481
residual_mismatch,residual,Residual mismatch,mismatch,138,live,23.449404574535677,0.0963882762203638,0.001187094993892529,0.1525,0.00433732733130455,0.31,0.69,0.0,0.0,2.3948057378598593,-5.022669180777257,-21.50357538941266,32.82248224338679,9.00081157207489,7.215304369926453,1318.032848277092,1317.51096865654,1312.7649568748475,1314.3946860647202,0.2053989443533355,0.32191896302935236,0.0,0.32191896302935236,0.2053989443533355
residual_mismatch,residual,Residual mismatch,mismatch,139,live,25.23342566071118,0.08593903302809303,0.001137538718671816,0.1525,0.004533251002430916,0.38,0.62,0.0,0.0,4.759537961352068,-1.3739262088255373,-19.238388501481314,33.97061772388709,7.555748224258423,6.001747697591782,1342.3879236316682,1342.695237007141,1336.0084856605529,1336.4239696371556,0.2251716224846564,0.3259380914943469,0.0,0.3259380914943469,0.2251716224846564
residual_mismatch,residual,Residual mismatch,mismatch,140,live,24.457825585893634,0.09232683485784836,0.0011768133443326781,0.15,0.00481507495045662,0.39,0.61,0.0,0.0,3.0289982898220167,-2.0760810302415393,-20.926095558830866,39.647652994144465,8.865914168357849,6.815637090206146,1340.5453108549118,1339.4934286689759,1335.073078057766,1334.7824353790284,0.24077002672934986,0.34246231862974497,0.0,0.34246231862974497,0.24077002672934986
residual_mismatch,residual,Residual mismatch,mismatch,141,live,24.1225921795657,0.09475564037969626,0.001133736056944062,0.1525,0.0043852699548006056,0.3175,0.6825,0.0,0.0,2.763972486432466,-3.94267831333309,-18.913292208388405,34.482154843321105,8.658163902163505,6.467750337123871,1355.869280576706,1356.7595598965884,1350.8387186479567,1351.8564800667764,0.19919041824934844,0.3158099605474779,0.0,0.3158099605474779,0.19919041824934844
residual_mismatch,residual,Residual mismatch,mismatch,142,live,24.583392010121184,0.09579763822526953,0.00109704239056653,0.15,0.004516619741916656,0.2925,0.7075,0.0,0.0,2.418238730696602,-5.412665154958972,-21.112236873854,30.84996898896764,10.010259727984668,7.021515026092529,1374.6693068747222,1375.9157789707183,1369.3648427009582,1370.379641342163,0.2166621782042997,0.3447875069166184,0.0,0.3447875069166184,0.2166621782042997
residual_mismatch,residual,Residual mismatch,mismatch,143,live,26.87840269503168,0.09072430287731766,0.0012062514099585328,0.1625,0.004351466223597527,0.285,0.715,0.0,0.0,2.121963326774785,-4.571392196240367,-24.182772159850536,33.958250982245815,8.816670660972596,6.96721643447876,1377.1154048299788,1375.8111848831177,1372.4217306566238,1372.5365631341933,0.22330783963538514,0.33680780866503995,0.0,0.33680780866503995,0.22330783963538514
residual_mismatch,residual,Residual mismatch,mismatch,144,live,27.354451439626132,0.08601258108428554,0.000985187140189568,0.135,0.0042830704152584075,0.295,0.705,0.0,0.0,2.882020549473115,-5.587322171956885,-22.124444485097044,32.139451195474784,8.40101001739502,6.367823543548584,1417.147113547325,1417.25958589077,1412.0830196189881,1412.4679719543458,0.21829433512091934,0.3256267369986596,0.0,0.3256267369986596,0.21829433512091934
residual_mismatch,residual,Residual mismatch,mismatch,145,live,26.560593347101666,0.0924224233100098,0.0010882001291949027,0.1525,0.0046239267289638515,0.36,0.64,0.0,0.0,6.349872860838814,-2.2681077588247263,-13.940901467076877,40.74782026894958,6.927274599075317,6.439620930561796,1414.5344068050385,1413.9012256622314,1407.437236943245,1407.2989950007293,0.2356011471478382,0.3272537234956731,0.0,0.3272537234956731,0.2356011471478382
residual_mismatch,residual,Residual mismatch,mismatch,146,live,26.652766261753644,0.08813011286060483,0.0011112239078505223,0.15,0.0048556578159332274,0.3975,0.6025,0.0,0.0,6.908219768813552,-1.6223063300205922,-14.62523733420212,35.81877470556352,7.575299317836762,6.738317213058472,1428.5468639445305,1427.4582659816742,1419.9979754924775,1420.4912327575685,0.25259206653512134,0.34192965335182174,0.0,0.34192965335182174,0.25259206653512134
residual_mismatch,residual,Residual mismatch,mismatch,147,live,27.235408741851543,0.09027937592230101,0.0010824327387786365,0.16,0.004618394672870636,0.3525,0.6475,0.0,0.0,7.916829758327635,-1.7253878730990664,-17.32797988156958,37.3135717034078,8.044837369918824,7.864772534370422,1437.3930995082856,1437.4772336769104,1428.527656607628,1430.1250279331207,0.2300963487335221,0.3105141040473915,0.0,0.3105141040473915,0.2300963487335221
residual_mismatch,residual,Residual mismatch,mismatch,148,live,28.79138309057995,0.08123076600021119,0.0010902603488637747,0.1475,0.0044110104441642765,0.3125,0.6875,0.0,0.0,6.630515029464657,-3.21356331578329,-17.830045722659406,42.131795516955734,7.535533866882324,6.858115308284759,1460.2930302238465,1460.4584029579162,1452.0781945848464,1454.0324406456948,0.23329390900744967,0.31303916145579674,0.0,0.31303916145579674,0.23329390900744967
residual_mismatch,residual,Residual mismatch,mismatch,149,live,28.615192862095842,0.08657144711685114,0.001111304269184651,0.1375,0.0045755387842655185,0.2775,0.7225,0.0,0.0,3.976703915586955,-6.368133794995174,-22.112611998253804,39.934108053548044,9.092419309616089,8.382370245456695,1465.0737584400176,1465.3682862854005,1459.3813676285745,1461.6579613542556,0.24092349133509394,0.3511714289488823,0.0,0.3511714289488823,0.24092349133509394
residual_mismatch,residual,Residual mismatch,mismatch,150,live,28.21047672183835,0.08722555088574997,0.0009888687801044684,0.1325,0.004465637356042862,0.29,0.71,0.0,0.0,4.513852046979497,-3.682012007235926,-15.454750934064643,33.61335784346642,7.73980355501175,6.517185612916946,1495.076380622387,1494.3613236808776,1488.8723130941391,1489.0677981817723,0.22592142364008028,0.31166333625158527,0.0,0.31166333625158527,0.22592142364008028
residual_mismatch,residual,Residual mismatch,mismatch,151,live,28.32151126351857,0.08193852477291473,0.0012114099576251976,0.1625,0.004513973742723465,0.32,0.68,0.0,0.0,3.5201017214707324,-3.1893552060902266,-16.824053944825938,37.242160701128206,7.530298933982849,6.232538921833038,1478.3944182491302,1477.9123844671249,1473.3395580530166,1473.304821484089,0.24050203067038506,0.32864457749696996,0.0,0.32864457749696996,0.24050203067038506
residual_mismatch,residual,Residual mismatch,mismatch,152,live,28.708890087145665,0.08597346892930685,0.001053774824413391,0.1475,0.004470904469490051,0.3075,0.6925,0.0,0.0,3.9166639169387762,-3.7804887211004825,-18.71753978614247,33.33269210895018,7.543848122358322,6.339297771453857,1508.5067792856694,1508.6870548677443,1503.2965051651001,1503.6318711280824,0.2303887641111667,0.3099425246451253,0.0,0.3099425246451253,0.2303887641111667
residual_mismatch,residual,Residual mismatch,mismatch,153,live,26.84486024256349,0.08657921327521384,0.001256893828327454,0.1675,0.004519739449024201,0.325,0.675,0.0,0.0,3.5344019551859476,-3.1504973309993147,-21.008487107354266,36.99636199590503,8.642201671600342,6.747662672996521,1488.8803184604644,1490.2390898418425,1483.5958601522445,1484.6383898830413,0.2371228902085781,0.34703355375595507,0.0,0.34703355375595507,0.2371228902085781
residual_mismatch,residual,Residual mismatch,mismatch,154,live,24.96522208717646,0.08541820658380582,0.001080920152686556,0.15,0.0046055206656455995,0.4275,0.5725,0.0,0.0,8.907964578282098,-0.4616881796237067,-11.04433745831725,35.91303242172741,7.288139820098877,6.258910728096962,1529.0982340240478,1528.491793384552,1518.4855449587108,1519.2054525518417,0.24734793458499774,0.32228259523886554,0.0,0.32228259523886554,0.24734793458499774
residual_mismatch,residual,Residual mismatch,mismatch,155,live,26.83448028583856,0.08863035032940461,0.0010460749429607563,0.1525,0.004732029289007187,0.395,0.605,0.0,0.0,8.826253537739499,-1.2119887644237224,-13.66218097219662,37.88967152370554,7.443595371246338,6.980013763904571,1546.3193972206116,1546.9342489242554,1537.3301493167878,1537.3197027373315,0.24113690990490724,0.3112971153747952,0.0,0.3112971153747952,0.24113690990490724
residual_mismatch,residual,Residual mismatch,mismatch,156,live,25.866971034629344,0.08213765761785861,0.001176935585622408,0.1475,0.004806455820798874,0.425,0.575,0.0,0.0,9.021757963127586,-0.6938042801411939,-11.9299006753218,44.82056391002951,6.660712261199951,5.9813864088058475,1537.1558799171448,1536.3599491119385,1526.9699133872987,1527.11956884861,0.2633640243729533,0.3262070183616408,0.0,0.3262070183616408,0.2633640243729533
residual_mismatch,residual,Residual mismatch,mismatch,157,live,28.26856311109323,0.0761696452547084,0.0012206149542651338,0.16,0.004498479515314102,0.3275,0.6725,0.0,0.0,7.101786134539598,-2.965872539165048,-13.547308466142795,42.24576588975604,8.077153825759888,6.9439465832710265,1547.468529806137,1546.551033191681,1538.6948976039887,1538.8297396254538,0.23972328119922906,0.32441275170115896,0.0,0.32441275170115896,0.23972328119922906
residual_mismatch,residual,Residual mismatch,mismatch,158,live,27.064034996590177,0.0789516394402586,0.0012602890172143985,0.16,0.004424812495708466,0.365,0.635,0.0,0.0,7.206428597423647,-1.3175652928990758,-12.874800090238068,44.38446553110542,7.3938530158996585,6.544099304676056,1553.9568076324463,1554.9370160865783,1546.1340897083282,1546.6212612509728,0.24215240448193642,0.3214984164618669,0.0,0.3214984164618669,0.24215240448193642
residual_mismatch,residual,Residual mismatch,mismatch,159,live,28.248185223121627,0.07965975446664626,0.0012880497139307373,0.165,0.004408187419176102,0.3075,0.6925,0.0,0.0,6.589936777991674,-3.5957524483341103,-16.31751129067297,42.31057675605962,7.686035947799683,6.772083625793457,1556.855704727173,1557.5557109355927,1549.0969568443297,1550.2803098869324,0.22927643809459738,0.33482694405438695,0.0,0.33482694405438695,0.22927643809459738
residual_mismatch,residual,Residual mismatch,mismatch,160,live,29.493399885536547,0.0748522264307356,0.0011334057691077574,0.155,0.004329233020544052,0.32,0.68,0.0,0.0,6.053273850439513,-2.641909484422058,-15.028645633309724,41.002209225212574,6.594832029342651,5.453734397888184,1592.1958756160736,1590.8886069869995,1584.7644952726364,1583.9079155302047,0.23318743073772707,0.29769292360151434,0.0,0.29769292360151434,0.23318743073772707
residual_mismatch,residual,Residual mismatch,mismatch,161,live,28.976822674435493,0.07658448122229225,0.0010993006251171775,0.1425,0.004430710822343826,0.3775,0.6225,0.0,0.0,8.837009179511929,-0.9028003773361206,-9.784750829745144,43.30924636095096,6.849069657325745,6.789054863750935,1611.60560546875,1611.249083800316,1602.051257944107,1602.9847639629245,0.24820501121920016,0.3095371610737592,0.0,0.3095371610737592,0.24820501121920016
residual_mismatch,residual,Residual mismatch,mismatch,162,live,30.292468407925117,0.0682956931161997,0.001169978994150401,0.15,0.004323712587356567,0.32,0.68,0.0,0.0,7.1183282463333315,-2.0588637281671254,-12.75338663215507,40.3299678880549,6.8915804624557495,6.2972164058685305,1610.0812593650817,1609.7185126638412,1602.3738657569886,1601.9762070560455,0.24301564187910774,0.31078111965913585,0.0,0.31078111965913585,0.24301564187910774
residual_mismatch,residual,Residual mismatch,mismatch,163,live,28.41598004409954,0.07409534048073693,0.0010764969250705518,0.1425,0.004524723738431931,0.34,0.66,0.0,0.0,9.828466368142934,-1.6137481722086022,-14.223801886112891,52.83952793763804,6.957599353790283,6.291892070770263,1625.8629728984833,1624.8460273456574,1614.6130389595032,1615.0804656982423,0.25696795757194285,0.33711203109377896,0.0,0.33711203109377896,0.25696795757194285
residual_mismatch,residual,Residual mismatch,mismatch,164,live,28.61484960970885,0.07288648742735847,0.0011462078624268452,0.155,0.004284694939851761,0.355,0.645,0.0,0.0,8.241953194754686,-2.4921708893961068,-14.605347223089643,43.02443051307968,6.691192512512207,6.137259044647217,1628.2607152366638,1627.3584880256653,1619.2594427108766,1618.7454211235047,0.23103546249622617,0.3031556315413829,0.0,0.3031556315413829,0.23103546249622617
residual_mismatch,residual,Residual mismatch,mismatch,165,live,25.82165293368955,0.10180675221682868,0.0009970266907334319,0.1775,0.004681499004364014,0.39,0.61,0.0,0.0,6.125105414741785,-1.337751723017277,-15.315699569695742,34.70248341055159,10.269984645843506,7.8027767562866215,1637.1739777374269,1638.0089398002624,1628.496441898346,1629.4707635307311,0.24668889499751814,0.3493963754758888,0.0,0.3493963754758888,0.24668889499751814
residual_mismatch,residual,Residual mismatch,mismatch,166,live,29.255224331889575,0.07395326856444623,0.0010026507055193332,0.135,0.004500056803226471,0.375,0.625,0.0,0.0,11.23763751806397,-1.2507671355546108,-11.214626965897969,41.927306504454435,7.015958366394043,7.034986534118652,1672.819395918846,1672.7749915838242,1661.1509608078004,1661.980158843994,0.26128036690255857,0.3140585922227509,0.0,0.3140585922227509,0.26128036690255857
residual_mismatch,residual,Residual mismatch,mismatch,167,live,29.203713111075057,0.07416018531486357,0.0010121374924771654,0.135,0.004456940591335296,0.355,0.645,0.0,0.0,10.771999499224394,-1.7187435474988888,-11.555904730176417,44.535441526173315,7.40055115044117,7.054126853942871,1673.8571626251935,1673.1792907714844,1661.444612045288,1663.3284731674194,0.24969400996341057,0.3197149846887075,0.0,0.3197149846887075,0.24969400996341057
residual_mismatch,residual,Residual mismatch,mismatch,168,live,29.78631079872249,0.07121394984283272,0.0010260580174727228,0.135,0.004423652738332748,0.325,0.675,0.0,0.0,9.408301423492135,-1.7778625421505012,-10.852832608958215,43.635570249837215,7.795469198226929,6.863558492660522,1688.6354091072083,1687.1583744144439,1677.917645225525,1677.1697594738007,0.2536517704085879,0.31926787984347427,0.0,0.31926787984347427,0.2536517704085879
residual_mismatch,residual,Residual mismatch,mismatch,169,live,26.420822571594325,0.08128930628350094,0.0010818838841423076,0.13,0.0046969069540500645,0.4575,0.5425,0.0,0.0,11.379945803474323,0.05162563880344351,-7.5899914469269785,45.56349601191052,7.346784690022469,7.100126647949219,1685.3862270069121,1683.905555445552,1673.5025856018067,1672.511357421875,0.2586487773626289,0.30411974528769403,0.0,0.30411974528769403,0.2586487773626289
residual_mismatch,residual,Residual mismatch,mismatch,170,live,29.303981971774416,0.07293859995839053,0.0010034678366037076,0.1325,0.004494285732507705,0.38,0.62,0.0,0.0,9.702027193592153,-0.552668804220275,-10.087335060956184,42.28518324357861,6.804704971313477,6.381760429143906,1708.1746998882293,1707.0085495281219,1697.7259464347362,1697.181187195778,0.25276139475783777,0.3099730289634395,0.0,0.3099730289634395,0.25276139475783777
residual_mismatch,residual,Residual mismatch,mismatch,171,live,29.125516199539575,0.07229034581546936,0.001063892520990985,0.135,0.004690785259008408,0.3525,0.6475,0.0,0.0,11.036320181720239,-1.5527095537097466,-8.601150493298928,40.190537423996396,7.1706013488769536,6.60193754196167,1708.764584417343,1708.1582529354096,1697.0892061233521,1696.5963268470764,0.26795248097498514,0.3246019348791143,0.0,0.3246019348791143,0.26795248097498514
residual_mismatch,residual,Residual mismatch,mismatch,172,live,29.88808892806724,0.06941590720393377,0.0010429557266667922,0.1375,0.004416851997375488,0.3925,0.6075,0.0,0.0,9.109961418415397,-0.702576182497296,-12.485726718107271,45.25307707446523,8.100672158002853,7.753024055957794,1718.1428441035748,1717.4976696872711,1708.655920472145,1708.042864983082,0.25875180628448463,0.3126157252565028,0.0,0.3126157252565028,0.25875180628448463
residual_mismatch,residual,Residual mismatch,mismatch,173,live,29.320852137822925,0.07427359016034488,0.0009298474340616125,0.1175,0.0043494880199432375,0.36,0.64,0.0,0.0,11.539564872970663,-1.6790109694429702,-10.620618882875485,43.65178593151904,6.809886770248413,5.779158878326416,1736.0841021728515,1734.7773952579498,1723.3240371513366,1722.3717309951783,0.23885137545636367,0.30060647729318823,0.0,0.30060647729318823,0.23885137545636367
residual_mismatch,residual,Residual mismatch,mismatch,174,live,30.785651061118397,0.06907299430902426,0.0009134487912468544,0.13,0.00421353280544281,0.3575,0.6425,0.0,0.0,8.30597802061886,-1.830607769729454,-11.250410870891754,40.938481504997924,7.923212704658508,5.653860699534416,1748.330982272625,1747.1363290429115,1737.7097525596619,1736.5827055197954,0.23659063855093534,0.29732441817677585,0.0,0.29732441817677585,0.23659063855093534
residual_mismatch,residual,Residual mismatch,mismatch,175,live,30.0651671359008,0.0690438859709614,0.0009663580417089066,0.1225,0.004477703720331192,0.3925,0.6075,0.0,0.0,10.263763981941345,-0.9053437989164195,-9.346281318626984,43.50747395692478,7.03369048409164,6.658718585968018,1753.3632788228988,1752.8452856903523,1742.6193922042846,1742.285335559845,0.2546995357349268,0.31043419144494105,0.0,0.31043419144494105,0.2546995357349268
residual_mismatch,residual,Residual mismatch,mismatch,176,live,29.028042472572636,0.0693630132755934,0.0009417245293265686,0.125,0.004244615435600281,0.38,0.62,0.0,0.0,9.893941813630486,-0.3681352921241796,-9.50624830573224,42.39611895626999,7.388284740447998,6.398648357391357,1765.6331671714784,1766.626355037689,1755.5838164711,1754.8850272750853,0.23554979932173026,0.29274840243394434,0.0,0.29274840243394434,0.23554979932173026
residual_mismatch,residual,Residual mismatch,mismatch,177,live,28.133430932514607,0.06795442921328552,0.0010243921589334207,0.1275,0.0043022075295448305,0.435,0.565,0.0,0.0,10.921610812977967,-0.17094738618095562,-6.825499608226778,42.27138962592278,6.895514750480652,6.307947521209717,1774.7358775234222,1774.5633496809005,1763.465577030182,1762.7904936218263,0.2519944421609292,0.3014346347868453,0.0,0.3014346347868453,0.2519944421609292
residual_mismatch,residual,Residual mismatch,mismatch,178,live,29.783897374696284,0.06810274062561125,0.0010122464028776165,0.1175,0.004250765740871429,0.4025,0.5975,0.0,0.0,8.957983498598319,-0.4673942555149324,-6.263163808749959,42.05540256154036,6.051469993591309,6.1681507968902585,1786.8641992378234,1786.0360947227477,1777.7812009763718,1777.4115105676651,0.24815618068718323,0.30016903662628797,0.0,0.30016903662628797,0.24815618068718323
residual_mismatch,residual,Residual mismatch,mismatch,179,live,30.88104623947289,0.06249024335900115,0.0010132626717998833,0.1325,0.004296375066041946,0.3375,0.6625,0.0,0.0,9.406996586684675,-1.5696076578340126,-8.920192204511316,42.221724956176665,7.2376490449905395,7.043990554809571,1803.485771255493,1804.3304869508743,1793.8898290634156,1794.6985120010377,0.25840430321710356,0.31218151253737403,0.0,0.31218151253737403,0.25840430321710356
residual_mismatch,residual,Residual mismatch,mismatch,180,live,30.938647457261986,0.06608429343277486,0.0010216604178392664,0.12,0.00427033007144928,0.3425,0.6575,0.0,0.0,8.711293573179372,-0.6790195932360348,-8.944761246003191,40.463580405775666,6.466947348117828,6.60305160522461,1823.40439453125,1823.0689435744287,1814.752302045822,1814.5454025554657,0.2469829405494049,0.2990667534202792,0.0,0.2990667534202792,0.2469829405494049
residual_mismatch,residual,Residual mismatch,mismatch,181,live,28.38569245178253,0.07185954512118994,0.0010045783705233875,0.1275,0.004601717740297317,0.4725,0.5275,0.0,0.0,11.002798750415675,0.22763723563605254,-6.992918432872419,45.90442844037343,6.252078351974487,5.797292909622192,1838.6423964691162,1837.40727435112,1826.8296514058113,1826.278402826786,0.27101114730739734,0.3182905203752483,0.0,0.3182905203752483,0.27101114730739734
residual_mismatch,residual,Residual mismatch,mismatch,182,live,29.27704528176181,0.07510480807571555,0.0010223229222779523,0.1275,0.004572619050741196,0.36,0.64,0.0,0.0,11.333431868098657,-1.0299534487547817,-10.499651336446002,46.18566568304367,6.854739846587181,7.051142473220825,1853.308568494916,1852.4397135233878,1842.0567156791687,1841.3906301403047,0.2728895229836996,0.3227213400828501,0.0,0.3227213400828501,0.2728895229836996
residual_mismatch,residual,Residual mismatch,mismatch,183,live,29.970808695902864,0.07314825798119501,0.0009618906630541535,0.1275,0.004314897507429123,0.3525,0.6475,0.0,0.0,10.042563233218779,-0.9909213757273392,-10.196200510553897,41.39614480423586,7.195187802314758,7.096609897613526,1870.9280174589157,1869.5295819854737,1860.2777021598815,1859.874049758911,0.24230165214199012,0.29481381692853664,0.0,0.29481381692853664,0.24230165214199012
residual_mismatch,residual,Residual mismatch,mismatch,184,live,28.79883592133941,0.0691527486611897,0.0011970597651448848,0.15,0.004630237221717835,0.43,0.57,0.0,0.0,9.309419660767809,-0.5755415704704774,-8.308565816645613,42.35103229236934,6.666617078781128,6.487981107234955,1861.3435268735886,1860.5602495622634,1851.379368648529,1851.5186318421363,0.2826065872807791,0.32973713014544925,0.0,0.32973713014544925,0.2826065872807791
residual_mismatch,residual,Residual mismatch,mismatch,185,live,29.18884293203268,0.07208246386471594,0.0010988092184829185,0.14,0.0045252622663974765,0.385,0.615,0.0,0.0,12.17906967984812,-0.5567126712494428,-9.18228777597835,39.78593762907638,7.487559621334076,7.408653891086578,1887.4335516810418,1887.0125761461259,1874.4448255348207,1875.4587749123573,0.25739993746829526,0.312405559895051,0.0,0.312405559895051,0.25739993746829526
residual_mismatch,residual,Residual mismatch,mismatch,186,live,28.673031456654154,0.0736472287810886,0.0011820074198940005,0.1425,0.00471813291311264,0.4525,0.5475,0.0,0.0,10.601589925195192,-0.09073603695230759,-6.912101395107674,44.08283968725903,7.147747926712036,7.299057941436768,1889.781265106201,1889.8731823444366,1879.4710303306579,1879.2528421783447,0.27539103365285705,0.32803108192803343,0.0,0.32803108192803343,0.27539103365285705
residual_mismatch,residual,Residual mismatch,mismatch,187,live,29.844844582443315,0.07627683753128416,0.00109186788117663,0.14,0.00459699809551239,0.325,0.675,0.0,0.0,10.186431920105187,-1.166702873017357,-9.419730724463896,43.14202567611402,7.451913375854492,7.247149624228477,1915.8349795532226,1915.246700515747,1904.5104229956864,1905.7609258580208,0.2582428732373489,0.32216249023051546,0.0,0.32216249023051546,0.2582428732373489
residual_mismatch,residual,Residual mismatch,mismatch,188,live,28.863960845889522,0.07151353822103595,0.001207574520885168,0.1475,0.0047671949863433835,0.425,0.575,0.0,0.0,10.263542652922508,-0.3257578260466971,-10.342728126277573,40.660270917036485,6.632344055175781,6.848139801025391,1914.3908937835693,1912.3487186813354,1903.4516227340698,1903.1630981636047,0.282702532248942,0.3259137511647348,0.0,0.3259137511647348,0.282702532248942
residual_mismatch,residual,Residual mismatch,mismatch,189,live,28.67803450597129,0.07466507344138593,0.0012238470222854484,0.1475,0.0046655434370040895,0.4175,0.5825,0.0,0.0,10.225181174055058,-0.42823661099214405,-7.914296358996171,37.61039496301624,7.774727401733398,8.604754238128661,1929.6610525512694,1928.4122199249268,1918.6815744400024,1920.570547580719,0.2772001182869003,0.3408262193024562,0.0,0.3408262193024562,0.2772001182869003
residual_mismatch,residual,Residual mismatch,mismatch,190,live,29.62717509711292,0.072111096213677,0.0012207924565831344,0.1475,0.004638816118240356,0.4225,0.5775,0.0,0.0,9.853798698291994,-0.41632603138316426,-7.976316411716402,37.01020562386027,8.706073942184448,8.544301490783692,1942.733124923706,1942.2906707286834,1931.0573355293275,1933.9057683372498,0.2670567669845685,0.3231107725813217,0.0,0.3231107725813217,0.2670567669845685
residual_mismatch,residual,Residual mismatch,mismatch,191,live,28.009234381051943,0.0703327750140195,0.0012640420913606816,0.1475,0.004795973226428032,0.5,0.5,0.0,0.0,11.024779501436694,0.5196373402513927,-6.1237090980683435,39.837117436514745,6.955342636108399,7.602485961914063,1951.7295123481751,1950.9212836647034,1940.3876174926759,1941.476752090454,0.2896204537114182,0.3424206179600611,0.0,0.3424206179600611,0.2896204537114182
residual_mismatch,residual,Residual mismatch,mismatch,192,live,26.975756263605817,0.07746023470589944,0.0013856900683343865,0.16,0.005130531489849091,0.54,0.46,0.0,0.0,10.135395440474577,0.9536189276071809,-7.047577592414835,40.25777703144398,7.849453506469726,8.157099838256835,1956.7828693580627,1956.1601643562317,1946.423662033081,1946.8297683334351,0.3005377149653918,0.3606362982438065,0.0,0.3606362982438065,0.3005377149653918
residual_mismatch,residual,Residual mismatch,mismatch,193,live,29.75454476913722,0.07331645671117001,0.00119952075310914,0.1475,0.00452589713037014,0.38,0.62,0.0,0.0,9.634482018239373,-0.7123252290448363,-9.933225070099796,40.12579863803562,7.447331953048706,7.8091683673858645,1979.9382342529298,1979.6053499889374,1969.879597492218,1971.090926656723,0.25637975755127024,0.31729491438368007,0.0,0.31729491438368007,0.25637975755127024
residual_mismatch,residual,Residual mismatch,mismatch,194,live,28.388464397798803,0.07701098680579813,0.0012209821390547705,0.1475,0.004790882617235184,0.47,0.53,0.0,0.0,10.52731195431812,0.16198425447009868,-6.065616561215164,39.467439259934864,7.827750432491302,8.109283456802368,1990.6981277489663,1991.4342068862916,1980.1145776510239,1981.4960481882094,0.2705741058085085,0.3257310124547344,0.0,0.3257310124547344,0.2705741058085085
residual_mismatch,residual,Residual mismatch,mismatch,195,live,28.284358393381925,0.07864779775407713,0.0011182825765032492,0.1275,0.004675557762384415,0.46,0.54,0.0,0.0,9.980695055817886,0.11413363737858617,-5.857220945667654,39.80895456341827,6.341105604171753,6.398107833862305,2003.1027317810058,2003.3085352039336,1992.7759830093385,1993.7620739364625,0.2612456801249651,0.30362463838777043,0.0,0.30362463838777043,0.2612456801249651
residual_mismatch,residual,Residual mismatch,mismatch,196,live,28.493128518302118,0.07142750821211913,0.0012206161639989608,0.1375,0.004494872093200684,0.44,0.56,0.0,0.0,10.058168528214956,-0.14650888168466736,-5.713469914056418,37.33545760197477,6.031767017841339,6.075979957580566,1988.2213208794594,1988.088222837448,1978.1627437210084,1978.0921012878418,0.2638388036045473,0.3070777724459205,0.0,0.3070777724459205,0.2638388036045473
residual_mismatch,residual,Residual mismatch,mismatch,197,live,27.579820357650878,0.07593032000323968,0.0010994975309831677,0.135,0.004863702356815338,0.4675,0.5325,0.0,0.0,12.236409298360488,0.15201381365272937,-5.804663349387828,43.23495414808232,6.822580575942993,7.104246311187744,2000.9428868484497,1999.9062916851044,1988.2976164054871,1988.6112365341187,0.2870610094127109,0.33882210618508984,0.0,0.33882210618508984,0.2870610094127109
residual_mismatch,residual,Residual mismatch,mismatch,198,live,28.978758476791562,0.07177355134739616,0.0010590481401549746,0.1275,0.0044761145114898685,0.4,0.6,0.0,0.0,11.057149812108937,-0.40408633199763244,-6.528000112691142,48.583679393305964,6.893948135375976,6.883580412864685,2006.573145236969,2005.6108397102355,1994.416313352585,1995.6075858736037,0.25092125134026916,0.2935268088291217,0.0,0.2935268088291217,0.25092125134026916
residual_mismatch,residual,Residual mismatch,mismatch,199,live,29.44795278562804,0.06514776309873822,0.0010575644290019063,0.13,0.004442969560623169,0.4525,0.5475,0.0,0.0,9.154047350997125,0.1151930114415336,-5.582589869720548,38.22418394500214,7.0436456632614135,6.48302227973938,2003.877466249466,2002.5888566637038,1993.4268082523347,1993.5834069633484,0.2605193762139091,0.3047522047822049,0.0,0.3047522047822049,0.2605193762139091
residual_mismatch,residual,Residual mismatch,mismatch,200,live,31.089803646260574,0.061617560041114315,0.0009848996679979332,0.125,0.004272742122411728,0.32,0.68,0.0,0.0,11.355808009989532,-0.25502926729973296,-1.1728878910736966,37.62062996112532,8.225509557724,7.220676087141037,2005.295077767372,1998.1989422941208,1992.2429109764098,1986.5058277237415,0.2463331627594762,0.2675048376526825,0.0,0.2675048376526825,0.2463331627594762
residual_standard,residual,Residual standard,standard,1,warm_start,-2.475463115745954,0.2927706401858373,0.0026223177021771865,0.4425,0.0064568867161870006,0.0,0.0,1.0,0.0,nan,nan,nan,nan,nan,nan,nan,nan,nan,nan,2.0787712713691518e-06,0.0016804464860181556,0.0,0.0016804464860181556,2.0787712713691518e-06
residual_standard,residual,Residual standard,standard,2,warm_start,7.874010893845127,0.18594178333833639,0.0015049683573207361,0.2525,0.004068056493997574,0.0,0.0,1.0,0.0,nan,nan,nan,nan,nan,nan,nan,nan,nan,nan,2.2713020646084725e-06,0.0009752403643239252,0.0,0.0009752403643239252,2.2713020646084725e-06
residual_standard,residual,Residual standard,standard,3,warm_start,7.984692406601336,0.18505932937001168,0.0014994051015581027,0.2525,0.004050181210041046,0.0,0.0,1.0,0.0,nan,nan,nan,nan,nan,nan,nan,nan,nan,nan,2.2250726567738705e-06,0.0009736715746592997,0.0,0.0009736715746592997,2.2250726567738705e-06
residual_standard,residual,Residual standard,standard,4,warm_start,8.105861238562058,0.1841020657455247,0.0014935434553698503,0.2525,0.004030853658914566,0.0,0.0,1.0,0.0,nan,nan,nan,nan,nan,nan,nan,nan,nan,nan,2.2739456645887434e-06,0.0009724210739575952,0.0,0.0009724210739575952,2.2739456645887434e-06
residual_standard,residual,Residual standard,standard,5,warm_start,8.225751087395833,0.18307175951326818,0.0014873750083868498,0.255,0.0040106275677680965,0.0,0.0,1.0,0.0,nan,nan,nan,nan,nan,nan,nan,nan,nan,nan,2.1875657711838807e-06,0.0009731169563244885,0.0,0.0009731169563244885,2.1875657711838807e-06
residual_standard,residual,Residual standard,standard,6,warm_start,8.349040538526186,0.18196550985806736,0.001480928696848447,0.25,0.003989091068506241,0.0,0.0,1.0,0.0,nan,nan,nan,nan,nan,nan,nan,nan,nan,nan,2.286098568184919e-06,0.0009714769724594711,0.0,0.0009714769724594711,2.286098568184919e-06
residual_standard,residual,Residual standard,standard,7,warm_start,8.48203890090931,0.18077219647381912,0.0014741684335295396,0.25,0.0039677004516124725,0.0,0.0,1.0,0.0,nan,nan,nan,nan,nan,nan,nan,nan,nan,nan,2.2672154825796747e-06,0.0009675595804769586,0.0,0.0009675595804769586,2.2672154825796747e-06
residual_standard,residual,Residual standard,standard,8,warm_start,8.646030864361617,0.17952055136780726,0.0014670556034361666,0.2525,0.003944434225559235,0.0,0.0,1.0,0.0,nan,nan,nan,nan,nan,nan,nan,nan,nan,nan,2.1917021075689315e-06,0.0009650702327045674,0.0,0.0009650702327045674,2.1917021075689315e-06
residual_standard,residual,Residual standard,standard,9,warm_start,8.806049896434699,0.17844642803999952,0.0014595874684215548,0.2475,0.0039189749956130985,0.0,0.0,1.0,0.0,nan,nan,nan,nan,nan,nan,nan,nan,nan,nan,2.2823629615334132e-06,0.0009615050762145991,0.0,0.0009615050762145991,2.2823629615334132e-06
residual_standard,residual,Residual standard,standard,10,warm_start,8.921949093624567,0.17753203477088633,0.0014515436935976767,0.2475,0.0038923461735248565,0.0,0.0,1.0,0.0,nan,nan,nan,nan,nan,nan,nan,nan,nan,nan,2.2658318913374263e-06,0.0009548615291055304,0.0,0.0009548615291055304,2.2658318913374263e-06
residual_standard,residual,Residual standard,standard,11,protected_handover,9.070040135753617,0.17651791590726362,0.001443245649421826,0.245,0.0038665421307086945,0.0,0.9975,0.0025,0.0,nan,nan,nan,nan,nan,nan,nan,nan,nan,nan,2.267780412707969e-06,0.0009453480228250405,0.0,0.0009453480228250405,2.267780412707969e-06
residual_standard,residual,Residual standard,standard,12,protected_handover,9.243794819209684,0.17539661429877662,0.0014346139093514949,0.2425,0.003838924765586853,0.0,1.0,0.0,0.0,nan,nan,nan,nan,nan,nan,nan,nan,nan,nan,2.2638538953253e-06,0.0009358249098652785,0.0,0.0009358249098652785,2.2638538953253e-06
residual_standard,residual,Residual standard,standard,13,protected_handover,9.454507113939478,0.1741993588824333,0.001425552107496523,0.2375,0.0038097545504570006,0.0,1.0,0.0,0.0,nan,nan,nan,nan,nan,nan,nan,nan,nan,nan,2.2355235573884174e-06,0.0009265542026947404,0.0,0.0009265542026947404,2.2355235573884174e-06
residual_standard,residual,Residual standard,standard,14,live,-11.40395986412946,0.20080300539056706,0.001293952532503505,0.175,0.0045962691307067875,0.1,0.9,0.0,0.0,-43.45383191632045,-21.61397398036911,-129.54090400788033,0.325769745684447,22.62098788221677,4.109626224717326,14.271893312907158,18.09943164014876,40.508302294567486,41.732322974928785,0.05184288474123569,0.30967170952932804,0.0,0.30967170952932804,0.05184288474123569
residual_standard,residual,Residual standard,standard,15,live,11.863523867080112,0.16124063079501713,0.0014019372531353007,0.225,0.0037077176570892334,0.07,0.93,0.0,0.0,-59.82651587265293,-29.016635288523172,-174.57832703724267,-0.036501916454662144,42.468718845136465,6.010207317247986,-18.98814620086923,8.466098857540636,18.316123093999924,17.876468015052378,0.02099090390179324,0.35066179525794383,0.0,0.35066179525794383,0.02099090390179324
residual_standard,residual,Residual standard,standard,16,live,5.56981026251151,0.17031086209336393,0.0031025480532315395,0.3875,0.004302070140838623,0.185,0.815,0.0,0.0,-37.95332301655109,-28.875206509264956,-136.09309917854563,29.760939494966152,49.65302637375891,7.709292767862789,-95.94107814826071,-68.7620133908093,-86.23107777599245,-86.51973249461967,0.11899532157938882,0.6640708718890778,0.0,0.6640708718890778,0.11899532157938882
residual_standard,residual,Residual standard,standard,17,live,-38.165927904560824,0.29163125204385465,0.009873128559747018,0.645,0.004878349900245667,0.545,0.455,0.0,0.0,355.2315679154635,3.848805550492669,-56.49127635644943,1015.3157979525025,42.8500888254866,68.52423540383577,-1123.746075757891,-1103.9688187239692,-1476.2900415269285,-1410.6561380124838,0.6448927484957148,1.0348309089542458,0.0,1.0348309089542458,0.6448927484957148
residual_standard,residual,Residual standard,standard,18,live,-70.969544361836,0.47898892301983975,0.014117177721650378,1.0,0.006047334969043732,0.9675,0.0325,0.0,0.0,599.9021946437555,472.11059619167156,106.49776303438863,1071.0418837791453,84.73965881347657,121.54741592407227,-2424.8437915039062,-2370.305506591797,-3016.799879760742,-2904.6605668640136,1.1543454324385183,1.1933810726214267,0.0,1.1933810726214267,1.1543454324385183
residual_standard,residual,Residual standard,standard,19,live,-44.49639199946862,0.3164770862218566,0.01292193393441426,1.0,0.005328859686851501,0.9375,0.0625,0.0,0.0,428.31414476696676,329.5055658894281,26.881966209816174,835.4025887108457,36.47813339233399,77.61476524353027,-2048.9769297790526,-2060.460002746582,-2468.04265953064,-2415.8437370300294,0.9905340541822117,1.0201181213771613,0.0,1.0201181213771613,0.9905340541822117
residual_standard,residual,Residual standard,standard,20,live,2.9911677187476475,0.20942542702774256,0.002794240668548627,0.3975,0.004949637204408646,0.2,0.8,0.0,0.0,-50.28502643015667,-55.51745643855019,-163.57273060796115,59.53764962350929,58.220232343822715,21.776554506123066,-199.96866962388157,-230.66318270653485,-192.937899133265,-210.02937861859797,0.11932619069117809,0.3541978193239976,0.0,0.3541978193239976,0.11932619069117809
residual_standard,residual,Residual standard,standard,21,live,0.5650801342203888,0.1758426223664167,0.0031033808209186588,0.3975,0.004070724248886108,0.28,0.72,0.0,0.0,-28.974547220304046,-11.24976094704248,-134.21847775548295,36.36995382776592,26.946467391010373,6.2841427355632185,-140.06906901611015,-135.24731681965292,-128.16844026884064,-130.57240385407582,0.13396740456368295,0.5345971918986067,0.0,0.5345971918986067,0.13396740456368295
residual_standard,residual,Residual standard,standard,22,live,-27.729986101555678,0.22331706588063568,0.008426223497870831,0.615,0.004929297566413879,0.62,0.38,0.0,0.0,129.0103086242441,7.260718750189394,-37.901101175999585,369.84460316030606,21.565356495734303,13.568892986783759,-832.2815551317018,-824.9727779229823,-962.0639135545119,-969.2827817525994,0.517404826662488,0.8028911738724871,0.0,0.8028911738724871,0.517404826662488
residual_standard,residual,Residual standard,standard,23,live,-30.83441504764107,0.21986239656340703,0.009347723848994446,0.51,0.003916383534669876,0.525,0.475,0.0,0.0,195.55856083765775,7.135306762447517,-90.61080685706644,635.3678244227405,40.66770677521825,27.51944242373109,-1192.485850191936,-1216.8431272593887,-1422.098933287412,-1404.7126838734746,0.6134426133287431,0.7607757204922783,0.0,0.7607757204922783,0.6134426133287431
residual_standard,residual,Residual standard,standard,24,live,-31.474150893771547,0.2500925001214243,0.00942639729641771,0.665,0.004366729259490967,0.605,0.395,0.0,0.0,144.8917684956953,73.80423284029786,-69.28505932974794,377.6482423487993,37.96189982354641,16.401269529014826,-1145.5655710619687,-1171.6447366571426,-1324.8825298841298,-1325.3061029869318,0.6625184847783899,0.8293700610973233,0.0,0.8293700610973233,0.6625184847783899
residual_standard,residual,Residual standard,standard,25,live,-25.36867534726519,0.18003787064702664,0.00869922109037889,0.5725,0.0045681999623775485,0.5725,0.4275,0.0,0.0,122.77934950492607,45.189319540527066,-60.87214733741117,348.2744823878346,34.031251734048126,15.06243327498436,-1009.6907993660867,-1031.8803770941495,-1162.540868332982,-1162.5829700416327,0.5379308223737052,0.7131003122820481,0.0,0.7131003122820481,0.5379308223737052
residual_standard,residual,Residual standard,standard,26,live,-18.628086598862968,0.18015312787304397,0.007435097006363348,0.5075,0.00407643049955368,0.5525,0.4475,0.0,0.0,88.59215543627067,29.560813547885054,-55.52502424489169,262.54371891126584,23.71279197204858,13.449859669692815,-759.1252514503897,-769.3681701434031,-862.3048950172588,-863.9474525758624,0.507234155531592,0.6338314800469395,0.0,0.6338314800469395,0.507234155531592
residual_standard,residual,Residual standard,standard,27,live,-20.201617563453805,0.18577062055617666,0.007708583973284912,0.51,0.003988480418920517,0.5475,0.4525,0.0,0.0,86.48315874973834,30.292696843930223,-60.55489040013831,272.3585782068067,23.071370797455312,14.753329363018274,-842.2110893861204,-848.920164507702,-940.2314560903609,-940.5528995865584,0.5218145936286532,0.6461628294005327,0.0,0.6461628294005327,0.5218145936286532
residual_standard,residual,Residual standard,standard,28,live,-20.114578574688462,0.19730566331579355,0.00769492354377683,0.51,0.004281188249588013,0.5575,0.4425,0.0,0.0,89.65128178119384,40.41647305028428,-51.462927162004156,280.897806648091,19.839101851582527,15.099061696231365,-856.2947981286048,-858.5644056549668,-953.9714270931482,-949.7213347193599,0.5297343425420162,0.6404321345327851,0.0,0.6404321345327851,0.5297343425420162
residual_standard,residual,Residual standard,standard,29,live,-20.57525729359439,0.19582887168699906,0.007860167827495112,0.5075,0.003944213986396789,0.58,0.42,0.0,0.0,100.03482846199236,27.166091246403077,-42.45020283322588,292.0437374703626,18.12222612977028,17.715971139669417,-904.1211900126934,-906.0805178332329,-1009.2649023628235,-1001.8696826875209,0.5424019749016854,0.642365610594347,0.0,0.642365610594347,0.5424019749016854
residual_standard,residual,Residual standard,standard,30,live,-23.350877334524757,0.19880910498345097,0.008129171327335444,0.52,0.004327778816223145,0.595,0.405,0.0,0.0,109.40811297763568,40.839168595254364,-38.28199258707492,311.32842092166186,20.211125517748297,18.706382780075074,-969.9078362749144,-972.6496094489098,-1087.4217192608119,-1077.0147148400545,0.5457314721558091,0.669590401925467,0.0,0.669590401925467,0.5457314721558091
residual_standard,residual,Residual standard,standard,31,live,-19.617443820244365,0.18558482896997056,0.007446759598498556,0.515,0.004358332604169846,0.6225,0.3775,0.0,0.0,85.80042334759044,36.83885149119274,-39.38773166976474,239.79723674529055,16.370032930523156,15.148075603544711,-815.050709554702,-816.1421792596578,-905.6296236744523,-899.6551717042923,0.5224675828666044,0.6378573035087832,0.0,0.6378573035087832,0.5224675828666044
residual_standard,residual,Residual standard,standard,32,live,-4.981024830848035,0.12205623584269397,0.004772444865161785,0.4425,0.003175148963928223,0.45,0.55,0.0,0.0,20.64123307752495,-3.5509290103889732,-63.668824691154185,125.04662660678562,15.741020345427096,11.281638201773166,-370.65676404476164,-366.7675774785504,-394.963684977591,-392.68260626137254,0.2765058493814275,0.3988147406304978,0.0,0.3988147406304978,0.2765058493814275
residual_standard,residual,Residual standard,standard,33,live,2.1418453796095376,0.15194754794254872,0.0032912432969540717,0.325,0.003995313048362732,0.3375,0.6625,0.0,0.0,-12.02848808309879,-7.881307028969957,-107.02371039207345,81.77168741194991,19.684878243133426,7.935944915413857,-233.72918024361132,-227.44580941982568,-230.36683114647866,-230.26957234799863,0.1721608322084379,0.37546275795483935,0.0,0.37546275795483935,0.1721608322084379
residual_standard,residual,Residual standard,standard,34,live,3.0145969896160243,0.1615320788486022,0.003067777369018549,0.3275,0.003994820266962051,0.2925,0.7075,0.0,0.0,-18.990347708476357,-9.410080436193361,-122.04130646680329,56.99603867430501,20.548025672994555,9.708820520043373,-218.55208252627403,-212.7318050196767,-209.08414801597596,-205.9197696685791,0.14395920627796194,0.3820514897621567,0.0,0.3820514897621567,0.14395920627796194
residual_standard,residual,Residual standard,standard,35,live,4.005571985299638,0.17043816589574337,0.002750761949872141,0.2725,0.004162165522575379,0.2725,0.7275,0.0,0.0,-25.264199119636487,-12.134619397181506,-128.51398799127801,21.969196362638492,22.084757618308068,8.348439127169549,-194.1258010558784,-187.70408194854855,-180.4794351596385,-178.31421980071812,0.11774351543352242,0.34451355092320357,0.0,0.34451355092320357,0.11774351543352242
residual_standard,residual,Residual standard,standard,36,live,-2.7885186457480744,0.16442694986448403,0.0035367589853518666,0.38,0.004387815892696381,0.3575,0.6425,0.0,0.0,-12.035524928219495,-5.797509111377948,-85.51718958880024,45.037632606534864,18.79749870950356,9.792085316777229,-262.92478147283197,-259.33703292870894,-259.6354726958275,-256.5881868463755,0.17572005567202414,0.3817231171972725,0.0,0.3817231171972725,0.17572005567202414
residual_standard,residual,Residual standard,standard,37,live,5.878050050346096,0.16918474111094003,0.002734241715712549,0.3175,0.004072577804327011,0.26,0.74,0.0,0.0,-29.04311121350983,-13.112101992898207,-126.12619838388576,23.86852583459631,20.90153028268367,9.31833724781871,-207.34869253385813,-202.60214280605317,-189.74615014672278,-185.3059882836044,0.11972068910926348,0.34875107432128355,0.0,0.34875107432128355,0.11972068910926348
residual_standard,residual,Residual standard,standard,38,live,6.16397151902502,0.17619887818013857,0.0024478307456038944,0.3025,0.004066616594791413,0.235,0.765,0.0,0.0,-29.222562021938995,-14.021192033863723,-127.62389923368629,16.342211410301555,25.027799225077032,8.767042167782783,-186.7859792498499,-174.64856507338584,-170.05458713680505,-165.46877607673406,0.09280746122374861,0.2855091261247999,0.0,0.2855091261247999,0.09280746122374861
residual_standard,residual,Residual standard,standard,39,live,9.591557790609116,0.17033875982900018,0.002305433904874229,0.3175,0.004031124114990234,0.24,0.76,0.0,0.0,-36.32852225704414,-13.41784357915681,-147.12635590884634,14.922213910845189,20.289414622187614,8.639891119450331,-190.6788334517181,-186.79658562794327,-165.73900970622898,-162.38879588782788,0.08839608754901467,0.26046854692762533,0.0,0.26046854692762533,0.08839608754901467
residual_standard,residual,Residual standard,standard,40,live,6.246617159006164,0.17637602057860507,0.002473114007155525,0.2875,0.0043364505469799045,0.2575,0.7425,0.0,0.0,-24.743241223428004,-9.49022520589158,-122.1758609164625,22.519934658303878,18.53769817955792,9.589891779609024,-207.79498827420176,-204.09805523544549,-192.36396469168366,-187.95087937306613,0.1078617641962035,0.28205313853520486,0.0,0.28205313853520486,0.1078617641962035
residual_standard,residual,Residual standard,standard,41,live,6.137052755148767,0.1721797805141733,0.002812979710930843,0.3475,0.004143922924995423,0.2825,0.7175,0.0,0.0,-18.928390806606828,-7.436278420493451,-97.71541686928727,27.533638238612006,16.304818452224136,11.151602485962211,-236.88740538284182,-235.4325169428438,-226.30902540449054,-218.47314193680882,0.12339362400462708,0.2854607127114724,0.0,0.2854607127114724,0.12339362400462708
residual_standard,residual,Residual standard,standard,42,live,7.6982888082484795,0.18694719367355972,0.002327561253841432,0.355,0.0043552197515964505,0.2325,0.7675,0.0,0.0,-27.152617585671337,-10.436515749478913,-108.82550697382423,6.887196518219799,15.13069534815848,8.411878477968276,-207.80068286821245,-207.72109885387124,-189.3130826985836,-185.35323983605952,0.08238575952718334,0.2681957663042661,0.0,0.2681957663042661,0.08238575952718334
residual_standard,residual,Residual standard,standard,43,live,8.726261686242239,0.19109513677077555,0.001975496464753107,0.275,0.004596685022115707,0.205,0.795,0.0,0.0,-30.637285706984663,-14.571477686622694,-120.55053430914826,3.657191001333983,18.801388338725083,8.276231935170944,-191.40531168021727,-189.774278498739,-171.12437752798434,-169.84151380047203,0.06792808259975322,0.25093710571489825,0.0,0.25093710571489825,0.06792808259975322
residual_standard,residual,Residual standard,standard,44,live,12.598696018291736,0.1687182985142771,0.0019819947719172753,0.2875,0.004162670969963074,0.2025,0.7975,0.0,0.0,-28.8347785623993,-11.533448513078213,-108.50947338202941,11.112351411801129,13.817413987666368,8.46439181301277,-201.7178159235418,-200.88385749608278,-178.81419292807578,-176.83324088167865,0.06980442684464276,0.23972087431897177,0.0,0.23972087431897177,0.06980442684464276
residual_standard,residual,Residual standard,standard,45,live,8.013376589222505,0.19141517925083706,0.0019611861925263522,0.25,0.004803677201271057,0.2375,0.7625,0.0,0.0,-26.842850994049662,-10.550894338618223,-106.24312935741354,5.55269435894012,14.867955199619756,9.448240631967783,-209.5724063048698,-210.25554599666037,-187.79272121556104,-189.20030368946493,0.07504394870442788,0.25961322421030064,0.0,0.25961322421030064,0.07504394870442788
residual_standard,residual,Residual standard,standard,46,live,5.668988997979873,0.19733120586023226,0.00200785347031574,0.255,0.004809227734804153,0.2725,0.7275,0.0,0.0,-22.068895476404283,-10.500179212045794,-97.38925031758393,6.564848127654764,13.27330404251814,8.304661346841604,-217.37460094809532,-219.85388966232537,-200.6679216764681,-202.36780280470848,0.07446405434344168,0.21712274171473356,0.0,0.21712274171473356,0.07446405434344168
residual_standard,residual,Residual standard,standard,47,live,-3.83943514900756,0.25384377274606906,0.002735029112406282,0.3375,0.005735002979636192,0.2825,0.7175,0.0,0.0,-15.656287796730503,-7.120048657199831,-88.56410337827876,11.092382134584373,15.76464653968811,10.727670702934265,-283.02096758365633,-287.61140686511993,-273.086487121582,-276.32015466213227,0.10008248642218649,0.2657228775787257,0.0,0.2657228775787257,0.10008248642218649
residual_standard,residual,Residual standard,standard,48,live,-4.572861032311868,0.23010863254648714,0.0016556937759707895,0.21,0.005563185811042786,0.23,0.77,0.0,0.0,-30.409173737259724,-8.454387968642251,-122.14261469933385,4.763564647956541,21.969567608833312,11.858580903559924,-250.95245307445526,-241.65824920654296,-223.27212139964104,-228.7556874267757,0.0782341124470813,0.2667122598640707,0.0,0.2667122598640707,0.0782341124470813
residual_standard,residual,Residual standard,standard,49,live,7.3992331671908245,0.19925515240726951,0.0018844681583048443,0.25,0.004825158268213272,0.195,0.805,0.0,0.0,-21.692433160468244,-7.844960167482839,-102.56980585325172,4.3836078550937145,14.694443974494934,10.77296914100647,-272.4241840577126,-269.9576650929451,-251.1879535126686,-255.65771587133406,0.05269477991609245,0.18315722148978086,0.0,0.18315722148978086,0.05269477991609245
residual_standard,residual,Residual standard,standard,50,live,4.080225440920692,0.2143301575254636,0.0017462974168940804,0.2475,0.005014555305242538,0.17,0.83,0.0,0.0,-25.083268307929284,-9.860328283889238,-100.43746508083845,3.7837318876759993,13.289588187336921,9.220192168354988,-259.3287508249283,-255.8765538352728,-234.37171504974364,-238.81120783030985,0.04630496939828789,0.18182237857667602,0.0,0.18182237857667602,0.04630496939828789
residual_standard,residual,Residual standard,standard,51,live,-4.46637185801936,0.2652775428437598,0.002515558744205377,0.3275,0.00589425690472126,0.2025,0.7975,0.0,0.0,-16.59525868285687,-8.543200286431826,-109.32832610099327,8.442147626923326,15.607115924144164,13.08625606699381,-310.26831917949954,-308.9318142142892,-292.6511029434856,-298.4092214442091,0.08407536783177814,0.22323839015068003,0.0,0.22323839015068003,0.08407536783177814
residual_standard,residual,Residual standard,standard,52,live,-5.3389583373133895,0.2618825575876943,0.0025935621085880984,0.3475,0.005882579237222672,0.24,0.76,0.0,0.0,-12.318248220198406,-6.19707211190199,-103.31718354869038,15.119872216883216,14.642659895829857,12.854585422575473,-312.77141847420484,-313.35784580402077,-299.2177702742815,-305.8600925138593,0.09489983544351688,0.22142923340641957,0.0,0.22142923340641957,0.09489983544351688
residual_standard,residual,Residual standard,standard,53,live,-1.6632951678616945,0.2513426725134386,0.0024268783521846585,0.315,0.0057189703732728955,0.2225,0.7775,0.0,0.0,-15.403983285297628,-9.9589328964149,-103.44232169332324,11.842959954561668,15.442311618104577,11.92294418901205,-301.1412601796538,-300.76028870284557,-286.6514080759883,-291.4901128011942,0.09488957544788817,0.2190623113816869,0.0,0.2190623113816869,0.09488957544788817
residual_standard,residual,Residual standard,standard,54,live,-11.540706935864014,0.2723767234916761,0.0016707494441345705,0.2625,0.0064721830189228054,0.2075,0.7925,0.0,0.0,-16.053478956269174,-11.59535923524436,-103.42070546982626,9.094557127968633,18.87040867716074,10.517434931993485,-222.5603636112809,-225.35166766941546,-214.39063910126686,-218.13381101131438,0.11266220298653712,0.2467822525394533,0.0,0.2467822525394533,0.11266220298653712
residual_standard,residual,Residual standard,standard,55,live,-6.317561613494173,0.2710561306939459,0.0025572109808557775,0.325,0.006087064370512962,0.2575,0.7425,0.0,0.0,-8.804083337289761,-8.758684235908959,-90.3990827111522,19.6666884292869,16.71654545813799,11.455747056603432,-304.5259968689084,-306.34645647883417,-300.3814070564508,-303.4162143564224,0.11526682777044148,0.23830111305778792,0.0,0.23830111305778792,0.11526682777044148
residual_standard,residual,Residual standard,standard,56,live,-5.677198658129771,0.2722245476334771,0.0028818561727906745,0.3775,0.006261765956878662,0.295,0.705,0.0,0.0,-11.771515639977956,-7.857967173960035,-97.16887549723151,29.32489797294165,18.979900896549225,10.015687254667283,-339.94837371349337,-343.8011422944069,-339.0756492495537,-339.07247907042506,0.135508354641351,0.255612475384496,0.0,0.255612475384496,0.135508354641351
residual_standard,residual,Residual standard,standard,57,live,-14.14014822792558,0.3241630117736974,0.0035674299919847855,0.43,0.007414574176073075,0.295,0.705,0.0,0.0,-6.334190291025225,-6.294078911380254,-85.79418956036164,48.72777369607709,20.436686193943025,11.118557282090187,-415.71230672597886,-420.078971619606,-420.3092764633894,-421.46944017648696,0.17126785090387872,0.3043793324654911,0.0,0.3043793324654911,0.17126785090387872
residual_standard,residual,Residual standard,standard,58,live,-23.057107947120343,0.3623136632811829,0.004638730237017475,0.56,0.008558316379785538,0.395,0.605,0.0,0.0,9.293270831817951,-2.6668364610404325,-51.42233973693974,67.7226245425482,17.25468849122524,14.865789502859116,-527.5807561975718,-529.2841853773593,-540.2839656710624,-539.9710400021077,0.2402454290675965,0.35763245041483527,0.0,0.35763245041483527,0.2402454290675965
residual_standard,residual,Residual standard,standard,59,live,-23.496585404301076,0.37378345270051916,0.004610471739172422,0.565,0.008664518296718597,0.365,0.635,0.0,0.0,10.215683898358204,-4.501652500685225,-60.519939399413516,93.76279937674907,18.126662248671053,14.146188979446888,-537.4164804726839,-536.3622965973616,-551.4436141118407,-550.7545855009556,0.24312180469381395,0.3648234893067054,0.0,0.3648234893067054,0.24312180469381395
residual_standard,residual,Residual standard,standard,60,live,-3.4462402366456666,0.26496172193910134,0.0027871404687940782,0.415,0.006293347030878067,0.2325,0.7675,0.0,0.0,-12.712901966179015,-10.320907238259139,-80.3557413335299,14.278002645670924,20.340603716373444,10.72323872178793,-323.23032789945603,-324.2725159311295,-320.66023332208397,-320.6669896030426,0.12582068077435693,0.249668982922667,0.0,0.249668982922667,0.12582068077435693
residual_standard,residual,Residual standard,standard,61,live,-12.350800256537845,0.3095315356674191,0.0040865459226236385,0.515,0.007389382272958755,0.3325,0.6675,0.0,0.0,2.4691487283053966,-4.693681561018948,-80.64548818059626,83.7379696138996,22.71352681785822,16.171174796521665,-491.5316432389617,-486.54690931081774,-499.82591053038834,-496.29771936774256,0.2095228162495388,0.3212146287765803,0.0,0.3212146287765803,0.2095228162495388
residual_standard,residual,Residual standard,standard,62,live,-4.871565149843808,0.26445568897093386,0.0035671932047159124,0.4425,0.0066065207123756405,0.27,0.73,0.0,0.0,-5.938481590154204,-8.727452085211702,-100.3502281644671,85.54880015668721,22.799658727049827,12.402474144473672,-436.0902609831095,-436.8125865507126,-441.5296812343597,-440.3132041058689,0.18053289239288126,0.3177743629028621,0.0,0.3177743629028621,0.18053289239288126
residual_standard,residual,Residual standard,standard,63,live,-0.14095709536823675,0.24600553880938505,0.0027576006262866187,0.4,0.006065063327550888,0.3075,0.6925,0.0,0.0,-15.375405854936885,-5.7832431510222335,-110.68549806097377,26.44853421603695,26.275874648094177,14.248376714587211,-338.7108270215988,-337.232580537796,-335.6791310203075,-333.5846565693617,0.1456845617296995,0.25931779527155674,0.0,0.25931779527155674,0.1456845617296995
residual_standard,residual,Residual standard,standard,64,live,10.4062837683012,0.19172794301013282,0.0020396247544922147,0.32,0.00477583184838295,0.2175,0.7825,0.0,0.0,-19.62281115516398,-11.396649732971255,-96.17372182966885,7.473333147176957,20.42383699581027,9.409500805139542,-248.51619053915144,-250.20039744615553,-241.4657740843296,-240.04442856550216,0.08889250664184033,0.21408430170406575,0.0,0.21408430170406575,0.08889250664184033
residual_standard,residual,Residual standard,standard,65,live,7.163535879476431,0.19094328697689084,0.0026905534189111276,0.385,0.004718856513500213,0.3,0.7,0.0,0.0,-10.602734433877757,-9.001522924482742,-85.30822766585878,41.058743772875765,21.20985800743103,12.928024298101663,-312.9528646206856,-312.7178507065773,-312.84379239857196,-308.1960776631534,0.12973352795674503,0.24208128371803256,0.0,0.24208128371803256,0.12973352795674503
residual_standard,residual,Residual standard,standard,66,live,10.71418721808339,0.1853470393168834,0.002136395739475628,0.3575,0.004730937331914902,0.25,0.75,0.0,0.0,-28.443861614599736,-13.248976744843105,-119.96611097554636,13.978935817489024,22.657779233008622,9.614900434017182,-258.4032430072129,-262.12053745508194,-244.9457822740078,-244.78673599839212,0.10138153932813478,0.22223492839107734,0.0,0.22223492839107734,0.10138153932813478
residual_standard,residual,Residual standard,standard,67,live,14.564586092848833,0.17295317244716396,0.0017571213847724883,0.32,0.004319404512643814,0.235,0.765,0.0,0.0,-23.11257836377631,-12.869128829271972,-99.60365903029235,7.1968209362142295,19.56961083613336,8.351678584814072,-215.33315225839615,-214.7556080583483,-204.40795350193977,-201.89999052762985,0.07448713025808727,0.19232127621298212,0.0,0.19232127621298212,0.07448713025808727
residual_standard,residual,Residual standard,standard,68,live,8.564383562194239,0.20323881950448475,0.0023436103781432926,0.34,0.005084072649478913,0.25,0.75,0.0,0.0,-16.793167723058524,-9.481586640059902,-94.42195707117622,13.876119558632547,19.708021731376647,8.812998902201652,-292.5172943353653,-292.99416390895846,-287.4736341547966,-286.2551103597879,0.12266222704763485,0.23229461222699527,0.0,0.23229461222699527,0.12266222704763485
residual_standard,residual,Residual standard,standard,69,live,15.756375474207102,0.16437892809116517,0.001765458811499469,0.3025,0.00431715652346611,0.2475,0.7525,0.0,0.0,-18.746076371178063,-10.280209285669798,-90.17610024264184,10.826490025198721,20.328070856928825,8.756364424824715,-209.23039560854434,-212.1847280049324,-203.08489945292473,-203.9915843218565,0.0998771027431096,0.20323687417301742,0.0,0.20323687417301742,0.0998771027431096
residual_standard,residual,Residual standard,standard,70,live,8.767296435186367,0.18485551674285744,0.002628780309702011,0.3775,0.005211421102285385,0.285,0.715,0.0,0.0,-14.472984713075734,-7.853673269339481,-83.86964395228016,23.11490710131868,19.192447154521943,9.060506697446108,-316.18316604852674,-314.94132032871244,-310.9345959408581,-311.52453439950943,0.14809056421831485,0.25549660911168576,0.0,0.25549660911168576,0.14809056421831485
residual_standard,residual,Residual standard,standard,71,live,5.5848900725057,0.214138542096438,0.002350804216201603,0.3475,0.005448671728372574,0.3075,0.6925,0.0,0.0,-7.4416198592496405,-5.598224013739696,-71.43068840610808,20.075827221803497,18.41283991932869,9.104174880981445,-290.41576243519785,-288.1539209318161,-291.0333291363716,-291.2852892804146,0.1314808668547477,0.23674762863292956,0.0,0.23674762863292956,0.1314808668547477
residual_standard,residual,Residual standard,standard,72,live,1.3352053662912646,0.22184315136829935,0.0030626114220738293,0.4025,0.00600970059633255,0.335,0.665,0.0,0.0,-4.046078153042433,-6.719489969578376,-68.0577925420224,35.24828849473575,16.471282018423082,10.04123378753662,-379.0109086871147,-379.65784433722496,-381.5158500623703,-381.9424390411377,0.17783979507325876,0.29125312306863876,0.0,0.29125312306863876,0.17783979507325876
residual_standard,residual,Residual standard,standard,73,live,7.142033801974013,0.21463957400394762,0.002082630513617297,0.3375,0.005357527881860733,0.26,0.74,0.0,0.0,-11.568698349820458,-10.459006290632153,-79.385773267757,14.363791970751699,17.67608644902706,7.710206782221794,-261.57593231976034,-261.06291348695754,-259.8275385504961,-259.61843258857726,0.11448621813239988,0.22902480054517807,0.0,0.22902480054517807,0.11448621813239988
residual_standard,residual,Residual standard,standard,74,live,6.917867763457168,0.1995727599810031,0.00221487656098067,0.335,0.00519181028008461,0.2825,0.7175,0.0,0.0,-6.595037609531142,-6.446253606075572,-61.752756661234926,14.634574974588464,17.019792323112487,9.656017225682735,-273.70881959557533,-274.5604953205586,-274.52036596387626,-275.2985278981924,0.1267551262879021,0.22430007114546044,0.0,0.22430007114546044,0.1267551262879021
residual_standard,residual,Residual standard,standard,75,live,2.2876433521729904,0.23011632911091204,0.0025956238973529437,0.365,0.005874150842428208,0.295,0.705,0.0,0.0,-2.9955685756819332,-5.436302079780347,-65.89305923101625,18.838048822152825,14.95856434583664,9.055696976184844,-329.22273611307145,-328.3144947385788,-330.3603587627411,-333.0053300833702,0.14576555838490143,0.23833086278467236,0.0,0.23833086278467236,0.14576555838490143
residual_standard,residual,Residual standard,standard,76,live,-8.264979477166955,0.28706006475484075,0.0033455261849831253,0.44,0.006690004765987396,0.3675,0.6325,0.0,0.0,7.250907808558341,-2.519950683730059,-57.377388025904224,81.66166412264397,19.215774685144424,12.203366824388503,-433.31252855300903,-428.7249860918522,-444.9584372341633,-445.62384150743486,0.17778338020667386,0.2913452342717324,0.0,0.2913452342717324,0.17778338020667386
residual_standard,residual,Residual standard,standard,77,live,3.0094230558797905,0.2184292507030987,0.002162049432708926,0.3225,0.005563322752714157,0.33,0.67,0.0,0.0,-1.9476965483795892,-3.548481724587049,-53.832282173420445,17.20695329309983,13.498268374204635,8.28893260359764,-277.5668584430218,-276.0514366674423,-279.7753999173641,-280.37678560256956,0.13045622416178582,0.21843703622877197,0.0,0.21843703622877197,0.13045622416178582
residual_standard,residual,Residual standard,standard,78,live,6.405943229802585,0.20357194609431858,0.002146758239421871,0.3325,0.0053700080513954165,0.32,0.68,0.0,0.0,-3.7598872257245852,-4.262175902856313,-48.23937467376016,15.583584873334308,13.163141822814941,7.28967854142189,-269.2016970157623,-267.3770041465759,-270.457690628767,-270.36066295862196,0.1288044927624761,0.22437770556388334,0.0,0.22437770556388334,0.1288044927624761
residual_standard,residual,Residual standard,standard,79,live,2.2035209424844053,0.2187472979842384,0.003107844297928429,0.405,0.005961438119411469,0.355,0.645,0.0,0.0,-0.1983252742479732,-3.486230643529325,-55.47173577779549,32.252503453086334,16.155690433382986,10.721261465381831,-420.63058274507523,-420.7832984167337,-425.3295244306326,-426.57582829194143,0.1840613901885947,0.2801934095728243,0.0,0.2801934095728243,0.1840613901885947
residual_standard,residual,Residual standard,standard,80,live,6.2494937681687155,0.20423893473508145,0.002391902618842697,0.3575,0.005548320263624191,0.3125,0.6875,0.0,0.0,-6.810747694297889,-5.019799904396564,-65.07682612649101,15.382088191216514,15.710926192998887,9.624672594666482,-310.63346905231475,-311.7573105609417,-309.53363698244095,-311.42368801414966,0.1424311101568296,0.24364917502813588,0.0,0.24364917502813588,0.1424311101568296
residual_standard,residual,Residual standard,standard,81,live,2.639754501104915,0.23319544159482988,0.002577456295868577,0.3725,0.006148599982261658,0.3275,0.6725,0.0,0.0,-0.5507859874324251,-5.4826852766987315,-55.957225181726045,31.63998964966707,17.000579199790955,11.466615633964539,-347.0849643659592,-344.8049746131897,-351.96002554059027,-349.91393850922583,0.1598129807598844,0.2627884585938717,0.0,0.2627884585938717,0.1598129807598844
residual_standard,residual,Residual standard,standard,82,live,-1.1411624390283963,0.2595993600567015,0.0029023207843431754,0.39,0.0066551573574543,0.3325,0.6675,0.0,0.0,5.287580023400853,-4.450556126473771,-54.11995710960115,40.94779761004523,16.662191413640976,11.871018628776074,-403.9615664613247,-406.0533435606956,-414.47854869008063,-415.7140610894561,0.1786262623355352,0.2793582988880183,0.0,0.2793582988880183,0.1786262623355352
residual_standard,residual,Residual standard,standard,83,live,3.330646498752025,0.23398572817665858,0.0023211114611791928,0.335,0.006127157807350158,0.32,0.68,0.0,0.0,2.273518690970784,-4.668242096925823,-49.57112423835216,17.312072398609747,14.46804500222206,10.172397048473359,-314.02421835780143,-316.9002733850479,-321.1170456790924,-322.9584584593773,0.15104771634834777,0.2218294363833221,0.0,0.2218294363833221,0.15104771634834777
residual_standard,residual,Residual standard,standard,84,live,5.732344486233478,0.22145331566048784,0.002265456290738273,0.345,0.005793030560016632,0.2775,0.7225,0.0,0.0,-0.1563644876919028,-5.363273907691934,-50.003234251139126,20.26621494198001,15.002036987142638,9.763285336494446,-306.6575845919084,-307.52317802131176,-312.4459376478195,-311.91465609550477,0.1352824915999889,0.2338373563265472,0.0,0.2338373563265472,0.1352824915999889
residual_standard,residual,Residual standard,standard,85,live,6.083500188369214,0.20973330835536141,0.0022650469677919496,0.33,0.0056863312423229215,0.265,0.735,0.0,0.0,0.03055685366458334,-5.277735360656607,-45.25893750545622,19.20720735199615,14.653592751026153,8.940928242206574,-299.05114325284956,-298.87306132793424,-304.7299029278755,-304.69403114318845,0.13538566458630258,0.23137913354928108,0.0,0.23137913354928108,0.13538566458630258
residual_standard,residual,Residual standard,standard,86,live,7.122742085318449,0.20848105186077256,0.0020598699832245506,0.2925,0.005589447095990181,0.2775,0.7225,0.0,0.0,-2.671168711716135,-6.659699154858998,-61.413648234948944,21.709696487251446,14.041728908419609,8.176511873602868,-272.33524118602276,-271.203138551712,-275.04021603524683,-274.8992709493637,0.13673459642950042,0.23309125300461617,0.0,0.23309125300461617,0.13673459642950042
residual_standard,residual,Residual standard,standard,87,live,1.8776266185329207,0.23201446325026914,0.0024452665874770264,0.3125,0.006187151446938515,0.3175,0.6825,0.0,0.0,6.356387358900353,-3.8181344464918396,-51.551433957827776,23.494540044704294,16.719543085694312,11.756606475114822,-339.1189754128456,-341.51715535461904,-351.85194533348084,-351.43923421263696,0.1622131843061444,0.25992014649747025,0.0,0.25992014649747025,0.1622131843061444
residual_standard,residual,Residual standard,standard,88,live,0.0077391005369463525,0.2509764788272715,0.0024419165909153368,0.3275,0.006506254896521568,0.3525,0.6475,0.0,0.0,10.265098423487816,-3.3778767412636626,-35.694175675455874,33.04358028501432,14.900292346477508,11.650319839715957,-351.14283065080645,-350.1567298746109,-363.6695908415318,-364.67565291404725,0.16050028481131023,0.24641289552276546,0.0,0.24641289552276546,0.16050028481131023
residual_standard,residual,Residual standard,standard,89,live,-4.634342933513558,0.2499277189110623,0.0031534917147479297,0.39,0.006812955364584923,0.3875,0.6125,0.0,0.0,11.265154359551987,-2.077046677631074,-33.14483504750382,39.69438427416216,16.776208611130713,13.995618994235992,-477.70035304486754,-474.28980899333953,-492.02200884103775,-488.08157591819764,0.20086316504338714,0.30568199843087823,0.0,0.30568199843087823,0.20086316504338714
residual_standard,residual,Residual standard,standard,90,live,0.19169032661836014,0.24622261640616755,0.002646122420112052,0.3625,0.006422723159193993,0.2675,0.7325,0.0,0.0,4.78775563657723,-4.246499357597514,-43.06411140510989,26.524372108690862,17.894607371091844,10.867565729618072,-401.91958496689796,-403.3249480676651,-415.27801860809325,-413.61403129816057,0.156219083617005,0.25565702148747765,0.0,0.25565702148747765,0.156219083617005
residual_standard,residual,Residual standard,standard,91,live,4.010774030688999,0.20783970145331876,0.0026556821151904604,0.35,0.0059422140568494795,0.3025,0.6975,0.0,0.0,2.197239834813105,-2.1883213446608067,-42.39167927699142,20.703084461762614,13.620205733776093,10.602411270439625,-407.9232018494606,-404.45110955715177,-411.79581475287677,-411.0262547969818,0.16712223613366145,0.25216263802515115,0.0,0.25216263802515115,0.16712223613366145
residual_standard,residual,Residual standard,standard,92,live,9.799992573566808,0.16821115882964488,0.0024439204176189997,0.3075,0.00513580709695816,0.305,0.695,0.0,0.0,-8.99010828339314,-3.2341613003768543,-53.11914380271797,17.744769163358857,15.457574430704117,11.117323178052903,-369.0243180954456,-364.26298695087434,-363.4332452476025,-360.572469291687,0.15696609964940222,0.25503513328629646,0.0,0.25503513328629646,0.15696609964940222
residual_standard,residual,Residual standard,standard,93,live,13.27707553969217,0.15459130226702136,0.001755805848944601,0.2525,0.004610536992549897,0.32,0.68,0.0,0.0,-1.5775964672534286,-2.6638094152700944,-35.330762806311064,18.42689408483985,12.833623228371144,10.296383489370346,-209.98898674249648,-209.1381559303403,-210.4239124059677,-210.63134705901146,0.12536000900914115,0.18825729983502512,0.0,0.18825729983502512,0.12536000900914115
residual_standard,residual,Residual standard,standard,94,live,12.686364535307893,0.16447039557445922,0.0017104106807463613,0.2375,0.004694086760282517,0.24,0.76,0.0,0.0,-3.0643778069411485,-4.156519060226174,-44.586012100425584,12.013402087983435,12.619277974367142,8.365875743627548,-202.7757828772068,-200.60659647464752,-202.04398439884187,-203.72617918133736,0.11199560576958988,0.19305519413457486,0.0,0.19305519413457486,0.11199560576958988
residual_standard,residual,Residual standard,standard,95,live,13.786200462652994,0.14820954530808816,0.0021612333305775213,0.2425,0.0045248384773731234,0.2675,0.7325,0.0,0.0,-5.781421630920078,-3.575876190839864,-53.14311822748267,17.030017005071755,12.291242905855178,9.057998686507345,-271.88173912882803,-272.38864639997485,-268.9012046945095,-270.2866458731145,0.14776405775845972,0.23204449469823885,0.0,0.23204449469823885,0.14776405775845972
residual_standard,residual,Residual standard,standard,96,live,12.414864947129699,0.15413209335823738,0.001935631603866076,0.225,0.004709013551473617,0.265,0.735,0.0,0.0,-6.432341879798864,-3.307424824744743,-46.651167145581304,15.634172446734237,16.974795503616335,10.101803463697433,-218.2095069217682,-218.0754844045639,-218.5115825974941,-218.66672443628312,0.13536167986683886,0.21718651593913393,0.0,0.21718651593913393,0.13536167986683886
residual_standard,residual,Residual standard,standard,97,live,13.113662322819314,0.1463049345431511,0.0021449725857532677,0.2325,0.004583842158317566,0.3025,0.6975,0.0,0.0,-3.692476073100261,-3.7508386672131735,-50.79443944125737,16.875473306136282,18.659132084846497,13.584392951726914,-245.5643470096588,-244.47530251026154,-247.53599187374115,-245.28209941029547,0.1534130588287691,0.24091532961635728,0.0,0.24091532961635728,0.1534130588287691
residual_standard,residual,Residual standard,standard,98,live,13.59136055974896,0.14781582287492812,0.0017823273106591531,0.2125,0.004505218267440796,0.2925,0.7075,0.0,0.0,-7.502713810820905,-3.395879315725324,-64.33262476954823,14.700607536357502,15.252997636795044,9.037509411275387,-175.38850152730942,-175.76896826028823,-175.37482544183732,-173.21813891500236,0.1338677034477575,0.19810953407181053,0.0,0.19810953407181053,0.1338677034477575
residual_standard,residual,Residual standard,standard,99,live,3.5336807089718367,0.18259207356818577,0.0031711730241771176,0.31,0.0054444712400436406,0.3875,0.6125,0.0,0.0,7.4406237371237145,-1.5887956999970214,-43.052639580668824,75.96432144222159,18.317028353214265,15.12290167093277,-423.16817245185376,-423.7959515708685,-434.205816988945,-434.0482420516014,0.2115228055288768,0.3004198669788904,0.0,0.3004198669788904,0.2115228055288768
residual_standard,residual,Residual standard,standard,100,live,2.2875238303740857,0.2004636643711782,0.0029710989355890395,0.305,0.005639760941267014,0.3725,0.6275,0.0,0.0,-2.5312478722226883,-1.727422865902156,-69.13879725691682,26.272626070800982,23.678423279225825,14.975328442454337,-383.92748569220305,-377.0719874751568,-386.34323701381686,-387.0227522200346,0.20700560961956838,0.3094939703304161,0.0,0.3094939703304161,0.20700560961956838
residual_standard,residual,Residual standard,standard,101,live,16.19353863823492,0.13862615049126062,0.0015995741303737215,0.195,0.00426339253783226,0.295,0.705,0.0,0.0,-9.960502404571983,-4.0938734914938095,-62.97064384432826,13.33848057792225,15.25357847571373,8.985760036706925,-134.32116705298424,-137.5068453979492,-132.42638387799263,-132.02839423656462,0.1236066764843482,0.2070689569643505,0.0,0.2070689569643505,0.1236066764843482
residual_standard,residual,Residual standard,standard,102,live,14.389186238842,0.13583359604644207,0.0017387029486855428,0.1875,0.004283434748649597,0.3125,0.6875,0.0,0.0,-6.239818326294078,-3.12733327284775,-54.97856171174305,15.161603415479265,14.69664598852396,9.030091131478548,-153.30442950844764,-155.30478581637144,-154.88489055790006,-152.59046827308833,0.1390042738287272,0.22157637684270484,0.0,0.22157637684270484,0.1390042738287272
residual_standard,residual,Residual standard,standard,103,live,19.074351591825874,0.12003377714230196,0.001342727169557906,0.1675,0.003859327435493469,0.2775,0.7225,0.0,0.0,-9.841748570980979,-4.43954387314669,-45.61031008063308,10.201869659487304,13.545305976569653,9.833789952993392,-67.8684537038207,-69.71637301564216,-62.53935515880585,-62.79502793192864,0.11457547626653548,0.18800404557817502,0.0,0.18800404557817502,0.11457547626653548
residual_standard,residual,Residual standard,standard,104,live,18.734653915617677,0.11815557998388126,0.0013456538177878587,0.16,0.0038109214603900907,0.29,0.71,0.0,0.0,-7.951624849106497,-4.866247878246725,-48.68294878299164,14.916839720438666,15.452613890171051,10.592727543115616,-59.98171468734741,-59.69103901147842,-58.174418632984164,-55.324983891248706,0.11435613311882964,0.186839175653774,0.0,0.186839175653774,0.11435613311882964
residual_standard,residual,Residual standard,standard,105,live,17.405020923024505,0.11908747062927316,0.0013719498728081445,0.1625,0.0038306319713592527,0.2775,0.7225,0.0,0.0,-9.580288900383662,-5.971145277452365,-49.01868990788208,12.85301857386872,16.62021688878536,9.401882030963897,-57.0004069185257,-61.69568772256375,-57.34749237537384,-56.636364948749545,0.11038305080398683,0.19509541695878505,0.0,0.19509541695878505,0.11038305080398683
residual_standard,residual,Residual standard,standard,106,live,19.360781924308384,0.11589353415910138,0.0012609554102449654,0.15,0.003692786693572998,0.255,0.745,0.0,0.0,-5.95934357551408,-5.354589700360478,-43.16878551915677,10.701614958250358,14.205446846485138,10.909633429646492,-45.809233816862104,-46.502485762834546,-43.98837862432003,-43.00628742933273,0.1040059458013713,0.1862336372808783,0.0,0.1862336372808783,0.1040059458013713
residual_standard,residual,Residual standard,standard,107,live,18.994124329581556,0.105443496800594,0.0014448543255318699,0.145,0.003664476424455643,0.2875,0.7125,0.0,0.0,-5.109528968060789,-4.586138844272625,-49.08958962913358,18.97040115454221,13.854377012252808,11.183473525047303,-61.810292754173275,-61.24361612796783,-59.71720744013786,-58.469711879491804,0.12962709446861598,0.1944520049763655,0.0,0.1944520049763655,0.12962709446861598
residual_standard,residual,Residual standard,standard,108,live,18.240017397119118,0.11325945454393986,0.001314559634457465,0.1325,0.003753693103790283,0.2775,0.7225,0.0,0.0,-9.404977424549386,-4.16050624226375,-50.710400573479035,13.607604370778255,15.721590297743678,8.940519549846648,-45.63107441306114,-48.344869529530406,-44.63949839353561,-44.09858454704285,0.11765676611946006,0.1917433473277898,0.0,0.1917433473277898,0.11765676611946006
residual_standard,residual,Residual standard,standard,109,live,20.089907751103418,0.1108600827450556,0.00121596760444448,0.1325,0.0038346821069717408,0.26,0.74,0.0,0.0,-6.874992827056648,-2.6701162148361846,-53.73781246868714,20.093808938765736,15.325713562965394,10.814722354859114,-26.69454625606537,-24.599234457015992,-24.06967612028122,-22.50672826722264,0.1258231338655876,0.18542367471982518,0.0,0.18542367471982518,0.1258231338655876
residual_standard,residual,Residual standard,standard,110,live,20.974218152332114,0.10907397255752006,0.0015384650740306325,0.1575,0.0037186284363269805,0.1825,0.8175,0.0,0.0,-4.179439307642433,-4.555340477988921,-38.161315948376256,15.74651375206427,14.734579606354236,10.443076270818711,-62.643011239469054,-61.353746565580366,-63.197316193580626,-61.03662815928459,0.13127838697519637,0.20722906909884375,0.0,0.20722906909884375,0.13127838697519637
residual_standard,residual,Residual standard,standard,111,live,20.17133462006773,0.11519977935509924,0.0012618532312460968,0.1525,0.0038455511629581452,0.205,0.795,0.0,0.0,-6.712058871022565,-3.7429767732154744,-43.44535758089914,15.88102941645684,12.658540363311767,8.59972575187683,-18.733663151264192,-18.488038170337678,-16.044904522895813,-15.88051242351532,0.11616869335093934,0.18052137999661458,0.0,0.18052137999661458,0.11616869335093934
residual_standard,residual,Residual standard,standard,112,live,18.67137717323734,0.12146006577997967,0.0017646874682729096,0.195,0.004068479388952256,0.2475,0.7525,0.0,0.0,-3.4848399342749588,-3.1825136959506466,-40.33896423198852,19.966383492913213,14.413714308738708,9.464786075355951,-103.45106608867646,-104.788255443573,-105.51201390147209,-105.66839146852726,0.1383084214148428,0.20533965986884695,0.0,0.20533965986884695,0.1383084214148428
residual_standard,residual,Residual standard,standard,113,live,15.406968803568226,0.133198047843826,0.0020342655476711835,0.2175,0.004473339468240738,0.2825,0.7175,0.0,0.0,-1.6631828117923266,-3.4049772044361504,-45.31762968679244,20.596824289106145,16.267958274036644,11.111564707756042,-156.04196608528494,-154.24474663257598,-159.6184229516983,-157.66977628707886,0.15935775870317836,0.22552609405759833,0.0,0.22552609405759833,0.15935775870317836
residual_standard,residual,Residual standard,standard,114,live,18.55987009964991,0.12945282019504567,0.0016902639477773481,0.2125,0.004293798506259918,0.2425,0.7575,0.0,0.0,-3.2643656191410404,-3.535857335230716,-40.28016901619757,21.310952964274676,13.255230133533479,9.084312154054642,-81.22717569828033,-80.75043208360673,-82.86261609077454,-80.94074019551277,0.13880434814222814,0.20092785259891321,0.0,0.20092785259891321,0.13880434814222814
residual_standard,residual,Residual standard,standard,115,live,10.424167222141293,0.16367493427548488,0.0022419852600782057,0.25,0.005095405429601669,0.3275,0.6725,0.0,0.0,1.6485793168713934,-2.1624935227714417,-44.73439640552462,26.852903639897157,16.569717632532118,13.728736726045609,-207.14708678483964,-206.5270022857189,-212.86443702816962,-209.80571613311767,0.17495900304417877,0.2360365300819881,0.0,0.2360365300819881,0.17495900304417877
residual_standard,residual,Residual standard,standard,116,live,13.507734626715951,0.14815461354421786,0.0020661227908446477,0.23,0.004662360697984695,0.3125,0.6875,0.0,0.0,2.5897408135052284,-1.743547031358446,-32.443163258969975,16.56603659973278,14.991873445510864,11.953055828809738,-174.715305185318,-174.29537691116332,-180.13370612502098,-180.1488859772682,0.157574304644935,0.21258042526753318,0.0,0.21258042526753318,0.157574304644935
residual_standard,residual,Residual standard,standard,117,live,14.425980189234005,0.13918714125922038,0.0015306276133135873,0.18,0.004500174969434738,0.2775,0.7225,0.0,0.0,-4.494512492151079,-3.513684235626158,-34.01297224244356,12.870408359927136,14.495967276096344,10.30814350247383,-45.505599006414414,-43.14717440247536,-46.143402696847915,-41.90831734418869,0.1287698373284649,0.22036854611758383,0.0,0.22036854611758383,0.1287698373284649
residual_standard,residual,Residual standard,standard,118,live,13.753560801638606,0.14271067146290722,0.0018022568079724807,0.23,0.004600703567266464,0.295,0.705,0.0,0.0,-2.7970662126531014,-2.878215210202086,-30.345331211184675,9.432876230096886,13.933136882185936,9.8555979681015,-88.3859557557106,-90.38773302257061,-90.3100378370285,-91.03883414268493,0.13699737119859348,0.2168388462109173,0.0,0.2168388462109173,0.13699737119859348
residual_standard,residual,Residual standard,standard,119,live,7.191212047075485,0.17128700594837779,0.002212483128496636,0.215,0.004997478723526001,0.45,0.55,0.0,0.0,5.291849001273067,-0.5715279959196664,-32.859614976861266,14.566284514309265,14.713453950881958,12.71261598944664,-163.04808294773102,-164.479993891716,-172.04060985445977,-170.08644849538803,0.1711657307166316,0.2310546780302677,0.0,0.2310546780302677,0.1711657307166316
residual_standard,residual,Residual standard,standard,120,live,14.945640199612425,0.1381120536586594,0.001576157000002893,0.185,0.004344047755002975,0.2925,0.7075,0.0,0.0,-1.374749148126136,-3.2130871463842254,-27.51611942815122,14.667349672598911,15.014809789806604,11.506086135599762,-45.33664816230535,-43.9573400978744,-46.630188373029235,-46.94203183302656,0.12603717422583088,0.18098584018752326,0.0,0.18098584018752326,0.12603717422583088
residual_standard,residual,Residual standard,standard,121,live,16.126778797759247,0.13607852580771104,0.0014919679139721303,0.185,0.004324199110269547,0.3025,0.6975,0.0,0.0,-2.5480955117259305,-3.7052118654008837,-28.62954535854241,12.242256910536312,13.224161697588862,11.204424562221392,-25.122720329649745,-25.369122623950243,-24.368551224460827,-25.076286730095745,0.1275830791439055,0.17893876919082008,0.0,0.17893876919082008,0.1275830791439055
residual_standard,residual,Residual standard,standard,122,live,14.047452107021613,0.15037138703284772,0.0016453556041786574,0.1925,0.00460680291056633,0.29,0.71,0.0,0.0,0.08323986976150963,-2.776289179434041,-28.514195434207867,16.026630864483025,15.172884989120066,11.737593914363533,-68.06515616599471,-66.41283504985273,-71.92541113663465,-69.60134755508975,0.14048284041657055,0.196044516385038,0.0,0.196044516385038,0.14048284041657055
residual_standard,residual,Residual standard,standard,123,live,16.90691789450799,0.1361579953418947,0.0014071144202610073,0.2075,0.004249100089073182,0.285,0.715,0.0,0.0,1.31980022632882,-3.182482387091852,-27.02331038672215,21.04883749988898,11.781201080195606,10.283707564398647,15.355163429528474,15.473169310726226,12.753804840371012,12.430907062888146,0.13465558369774933,0.179286563205186,0.0,0.179286563205186,0.13465558369774933
residual_standard,residual,Residual standard,standard,124,live,17.696122450876157,0.13445752173783138,0.0015209921367758982,0.2425,0.00414226695895195,0.2225,0.7775,0.0,0.0,-3.377657670751369,-3.6565001968081106,-31.15601867313286,13.827580451428366,15.082267180257476,11.274724520593882,-8.810955128837376,-10.785981952291912,-9.381698630005122,-11.087196387052536,0.12058583797037738,0.1964020153197888,0.0,0.1964020153197888,0.12058583797037738
residual_standard,residual,Residual standard,standard,125,live,15.6009700600306,0.14677996799246132,0.0014735701589202773,0.2175,0.004363738000392914,0.24,0.76,0.0,0.0,-1.574427269062562,-3.2670532624044313,-25.591610597140747,13.097931550351383,13.989977300837635,9.762457325458527,2.827161545753479,0.7323263547569513,-0.565329647064209,-1.1912756276130676,0.11849011712248245,0.1783664022014772,0.0,0.1783664022014772,0.11849011712248245
residual_standard,residual,Residual standard,standard,126,live,16.459175279532715,0.1374154720987695,0.0016474426465454657,0.2275,0.004434448480606079,0.325,0.675,0.0,0.0,2.155094106628368,-1.5350613147086243,-20.028448577240066,18.027536349118247,12.289884813204408,10.693931685686112,-10.671023409366608,-13.635871129408478,-15.629218417406083,-16.19187597513199,0.14087923554220375,0.19608560037094186,0.0,0.19608560037094186,0.14087923554220375
residual_standard,residual,Residual standard,standard,127,live,13.566366576826095,0.1488502591579892,0.001932052755930212,0.25,0.0047586576640605924,0.3075,0.6925,0.0,0.0,1.8361073161938115,-1.7940187249774624,-23.104406773857797,18.60077881737627,13.972862149477004,12.418710714280605,-96.48918576955795,-97.96883645892143,-100.64152595669032,-100.61109343290329,0.1539812135931066,0.2127895007564186,0.0,0.2127895007564186,0.1539812135931066
residual_standard,residual,Residual standard,standard,128,live,12.492936108120066,0.15859807683473826,0.001707295081185349,0.23,0.004926080554723739,0.31,0.69,0.0,0.0,1.2848814920919227,-2.5034697836442206,-19.104453088878973,18.67630173793201,13.844019907712937,10.070888991355895,-38.77523398280144,-39.65501021146774,-44.892545442581174,-43.66618178844452,0.14242713805049034,0.19904059133244886,0.0,0.19904059133244886,0.14242713805049034
residual_standard,residual,Residual standard,standard,129,live,14.70697793292351,0.147058464777516,0.0017668790474198528,0.21,0.004611501544713974,0.3175,0.6825,0.0,0.0,1.4440193193479394,-1.9358871125665473,-19.29787242823857,18.46152364980699,12.276379565000534,9.733476575613022,-37.27075646281242,-37.32002871513367,-41.5288110601902,-41.04921216249466,0.1435723198737279,0.2069723675075317,0.0,0.2069723675075317,0.1435723198737279
residual_standard,residual,Residual standard,standard,130,live,13.811031520877016,0.15270460160758953,0.0016211890039831956,0.24,0.004764135032892227,0.32,0.68,0.0,0.0,1.8895167506717048,-1.8979231555001093,-23.132880247334057,20.0405850692515,13.576405929327011,10.346400248110294,0.6117164427042008,-1.459650462269783,-6.782394859790802,-4.315872916281223,0.1398789736646581,0.19248163208664906,0.0,0.19248163208664906,0.1398789736646581
residual_standard,residual,Residual standard,standard,131,live,15.303978068104513,0.14658721099796435,0.001681763677494455,0.2325,0.004653924554586411,0.355,0.645,0.0,0.0,1.5819220949407866,-2.0308790662338083,-22.3023649642851,18.633334540514397,14.846859185919165,11.415016911923885,-3.436937763467431,-6.136380472183228,-9.726810860931874,-9.886253441572189,0.1504106483200234,0.20619559349850605,0.0,0.20619559349850605,0.1504106483200234
residual_standard,residual,Residual standard,standard,132,live,6.854283348858989,0.19161108080560735,0.001998382013284273,0.28,0.0056214754283428195,0.37,0.63,0.0,0.0,5.397928953265241,-1.327705932277432,-22.210650078704333,23.369927345374496,17.47707962602377,11.80272654891014,-61.08429947257042,-61.90493023663759,-72.29513098418713,-72.85411164104939,0.16706210325462453,0.2424727689900542,0.0,0.2424727689900542,0.16706210325462453
residual_standard,residual,Residual standard,standard,133,live,10.157892481928158,0.16895182080984658,0.0018281446165280347,0.2375,0.005138666480779648,0.3,0.7,0.0,0.0,2.055320727234138,-2.689628405620674,-20.51651252076314,17.9016229002232,15.586831282377243,10.693937924429774,-31.09425247132778,-32.34561684668064,-38.176246272325514,-39.17333681844175,0.1466194141976986,0.21651427699988038,0.0,0.21651427699988038,0.1466194141976986
residual_standard,residual,Residual standard,standard,134,live,14.227838538660372,0.15034826441648638,0.00154198263199055,0.2175,0.004526605755090713,0.3075,0.6925,0.0,0.0,0.6299410001292881,-2.206450783970894,-19.092357372171485,16.566219324418867,11.689319207817316,8.082279736995696,30.103625302314757,29.361175572723152,25.586257212162018,25.394059653282167,0.12280367312506442,0.18626946767176628,0.0,0.18626946767176628,0.12280367312506442
residual_standard,residual,Residual standard,standard,135,live,13.826660408974073,0.14313718312242754,0.0016881267758207439,0.2,0.004596067070960999,0.2725,0.7275,0.0,0.0,-3.1755685751366527,-2.322467192299726,-30.01771572442853,15.620024485315772,16.153581133782865,9.532361589074135,-2.125531544685364,4.494882830679416,-3.2890880799293516,-1.2477527540922164,0.1391899934649819,0.23550800813813338,0.0,0.23550800813813338,0.1391899934649819
residual_standard,residual,Residual standard,standard,136,live,15.341486141074627,0.13835039684488437,0.0017453296536507862,0.205,0.004483001157641411,0.3275,0.6725,0.0,0.0,-4.263114842696271,-1.820484311169487,-40.830295934942626,16.819739197096553,19.010130835175513,10.594519072771073,-27.152047414779663,-23.243990488648414,-26.93721574008465,-31.778360741734506,0.14114839025277642,0.22771169720311188,0.0,0.22771169720311188,0.14114839025277642
residual_standard,residual,Residual standard,standard,137,live,9.696942957774962,0.15859293532111512,0.0018738534549168284,0.195,0.0049878468364477156,0.3425,0.6575,0.0,0.0,-2.470189327666107,-5.498598045294457,-38.23068542600535,19.70348964084529,22.981971617937088,13.054216305017471,-67.68801176071167,-54.322521485090256,-71.20745859742165,-65.73585913658142,0.15231625230932963,0.27699873663213226,0.0,0.27699873663213226,0.15231625230932963
residual_standard,residual,Residual standard,standard,138,live,14.614648392190619,0.15108156609227408,0.0013783620960348035,0.1875,0.004614444598555565,0.22,0.78,0.0,0.0,-4.8152267563423825,-3.529556904814001,-39.03749220540942,16.238840049385818,21.677015513181686,9.793353868424893,58.22667697191238,67.55614957690238,56.783708067834375,54.84666091918945,0.1119818395958489,0.24195927453193536,0.0,0.24195927453193536,0.1119818395958489
residual_standard,residual,Residual standard,standard,139,live,14.824836779317904,0.1531408280190229,0.0013994196708314755,0.185,0.004553830921649933,0.215,0.785,0.0,0.0,-6.534131485123327,-4.6688526633187735,-38.16353598999535,15.44337731595106,23.426592261195182,9.512017259597778,56.090742813944814,69.5700352716446,54.849248793125156,56.03261491537094,0.12111486966413887,0.26433690291665896,0.0,0.26433690291665896,0.12111486966413887
residual_standard,residual,Residual standard,standard,140,live,15.582014266012637,0.14475678172452144,0.0013795361933895559,0.185,0.0044818585366010666,0.235,0.765,0.0,0.0,-5.789144315212024,-4.022356211322588,-44.02716197619799,14.475234597179018,27.50793443761766,10.710582565516233,73.1279996433109,88.38694031059742,69.56590153470636,69.91411967933178,0.12200118770312293,0.2682560482246113,0.0,0.2682560482246113,0.12200118770312293
residual_standard,residual,Residual standard,standard,141,live,13.251467199268948,0.16863988915737602,0.001451993724632686,0.2075,0.00497966542840004,0.2225,0.7775,0.0,0.0,-2.8953986421815223,-2.8344490980909995,-27.417484849895054,15.240732161358515,14.303260053098201,8.12912335395813,74.68504927784204,75.29061794757843,72.38193675994873,71.02320008277893,0.12566821149749668,0.20234609176596569,0.0,0.20234609176596569,0.12566821149749668
residual_standard,residual,Residual standard,standard,142,live,12.019714279011414,0.1623167615848127,0.0015867210713795155,0.2225,0.004938389658927917,0.265,0.735,0.0,0.0,-1.2362403321951763,-3.811944648966346,-30.719796782231672,19.995785446337408,19.583028948754073,9.244390845000744,36.07613085463643,45.54833463668823,30.932577176988126,32.46835420310497,0.13904178913199547,0.27624737645781366,0.0,0.27624737645781366,0.13904178913199547
residual_standard,residual,Residual standard,standard,143,live,17.233418686303356,0.14043442912949688,0.001540315721907434,0.205,0.004464705586433411,0.3025,0.6975,0.0,0.0,1.5952099671870588,-1.237081400018397,-16.372789875084994,13.539584516670564,10.504643117189408,7.021020796895027,76.79933640003205,77.70805060029029,71.8081856328249,72.52808629155159,0.14454694324855746,0.20263689124926315,0.0,0.20263689124926315,0.14454694324855746
residual_standard,residual,Residual standard,standard,144,live,3.7898274425768808,0.1948502668638187,0.002049138369661078,0.2225,0.005520375519990921,0.4875,0.5125,0.0,0.0,7.272921002122826,0.20704571784867198,-17.812816222934117,23.68992904937935,18.806240038871763,12.972332944869995,-34.982922105789186,-41.493439593315124,-50.98700770378113,-51.72175980567932,0.21024523870775283,0.301734696326426,0.0,0.301734696326426,0.21024523870775283
residual_standard,residual,Residual standard,standard,145,live,18.583134481202606,0.13264326602846988,0.0014842256492623846,0.1925,0.004235091805458069,0.29,0.71,0.0,0.0,-1.179469818701053,-1.5851621280800998,-23.589877272314137,13.585818703275846,11.150987272709608,8.640563855692744,92.98704195022583,93.17681111380458,91.2357572734356,92.25355736188591,0.139124427032421,0.18956800244294478,0.0,0.18956800244294478,0.139124427032421
residual_standard,residual,Residual standard,standard,146,live,17.274915124512972,0.14191272712268257,0.0015725356568136472,0.195,0.0044173097610473635,0.2875,0.7125,0.0,0.0,-1.7353824779725733,-2.692590786235371,-22.733233423182263,10.535114763258447,11.532544699311256,8.979080998003482,69.70173517465591,70.28366559922695,68.34973650872708,69.98392284065486,0.13995259667775858,0.21289090925032558,0.0,0.21289090925032558,0.13995259667775858
residual_standard,residual,Residual standard,standard,147,live,14.862459554283355,0.15023491184980522,0.0013514736014184955,0.2,0.00453946590423584,0.285,0.715,0.0,0.0,-2.0638356132498688,-2.4660746238151603,-20.039635202129958,12.117175975428012,13.099623637199402,8.315880440473556,131.50969756126403,130.09011390209199,127.02694405555725,129.11979710698128,0.12443079946182671,0.1898870012673884,0.0,0.1898870012673884,0.12443079946182671
residual_standard,residual,Residual standard,standard,148,live,14.943223458386901,0.15114326153097468,0.0012141506002254505,0.19,0.004550710320472717,0.255,0.745,0.0,0.0,0.7565161642600554,-2.866081296582962,-16.811188079556004,11.02811885879432,11.544383641853928,9.932547541856765,159.5015816948563,159.74787983357908,156.59877325475216,157.90416651427745,0.11663840174313307,0.16635490974751527,0.0,0.16635490974751527,0.11663840174313307
residual_standard,residual,Residual standard,standard,149,live,16.91891568480505,0.13954655002532632,0.0013301298872003355,0.185,0.004346034675836563,0.2875,0.7125,0.0,0.0,1.3267375300484314,-2.323182333425436,-17.316936552120982,14.104659689101952,12.794058589339256,10.924367116689682,134.44340926617383,133.73862330764533,130.37640079021455,131.40289658665657,0.1247878529163452,0.1698618405158181,0.0,0.1698618405158181,0.1247878529163452
residual_standard,residual,Residual standard,standard,150,live,15.770247785137649,0.14630570937858225,0.001203347828316093,0.18,0.00448236882686615,0.2475,0.7525,0.0,0.0,-0.37598195263493184,-1.7834174593350554,-17.85902318394925,13.68467021226844,11.988056386709212,8.714579846858978,162.11487657308578,162.23202330708503,158.9579332101345,159.58382907032967,0.11730071730977995,0.16894750970229186,0.0,0.16894750970229186,0.11730071730977995
residual_standard,residual,Residual standard,standard,151,live,17.98961533841729,0.141159502319936,0.0013861478549171942,0.2025,0.004400467127561569,0.3225,0.6775,0.0,0.0,0.04889734066999196,-1.5830376523145304,-20.02334100148628,12.37423326722179,12.744992121458054,10.167806100845336,149.2599243593216,151.5567109310627,147.49979441404344,148.05337018728255,0.1322207639679746,0.18444788630768444,0.0,0.18444788630768444,0.1322207639679746
residual_standard,residual,Residual standard,standard,152,live,16.82382788128788,0.14080551501129485,0.0014720008040652083,0.2175,0.004528728723526001,0.3325,0.6675,0.0,0.0,3.581443979210132,-1.4162674271057085,-14.38266949876409,18.710355266705832,11.510368573516608,9.477903635501862,133.59329592704773,133.4061363862455,128.6290372288227,127.13036985754967,0.1386068235859139,0.19255057855212024,0.0,0.19255057855212024,0.1386068235859139
residual_standard,residual,Residual standard,standard,153,live,15.900867131608726,0.14094528614881466,0.0013436324682918946,0.1975,0.004496910572052002,0.345,0.655,0.0,0.0,0.8877948090826593,-1.0631301016973822,-15.87568841563502,12.344326232842027,11.543164359331131,6.947071093022823,171.03388970434665,171.35092629492283,165.5991904488206,165.80628854990005,0.1311325892481319,0.18594718995960308,0.0,0.18594718995960308,0.1311325892481319
residual_standard,residual,Residual standard,standard,154,live,15.32322435631987,0.14431804581690447,0.0013039647131052776,0.1875,0.0044247515499591826,0.3525,0.6475,0.0,0.0,-2.865908121960152,-1.0478728066312044,-26.285662598829568,14.523196289328213,12.819016845226288,8.501816692352294,191.04635317087173,190.61830737113954,189.85827387809752,188.89234597206115,0.12465319595250866,0.18259792502306696,0.0,0.18259792502306696,0.12465319595250866
residual_standard,residual,Residual standard,standard,155,live,18.337516029448327,0.1336494402911104,0.0013938522701600494,0.17,0.004314568191766739,0.3525,0.6475,0.0,0.0,2.934603203020645,-1.0528127577703117,-12.107280306598877,15.493983530517296,10.537466704249383,8.943439650535584,175.65800698578357,175.8333552610874,171.84862310886382,170.5726681137085,0.1321427370136903,0.18751784223077161,0.0,0.18751784223077161,0.1321427370136903
residual_standard,residual,Residual standard,standard,156,live,14.860589173306947,0.14299984373830374,0.001365923048437658,0.175,0.004239827692508698,0.4225,0.5775,0.0,0.0,2.6497036329616255,-0.287492995129071,-13.575356997420617,12.295725164971216,8.744901684820652,7.169455133676529,208.91581677675248,210.32930601447822,205.779809538126,205.00381531953812,0.1539985781508361,0.1975026438683578,0.0,0.1975026438683578,0.1539985781508361
residual_standard,residual,Residual standard,standard,157,live,18.495632909783673,0.1405500501306928,0.0014084546712456085,0.2175,0.004527584761381149,0.2925,0.7075,0.0,0.0,0.22178536452791406,-1.7091179375099728,-15.15112516361129,13.352766525675888,11.614725686907768,8.500133388638496,187.96980509757995,188.88803425610067,185.83558455228805,184.33749246180057,0.13720108242917006,0.18637157338516872,0.0,0.18637157338516872,0.13720108242917006
residual_standard,residual,Residual standard,standard,158,live,16.646555323912597,0.14986647807921977,0.0012894419154728628,0.2,0.004569950252771377,0.2375,0.7625,0.0,0.0,1.844072094728978,-2.1056628967412507,-13.385363450626937,9.667164164742347,11.53135178565979,9.180102615356445,207.14018407344818,205.5070774126053,202.79363389253615,201.451071331501,0.12710761446275626,0.17898996170034265,0.0,0.17898996170034265,0.12710761446275626
residual_standard,residual,Residual standard,standard,159,live,17.60978235327269,0.14283446903496458,0.0013365871875457688,0.1925,0.0042997531592845915,0.245,0.755,0.0,0.0,-0.7209746283351334,-2.487197195183626,-18.842261941851557,9.885600240438878,12.640728687644005,9.220201122164726,204.27637493431567,206.47252640485763,202.86107431411745,202.47448761165143,0.1061972751597327,0.19055723512025619,0.0,0.19055723512025619,0.1061972751597327
residual_standard,residual,Residual standard,standard,160,live,18.017908947094337,0.1327646945265851,0.0013910664226190906,0.2075,0.004250254780054093,0.265,0.735,0.0,0.0,0.8784145260059018,-2.2913522317516595,-19.46315600375116,10.914442480721824,12.4665121281147,9.992232342362405,205.51562563180923,204.87749847769737,200.95923776507377,202.7164236444235,0.13698012112193683,0.1866166974188959,0.0,0.1866166974188959,0.13698012112193683
residual_standard,residual,Residual standard,standard,161,live,16.89317080020264,0.1380990565713043,0.0012823182713046382,0.185,0.0043013419210910795,0.24,0.76,0.0,0.0,2.1755360167333126,-2.779642370555365,-16.69118488699329,9.620802890258032,11.482038348913193,9.57452529668808,220.8608618927002,219.38541031956672,216.21114776849745,215.85675000667572,0.12515132942615184,0.18769853447811047,0.0,0.18769853447811047,0.12515132942615184
residual_standard,residual,Residual standard,standard,162,live,13.712534707566883,0.14942816010353208,0.0013904842629459484,0.1775,0.00467583879828453,0.2925,0.7075,0.0,0.0,1.538275821814467,-1.5601936449758682,-20.764610551890573,13.69206577968598,13.958966364860535,10.043456888198852,211.24446057319642,209.00092266559602,204.62867603302,204.69691483497618,0.13402412989316317,0.18324898873583131,0.0,0.18324898873583131,0.13402412989316317
residual_standard,residual,Residual standard,standard,163,live,16.7476083442769,0.13728624825067373,0.0012431640199251613,0.18,0.004328798949718476,0.245,0.755,0.0,0.0,0.22479698049635444,-2.6119102519789124,-18.88866632487372,10.659157605641951,13.211953744888305,10.267347798347473,218.50482375383376,217.71248835802078,215.7695295858383,214.09853343009948,0.12110319004276628,0.16979662496327472,0.0,0.16979662496327472,0.12110319004276628
residual_standard,residual,Residual standard,standard,164,live,15.756183821180054,0.13871723404447067,0.0012908360970509442,0.1775,0.004313696175813675,0.2675,0.7325,0.0,0.0,0.9091168783719291,-1.609453048115455,-16.690892790121822,13.033111952266482,11.616660832166671,8.004478063583374,226.95362055778503,226.06897996783258,222.53653335094452,221.4327572488785,0.12916049768044785,0.17223265717947872,0.0,0.17223265717947872,0.12916049768044785
residual_standard,residual,Residual standard,standard,165,live,16.592972498244254,0.13353022140282017,0.0013263572380801329,0.1625,0.004261093884706497,0.255,0.745,0.0,0.0,0.222880566525061,-1.7428051620649683,-17.646826416556888,12.332323711577386,11.331352322101592,7.316946728229523,214.4990237236023,214.67840965986252,210.25148302555084,210.43960498571397,0.12801956416235982,0.17971582651389773,0.0,0.17971582651389773,0.12801956416235982
residual_standard,residual,Residual standard,standard,166,live,17.292464005108737,0.1328063869956513,0.0012420401503648953,0.1625,0.004205973446369171,0.2875,0.7125,0.0,0.0,2.2622764368142207,-1.5478677201153914,-15.304766970381436,11.441407254720588,10.71360514998436,7.775947813987732,242.64900189042092,242.342953414917,237.73412760734558,236.8458191728592,0.1298151393334232,0.17745574327592348,0.0,0.17745574327592348,0.1298151393334232
residual_standard,residual,Residual standard,standard,167,live,17.702614011156896,0.12988972996105297,0.0012066772548339666,0.1475,0.004162338227033615,0.3725,0.6275,0.0,0.0,2.2112686854606003,-1.04715778277955,-19.843060453026563,13.929282125734757,11.982581238299609,9.72253561258316,258.6457749891281,258.8785508649051,255.6844131374359,252.88672930955886,0.1341724752269431,0.1648074080881918,0.0,0.1648074080881918,0.1341724752269431
residual_standard,residual,Residual standard,standard,168,live,16.57793536553652,0.1351410310505953,0.0013491765787699182,0.165,0.00433843806385994,0.3025,0.6975,0.0,0.0,-0.9998722908085489,-0.8198129199873279,-23.17125657950186,11.860405190312724,12.301989265680312,8.064725985527039,246.23564587473868,245.9307028889656,243.75455466747283,241.92375888824463,0.13587025266825734,0.18627547522212276,0.0,0.18627547522212276,0.13587025266825734
residual_standard,residual,Residual standard,standard,169,live,17.534674111480104,0.12373996200274717,0.001223897426766412,0.145,0.004088637828826905,0.355,0.645,0.0,0.0,1.5338657557962858,-0.6873479939659433,-15.15420673142676,13.731792707154131,9.964890537261963,7.176112360954285,268.42826595306394,268.18790102005005,264.6892442893982,263.2704654550552,0.1329236754289209,0.17315189364688796,0.0,0.17315189364688796,0.1329236754289209
residual_standard,residual,Residual standard,standard,170,live,5.451314056157621,0.13109811255974368,0.00167419662887476,0.16,0.0043578301370143895,0.5075,0.4925,0.0,0.0,3.6248430642473886,0.5800343910440802,-5.407343230450434,11.126847160768676,9.191741778850556,6.6281084448099135,242.72552757263185,241.14835782289504,235.82730448305608,235.65679018497468,0.14411664235058794,0.18887741720849566,0.0,0.18887741720849566,0.14411664235058794
residual_standard,residual,Residual standard,standard,171,live,14.497571847880785,0.13140610899525174,0.001311613356805012,0.1625,0.004365300238132477,0.3725,0.6275,0.0,0.0,3.688455444657505,-0.4008632686773126,-11.225633669040128,9.95398972871429,9.92845573425293,7.626814047694206,267.2989024972916,267.14367523670194,261.00621800005433,261.444102833271,0.1334723949483776,0.17907570935484027,0.0,0.17907570935484027,0.1334723949483776
residual_standard,residual,Residual standard,standard,172,live,16.15616896876447,0.12920948928815726,0.0012320844258548115,0.155,0.004175629913806916,0.3225,0.6775,0.0,0.0,2.3524291378949447,-0.7302226534761189,-13.305994098256521,13.018202735317626,10.361652074232698,8.728376939296723,280.81641259633005,283.70946090698243,277.39887934446335,279.14515041828156,0.13095373358521037,0.16850773324457616,0.0,0.16850773324457616,0.13095373358521037
residual_standard,residual,Residual standard,standard,173,live,20.265230090227018,0.12043486987701847,0.0010505381302122385,0.135,0.003968670815229416,0.2825,0.7175,0.0,0.0,0.20863133725467095,-1.3692134051965184,-13.743679407264512,9.329979404275953,12.105240814685821,9.011397144794465,301.88160405874254,301.93005667209627,298.9062862420082,298.29024134635927,0.11622198412162126,0.15731102129570035,0.0,0.15731102129570035,0.11622198412162126
residual_standard,residual,Residual standard,standard,174,live,18.736669075485064,0.13292089994535758,0.0010257323446936741,0.16,0.004132112413644791,0.2875,0.7125,0.0,0.0,-0.22836897077485246,-1.0930985571043834,-14.488158614461156,8.003545726533506,12.113611061573028,8.914568285942078,307.71465344429015,308.4654788613319,305.1295722866058,305.09855722904206,0.11106325517370079,0.15694206310362413,0.0,0.15694206310362413,0.11106325517370079
residual_standard,residual,Residual standard,standard,175,live,19.12378947024455,0.1306512493086491,0.001113455193005583,0.2,0.004077175408601761,0.345,0.655,0.0,0.0,3.5097517683702972,-0.6447948073753196,-10.218688883357485,8.06280928890404,8.476173825263977,6.836128678321838,294.516158618927,295.78573740959166,290.6650264286995,289.32699792146684,0.12066528281923208,0.1560234932632988,0.0,0.1560234932632988,0.12066528281923208
residual_standard,residual,Residual standard,standard,176,live,20.503736613648336,0.11697550407458202,0.0012200965039945806,0.1325,0.004021584242582321,0.3075,0.6925,0.0,0.0,0.4110354607139446,-0.9900000862491538,-19.771429151683446,8.074682875115911,11.194014422893524,8.463437485694886,293.3220442688465,296.6578352534771,290.8478134512901,292.8374620652199,0.12508051129659747,0.17181833318383583,0.0,0.17181833318383583,0.12508051129659747
residual_standard,residual,Residual standard,standard,177,live,20.08251593052151,0.11926458389628866,0.0013081791263745838,0.15,0.004030600786209106,0.26,0.74,0.0,0.0,0.37023665255682886,-1.5328867117270306,-21.04934354744955,11.687939851229125,11.879260121583938,8.646169093251228,286.36800868988036,286.8582904994488,283.5041303521395,282.5039000940323,0.135931032904952,0.17717268455768856,0.0,0.17717268455768856,0.135931032904952
residual_standard,residual,Residual standard,standard,178,live,17.14147957479161,0.1251519994867125,0.0012868381791333028,0.15,0.004207806438207626,0.3425,0.6575,0.0,0.0,-0.5393008313818366,-1.115972332238158,-16.160570471016907,7.687232361694394,10.800770916119218,6.731892377138138,300.96430183805523,300.5906254196167,296.6607128560543,297.8223280572891,0.13172649850143464,0.18575663802408773,0.0,0.18575663802408773,0.13172649850143464
residual_standard,residual,Residual standard,standard,179,live,18.143347291711592,0.12743103464817296,0.0014021920171913868,0.1725,0.004219131767749787,0.295,0.705,0.0,0.0,-0.022023825038810257,-0.7928948500276078,-17.494750845015528,11.97097247619214,9.403259817063809,6.523034055233001,278.09744442939757,277.3824582156539,275.6829677271843,274.06732845783233,0.12648898908931078,0.18509710173369612,0.0,0.18509710173369612,0.12648898908931078
residual_standard,residual,Residual standard,standard,180,live,18.05475917531021,0.12974997210007014,0.0012731664868425327,0.17,0.004248155355453491,0.325,0.675,0.0,0.0,0.083244691277242,-1.7813523589456395,-18.358882460789864,9.340886295747662,9.498708173185587,6.6041015064716335,311.56658746004103,311.0037377490103,308.0842154240608,308.51845631957053,0.1293354301678747,0.17587368143148002,0.0,0.17587368143148002,0.1293354301678747
residual_standard,residual,Residual standard,standard,181,live,14.025223083785114,0.14071184179282661,0.0013898072589558707,0.1925,0.0045603132247924805,0.3525,0.6475,0.0,0.0,0.921082276001082,-1.368515094214871,-16.26932774004579,12.838769576830128,10.585592809021472,7.502728528976441,293.9993167039752,297.4540429663658,290.8164429092407,292.6152780818939,0.13447047538323934,0.19477583751015984,0.0,0.19477583751015984,0.13447047538323934
residual_standard,residual,Residual standard,standard,182,live,15.531527495187165,0.14288522355198813,0.001372821264819337,0.185,0.004499490857124328,0.3375,0.6625,0.0,0.0,3.1665358000666184,-1.9884312247546916,-11.500209614791753,12.548889655617781,8.556624746322631,7.518914546966553,285.49535367488863,288.5128648042679,283.3043225574493,282.28416201591494,0.13086553875982593,0.1737879424810111,0.0,0.1737879424810111,0.13086553875982593
residual_standard,residual,Residual standard,standard,183,live,17.32283919735392,0.14331599358148764,0.001337316049697386,0.22,0.004470714628696442,0.2925,0.7075,0.0,0.0,2.2007430648023227,-1.4086775569077474,-13.16417364830494,10.876175380501312,10.742682429552078,9.431677964925766,299.77372003555297,301.1697226631641,297.0467046713829,296.8617230141163,0.12754626564565286,0.1697648884524433,0.0,0.1697648884524433,0.12754626564565286
residual_standard,residual,Residual standard,standard,184,live,18.65147945277403,0.12706861861036056,0.0014255476187750454,0.1725,0.004201412647962571,0.2825,0.7175,0.0,0.0,1.257479824085275,-1.1975199575664988,-11.52910198371113,10.712709768174639,8.31374526977539,7.852086849212647,315.3211893320084,317.8952069139481,314.48110062122345,315.28366043567655,0.14325117828554945,0.19072981578512027,0.0,0.19072981578512027,0.14325117828554945
residual_standard,residual,Residual standard,standard,185,live,18.25514506014608,0.13247980100846482,0.001513784058010567,0.2,0.004376881122589112,0.2825,0.7175,0.0,0.0,0.3901257019495999,-1.0980894940782377,-15.931821428986499,10.128711816538102,11.61626708716154,9.366724202036858,300.3003964734078,301.4396931859851,298.66430865049364,297.7825764375925,0.13994246090413787,0.19013932058373456,0.0,0.19013932058373456,0.13994246090413787
residual_standard,residual,Residual standard,standard,186,live,16.674235949435634,0.13942710742087638,0.0014013909063876951,0.1825,0.004547085911035538,0.2625,0.7375,0.0,0.0,1.5801654015935878,-1.1834225590566803,-13.388986502344947,12.358373765451077,10.727397406101227,8.623335709571839,321.8555455946922,322.8271112918854,318.46941164255145,318.8305032992363,0.13190283339320105,0.19044449491346258,0.0,0.19044449491346258,0.13190283339320105
residual_standard,residual,Residual standard,standard,187,live,18.908488667540745,0.12612607520419775,0.0015858259061268013,0.19,0.004263010621070862,0.285,0.715,0.0,0.0,1.4721603383434454,-0.9617284579890111,-13.355999736456555,11.26272288862723,9.933680520057678,8.489599940776825,289.54636867046355,290.56236355781556,287.4126979279518,286.84952045440673,0.14584251360816966,0.19313230327378444,0.0,0.19313230327378444,0.14584251360816966
residual_standard,residual,Residual standard,standard,188,live,18.06597592756387,0.13750152501036983,0.001438999574320597,0.19,0.004531992077827454,0.2675,0.7325,0.0,0.0,0.2017150970905999,-1.430572088899197,-17.544900257166066,11.814474665482507,10.773023477196693,7.827579291760921,334.6209086036682,335.25106192409993,331.7993678998947,331.76465989738705,0.13732234979260932,0.18717867556498574,0.0,0.18717867556498574,0.13732234979260932
residual_standard,residual,Residual standard,standard,189,live,18.580676783029833,0.12615849578710642,0.0016559030333148975,0.21,0.004372097030282021,0.3425,0.6575,0.0,0.0,2.1707469237715564,-1.161259963192009,-12.796885837746089,14.389617023593527,9.507515263743699,7.95137448951602,297.9263292648271,298.0937519264221,293.9972409816086,294.55456422448157,0.16023972676542303,0.19874003799157566,0.0,0.19874003799157566,0.16023972676542303
residual_standard,residual,Residual standard,standard,190,live,18.660456274424636,0.13059480963101527,0.0015526050496714164,0.2,0.004427402019500732,0.275,0.725,0.0,0.0,1.2569647339506202,-1.5497809753715046,-15.748960526088288,12.9476517542396,10.07207959830761,8.079438832481392,314.495985737443,315.02632751226423,311.4246265792847,311.5846267778473,0.1447559763685309,0.18965806729003112,0.0,0.18965806729003112,0.1447559763685309
residual_standard,residual,Residual standard,standard,191,live,16.333254269675535,0.1351385863438029,0.0018135233340933156,0.2175,0.004533989205956459,0.2825,0.7175,0.0,0.0,1.8657591557761932,-1.4475101352563229,-18.942066707408248,14.128584790669745,13.47842009037733,10.392547456622124,263.8141810321808,265.7302485129237,259.59845910847184,260.02683871746063,0.162203118601945,0.2136343230440697,0.0,0.2136343230440697,0.162203118601945
residual_standard,residual,Residual standard,standard,192,live,16.460969539368353,0.1322774888328085,0.0018358225078659526,0.2125,0.004532418474555016,0.285,0.715,0.0,0.0,4.008891324285988,-1.8165363590696586,-13.312063377923815,14.551764641122817,11.749476140737533,10.850767244696618,256.19405392050743,255.90222148656846,249.24713124155997,253.01770881950856,0.16121695472628908,0.2161755981107405,0.0,0.2161755981107405,0.16121695472628908
residual_standard,residual,Residual standard,standard,193,live,15.500316263117405,0.11896844522226396,0.002028395848211426,0.215,0.0043532944470644,0.3825,0.6175,0.0,0.0,4.002233835063888,-0.824511684349087,-10.745726270313286,17.024700450937704,11.209470059871673,10.288134750127792,233.19171013832093,236.24824089765548,228.9022561466694,230.67616389989854,0.18308402881132718,0.21363829108804258,0.0,0.21363829108804258,0.18308402881132718
residual_standard,residual,Residual standard,standard,194,live,14.49442445657258,0.13626059921177266,0.001971868468312395,0.22,0.004630381092429161,0.335,0.665,0.0,0.0,2.3917305636398103,-0.841353377590508,-13.20785221669394,14.327122649128292,13.429309602975845,9.982428621202708,234.92695430397987,235.35323727607727,228.91463755607606,229.67153946503996,0.16681394215408943,0.21666264469597776,0.0,0.21666264469597776,0.16681394215408943
residual_standard,residual,Residual standard,standard,195,live,18.679675671085082,0.12742878967723073,0.0014789714802036663,0.2,0.004238744750618934,0.305,0.695,0.0,0.0,-0.9988234639042229,-1.410429263389375,-14.907198217175829,11.974742240091862,10.718217483758927,8.416753885746003,343.1007173025608,341.4571229290962,341.86838202238084,340.07038941860196,0.13844174822165994,0.18860284208885147,0.0,0.18860284208885147,0.13844174822165994
residual_standard,residual,Residual standard,standard,196,live,18.527873526922708,0.12667871867710073,0.0013794532896496128,0.175,0.004214136302471161,0.3525,0.6475,0.0,0.0,2.256081979777548,-0.7175927385923728,-11.205822983961868,16.877137679020542,8.444155370742083,6.687478635907173,364.87648373141883,364.8220276480913,360.8538094496727,360.8060901218653,0.14530831511736828,0.18231127956815085,0.0,0.18231127956815085,0.14530831511736828
residual_standard,residual,Residual standard,standard,197,live,17.96643824964564,0.12967738468384074,0.0014193254329115156,0.1875,0.00432276502251625,0.3175,0.6825,0.0,0.0,1.9046409016225327,-1.1055894234570474,-16.058413396203523,13.451798983648633,9.527123732566833,7.794543828964233,349.56336706638336,350.7651331329346,346.92808495998383,346.11296984195707,0.1552200776299222,0.18776975355661193,0.0,0.18776975355661193,0.1552200776299222
residual_standard,residual,Residual standard,standard,198,live,18.90706018441298,0.12418073007854183,0.0013042592360257327,0.16,0.00416586846113205,0.26,0.74,0.0,0.0,1.3585231548429346,-1.0602910332959823,-14.310968158544117,10.92085209797824,8.08625824302435,6.871506526470184,377.4470612335205,377.56418319374325,375.01095846652987,374.8409480643272,0.13829528651549217,0.18394300790464777,0.0,0.18394300790464777,0.13829528651549217
residual_standard,residual,Residual standard,standard,199,live,18.74211547133606,0.12253982362636943,0.0013308705285160034,0.185,0.004155404567718506,0.2675,0.7325,0.0,0.0,-0.40861123902549606,-1.6203955590351597,-15.21983179882104,9.244189896659519,10.578900600671767,7.4561995226144795,365.4804229402542,366.03445343136787,363.13588158607485,362.9383428579569,0.14260782138600608,0.17798885242587864,0.0,0.17798885242587864,0.14260782138600608
residual_standard,residual,Residual standard,standard,200,live,16.728480760696552,0.12404311011463491,0.0013767223173426857,0.165,0.003996817618608475,0.525,0.475,0.0,0.0,6.156453179674613,1.623797410697705,-0.5630322151935955,14.30327788249818,10.656838306188583,10.372567255496978,343.9169108605385,341.93816609025004,336.052334792614,336.9088569879532,0.14480011227450323,0.16265267490826665,0.0,0.16265267490826665,0.14480011227450323
markov_mismatch_conditioned,markov,Markov mismatch-conditioned,mismatch-conditioned,1,warm_start,-3.153276147617337,0.2943526700821088,0.002592509105932414,0.44,0.006577010004199116,0.0,0.0,1.0,0.0,nan,nan,nan,nan,nan,nan,nan,nan,nan,nan,0.09633774966851057,0.01592722060566203,0.09633774966851057,0.109954578275774,0.0
markov_mismatch_conditioned,markov,Markov mismatch-conditioned,mismatch-conditioned,2,warm_start,8.079282593020153,0.18433812649371306,0.0014378097675925494,0.2475,0.004143103196008624,0.0,0.0,1.0,0.0,nan,nan,nan,nan,nan,nan,nan,nan,nan,nan,0.046949236248815716,0.011651382489291739,0.046949236248815716,0.057095469901250785,0.0
markov_mismatch_conditioned,markov,Markov mismatch-conditioned,mismatch-conditioned,3,warm_start,8.056081543431276,0.18376230095153168,0.0014306740924397837,0.2425,0.004130726329239009,0.0,0.0,1.0,0.0,nan,nan,nan,nan,nan,nan,nan,nan,nan,nan,0.047675687468836936,0.011631865999385291,0.047675687468836936,0.05778934519096178,0.0
markov_mismatch_conditioned,markov,Markov mismatch-conditioned,mismatch-conditioned,4,warm_start,8.163216493473662,0.1827134018598649,0.001423871356645352,0.245,0.004109634933611878,0.0,0.0,1.0,0.0,nan,nan,nan,nan,nan,nan,nan,nan,nan,nan,0.04760444014814455,0.011601440163382236,0.04760444014814455,0.057697296608122055,0.0
markov_mismatch_conditioned,markov,Markov mismatch-conditioned,mismatch-conditioned,5,warm_start,8.255229283710428,0.18164576871935928,0.0014175075958855103,0.245,0.0040862867840410575,0.0,0.0,1.0,0.0,nan,nan,nan,nan,nan,nan,nan,nan,nan,nan,0.04746927601667762,0.011567914775571347,0.04746927601667762,0.05753152120526412,0.0
markov_mismatch_conditioned,markov,Markov mismatch-conditioned,mismatch-conditioned,6,warm_start,8.341568968193357,0.18065818261499647,0.001410813699239523,0.2425,0.004062894125782931,0.0,0.0,1.0,0.0,nan,nan,nan,nan,nan,nan,nan,nan,nan,nan,0.04750052362556094,0.011536517761896068,0.04750052362556094,0.05753321195060892,0.0
markov_mismatch_conditioned,markov,Markov mismatch-conditioned,mismatch-conditioned,7,warm_start,8.465322286161005,0.17951088238328394,0.001403307767530644,0.2425,0.0040400745131927715,0.0,0.0,1.0,0.0,nan,nan,nan,nan,nan,nan,nan,nan,nan,nan,0.047376097888073454,0.011505665214100333,0.047376097888073454,0.057382184386590325,0.0
markov_mismatch_conditioned,markov,Markov mismatch-conditioned,mismatch-conditioned,8,warm_start,8.578620344626094,0.17840595759721622,0.0013960747643973785,0.24,0.0040155545344588576,0.0,0.0,1.0,0.0,nan,nan,nan,nan,nan,nan,nan,nan,nan,nan,0.04718566495698107,0.011474916636764906,0.04718566495698107,0.057163018342054596,0.0
markov_mismatch_conditioned,markov,Markov mismatch-conditioned,mismatch-conditioned,9,warm_start,8.696080878906907,0.17713459871800705,0.0013897546666196208,0.235,0.003985247185381668,0.0,0.0,1.0,0.0,nan,nan,nan,nan,nan,nan,nan,nan,nan,nan,0.050532631380471635,0.011451486242924847,0.050532631380471635,0.060298379382952676,0.0
markov_mismatch_conditioned,markov,Markov mismatch-conditioned,mismatch-conditioned,10,warm_start,8.938793305979319,0.1751456084120554,0.001377111258935993,0.23,0.003944024111734489,0.0,0.0,1.0,0.0,nan,nan,nan,nan,nan,nan,nan,nan,nan,nan,0.04643384840661786,0.01140831355105561,0.04643384840661786,0.056363750750237335,0.0
markov_mismatch_conditioned,markov,Markov mismatch-conditioned,mismatch-conditioned,11,protected_handover,8.920519101797026,0.17503837051453275,0.0013753174492112136,0.2325,0.003925615085615025,0.0,0.9975,0.0025,0.0,nan,nan,nan,nan,nan,nan,nan,nan,nan,nan,0.047313944865768905,0.011403390322881434,0.047313944865768905,0.057200720986175464,0.0
markov_mismatch_conditioned,markov,Markov mismatch-conditioned,mismatch-conditioned,12,protected_handover,9.091506618395393,0.1737625509772885,0.0013656724561479183,0.23,0.0038909169498758146,0.0,1.0,0.0,0.0,nan,nan,nan,nan,nan,nan,nan,nan,nan,nan,0.047271691585042463,0.011375605254440212,0.047271691585042463,0.05713641462541565,0.0
markov_mismatch_conditioned,markov,Markov mismatch-conditioned,mismatch-conditioned,13,protected_handover,9.114003180981626,0.17325665246805572,0.0013564630676638429,0.2275,0.003873827622498976,0.0,1.0,0.0,0.0,nan,nan,nan,nan,nan,nan,nan,nan,nan,nan,0.05022709662821922,0.01132427286062735,0.05022709662821922,0.059922527417200125,0.0
markov_mismatch_conditioned,markov,Markov mismatch-conditioned,mismatch-conditioned,14,live,6.828555774326934,0.17481636189145708,0.0010506123541197932,0.2,0.003996276929193887,0.03,0.97,0.0,0.0,-161.54783302369057,-155.56240948182574,-327.0433890533447,-34.71720869064331,53.30179926621398,3.1002600040837636,-84.2462405995711,-49.22762801671835,44.304375562266,44.675044429425455,0.09294542031486668,1.9891378378671274,0.059299172213692,2.003875878619229,0.06495383713343615
markov_mismatch_conditioned,markov,Markov mismatch-conditioned,mismatch-conditioned,15,live,7.56917276768607,0.1695042059430457,0.0010073639308713874,0.1925,0.0041384734866033316,0.02,0.98,0.0,0.0,-172.11064480311245,-158.96967327862978,-370.51841697216037,-34.290845699310296,54.13465840751305,3.9851245561055837,-80.42589856719599,-58.46247586101293,51.640067473351955,53.15441788645461,0.07489200638515035,1.9966804323863647,0.05156307499277339,2.00959309429369,0.04811548493838171
markov_mismatch_conditioned,markov,Markov mismatch-conditioned,mismatch-conditioned,16,live,14.679321031520415,0.16221319633425987,0.001367144099904878,0.2625,0.003636381379661926,0.01,0.99,0.0,0.0,-223.95237369952974,-200.84871208190918,-459.9823794429041,-48.84450885772702,70.06151793017983,4.614823645353317,-114.21997324705124,-92.68859426274895,54.69334452807903,55.16950548946858,0.06998185199321577,1.9964990489651413,0.05505225339372268,2.00550753848843,0.023560402000864452
markov_mismatch_conditioned,markov,Markov mismatch-conditioned,mismatch-conditioned,17,live,13.174412874133271,0.16045940778645842,0.0014531819906607151,0.23,0.00357508663806332,0.015,0.985,0.0,0.0,-225.60265972974307,-203.7864093613571,-431.79312173843385,-49.95917331695554,65.70720810407074,3.486845770198852,-108.99119557975558,-100.18025145776569,58.91278671331704,58.44282707279548,0.06457902455912151,1.9936625581528764,0.04423501377662338,1.9957627314427535,0.034075629858101475
markov_mismatch_conditioned,markov,Markov mismatch-conditioned,mismatch-conditioned,18,live,14.154713982892215,0.16126269007236155,0.0014786816825542548,0.235,0.003628893442250147,0.0275,0.9725,0.0,0.0,-242.0766133308377,-200.74813899219038,-540.1144803264262,-38.749647749543186,74.96576377496123,3.7142790626361966,-114.94366119682789,-88.00643766447902,68.99829438120126,69.46545669633895,0.0944847134486207,1.9923783273938545,0.06036350003041042,1.996473013168263,0.060013432898462594
markov_mismatch_conditioned,markov,Markov mismatch-conditioned,mismatch-conditioned,19,live,10.557039931769975,0.17079052785117946,0.001788913975194687,0.255,0.004017504711928669,0.0325,0.9675,0.0,0.0,-226.1662918319073,-190.6644610118866,-483.96506114513886,-31.564495391845703,71.76869309296832,4.533893676940352,-134.79664436906577,-97.94156834950671,42.7113509096019,42.17485049385577,0.11663522315855518,1.993772385424268,0.07852188698528219,2.0142518587601543,0.07514891767403178
markov_mismatch_conditioned,markov,Markov mismatch-conditioned,mismatch-conditioned,20,live,13.408311345196449,0.1582757829736499,0.0014320492062046592,0.235,0.003896506946877441,0.0225,0.9775,0.0,0.0,-243.7410442738514,-208.33383953094483,-469.6010370087624,-37.43788396835325,83.7081433204934,3.6148767529428003,-83.06899660497903,-63.68009164046496,90.23247806295753,90.07819202572108,0.07998719361239394,1.985417989847993,0.051261749255637146,1.9947542976207842,0.05110354372978621
markov_mismatch_conditioned,markov,Markov mismatch-conditioned,mismatch-conditioned,21,live,3.6673417775557686,0.20493516855702412,0.0013951751757652995,0.2225,0.004528760715628843,0.0225,0.9775,0.0,0.0,-251.34221924697675,-205.89274262144414,-484.7463343959875,-43.38029449424409,85.5810312768072,7.103589348196984,-85.48531726263464,-61.92404318928718,98.38307611480356,99.69783452644944,0.10733944692263206,1.990854416370285,0.07014489135992788,1.999185844893542,0.04636286199323394
markov_mismatch_conditioned,markov,Markov mismatch-conditioned,mismatch-conditioned,22,live,8.544335670063685,0.18081350333479962,0.0015194101510537872,0.2425,0.004000792609769705,0.02,0.98,0.0,0.0,-264.2161116187428,-198.12795843735336,-546.599461479187,-45.91451370239258,81.94855623722077,4.661626369915902,-84.97818855822086,-54.74451641231775,117.11206013184041,116.7830592841655,0.08307398897609061,1.9845870647652435,0.05079964122892458,2.0113720543211624,0.04424503632293879
markov_mismatch_conditioned,markov,Markov mismatch-conditioned,mismatch-conditioned,23,live,10.188201241766025,0.16631036295325977,0.0013312093818062232,0.22,0.004096071624655517,0.0225,0.9775,0.0,0.0,-280.7974960120697,-240.38948642730713,-560.3029093933105,-46.97595117427933,84.64818137899042,5.09068396370858,-73.2500300194323,-34.23861996471882,147.76535310629754,146.9914143447578,0.0986848521098689,1.981679607469639,0.05404709783755896,1.9825550065846311,0.045254096079964015
markov_mismatch_conditioned,markov,Markov mismatch-conditioned,mismatch-conditioned,24,live,12.77415437569762,0.16082519540366705,0.0015443001731804118,0.2325,0.003703002054824586,0.03,0.97,0.0,0.0,-285.68047036841034,-236.42283164978028,-594.6802360725403,-37.14256355285645,92.14913760647178,5.470146778614726,-69.09734877601267,-35.43859839439392,146.61566046237945,146.61166204950075,0.10884872345641719,1.9935263378112125,0.064630087291462,2.0136273089671044,0.06723227372015896
markov_mismatch_conditioned,markov,Markov mismatch-conditioned,mismatch-conditioned,25,live,14.441823333425733,0.1534636948391642,0.0011976016644512993,0.2125,0.003953551829666344,0.0275,0.9725,0.0,0.0,-288.7871288455992,-261.4944373321533,-615.4432387452986,-45.512123855590765,92.14601331623271,4.49997209712863,-32.45088136911392,0.6948626795224846,185.45726679444314,184.83267113283276,0.09292199219631261,1.9814169397753303,0.05845520409980318,1.988243181297268,0.05514018767822069
markov_mismatch_conditioned,markov,Markov mismatch-conditioned,mismatch-conditioned,26,live,15.572606633155774,0.1493665720276298,0.001432255331214916,0.2425,0.003559204679120317,0.02,0.98,0.0,0.0,-295.1941831903181,-269.72326623916626,-650.059430306077,-43.78493339538574,90.06968214318157,4.423022174984217,-39.6307169264555,-2.29215346172452,188.65284581556915,188.27880412608386,0.08651705812942727,1.992632777101794,0.05712387552382248,2.0126597902836867,0.04658283783970989
markov_mismatch_conditioned,markov,Markov mismatch-conditioned,mismatch-conditioned,27,live,14.203364229526121,0.15413127818844963,0.001243679405297928,0.2125,0.003560091597280358,0.02,0.98,0.0,0.0,-308.62823167959164,-261.2568843317032,-704.3711125310404,-45.50637029449497,94.8125745438342,4.97318295871839,-22.4105205835402,3.1673526810551995,208.87959965443238,209.2176311224699,0.07419414514075015,1.986861128317167,0.047456772681858175,1.9967211671446463,0.04527232307412429
markov_mismatch_conditioned,markov,Markov mismatch-conditioned,mismatch-conditioned,28,live,12.073101833984062,0.15167771674112898,0.0015401138089939895,0.1925,0.0038266403162658825,0.03,0.97,0.0,0.0,-305.5668498130462,-309.32304860780334,-654.5064025413992,-53.93636505126951,97.7523716711998,5.725883105397225,-25.77594763457775,2.2238960963487626,201.34893354356288,201.94465178847312,0.09840412623957356,1.9826283184311695,0.04441556700463508,1.9917860326598333,0.061844853899868026
markov_mismatch_conditioned,markov,Markov mismatch-conditioned,mismatch-conditioned,29,live,3.8153465834189277,0.18775832589263594,0.0013012175309916856,0.1725,0.004692103622892682,0.05,0.95,0.0,0.0,-286.7283608140681,-231.3708201599121,-679.4714872976941,-36.464655609130865,88.15078587055206,6.652652207911014,4.834567802548409,29.854155009388922,221.70640733629466,223.20930079996586,0.12947925859115664,1.9885413491854746,0.05441550826359576,1.998953567096185,0.10879752834849529
markov_mismatch_conditioned,markov,Markov mismatch-conditioned,mismatch-conditioned,30,live,12.123297423857244,0.1573730022585917,0.001381863065166333,0.2125,0.0036258384950737257,0.0075,0.9925,0.0,0.0,-336.8111674889941,-284.2816325378418,-710.0935632206185,-79.25084678649901,104.25690206862986,4.359622260183096,-11.258571314811707,21.47753328822553,241.8420295920968,241.9690041489899,0.06466579566191712,1.9771827142220948,0.052211430921078744,1.9842847977061269,0.016912350594532246
markov_mismatch_conditioned,markov,Markov mismatch-conditioned,mismatch-conditioned,31,live,10.492868525832845,0.16180985903796294,0.001667400645844041,0.235,0.004126065527831426,0.0375,0.9625,0.0,0.0,-315.61991742344486,-253.6364103347063,-708.9792487715041,-49.4951877266596,103.5450633007288,7.056266748197377,-4.999908364415169,37.83064126253128,235.17211801171302,235.68765279006212,0.11685676744912704,1.9753969442154478,0.05756419682452519,1.9901225281311712,0.08290031687723229
markov_mismatch_conditioned,markov,Markov mismatch-conditioned,mismatch-conditioned,32,live,14.50422386723931,0.14689902242022113,0.0013341429391832116,0.22,0.0035084885223281683,0.02,0.98,0.0,0.0,-330.2157900816803,-225.38802189377242,-739.8249964395037,-49.64307165265083,95.78950226256856,5.123592394590378,33.76116605768213,66.15690832734109,288.6031692072749,290.17844557255506,0.07885031249665801,1.9866023339515817,0.05328835769639111,1.9946829990386414,0.04731225684841031
markov_mismatch_conditioned,markov,Markov mismatch-conditioned,mismatch-conditioned,33,live,8.737842064756347,0.17114248435289706,0.001301981759323778,0.205,0.003949382432608716,0.0175,0.9825,0.0,0.0,-358.5521421614428,-302.8516079818065,-776.2923018429256,-82.15950067198408,113.81507850587369,6.317552227377892,37.39697213120758,97.93165686629713,318.60629759192466,318.60265532672406,0.08884317615196363,1.9581259985881285,0.05704418289144075,1.9560950033455686,0.033964093642328864
markov_mismatch_conditioned,markov,Markov mismatch-conditioned,mismatch-conditioned,34,live,15.376807173453647,0.14054227696352953,0.0014213675183396089,0.1725,0.0036962003038132248,0.035,0.965,0.0,0.0,-336.9276809480844,-295.3271377008015,-693.3167256018287,-69.47332219871693,96.25143921695184,6.446159083843231,104.25758389599622,124.73981266066897,361.54402503192426,361.468180975914,0.10705977865628573,1.9750243184619105,0.04552204929881291,1.9714221493914001,0.07236288410815585
markov_mismatch_conditioned,markov,Markov mismatch-conditioned,mismatch-conditioned,35,live,13.424647595539845,0.15075589417841473,0.0016446657321755901,0.27,0.0038779367863088616,0.035,0.965,0.0,0.0,-341.4176442225164,-274.16064756870276,-727.9238536307614,-50.893572161128226,102.88161877301522,6.076671557575464,138.5993356715888,151.02320421899668,389.7826243415475,388.8283984939754,0.11101054232059672,1.9751244009345716,0.05317817142295162,2.0005190149198784,0.07630827157945172
markov_mismatch_conditioned,markov,Markov mismatch-conditioned,mismatch-conditioned,36,live,10.076396691975567,0.1540903713912116,0.000995025254114117,0.155,0.004650047080563849,0.06,0.94,0.0,0.0,-375.01707241628066,-351.87682273706065,-799.6026012884186,-56.99597385859487,112.78273215688765,6.897571459263563,211.8920740213245,243.08738111376763,496.16356160730123,496.85062638267874,0.1510054961489146,1.9611417735377694,0.04684784923768312,1.9769148362430533,0.12158380152538677
markov_mismatch_conditioned,markov,Markov mismatch-conditioned,mismatch-conditioned,37,live,13.754167448234533,0.15440809087551596,0.0017448736177608877,0.26,0.004282487694302869,0.045,0.955,0.0,0.0,-311.89955516558024,-251.2066717358054,-709.3761317358599,-35.400489231146885,92.02172361195088,7.844904773384332,249.77382179379464,282.12452688276767,492.513531601727,494.60381340131164,0.1230505984377925,1.952887941705748,0.05633148427538009,1.9693010030681883,0.10296107172570386
markov_mismatch_conditioned,markov,Markov mismatch-conditioned,mismatch-conditioned,38,live,-7.283745190323437,0.22547268464108822,0.0016492947898120425,0.265,0.005752048401442394,0.055,0.945,0.0,0.0,-352.13732350095256,-297.893355697849,-784.9364402508827,-43.412084184088535,110.50374751284718,10.672504139989615,253.2012097930908,293.7179328756034,526.3353428068757,524.9633917303383,0.18728732455812241,1.9647958497980909,0.08546331190929618,1.9882087982251984,0.10719324146318047
markov_mismatch_conditioned,markov,Markov mismatch-conditioned,mismatch-conditioned,39,live,16.052101238606358,0.15516335272589046,0.0014744183379300736,0.25,0.004185841766446243,0.045,0.955,0.0,0.0,-343.491826793759,-338.81926898036477,-693.5699682866439,-43.813642388332795,96.39451900482177,7.144980252981186,319.96547903373835,362.27040911868215,595.2259655851126,595.2689315658807,0.11729121784440664,1.9496817343798154,0.04352283920205251,1.956264161551996,0.0905563382679589
markov_mismatch_conditioned,markov,Markov mismatch-conditioned,mismatch-conditioned,40,live,14.227371667958616,0.137835348888165,0.0019132244895046426,0.23,0.004328453590804336,0.0575,0.9425,0.0,0.0,-368.42550948214455,-342.9606815051902,-835.1254114472166,-39.80858073648989,116.13286453455686,7.101089537143707,371.9842719960213,408.13526601344347,649.0251707696915,649.6544321513176,0.14642719880911248,1.9639888589218737,0.05406042437000273,1.984052361382769,0.1283122075108113
markov_mismatch_conditioned,markov,Markov mismatch-conditioned,mismatch-conditioned,41,live,17.36998631172639,0.13688808627973703,0.0013625615933570737,0.215,0.00434721316970548,0.0675,0.9325,0.0,0.0,-399.8706471904315,-386.65143376844446,-741.9491645733111,-44.06200217662068,124.46614406074397,7.609631414413452,392.2100705735851,445.83428304299713,702.3490237820148,701.5011779296398,0.17054880990134508,1.9479922315402798,0.04785834545904816,1.9577040068926783,0.13417562217385315
markov_mismatch_conditioned,markov,Markov mismatch-conditioned,mismatch-conditioned,42,live,10.003131023095467,0.17109213281416555,0.0014041296302765077,0.2375,0.004375213695622699,0.035,0.965,0.0,0.0,-404.1229799118472,-397.3914528721234,-796.6252627647389,-71.44611080535418,128.11634769558907,7.13718792065978,446.1640233659744,504.67294254660607,757.9681061923504,758.9320506928862,0.11451761660328613,1.9461607280395163,0.0500797697550192,1.9490832522482788,0.06932473364500996
markov_mismatch_conditioned,markov,Markov mismatch-conditioned,mismatch-conditioned,43,live,17.264951047265743,0.1491030475532764,0.0017610861382189218,0.2725,0.004073009249947997,0.0425,0.9575,0.0,0.0,-372.2225266546139,-363.53740135902626,-674.5741404111258,-64.66560085740797,112.37188377723098,7.656406655013561,490.46025430977346,526.8155982156098,776.5064710262418,775.5581622695922,0.1236946231169059,1.9442012406355331,0.05759143179272526,1.9577641212417303,0.09569735442011401
markov_mismatch_conditioned,markov,Markov mismatch-conditioned,mismatch-conditioned,44,live,11.940386191001553,0.1810307781178329,0.0014647763668801633,0.2525,0.004449150316238007,0.04,0.96,0.0,0.0,-394.658462716703,-385.2204690111738,-741.1777863057091,-58.59531275907957,118.18934608161449,7.203456406593323,535.1856321406365,569.7098668473959,835.3349084848165,836.6850758975744,0.1147338059706431,1.9302636227234347,0.05050784738084344,1.9290958830085077,0.07972031704869498
markov_mismatch_conditioned,markov,Markov mismatch-conditioned,mismatch-conditioned,45,live,11.042511853480029,0.16182768235760336,0.0013371306865183898,0.1975,0.0046695168186195145,0.05,0.95,0.0,0.0,-399.66036127606475,-404.6898261448854,-684.8957359532644,-78.06461288452148,117.87896868407726,9.093276687860488,589.9721980267764,656.9769122552872,914.0639144563675,914.4137537062168,0.12594166929718845,1.934046259637389,0.04488600535489195,1.9311048090144514,0.09602658415996342
markov_mismatch_conditioned,markov,Markov mismatch-conditioned,mismatch-conditioned,46,live,15.205714718314093,0.15577283562529204,0.0014418457135013316,0.23,0.004264560091730363,0.055,0.945,0.0,0.0,-398.2380221901626,-418.1956897664255,-681.512753964709,-74.19726554731446,122.45141369223595,8.441708784103394,660.3123586690426,685.9120926356316,957.4068423128128,957.0555452632904,0.13824210365051534,1.9195543224992213,0.05073206239406422,1.9308850158667628,0.11353825977065955
markov_mismatch_conditioned,markov,Markov mismatch-conditioned,mismatch-conditioned,47,live,13.514916225594131,0.16700543022763778,0.0016462070960362608,0.225,0.00448068001553583,0.065,0.935,0.0,0.0,-393.66378291278875,-423.02477450805895,-684.6285791708073,-63.05846600151948,116.35908435255288,8.473455714583396,660.9814126169681,727.5327260449528,979.095229819417,980.7621812081337,0.1618695188407308,1.909631284393479,0.06779761964866737,1.9103708473036198,0.13025237103717202
markov_mismatch_conditioned,markov,Markov mismatch-conditioned,mismatch-conditioned,48,live,14.307667550907322,0.15641563675475148,0.0015366313278192278,0.2125,0.0044345208992889115,0.045,0.955,0.0,0.0,-415.22715118020443,-418.37576767825124,-748.1144553406308,-96.04759180572643,121.57553170382977,9.000678197145461,716.27348726511,745.2341041141749,1033.5299522066116,1033.0666207754612,0.1243926361170013,1.9021189954725697,0.05168957464479549,1.9102136369087617,0.09357189972498109
markov_mismatch_conditioned,markov,Markov mismatch-conditioned,mismatch-conditioned,49,live,14.191684885096306,0.13939185961952708,0.0021785964655267023,0.295,0.004455539013899274,0.0625,0.9375,0.0,0.0,-390.37680838560914,-392.20677442226986,-712.666425361751,-49.723119787135765,129.5104533267021,9.607569822818041,737.6915000975132,782.2707762682438,1029.9011440327763,1030.7969902847708,0.15465921159567259,1.8952082126955896,0.050727582207528786,1.9065161108819324,0.12890854084002945
markov_mismatch_conditioned,markov,Markov mismatch-conditioned,mismatch-conditioned,50,live,15.60292320394715,0.1590267245595919,0.0015518913517484766,0.25,0.003962332756608201,0.025,0.975,0.0,0.0,-389.3578824047545,-344.1812850289975,-730.0530764631995,-59.50721584302795,109.16781635403633,7.314331283569336,788.4012786984443,840.0282596814633,1101.7677021336556,1101.4567838835717,0.09015698133538472,1.8837765748563635,0.04895282558861477,1.8935666942016405,0.05167849584665096
markov_mismatch_conditioned,markov,Markov mismatch-conditioned,mismatch-conditioned,51,live,18.478165722629573,0.1451982832971076,0.0015919956434565675,0.2525,0.0040362324402489535,0.045,0.955,0.0,0.0,-388.25641193378937,-386.1207801697643,-721.764252578651,-46.642574553335805,110.61347656762227,6.878047322481871,778.2839948077313,844.4747921638935,1095.6435513363779,1095.9414054906367,0.12438065709158615,1.8918145574631189,0.046562237306922424,1.9117666865491127,0.09052401663093634
markov_mismatch_conditioned,markov,Markov mismatch-conditioned,mismatch-conditioned,52,live,18.82901829377514,0.14220645858052003,0.0014966962626855396,0.24,0.004228945030333257,0.0625,0.9375,0.0,0.0,-421.2579315026492,-423.68001799396535,-730.0423600596479,-29.591377827856274,122.00081244447735,7.562230078354478,791.988124178648,809.1597005357454,1106.6970335268975,1107.883441137448,0.15646247545461356,1.8613139749948096,0.056456297905391445,1.8753718592866948,0.12067158007711082
markov_mismatch_conditioned,markov,Markov mismatch-conditioned,mismatch-conditioned,53,live,15.998200216022129,0.14045501908372554,0.0017268503309844688,0.24,0.0041884159463926145,0.07,0.93,0.0,0.0,-372.50552810782443,-368.00052202883546,-683.7631280122,-25.677166832536294,108.84229833960534,9.260303191617131,814.0900171494484,850.1567594587802,1104.6645413255692,1105.2338940352947,0.16179895578514425,1.825284938823551,0.05018781392327977,1.8344993974145438,0.1510505472694639
markov_mismatch_conditioned,markov,Markov mismatch-conditioned,mismatch-conditioned,54,live,16.082533901345023,0.13820372565278508,0.0017228904065439948,0.2425,0.004443608729636454,0.0775,0.9225,0.0,0.0,-386.37712184740593,-377.9614515334354,-759.7484212383772,-37.402264181058015,112.91091211587191,8.97568571895361,809.8902938604355,857.1757040765882,1115.603868700564,1116.1466855674983,0.18117503596386783,1.8539812297943337,0.046404726979213266,1.8582413159563984,0.15057716169734142
markov_mismatch_conditioned,markov,Markov mismatch-conditioned,mismatch-conditioned,55,live,14.880914683680501,0.1547723213106921,0.001771508003581183,0.2625,0.004021823784094039,0.0325,0.9675,0.0,0.0,-366.70940977575896,-339.02612713443455,-702.1261006143459,-91.89817320949726,119.91844386607409,7.0676088174805045,865.9558107146621,897.6940845263005,1136.264775931537,1134.9044693601504,0.09339748076951285,1.8138693916633566,0.041826623738354635,1.8186991325177706,0.06511238496855448
markov_mismatch_conditioned,markov,Markov mismatch-conditioned,mismatch-conditioned,56,live,19.125562495636988,0.14342087910159748,0.0015452569197217055,0.24,0.003977162406524252,0.0475,0.9525,0.0,0.0,-391.1041701603493,-396.7436699150217,-716.9574713203991,-59.95695101818201,115.65137835621834,5.997604893445969,835.8623736453056,889.7234162819385,1143.8212998747827,1144.4730720710754,0.13074790461962998,1.7792131899871788,0.0446375580912201,1.7959960415771923,0.09406614893132324
markov_mismatch_conditioned,markov,Markov mismatch-conditioned,mismatch-conditioned,57,live,16.696655399586895,0.14373254820158862,0.0012974503600275283,0.2075,0.0038972210816900464,0.05,0.95,0.0,0.0,-400.21878182026705,-368.76066108204685,-776.5736630180786,-83.34464519531083,127.0646689170599,6.976703833341599,914.9600699669122,929.0867305755615,1202.3137553942204,1201.8065258550644,0.1121659539092931,1.7756236893534976,0.041357864388805926,1.7864433826128112,0.10469103412999022
markov_mismatch_conditioned,markov,Markov mismatch-conditioned,mismatch-conditioned,58,live,15.911307572350722,0.1497918831558839,0.001565730118897205,0.24,0.003934093754543262,0.0375,0.9625,0.0,0.0,-354.93567853666843,-330.01762563462245,-669.5400430727752,-52.47807548597455,112.6572817453742,7.266055535972118,902.9896201503277,953.5580470922589,1177.6609897005558,1177.790769263208,0.1107460786256123,1.7459229732059875,0.04778024978265569,1.75330047825821,0.07221720513494018
markov_mismatch_conditioned,markov,Markov mismatch-conditioned,mismatch-conditioned,59,live,18.336125655108535,0.1390375445819401,0.0013341246351405312,0.225,0.004028511199424761,0.0625,0.9375,0.0,0.0,-368.39850489475447,-360.2225457641843,-677.1785971656044,-70.75387986772165,114.12535618394614,7.88672227665782,906.1836705678702,943.5771596160531,1186.7992618863284,1187.1009806442262,0.1385488764109355,1.7499445785612067,0.039967103858709406,1.7508495499300671,0.12003727981667586
markov_mismatch_conditioned,markov,Markov mismatch-conditioned,mismatch-conditioned,60,live,17.717138578278004,0.13164566464481747,0.001535062929689614,0.2275,0.004055816868094161,0.0725,0.9275,0.0,0.0,-346.5513587313196,-341.97343901023197,-668.7930143619171,-33.26418289661537,116.09916863679886,7.811680543720723,941.0312963557243,969.2493855667115,1192.8790686202049,1193.7516611382366,0.16852324847358055,1.729431274601689,0.048994612379207,1.73759480905891,0.1470908171463771
markov_mismatch_conditioned,markov,Markov mismatch-conditioned,mismatch-conditioned,61,live,14.16594702990831,0.1641444511496237,0.0016679400456930781,0.2575,0.004062999687765679,0.0475,0.9525,0.0,0.0,-308.7298925043428,-284.1421230771876,-659.7238000457093,-80.86227495936683,94.73537012577057,7.489485127925873,951.8692959463597,994.3678252875804,1194.95254103899,1194.076435995102,0.12289600333734288,1.700489606053437,0.04675397088077743,1.7144087145465887,0.09357328307136079
markov_mismatch_conditioned,markov,Markov mismatch-conditioned,mismatch-conditioned,62,live,16.67769146526631,0.14210546228514365,0.001321331188931355,0.225,0.003933300279279784,0.05,0.95,0.0,0.0,-329.33190605204834,-309.20262032529604,-597.3855947917848,-72.15964383174858,114.53590147137642,6.416614579856396,975.6074494898319,1026.6957545351981,1222.1199678516389,1222.4367838856579,0.1366703666638395,1.6749938483607882,0.04699544324500568,1.6895476165760976,0.10223403812546103
markov_mismatch_conditioned,markov,Markov mismatch-conditioned,mismatch-conditioned,63,live,16.56087458798128,0.13489747989264197,0.0014988376429345915,0.24,0.004095220461678116,0.07,0.93,0.0,0.0,-305.4805840345906,-287.4374238117585,-615.46174477669,-29.036154095689184,103.55890612065792,6.879590096473694,994.6626783752441,1015.2366312938929,1213.578551106453,1213.7635977458954,0.1500652436861023,1.6372725179748162,0.04053890000607353,1.648295768335222,0.14444549678106977
markov_mismatch_conditioned,markov,Markov mismatch-conditioned,mismatch-conditioned,64,live,22.38078981770588,0.1268717851013155,0.000983587841617107,0.205,0.004014762582322251,0.065,0.935,0.0,0.0,-317.6445117950384,-326.2811519387649,-578.1268555644149,-48.849104767487674,103.10864316225052,8.061350531578064,994.788590028286,1022.9158966112137,1231.525169286728,1231.2237522935868,0.14070279134308336,1.5672032424230395,0.04516898523545002,1.5743020735150777,0.12472880476218419
markov_mismatch_conditioned,markov,Markov mismatch-conditioned,mismatch-conditioned,65,live,17.028084564140773,0.13169830589472828,0.0014191921713781303,0.2225,0.003942819676528018,0.0525,0.9475,0.0,0.0,-282.0566563799587,-279.75013349203374,-554.3679175432842,-53.96817447317105,89.43912498474121,7.05831358909607,1007.0792675590515,1046.1768151283263,1225.6272770214082,1226.826646232605,0.1421113478640464,1.5680345494033383,0.04635976865573126,1.5779623967964458,0.10286794763660347
markov_mismatch_conditioned,markov,Markov mismatch-conditioned,mismatch-conditioned,66,live,10.448507144207317,0.16573529893427455,0.0011053198996397251,0.2025,0.004225562745493964,0.04,0.96,0.0,0.0,-287.3655357495255,-250.01023077695254,-600.3336482234711,-66.85530669295551,94.45716246962547,7.043067926168442,1030.7939673483372,1075.6666434025765,1253.9047428762913,1252.3125690197944,0.1143165240830798,1.5179533834572527,0.04673815013256286,1.5297044052653286,0.07953665019100162
markov_mismatch_conditioned,markov,Markov mismatch-conditioned,mismatch-conditioned,67,live,11.847361147760772,0.14962221050031208,0.00175643497234699,0.2475,0.004501551301382446,0.085,0.915,0.0,0.0,-257.5171485181569,-231.5107900807493,-535.5519511067647,-22.331810689172855,87.77208428740501,9.136884346008301,1033.0873091554643,1066.7163110268116,1227.8604878044127,1229.5659672355653,0.178559126669939,1.5510389126754485,0.049687922395788425,1.5495082253624783,0.16544660523170243
markov_mismatch_conditioned,markov,Markov mismatch-conditioned,mismatch-conditioned,68,live,15.605787602164476,0.13943713828601645,0.001663541275637074,0.2575,0.003978049824535633,0.0525,0.9475,0.0,0.0,-236.6282653672821,-193.29872215443663,-498.11080452556223,-37.51785524564226,81.65247297763824,7.477401027679443,1089.2295331001283,1129.5972973966598,1272.0672770500182,1271.5207159042359,0.11896849809821944,1.5276765401297896,0.045497085822563135,1.5440183533132836,0.11141556744763519
markov_mismatch_conditioned,markov,Markov mismatch-conditioned,mismatch-conditioned,69,live,17.78980982355903,0.13287167186146184,0.0014657558102957255,0.255,0.004082349898986873,0.07,0.93,0.0,0.0,-276.3590435316794,-246.57449665828804,-592.9885513193631,-29.819625654288426,101.69061654090882,9.758241710662842,1081.7844934940338,1109.7718785476684,1279.7558825874328,1280.5130057525635,0.1497057424846685,1.5315413266777496,0.0404909288248262,1.5367510305866767,0.14020010647450146
markov_mismatch_conditioned,markov,Markov mismatch-conditioned,mismatch-conditioned,70,live,15.372161056851041,0.16170275591282057,0.001347019463042628,0.245,0.003927073102156246,0.055,0.945,0.0,0.0,-227.61580935033098,-182.982093778427,-484.19466371762087,-32.25779976452869,83.0524491405487,7.614250383377075,1146.5110826015473,1184.5716842842103,1317.1606838607788,1318.1422041416167,0.13954055527031947,1.4666316325714188,0.054132523894149756,1.468773542266772,0.10363421912356899
markov_mismatch_conditioned,markov,Markov mismatch-conditioned,mismatch-conditioned,71,live,16.004494729983193,0.13828351120892557,0.0017057868095976347,0.2525,0.004176760700217314,0.0725,0.9275,0.0,0.0,-233.43284620927804,-213.1633457485753,-506.0426723773444,-23.2291425274213,84.1410452079773,8.033607673645019,1132.3713557434082,1170.7547419548034,1308.5185242652892,1309.1274928092957,0.14457418275953507,1.441838429276683,0.03501277828083351,1.4516016730072465,0.13815858125823266
markov_mismatch_conditioned,markov,Markov mismatch-conditioned,mismatch-conditioned,72,live,18.51208724305414,0.13571653029394412,0.0011488155119851614,0.19,0.003952241654435216,0.065,0.935,0.0,0.0,-244.36812582249564,-204.84507153272,-511.40836114515804,-25.00537775888703,87.45591472625732,6.905496768951416,1159.837630672455,1210.4303964424134,1349.0440678787231,1348.7367591285706,0.14769181330452943,1.4175811238888856,0.043416682122511825,1.4147017391120382,0.11796396095069753
markov_mismatch_conditioned,markov,Markov mismatch-conditioned,mismatch-conditioned,73,live,17.161539701489804,0.14114016271319796,0.001556490534506761,0.2575,0.004124823131838301,0.0725,0.9275,0.0,0.0,-215.66485437909026,-190.24324939864061,-485.5768840199486,-18.311942063492335,97.42423484802246,7.702392930984497,1194.773078765869,1220.5641619110108,1333.4335468196869,1333.6641040992736,0.16130547290293826,1.4262016802561714,0.03928276991991583,1.4280647452414608,0.1393325255568626
markov_mismatch_conditioned,markov,Markov mismatch-conditioned,mismatch-conditioned,74,live,15.778268220735294,0.1454258690927246,0.001519686195802482,0.265,0.004308348150624753,0.0675,0.9325,0.0,0.0,-215.25108317032183,-211.61418279050173,-443.8355081212391,-14.799292069490715,81.61617612838745,12.772536506652832,1181.9078362464904,1224.1511102294921,1347.6402611541748,1351.1167741775512,0.1430378381710234,1.3676062895301349,0.041825659501460326,1.3642028216431457,0.11416643093792973
markov_mismatch_conditioned,markov,Markov mismatch-conditioned,mismatch-conditioned,75,live,16.843940212151647,0.14853461022355488,0.0014046384472034415,0.2425,0.003992862431711332,0.0525,0.9475,0.0,0.0,-195.731921947994,-168.69336458286966,-420.96037892559997,-27.201593381756112,75.29227693557739,6.858496446609497,1230.6772597312927,1267.187568435669,1377.0432127189636,1375.3022876834868,0.12969880902281875,1.3171573110909662,0.04460699177120043,1.3307648685329536,0.10174026222571558
markov_mismatch_conditioned,markov,Markov mismatch-conditioned,mismatch-conditioned,76,live,12.336595766972849,0.17806336020798763,0.0015032105889803194,0.255,0.0043414822885155455,0.04,0.96,0.0,0.0,-214.97909953117573,-183.46682706976742,-479.47464621114864,-31.338077199149893,86.68028410792351,7.788805809020996,1233.858291964531,1263.384012027979,1383.9528678894044,1385.3491873550415,0.0960889564796789,1.3334178069455165,0.04230778856808819,1.3388717855086492,0.0694057607330954
markov_mismatch_conditioned,markov,Markov mismatch-conditioned,mismatch-conditioned,77,live,18.66063932388686,0.13221964574577755,0.0015318589832973946,0.245,0.0040172681200690485,0.06,0.94,0.0,0.0,-195.05663144023353,-169.20890902734328,-406.5378186915961,-24.931286400705424,67.19901323318481,7.359520778656006,1239.2284678268434,1275.3516295814513,1392.5782451629639,1392.3329607582093,0.14420767212881663,1.2825634013471383,0.04215240434958647,1.278843206892567,0.11211340044981295
markov_mismatch_conditioned,markov,Markov mismatch-conditioned,mismatch-conditioned,78,live,15.575541994953442,0.14818759766412945,0.0011826138821518291,0.22,0.004101430431971687,0.0725,0.9275,0.0,0.0,-225.04308298961712,-230.9291477431779,-423.508031362597,-26.236806835485726,84.03417358398437,7.300685348510743,1259.9268166542054,1295.0238982582093,1425.8985068130494,1425.5710174179078,0.14416746721252335,1.2559854806344777,0.04014642672805234,1.2672365338852318,0.14427761360444413
markov_mismatch_conditioned,markov,Markov mismatch-conditioned,mismatch-conditioned,79,live,20.23021913669238,0.12286259671828821,0.0015619426803934811,0.2675,0.004216795092078691,0.0825,0.9175,0.0,0.0,-205.1983434149388,-186.26480976096724,-435.2658965841727,-5.863167278136427,76.15303140640259,7.084453983306885,1279.5332207489014,1310.4709106254577,1430.531462688446,1431.6354122161865,0.15659780618615604,1.2161145844011438,0.04317135557787519,1.22486662072613,0.15232448219186126
markov_mismatch_conditioned,markov,Markov mismatch-conditioned,mismatch-conditioned,80,live,15.711654002920687,0.1407295500596113,0.001890261144624904,0.2825,0.003941726940853441,0.0525,0.9475,0.0,0.0,-157.68318672588754,-133.83241688323682,-363.37026816968074,-18.281238356242557,61.88028198242188,7.716123466491699,1306.4881620788574,1341.1726692199707,1427.486016845703,1427.108786201477,0.11159211515924873,1.2481258703822227,0.04088367017203539,1.2585289661599994,0.10223062296095034
markov_mismatch_conditioned,markov,Markov mismatch-conditioned,mismatch-conditioned,81,live,15.520129941301889,0.1436362948769665,0.0017720133899587797,0.26,0.004069601661837166,0.0625,0.9375,0.0,0.0,-177.5463807650028,-144.0443157668417,-380.65725671887435,-13.260953899632126,64.71085830688476,7.745811901092529,1302.51066116333,1333.8726139831542,1439.062396888733,1438.3860393333434,0.14123872483971886,1.2283496961794131,0.04508604962130371,1.2294768619558687,0.11355110411498388
markov_mismatch_conditioned,markov,Markov mismatch-conditioned,mismatch-conditioned,82,live,16.043802526264493,0.15902739933250165,0.0016388786525610539,0.27,0.0038595273713345306,0.04,0.96,0.0,0.0,-157.97327175504685,-150.82312585824212,-316.0921426815687,-20.05923501854638,60.5448140335083,8.00435549736023,1346.3906001663208,1374.745411453247,1466.4081140136718,1465.494138765335,0.08974015633986532,1.182890141908988,0.04903702623428355,1.1993102578681694,0.05787558678913601
markov_mismatch_conditioned,markov,Markov mismatch-conditioned,mismatch-conditioned,83,live,16.350506666208332,0.1476838019927723,0.0016002462262124826,0.2275,0.004123973140055059,0.0575,0.9425,0.0,0.0,-162.66584674654857,-130.96781411385302,-388.4522937818001,-20.930656627765842,51.40992729187012,6.0207328033447265,1351.1551774597167,1371.4459772491455,1478.569711074829,1478.48863571167,0.11945812526903414,1.191499427691606,0.04502156249639457,1.2043399769755383,0.1014725932131941
markov_mismatch_conditioned,markov,Markov mismatch-conditioned,mismatch-conditioned,84,live,17.60363954326378,0.1410083230973682,0.0015401435557058057,0.24,0.0038847457651684588,0.0575,0.9425,0.0,0.0,-176.8778195211068,-157.15271733313216,-360.9313441871481,-30.474093675249314,67.56276466369629,8.046688270568847,1352.3434468841554,1387.6033338928223,1488.2630587005615,1486.3191617202758,0.13214102569886715,1.1301530160294644,0.053169489850690324,1.146418589227622,0.10302718574690121
markov_mismatch_conditioned,markov,Markov mismatch-conditioned,mismatch-conditioned,85,live,15.842918970477035,0.14688694247350928,0.0016928632670914767,0.235,0.004169907828261814,0.0575,0.9425,0.0,0.0,-155.11188163312295,-156.85596390383375,-335.7331175889905,-11.946854911992073,63.16692176818847,7.230427436828613,1375.2199392700195,1403.3888654327393,1488.298709449768,1488.5717151641845,0.12143555878892334,1.1402804622362792,0.04368652831676436,1.1488297264793315,0.09950843783169301
markov_mismatch_conditioned,markov,Markov mismatch-conditioned,mismatch-conditioned,86,live,17.858171472775044,0.13455339016413836,0.0017120663957534636,0.2575,0.004065222777761854,0.055,0.945,0.0,0.0,-154.22607387574885,-152.62899184479818,-326.3743108073271,-13.708370126218314,54.33188148498535,7.1865685939788815,1389.7072570037842,1406.2962921142578,1505.1097925567626,1504.971212091446,0.12234031679895035,1.1080470074179618,0.041068938701586205,1.1239492623002523,0.09691661929852623
markov_mismatch_conditioned,markov,Markov mismatch-conditioned,mismatch-conditioned,87,live,13.599464035641939,0.16554285613188277,0.002063555932466592,0.305,0.004144653357312034,0.055,0.945,0.0,0.0,-138.87944694175465,-123.64412485794782,-295.5465391152147,-17.237628470518647,61.39349006652832,6.421900024414063,1399.3886670684815,1413.5212857055665,1490.1344770812989,1490.508908996582,0.1139475601828174,1.0813517517308306,0.0477861799883981,1.0989373807618115,0.10256916408049226
markov_mismatch_conditioned,markov,Markov mismatch-conditioned,mismatch-conditioned,88,live,17.981494223104274,0.1427066726116072,0.0016524022474120228,0.2625,0.0039496889756397155,0.0575,0.9425,0.0,0.0,-141.1380557314083,-113.10234678581674,-311.84060899434627,-10.318939646130065,57.87151863098145,6.855609321594239,1420.6195107269286,1444.436940460205,1522.589007949829,1522.6391633987428,0.10605326953293258,1.0219974582358091,0.039825580149618636,1.027847208962605,0.08148299131252759
markov_mismatch_conditioned,markov,Markov mismatch-conditioned,mismatch-conditioned,89,live,15.786652957139387,0.1494784497698611,0.0018248599735842643,0.28,0.003996293892046531,0.0575,0.9425,0.0,0.0,-134.57137684256318,-102.31030423587015,-303.46847775611246,-17.045598475612003,60.63833999633789,7.575391654968262,1417.7488276672364,1448.6006538391114,1513.8225173187257,1515.4634427261353,0.12034869533085989,1.082681734022112,0.04176665994414568,1.0925113346630473,0.09391339186652377
markov_mismatch_conditioned,markov,Markov mismatch-conditioned,mismatch-conditioned,90,live,16.887620351987458,0.13843930156948736,0.0017266627292050962,0.27,0.00406351443796156,0.065,0.935,0.0,0.0,-100.57414352099316,-88.9617315369361,-243.265266524963,-8.175221732986332,45.05449607849121,7.518581047058105,1452.6657357025147,1473.5221534729003,1526.7081547546386,1525.4861766433717,0.13158560515050968,0.991407141197238,0.046799119542213725,1.0018337834325066,0.0994419586825563
markov_mismatch_conditioned,markov,Markov mismatch-conditioned,mismatch-conditioned,91,live,16.745607266682875,0.140805730696686,0.001754824156162205,0.2325,0.004060108152828434,0.0575,0.9425,0.0,0.0,-116.7380265196696,-105.59734966918859,-252.92364918154686,-14.713186119505318,51.38625396728516,6.401348686218261,1423.1267658996583,1445.0199810791016,1505.741932106018,1505.8368467712403,0.1166663408147727,1.0151492810025018,0.040973649524758106,1.029255883216853,0.09808133592471463
markov_mismatch_conditioned,markov,Markov mismatch-conditioned,mismatch-conditioned,92,live,14.608272577806643,0.15309694337289284,0.0019306075822233249,0.2775,0.004275539553419647,0.08,0.92,0.0,0.0,-91.77413685789452,-79.27229574933051,-198.57404142793553,-4.728919319837823,46.21700366973877,7.706451644897461,1418.5706191635131,1430.1319961547852,1477.435754623413,1477.7259581756591,0.1403801996173298,0.9882202620083922,0.03986062324689056,0.988210472394773,0.11881927723239347
markov_mismatch_conditioned,markov,Markov mismatch-conditioned,mismatch-conditioned,93,live,14.262581979487605,0.13663881231463218,0.002104777546471353,0.2725,0.004428947631549381,0.08,0.92,0.0,0.0,-76.33983789447029,-68.32910777434881,-182.87086596165716,-4.448088109533139,37.630630035400394,7.66181640625,1406.0983986663819,1417.7889437103272,1458.0330936431885,1458.5189659881592,0.1449709940401662,1.0246840398539223,0.04420220328703531,1.0392711591116126,0.11808972457570435
markov_mismatch_conditioned,markov,Markov mismatch-conditioned,mismatch-conditioned,94,live,14.24355753075327,0.1346640314446427,0.0022149525527315954,0.245,0.004705378566675567,0.12,0.88,0.0,0.0,-69.67672282891834,-60.649637255454934,-170.86847159359806,6.3463499351963,38.33735252380371,8.205562098026276,1395.4191288757324,1408.1372577667237,1440.9276502394675,1441.647565059662,0.21717013465889104,1.015286777770192,0.05709984407989202,1.020110673707699,0.18134846881140262
markov_mismatch_conditioned,markov,Markov mismatch-conditioned,mismatch-conditioned,95,live,14.597656882234958,0.1430017503441209,0.002098248417598478,0.25,0.004767950891551626,0.11,0.89,0.0,0.0,-74.7257096053208,-66.25058317149762,-172.88587954940976,1.729551949951659,43.910900268554684,9.681363115310669,1387.509016342163,1403.3120261383056,1436.6036802768708,1435.1398324394227,0.20793629183139248,0.9986286096802585,0.07618311815949337,1.0024696692290065,0.1701180834727599
markov_mismatch_conditioned,markov,Markov mismatch-conditioned,mismatch-conditioned,96,live,16.811130276354305,0.13186313850535036,0.0017192194180386969,0.2475,0.004245005969956483,0.105,0.895,0.0,0.0,-75.4630084761157,-61.544460586225455,-184.96599368644763,0.7678595817476388,40.465713348388675,7.526527366638184,1398.4105851745605,1403.1464207458496,1443.2712670135497,1443.2730561447142,0.16686162427670762,0.9105286271717925,0.035232937338300296,0.9184385688371185,0.15281851288500997
markov_mismatch_conditioned,markov,Markov mismatch-conditioned,mismatch-conditioned,97,live,14.532340372406841,0.13023145112784046,0.0022180587389350683,0.3,0.004309984998428021,0.1375,0.8625,0.0,0.0,-55.55070361938664,-46.11651397996525,-143.93187167216686,6.2341772258651025,34.35001205444336,9.216564292907714,1369.4081116485595,1383.2480330657959,1407.1452192687989,1406.2778969192505,0.21600586734169647,0.9685991230328651,0.061652440957573725,0.9642480143038835,0.18524970147931338
markov_mismatch_conditioned,markov,Markov mismatch-conditioned,mismatch-conditioned,98,live,15.507674464265806,0.12131452913600135,0.00182740600308545,0.215,0.004201389016432063,0.11,0.89,0.0,0.0,-54.54762695383579,-52.910659738640334,-121.81106664943381,1.8381870383473784,31.853733901977538,7.073803215026856,1390.7994356536865,1387.9026617431641,1419.5202788162233,1418.6517791748047,0.18084756495964896,0.9493022464990913,0.04577155156186528,0.9478480352917064,0.15807444828531506
markov_mismatch_conditioned,markov,Markov mismatch-conditioned,mismatch-conditioned,99,live,16.685990603488605,0.12068981055798199,0.0015864456307277774,0.2,0.004096088445043408,0.0975,0.9025,0.0,0.0,-48.006929458015286,-43.62738070515479,-121.63110059468463,-0.8488019196873264,27.947890625,6.17414436340332,1383.9342043304443,1393.9383321380615,1415.1852745628357,1415.0976570701598,0.1425730454273934,0.8566062180872197,0.04245418463107503,0.8496893459439737,0.11383776026315416
markov_mismatch_conditioned,markov,Markov mismatch-conditioned,mismatch-conditioned,100,live,17.413040033569857,0.1110066430384001,0.0015700052900333283,0.2125,0.0039752382098962695,0.1325,0.8675,0.0,0.0,-45.82697014328405,-44.026544823432346,-108.26755089770538,5.873263979503867,27.3483837890625,7.389766693115234,1377.9808179473878,1376.8548975372314,1403.8253937149047,1402.6959643936157,0.18928809004476768,0.8174646035594954,0.03922111589839463,0.8214853805811896,0.16124456888853284
markov_mismatch_conditioned,markov,Markov mismatch-conditioned,mismatch-conditioned,101,live,15.288587089377815,0.12692957593399462,0.0018698250344029302,0.2575,0.004039576417401582,0.1075,0.8925,0.0,0.0,-37.66391395634841,-31.27612344818266,-102.24640745413419,0.2576167470827641,21.76895782470703,7.235068283081055,1338.3080713653565,1342.4055255889893,1363.007855529785,1363.9029367828368,0.16913059410329256,0.8812874954545736,0.05447637409811687,0.8942847164183431,0.14169816051947637
markov_mismatch_conditioned,markov,Markov mismatch-conditioned,mismatch-conditioned,102,live,15.858278676888704,0.1208080758213627,0.0014498377542272423,0.2275,0.003934198632634877,0.11,0.89,0.0,0.0,-42.418929838093334,-36.22843342975432,-98.95795005379449,0.765023368624476,26.00031684875488,6.446202621459961,1329.5030014038086,1332.966665878296,1354.2294619750976,1353.9174811553955,0.15185835933460312,0.798576440136801,0.0547134980170788,0.8077878454123711,0.11795947699875396
markov_mismatch_conditioned,markov,Markov mismatch-conditioned,mismatch-conditioned,103,live,17.836080934649296,0.12575013351820963,0.0013685587151757456,0.22,0.0036823102493037836,0.0675,0.9325,0.0,0.0,-37.004957179442684,-30.252255060764355,-91.28920194826676,-3.631728613986157,23.091233291625976,5.657116413116455,1338.0332875823974,1338.352740020752,1358.0530822849273,1357.4293301296234,0.11530925131047784,0.7270792390428583,0.04108035664912126,0.7289697475873467,0.08304437373389764
markov_mismatch_conditioned,markov,Markov mismatch-conditioned,mismatch-conditioned,104,live,16.068628999383733,0.1125123368053117,0.0019090303150174986,0.1925,0.0039797802845370775,0.125,0.875,0.0,0.0,-32.20112924852197,-27.217832960342776,-87.85842657248774,2.8552382911361986,22.25726722717285,7.469771919250488,1285.9730090332032,1287.1296202850342,1304.2484717178345,1303.6273859405517,0.17960581135893772,0.8252488062232181,0.04731664901848426,0.8305448194141359,0.15943697177013125
markov_mismatch_conditioned,markov,Markov mismatch-conditioned,mismatch-conditioned,105,live,16.495504759117647,0.11673904976017824,0.0013731317131890598,0.155,0.003670751241925844,0.12,0.88,0.0,0.0,-32.11766115291019,-25.96946859114354,-90.77243634243818,1.30055845653067,25.70917106628418,7.772742233276367,1283.8829974365235,1282.9007685089111,1296.5594460964203,1298.538461675644,0.15581424124110257,0.7861386382322398,0.0493171665115618,0.7859934181850058,0.12435950823626171
markov_mismatch_conditioned,markov,Markov mismatch-conditioned,mismatch-conditioned,106,live,16.754340979692753,0.10791885020343521,0.0015564451446209444,0.165,0.003757607632246581,0.125,0.875,0.0,0.0,-26.723425099755904,-25.59405955917896,-66.61958120582082,3.529493559674689,21.772933807373047,6.031658868789673,1274.4802017211914,1274.5314903259277,1285.170770483017,1285.7587766838074,0.15717235174022298,0.7594706523248537,0.03853887705964981,0.7604831078929601,0.13528243879161403
markov_mismatch_conditioned,markov,Markov mismatch-conditioned,mismatch-conditioned,107,live,18.819443402813942,0.09868258432448901,0.0014434112203084064,0.135,0.0036775155593557784,0.1475,0.8525,0.0,0.0,-25.901271803418467,-22.505198028929726,-65.32222396494907,5.350689734997963,19.48283432006836,6.709942779541016,1267.8425793457031,1265.2732498168946,1280.7897341918945,1278.5417854309082,0.18326316445038537,0.7141939915209289,0.04816328974142024,0.7162427739231453,0.15708577956002562
markov_mismatch_conditioned,markov,Markov mismatch-conditioned,mismatch-conditioned,108,live,20.19269724926705,0.09492536470759477,0.0013096139059664588,0.1375,0.003735348543220295,0.15,0.85,0.0,0.0,-20.717457723476908,-21.896124526235553,-57.3877918394644,4.728928298475721,17.473125076293947,6.357291069030762,1273.9716717529298,1275.2383292388915,1284.1021364593505,1284.2722511672973,0.19949381066680058,0.698971934906753,0.06257879968484184,0.687586391422375,0.1627155818970364
markov_mismatch_conditioned,markov,Markov mismatch-conditioned,mismatch-conditioned,109,live,20.236171125399274,0.09663566739635154,0.0012944582779661645,0.115,0.0036548121550338724,0.1475,0.8525,0.0,0.0,-20.824735068682084,-21.720384328679643,-58.477374725421285,5.988575813236891,20.1657804107666,6.780727081298828,1300.6115524291993,1295.6022995758058,1305.6975463867188,1305.3522053527831,0.18364370585879997,0.7224928310936654,0.04804190894411058,0.7211813179865999,0.16793920339387483
markov_mismatch_conditioned,markov,Markov mismatch-conditioned,mismatch-conditioned,110,live,17.65320234556826,0.10054385034008635,0.0016196480575810602,0.1525,0.0038660387575929684,0.1325,0.8675,0.0,0.0,-25.650120085695697,-22.74105757466839,-80.31928008526808,4.252753486683268,20.287318344116212,6.251607666015625,1282.1291298675537,1281.672075958252,1293.6380909729005,1293.3387937927246,0.1877440017212971,0.8259469369023468,0.04176076502977749,0.8336394838042076,0.17813572191199398
markov_mismatch_conditioned,markov,Markov mismatch-conditioned,mismatch-conditioned,111,live,21.58735185349563,0.09493038649074298,0.0011240570153278181,0.125,0.003818298944848495,0.17,0.83,0.0,0.0,-19.233009686065255,-17.376323257599324,-56.565350949675526,5.419926193569622,17.17832992553711,6.218507080078125,1340.596764984131,1343.0933155822754,1349.9936935806275,1350.2039229202271,0.2217789470596968,0.6883210124188522,0.05225238543212602,0.680509948030502,0.18282282085585957
markov_mismatch_conditioned,markov,Markov mismatch-conditioned,mismatch-conditioned,112,live,19.291556457506807,0.0988159363327512,0.0014758014932878536,0.1625,0.0035939671212034093,0.13,0.87,0.0,0.0,-24.26924282245986,-23.48027495688018,-58.134657766584354,5.786799636653596,18.896202697753907,5.369498291015625,1332.909220199585,1335.5847229766846,1344.831188697815,1345.102869758606,0.17006598120091873,0.7201542638489183,0.048276974331941495,0.7242687333072513,0.14463072013125364
markov_mismatch_conditioned,markov,Markov mismatch-conditioned,mismatch-conditioned,113,live,22.773866351070193,0.07244859790574182,0.0013572731746062223,0.1175,0.00400673157817847,0.1925,0.8075,0.0,0.0,-16.90430834607839,-17.48146745476754,-53.803264100469846,10.83512721699171,16.107015991210936,5.393469161987305,1383.3408829498292,1383.7345279693604,1389.7457847595215,1389.6743109893798,0.2270866648089447,0.6545739078513294,0.04229428383168276,0.6546654797753245,0.21811587343199282
markov_mismatch_conditioned,markov,Markov mismatch-conditioned,mismatch-conditioned,114,live,19.07465948699214,0.09646557019604192,0.0015998423916137898,0.1875,0.004117647806062018,0.1825,0.8175,0.0,0.0,-19.47232152340856,-18.732712786606044,-61.84602780243814,8.334243127411673,17.772154388427733,6.422113418579102,1372.8712590789794,1368.6605338287354,1379.5407386779784,1378.1996837615966,0.22632236329458177,0.6703701542207563,0.06564209818590622,0.670650852983683,0.19920045104659195
markov_mismatch_conditioned,markov,Markov mismatch-conditioned,mismatch-conditioned,115,live,18.75891935605304,0.09007476951495093,0.0017994935246460923,0.1975,0.0041955512556152205,0.1825,0.8175,0.0,0.0,-23.714048430985468,-23.36508724752366,-69.0076840276255,7.9875321177879455,20.42779182434082,6.23526782989502,1371.8727861022949,1373.8684078216552,1382.8036894226075,1381.9348948287964,0.22122593667019746,0.7622431970182086,0.03663586382544409,0.7667118911608182,0.2182248489179641
markov_mismatch_conditioned,markov,Markov mismatch-conditioned,mismatch-conditioned,116,live,20.455011457758697,0.08005316040289419,0.0016113861228788456,0.155,0.004136264836478034,0.1975,0.8025,0.0,0.0,-19.83424628459195,-17.346605935776665,-66.92992159834928,10.506383008437302,16.446737747192383,5.736959075927734,1409.0508744049073,1413.5480409240722,1420.6039812469483,1420.2107610321045,0.25356935927181623,0.6668672855464789,0.04467247859075789,0.6659667732985686,0.23340464976196165
markov_mismatch_conditioned,markov,Markov mismatch-conditioned,mismatch-conditioned,117,live,20.016929832813275,0.08781818561135181,0.0015933864580056315,0.165,0.004271092055729654,0.19,0.81,0.0,0.0,-15.651487410805522,-15.731760758014218,-50.266038697970245,7.6163547478615605,17.458672981262207,7.602931213378906,1432.7821981048585,1432.352933692932,1438.4900148010254,1438.2016014099122,0.22278029267719557,0.6539158168271296,0.04606929896838929,0.6528999856422204,0.2177941419382993
markov_mismatch_conditioned,markov,Markov mismatch-conditioned,mismatch-conditioned,118,live,20.237985554284872,0.07742295422878955,0.0015420795730964072,0.12,0.0043346492058648,0.2325,0.7675,0.0,0.0,-18.336507356805864,-17.081843710849512,-54.78622960711313,10.827846484214207,18.116387405395507,6.789646987915039,1452.2309752655028,1451.699461669922,1459.082297439575,1458.8346069335937,0.26987611072329765,0.6451757296128154,0.05081062954525451,0.6488886386879384,0.25486483444029917
markov_mismatch_conditioned,markov,Markov mismatch-conditioned,mismatch-conditioned,119,live,21.699952206152922,0.07082548767478265,0.001460583439364212,0.155,0.004199244399343314,0.23,0.77,0.0,0.0,-15.3995481991394,-11.880460164370561,-49.52688903730973,13.6792057211175,16.462374534606933,6.256076469421386,1472.7922724533082,1472.7329527282716,1478.1131859970092,1477.7700861358642,0.2667742753161796,0.6047151195299445,0.045859136080451446,0.6045221075848891,0.2566649773583272
markov_mismatch_conditioned,markov,Markov mismatch-conditioned,mismatch-conditioned,120,live,21.192913074389526,0.08601782638615113,0.0014800958543904486,0.16,0.004149893303002271,0.1875,0.8125,0.0,0.0,-23.1500676661893,-21.191568037623256,-68.2724209252248,12.938972807943083,18.910486907958983,6.482360153198242,1469.9457529449462,1468.5382396697999,1479.3912732696533,1480.5007595825195,0.23545657710366133,0.6639237987379519,0.039006052749801026,0.6705822318430257,0.22003551369351448
markov_mismatch_conditioned,markov,Markov mismatch-conditioned,mismatch-conditioned,121,live,23.8729407698806,0.07644035725489225,0.001347257234606764,0.1325,0.0040986296084492045,0.1975,0.8025,0.0,0.0,-23.508949759754174,-22.827444254135344,-66.11844821170732,9.831026050408688,18.348937759399416,5.793892478942871,1505.7551335906983,1503.2652885437012,1514.9973614501953,1515.9032890701294,0.23876274483117257,0.6034468672978651,0.039539714036722316,0.6037271417281022,0.22693031036582412
markov_mismatch_conditioned,markov,Markov mismatch-conditioned,mismatch-conditioned,122,live,24.12457324203531,0.07247391204518165,0.0012725693353900283,0.1425,0.0039316020780209735,0.19,0.81,0.0,0.0,-13.227988823284525,-14.49470842648077,-46.52320334585875,11.517461581864065,15.268465881347657,5.613685760498047,1527.3270815277099,1527.6070586395263,1530.4662850952147,1531.587665863037,0.24017205401568253,0.5793456071257961,0.039129496338635134,0.5791549812516753,0.22882578973320364
markov_mismatch_conditioned,markov,Markov mismatch-conditioned,mismatch-conditioned,123,live,21.185528162544614,0.08193186510842856,0.0016022466904353715,0.1625,0.00436923802310557,0.195,0.805,0.0,0.0,-17.472204755521194,-18.14396664961515,-57.83710536000632,11.127150706244242,18.64373062133789,7.409011917114258,1503.6763512420655,1502.6624253082275,1508.7677914428712,1510.0097533416747,0.24638400764691856,0.6722476677209047,0.038741126502976675,0.6677231552498831,0.22233517781619924
markov_mismatch_conditioned,markov,Markov mismatch-conditioned,mismatch-conditioned,124,live,23.47073454986225,0.07520967546486167,0.0015969722699492289,0.155,0.004552032882129362,0.2125,0.7875,0.0,0.0,-17.184459768855525,-19.230388908156783,-51.75915937175143,11.98158688184135,17.08884765625,6.127303009033203,1531.8092279052735,1530.8797351074218,1537.5376095581055,1537.5670935058595,0.24723507711947698,0.6215741232590798,0.03904595937547724,0.619514868908931,0.24049984594904925
markov_mismatch_conditioned,markov,Markov mismatch-conditioned,mismatch-conditioned,125,live,23.859483966585604,0.09929686972293904,0.0012186629712526613,0.185,0.00418406313344904,0.1925,0.8075,0.0,0.0,-13.29905767523194,-11.685064653358495,-51.04933864338511,9.284028398416677,16.74835548400879,6.542245254516602,1552.718083190918,1553.1963805389405,1555.4603327941895,1556.611771621704,0.22161378493845313,0.5602995230255245,0.038413699100394,0.562988714619191,0.2036010109549529
markov_mismatch_conditioned,markov,Markov mismatch-conditioned,mismatch-conditioned,126,live,21.508485997864476,0.09667758493289007,0.0014175226866898316,0.1525,0.00445960345751002,0.1925,0.8075,0.0,0.0,-16.013884857672235,-16.035623695416348,-58.47118728742955,9.28647423191588,18.40351188659668,6.504182891845703,1561.5514785766602,1559.5370682525636,1564.3597777175903,1564.926802406311,0.22656587460335004,0.6175283020171417,0.03855331385270414,0.6145015365812652,0.2106050589341087
markov_mismatch_conditioned,markov,Markov mismatch-conditioned,mismatch-conditioned,127,live,22.28440850383653,0.08157666563836123,0.0013930612453822097,0.1675,0.0043271901715971565,0.23,0.77,0.0,0.0,-10.504079844767361,-11.16951327202446,-41.82423547145319,13.776383892733463,16.442198181152342,7.5723092651367185,1575.0360510253906,1571.651325073242,1575.2365409088134,1574.6920516204834,0.25584666633390873,0.587519573770955,0.057785641838907366,0.5850707933489621,0.23444571913531603
markov_mismatch_conditioned,markov,Markov mismatch-conditioned,mismatch-conditioned,128,live,26.266939572108594,0.07372201635870036,0.0012059449623972394,0.14,0.00401892306506068,0.2,0.8,0.0,0.0,-14.693600173100581,-16.474188978258326,-49.51131180441553,13.496789024211694,16.319116897583008,5.994695243835449,1618.864751586914,1615.0187882232667,1621.3113931274413,1621.2876519393922,0.24724116411655006,0.5382873609638478,0.03755449075735694,0.5395743817413126,0.24268012788459278
markov_mismatch_conditioned,markov,Markov mismatch-conditioned,mismatch-conditioned,129,live,23.863767034024953,0.09075336328694156,0.0012546355632840098,0.195,0.004180755482252397,0.2125,0.7875,0.0,0.0,-17.06391351296447,-16.473392487088233,-56.009821984135286,17.124856150407588,17.500599174499513,7.010319938659668,1606.5250765991211,1605.526036567688,1612.2738534927369,1612.8994207763672,0.22928350874091705,0.5644486841342261,0.04340706701022719,0.5726196049518726,0.22756570464759596
markov_mismatch_conditioned,markov,Markov mismatch-conditioned,mismatch-conditioned,130,live,25.924738655704843,0.08381784267278798,0.0011869541954474042,0.175,0.004033430752551375,0.185,0.815,0.0,0.0,-13.347008987427056,-14.864182325235447,-46.275369518770866,12.256012912793539,14.716071090698243,5.664040374755859,1636.1382319641114,1631.5550563812255,1638.108562965393,1638.1492541122436,0.23088333591959548,0.5576307052105688,0.04157477562346707,0.5543616671037499,0.21352170953464214
markov_mismatch_conditioned,markov,Markov mismatch-conditioned,mismatch-conditioned,131,live,26.212558991941204,0.06917990899917494,0.0013894053114125076,0.155,0.004144344333323433,0.205,0.795,0.0,0.0,-17.938450726201793,-19.992795075220442,-59.58177005660534,15.334099325349987,18.10509216308594,6.0201194381713865,1632.0513861083984,1626.8066975402833,1634.9797163009644,1635.5610926055908,0.25467282767058336,0.5480811724167683,0.042427713946077805,0.5511442686321095,0.24642277199877136
markov_mismatch_conditioned,markov,Markov mismatch-conditioned,mismatch-conditioned,132,live,25.079520224491045,0.08475307499190123,0.0013204114678385147,0.16,0.004398143093844168,0.2125,0.7875,0.0,0.0,-15.690088972808352,-16.463485134467476,-50.76751198321197,13.770073877356491,17.181654891967774,8.373898391723634,1644.4476194000245,1638.977121887207,1648.5220281219483,1648.6435574340821,0.2430069985726805,0.5374062504592397,0.04154975953861894,0.5301742036777095,0.22682259437364402
markov_mismatch_conditioned,markov,Markov mismatch-conditioned,mismatch-conditioned,133,live,25.59398617482907,0.07925133478076879,0.001322701069312713,0.17,0.0042793532654211795,0.2275,0.7725,0.0,0.0,-18.867258310061352,-20.76115891462132,-65.38933491586565,18.300940907447405,18.844215812683107,8.190053367614746,1637.1499994659423,1633.3194082260131,1642.9697826385498,1643.9021364974976,0.2499144467976734,0.5464541248074325,0.04031100083515743,0.5498031774860088,0.247589846913556
markov_mismatch_conditioned,markov,Markov mismatch-conditioned,mismatch-conditioned,134,live,27.406901222270825,0.07771450168234979,0.0012480074086588906,0.1575,0.0039547568015194535,0.1775,0.8225,0.0,0.0,-14.455500973707613,-18.2002235677935,-44.24456668105062,11.11620839214606,15.085985107421875,6.651935043334961,1649.8397731018067,1648.323895111084,1654.4339698028564,1655.752575378418,0.23746429921208934,0.48818872755450315,0.03864730661557493,0.49456462194442935,0.23241798427709
markov_mismatch_conditioned,markov,Markov mismatch-conditioned,mismatch-conditioned,135,live,26.10574535053827,0.06949146421672689,0.0012959817357181258,0.15,0.004105543389528618,0.215,0.785,0.0,0.0,-14.078316568651735,-16.762640518464764,-49.730373928153405,15.74079008951941,14.242380905151368,6.2850597381591795,1647.725101852417,1644.7589323425293,1652.3899118804932,1652.3181997680665,0.261375301470135,0.49003393667405304,0.04155849165045027,0.48724397509746814,0.25028768863577083
markov_mismatch_conditioned,markov,Markov mismatch-conditioned,mismatch-conditioned,136,live,25.33006052059471,0.0882695549846397,0.0012649239517154177,0.1975,0.004287013646898682,0.23,0.77,0.0,0.0,-13.626933998340782,-12.889375453949356,-50.20670154271742,15.505235915937217,16.421779098510743,8.18458381652832,1642.8997839355468,1640.9863506317138,1647.5455848693848,1647.0990810394287,0.22941447151102662,0.4928078443491299,0.04273627465213375,0.48553867619686203,0.2212754071478255
markov_mismatch_conditioned,markov,Markov mismatch-conditioned,mismatch-conditioned,137,live,25.324361639115228,0.07741247775574438,0.0012785048694867014,0.185,0.0041500255458447755,0.215,0.785,0.0,0.0,-15.421784873359766,-18.71952098882366,-53.48859906864397,14.674821207261632,16.53653438568115,6.33661304473877,1636.3407069778443,1632.0976905822754,1639.315320739746,1639.545948371887,0.2571538926635349,0.5111065247772825,0.03897740297427979,0.5122402674415647,0.24641345632686623
markov_mismatch_conditioned,markov,Markov mismatch-conditioned,mismatch-conditioned,138,live,20.969142731786192,0.09183790282848926,0.001320120676837721,0.1775,0.0045143020944679625,0.245,0.755,0.0,0.0,-13.541362299252137,-11.099865635251376,-46.76450626267753,16.158464839614638,18.826527099609375,8.570800857543945,1613.9374459075927,1608.644328994751,1613.7391985321044,1615.39250579834,0.2731295417085946,0.5254585852360394,0.056935760669315466,0.5282723842314361,0.26277106839773423
markov_mismatch_conditioned,markov,Markov mismatch-conditioned,mismatch-conditioned,139,live,24.68799822202905,0.081986340720501,0.0013413584898010677,0.1925,0.004335909467952348,0.2175,0.7825,0.0,0.0,-10.466821695248646,-13.62387475539549,-42.6486824814528,19.0329686524574,16.531279373168946,7.546442260742188,1633.3908889770507,1625.8387409210204,1631.3296585083008,1630.8372555541991,0.2625571090375505,0.5552676007881603,0.038786906426786845,0.5589777399296973,0.25464036568186266
markov_mismatch_conditioned,markov,Markov mismatch-conditioned,mismatch-conditioned,140,live,19.713218031382368,0.09554127314456938,0.0013350916168638077,0.17,0.004963684409222876,0.33,0.67,0.0,0.0,-8.040409238037611,-9.842638685977363,-43.3290472488354,28.546866454676447,20.693997344970704,9.593360214233398,1619.8399433898926,1614.5064712524413,1613.503653640747,1614.695107269287,0.3331139817696414,0.6071216931896322,0.059247830799063844,0.6087965686109241,0.31470956055987204
markov_mismatch_conditioned,markov,Markov mismatch-conditioned,mismatch-conditioned,141,live,21.173641845584385,0.07868785320693465,0.0013051221513613865,0.1775,0.004711974393752083,0.31,0.69,0.0,0.0,-7.131007542779155,-9.32497740606857,-39.11596884402702,23.66077129891235,16.16866943359375,7.238429412841797,1619.2902165985108,1618.2059255218505,1616.8222024536133,1617.0524501037598,0.3327109966824217,0.5740978977616163,0.05641718910379038,0.5746986607025384,0.3126946463256002
markov_mismatch_conditioned,markov,Markov mismatch-conditioned,mismatch-conditioned,142,live,24.087537740783866,0.07923426793581301,0.0010262582836507294,0.1475,0.0043803611624601705,0.31,0.69,0.0,0.0,-2.989304778604748,-7.231776220158622,-32.32966523902896,23.404545662049973,13.183996810913087,8.092347335815429,1675.6713793182373,1672.7217707824707,1672.5756358337403,1671.5955764007567,0.2971498463235903,0.5018424145604776,0.05849707524527077,0.4999970790602151,0.28128709168014376
markov_mismatch_conditioned,markov,Markov mismatch-conditioned,mismatch-conditioned,143,live,21.289869140299256,0.0930486358624686,0.0011659790528455241,0.195,0.004810388502525029,0.34,0.66,0.0,0.0,-5.161814364581683,-8.891825621383532,-40.89428278289031,20.968727981868074,13.72282829284668,8.063445816040039,1635.6025511932373,1631.8457385253905,1632.864867401123,1633.5687329864502,0.3200065476904646,0.5498050153023775,0.05044287954447747,0.5450767423266151,0.3026454770762499
markov_mismatch_conditioned,markov,Markov mismatch-conditioned,mismatch-conditioned,144,live,24.259789194763904,0.07852308172313997,0.0012159844658821053,0.155,0.004230010649781643,0.2875,0.7125,0.0,0.0,-6.664466336551564,-7.68293632519044,-36.55436411837626,18.907744690055633,11.382099685668946,7.038905410766602,1656.1575778961183,1654.9692059326171,1657.7571809387207,1657.9902820587158,0.27438245188110877,0.5192647087425024,0.056104632036747225,0.52116957898055,0.26500367343196657
markov_mismatch_conditioned,markov,Markov mismatch-conditioned,mismatch-conditioned,145,live,20.672818798820757,0.08056177751328317,0.0013204156290196694,0.1775,0.004725838020117132,0.33,0.67,0.0,0.0,-4.971684259272377,-6.58129437813659,-34.4702336188256,24.542670905452773,13.575599136352539,7.5296641540527345,1640.5344701385498,1640.1022872924805,1639.0187454223633,1639.4473432922364,0.31414592560084453,0.5482752427399498,0.058184145436736154,0.551964274061576,0.3016195388743002
markov_mismatch_conditioned,markov,Markov mismatch-conditioned,mismatch-conditioned,146,live,26.76577103252943,0.07664107150196652,0.0010374173831480444,0.1325,0.004328803708310195,0.2575,0.7425,0.0,0.0,-4.345099575206521,-9.826796892537232,-32.54327354248148,18.691776948124794,10.697362670898437,6.7154917144775395,1666.3532386016846,1667.7413416290283,1667.516445388794,1667.2854006958007,0.28536843012547103,0.4895157942337211,0.04463345060420343,0.48848634939905383,0.2729044555542232
markov_mismatch_conditioned,markov,Markov mismatch-conditioned,mismatch-conditioned,147,live,22.507097176086166,0.08261116128880239,0.0012108301514407065,0.1725,0.005071239823977298,0.3675,0.6325,0.0,0.0,-1.6432456370534125,-4.866998922300127,-35.467558546157825,29.23340397361221,14.441526184082031,9.980378036499024,1638.0330095672607,1637.814819869995,1633.4759043121337,1636.7149168395997,0.33981284962265207,0.5512482081474065,0.05565107471627449,0.5505117710472031,0.3251754863552611
markov_mismatch_conditioned,markov,Markov mismatch-conditioned,mismatch-conditioned,148,live,23.18499627016489,0.08034582820773477,0.0011923860296668954,0.16,0.004622900523834536,0.36,0.64,0.0,0.0,-0.30524228335586145,-5.396542352382994,-24.243784020835207,24.17228877487613,11.690769424438477,7.1822868347167965,1668.3646031188964,1668.1775576019288,1664.5987165832519,1663.515715789795,0.3124662427463657,0.5329920149507771,0.051556715138040235,0.5374720946677443,0.3054643874998555
markov_mismatch_conditioned,markov,Markov mismatch-conditioned,mismatch-conditioned,149,live,27.023479176766966,0.07041836123609661,0.001147050371697296,0.1625,0.004235086407617338,0.305,0.695,0.0,0.0,0.00212788047635172,-6.706911260856373,-22.31429380262937,21.509982391514647,9.65511619567871,6.909990081787109,1685.437142715454,1685.976523590088,1682.4778248596192,1683.4238977050782,0.2997794228984511,0.464584747813111,0.04322245257194567,0.4672918062003532,0.29561267526459145
markov_mismatch_conditioned,markov,Markov mismatch-conditioned,mismatch-conditioned,150,live,26.987154701500668,0.07060496986210149,0.0011501141477408758,0.16,0.004227568078383789,0.265,0.735,0.0,0.0,-5.655059057447986,-5.834256299028311,-23.31083608284298,18.08864135550175,12.194053421020508,5.740165786743164,1676.677777709961,1679.8852501678466,1677.518851852417,1677.42810256958,0.2792900511651613,0.4833624034038507,0.040546040712765616,0.48596512349207793,0.27352019990555204
markov_mismatch_conditioned,markov,Markov mismatch-conditioned,mismatch-conditioned,151,live,8.417481115148556,0.07531551207422878,0.0017759295775206093,0.15,0.0049284300761656295,0.4475,0.5525,0.0,0.0,4.186491693408337,-3.261721569578299,-29.429850022022027,40.9103298631072,15.537391128540039,12.002582321166992,1624.4127974700928,1623.6275880432129,1617.3998490905763,1615.1742826080322,0.4318387128227686,0.6405048221559759,0.09412959482145396,0.6436291077860775,0.4218425676883639
markov_mismatch_conditioned,markov,Markov mismatch-conditioned,mismatch-conditioned,152,live,15.071565022948812,0.07845361557260219,0.0012677876702597496,0.13,0.004608236422962798,0.38,0.62,0.0,0.0,0.4635498430124892,-4.928919379402828,-29.93535195253857,25.537989141931877,13.684318771362305,9.2526123046875,1677.5212385559082,1674.9829538726806,1669.988172683716,1672.7061334991456,0.32459410425996615,0.5462793665975053,0.06067658799700862,0.561487267420972,0.32059056200625874
markov_mismatch_conditioned,markov,Markov mismatch-conditioned,mismatch-conditioned,153,live,17.960172158948478,0.07205704538320762,0.0013071287132073155,0.1225,0.0048424359484773504,0.43,0.57,0.0,0.0,2.7133231517156755,-2.91081343590713,-24.592296436505723,27.093307777944474,12.957344818115235,8.552282180786133,1686.0231072998047,1682.562836151123,1676.6196998596192,1677.7097621917724,0.36424474428892467,0.550866584972096,0.052895986744164604,0.5571159864244976,0.3546120686238485
markov_mismatch_conditioned,markov,Markov mismatch-conditioned,mismatch-conditioned,154,live,24.637993207234786,0.06029606839781627,0.0011150874715060897,0.1125,0.004267388392514263,0.3625,0.6375,0.0,0.0,2.066674935864008,-4.1800737437934,-17.0138726198398,23.679306880576995,9.431556930541992,6.229722061157227,1713.2869331359864,1710.8760076141357,1707.0253212738037,1706.5845846557618,0.3156752320049932,0.45946872783856213,0.048473596916389285,0.4596171032611723,0.3112776695003416
markov_mismatch_conditioned,markov,Markov mismatch-conditioned,mismatch-conditioned,155,live,24.832883180208817,0.06447211651097418,0.001251520742652062,0.1325,0.004323397870333579,0.315,0.685,0.0,0.0,-3.3628457297607826,-5.540584349770143,-19.49727042668055,15.796408953654659,14.298392028808594,7.0594776916503905,1698.879354095459,1696.98078414917,1694.227156906128,1693.8631327056885,0.29389973335296427,0.4692872911994911,0.04003916331699878,0.4689218837766842,0.2832081930765174
markov_mismatch_conditioned,markov,Markov mismatch-conditioned,mismatch-conditioned,156,live,29.147252533076166,0.06463311886441996,0.001073766024252999,0.1425,0.0039617222408734705,0.2675,0.7325,0.0,0.0,-2.450129698118374,-7.590301776298929,-20.107705216687076,20.950794716300816,10.467909622192384,6.201537857055664,1714.8557090759277,1712.166234359741,1711.5271863555909,1711.8464022827147,0.2734979481273224,0.45711604341185436,0.03988919843201545,0.4583449931822433,0.27133327441391997
markov_mismatch_conditioned,markov,Markov mismatch-conditioned,mismatch-conditioned,157,live,20.895216279435587,0.0812952558347017,0.0011475478286067506,0.1475,0.004678891417704597,0.3725,0.6275,0.0,0.0,1.5645135890099187,-5.201646859795801,-27.352549920777367,29.848167302183725,15.962343673706055,8.547004089355468,1702.776731338501,1702.138973388672,1692.8927038574218,1694.0402351379394,0.3433950765622554,0.5685264980511733,0.06354091079558442,0.5669020812609873,0.3272238270049854
markov_mismatch_conditioned,markov,Markov mismatch-conditioned,mismatch-conditioned,158,live,26.39662696126912,0.07673225879359666,0.0010520505525057145,0.15,0.003992189829420834,0.2475,0.7525,0.0,0.0,-0.5801584747288967,-5.57866616996705,-22.819929200408183,20.063560514373783,11.198889541625977,7.5556559753417964,1718.0905950927734,1717.7189107513427,1714.4134971618653,1715.2491740417481,0.24560777441385886,0.47936687785949245,0.03856150009186878,0.4807128237130909,0.24614560049429676
markov_mismatch_conditioned,markov,Markov mismatch-conditioned,mismatch-conditioned,159,live,21.711808529122237,0.07532494558174546,0.0013185199443789262,0.14,0.004468355769671928,0.3375,0.6625,0.0,0.0,-0.5153258781162282,-3.4164750698586204,-28.255127981363557,19.047627525381476,13.133470001220703,6.266417465209961,1692.2914399719239,1690.796152191162,1684.9242442321777,1685.436863937378,0.3064714553460857,0.564308679985209,0.04401240484509421,0.5693635169707225,0.29456749141045524
markov_mismatch_conditioned,markov,Markov mismatch-conditioned,mismatch-conditioned,160,live,27.911847926033126,0.06795928866175627,0.001047359367627314,0.1425,0.00425340125001239,0.2925,0.7075,0.0,0.0,-0.16778280789975666,-4.701151917604989,-20.255018327381322,23.874382668423756,10.079766159057618,6.627621994018555,1714.76255279541,1714.520961227417,1711.2406830596924,1711.4512322998046,0.2916612418951488,0.5197891429634388,0.04045206834171301,0.5229948391446052,0.2848693876165394
markov_mismatch_conditioned,markov,Markov mismatch-conditioned,mismatch-conditioned,161,live,25.364778575891634,0.07040016286794933,0.0012478915987525023,0.135,0.004239103166415189,0.33,0.67,0.0,0.0,-0.3691292226339544,-2.8569230415657785,-22.401274760331987,21.55538775875952,10.39888282775879,6.948155059814453,1694.3234940338134,1694.256123046875,1690.9024349212646,1691.4821048736571,0.3096415767264687,0.5940246177707075,0.03750225822062813,0.603169626934604,0.30353983045164
markov_mismatch_conditioned,markov,Markov mismatch-conditioned,mismatch-conditioned,162,live,28.171891552596495,0.07272136676317688,0.0012144620862777412,0.1575,0.004062383452604898,0.215,0.785,0.0,0.0,-8.841200006074725,-11.43187621279958,-36.778228478567776,17.710182969970816,11.34279655456543,6.58247932434082,1685.4404460144042,1682.2375157928466,1687.9029035186768,1687.9123289489746,0.250235715012097,0.5297285535268462,0.03724361241930918,0.533412833850428,0.2505446359874567
markov_mismatch_conditioned,markov,Markov mismatch-conditioned,mismatch-conditioned,163,live,24.163127409939634,0.07005154386831024,0.0012803290552374509,0.1275,0.004296942750481208,0.3575,0.6425,0.0,0.0,0.672566876784866,-2.4947741722625096,-19.632428500384094,15.753461470320156,9.89321990966797,5.743175048828125,1687.2458654022216,1685.1609683990478,1681.6236560058594,1681.114704284668,0.2971802519028359,0.5097168182102787,0.04715977752672611,0.5140629541706745,0.2953112614287276
markov_mismatch_conditioned,markov,Markov mismatch-conditioned,mismatch-conditioned,164,live,26.0484976318338,0.07243907398153888,0.0011171178163279461,0.12,0.004249831975494937,0.29,0.71,0.0,0.0,2.691258388090197,-3.9279516592349637,-16.82786066330604,19.7061699630009,9.270712051391602,6.479014110565186,1702.656170730591,1701.2843585205078,1695.8341249656678,1697.1149669265747,0.2935136889786616,0.5402251676061453,0.04508967676347529,0.5352460292931575,0.2845233728548208
markov_mismatch_conditioned,markov,Markov mismatch-conditioned,mismatch-conditioned,165,live,28.52912792048952,0.06311141197806133,0.0011349245686754215,0.1375,0.004017980268004321,0.295,0.705,0.0,0.0,-2.8129773149447748,-5.331775483107776,-31.915262952486955,22.502080513611936,9.127867736816405,5.538826522827148,1700.051699371338,1699.5602445983886,1698.8909520721436,1699.1434071350097,0.2644503867809108,0.5340312577391793,0.04131095387707163,0.5386696766501795,0.2677174808071328
markov_mismatch_conditioned,markov,Markov mismatch-conditioned,mismatch-conditioned,166,live,26.91388781062199,0.0572355078378083,0.0012019160869906906,0.115,0.004203637909848757,0.32,0.68,0.0,0.0,-1.8601959886442483,-4.663506064345256,-26.66626809287968,15.24893040922563,8.832344284057617,6.229097518920899,1686.6869515228273,1685.9375296020507,1685.661906967163,1685.4561236572265,0.28244052581098295,0.4884356653373989,0.04201201177518483,0.4867839426609756,0.27968999857599103
markov_mismatch_conditioned,markov,Markov mismatch-conditioned,mismatch-conditioned,167,live,27.837433153728057,0.06807172803428757,0.001109994961354763,0.1425,0.004258894560308548,0.2725,0.7275,0.0,0.0,-1.378638159493356,-5.0037053487460526,-26.373106518960913,18.580394084923462,8.991886596679688,6.588169021606445,1692.252788619995,1689.76528175354,1689.841763458252,1690.1051346588135,0.2821753088354841,0.49200093374035064,0.0364053196151652,0.48930085289374176,0.27753837564774164
markov_mismatch_conditioned,markov,Markov mismatch-conditioned,mismatch-conditioned,168,live,27.799534621568117,0.06337514432602191,0.001005017815463728,0.12,0.004160435481510002,0.315,0.685,0.0,0.0,-2.777323765377446,-5.091379682349043,-44.54674572066041,28.731191269116692,9.336180725097655,6.892471389770508,1692.9141619873046,1692.4801524353027,1693.5395526123048,1692.5040996551513,0.29587869796119143,0.480225007928194,0.04761845477975902,0.4807922106804874,0.2954250533605265
markov_mismatch_conditioned,markov,Markov mismatch-conditioned,mismatch-conditioned,169,live,29.29056851813471,0.05457972693225138,0.0011121495707557578,0.1225,0.0039979173239808085,0.2975,0.7025,0.0,0.0,-5.673139614410043,-4.798554618388266,-37.86074515993064,19.98595865340937,8.778378677368163,5.7899166870117185,1686.6309191894532,1683.1295796966554,1688.0690682983397,1687.0418081665039,0.27928479716019317,0.4754733203762935,0.04078388304751144,0.4802553523312861,0.2826617198194147
markov_mismatch_conditioned,markov,Markov mismatch-conditioned,mismatch-conditioned,170,live,28.102602340844534,0.06585687886691934,0.0009595570443240603,0.105,0.004032132621893339,0.2675,0.7325,0.0,0.0,-3.444054633555256,-6.316291971230612,-27.170392942892043,18.995942469497678,8.49061683654785,5.357247543334961,1699.475443649292,1698.367458190918,1699.5897500610351,1698.8561333465577,0.25986458172616117,0.4590624701723566,0.04664452228621892,0.4650036787731361,0.2549562777692133
markov_mismatch_conditioned,markov,Markov mismatch-conditioned,mismatch-conditioned,171,live,27.680480636444237,0.06264119558756066,0.0011476973411490162,0.11,0.004076282745757446,0.2575,0.7425,0.0,0.0,-5.236199847755663,-6.821125061010207,-30.93642989371908,17.673195778792394,9.188605728149414,5.5343195343017575,1677.003117904663,1674.005721130371,1676.6339781951904,1677.5208471679687,0.2543766282590604,0.4646200728840274,0.045026182176307585,0.4693808072605348,0.2538129234062832
markov_mismatch_conditioned,markov,Markov mismatch-conditioned,mismatch-conditioned,172,live,28.486222108312425,0.056074599152486575,0.0010392242466233088,0.105,0.003979790428906049,0.29,0.71,0.0,0.0,0.8838308526728486,-4.352750773386674,-26.44455660755868,27.017151673613828,8.13237403869629,6.778748168945312,1690.4393657684327,1688.2438790893555,1687.5514405059814,1686.6391930389404,0.2843994088193223,0.47079329812104365,0.03098724907280443,0.47243986923979053,0.2848808611642544
markov_mismatch_conditioned,markov,Markov mismatch-conditioned,mismatch-conditioned,173,live,28.103144545319765,0.06079196479415518,0.001132047068523525,0.1125,0.004236879996223187,0.305,0.695,0.0,0.0,-3.1735924572612557,-4.862924482368271,-34.580158198656704,19.482171114748997,9.319538726806641,5.555908279418945,1679.5862860107422,1677.7212550354004,1677.7512314605713,1678.352644958496,0.28107355136527523,0.5217383558152034,0.03572586558488997,0.523405091795976,0.28216080496672147
markov_mismatch_conditioned,markov,Markov mismatch-conditioned,mismatch-conditioned,174,live,30.76197384120516,0.05675966106949427,0.0008798287568776422,0.09,0.003938340429225545,0.255,0.745,0.0,0.0,-3.6904289427721984,-7.194301731950873,-31.29666908996107,16.51443199498541,9.16798210144043,6.337924513816834,1699.9521197509766,1698.2131662750244,1700.0451091432572,1699.8251260948182,0.264187660590937,0.4498025282815509,0.03918631478576463,0.44748172833141436,0.2591477043067961
markov_mismatch_conditioned,markov,Markov mismatch-conditioned,mismatch-conditioned,175,live,27.480789243285198,0.0642635936644888,0.0011868643235976178,0.1425,0.004147845588457939,0.2775,0.7225,0.0,0.0,-2.5470458068124047,-4.297240295917447,-27.13128184997397,21.647110297983048,9.381533203125,5.329542541503907,1661.5414199829102,1661.6487994384765,1659.546990661621,1660.6064765930175,0.27980714380839233,0.5370293562395828,0.03583178460708591,0.5422647229027995,0.28122251776443297
markov_mismatch_conditioned,markov,Markov mismatch-conditioned,mismatch-conditioned,176,live,27.509813396937698,0.06132976899971499,0.0009349407664755799,0.1075,0.004136109666470012,0.3275,0.6725,0.0,0.0,2.052138545007079,-4.691805691196123,-20.383777830328768,33.51027333386611,9.259462203979492,7.615083999633789,1695.058207244873,1692.3461321258544,1690.5252210235597,1689.4692915344237,0.31685731710405113,0.4686254524130986,0.046003961728649824,0.4665856271177914,0.3130454108451603
markov_mismatch_conditioned,markov,Markov mismatch-conditioned,mismatch-conditioned,177,live,29.354206323262048,0.0664882976574442,0.0009178203193045626,0.1075,0.004137144649290376,0.2775,0.7225,0.0,0.0,-1.5825734596921182,-5.171382725745843,-25.765456895113697,19.266976635071806,11.434226455688476,7.796013488769531,1715.8717449188232,1714.4856559753418,1712.781577682495,1713.4450051116944,0.28695226609037666,0.47347505587681105,0.0403462707992229,0.47465429789081526,0.28260626814432643
markov_mismatch_conditioned,markov,Markov mismatch-conditioned,mismatch-conditioned,178,live,28.679810181068547,0.06288559544862304,0.0009512775611113164,0.1,0.004214749603854295,0.2875,0.7125,0.0,0.0,0.005756218477641823,-5.040696389478171,-24.503820406814178,15.759365196791004,7.616845397949219,5.67989797115326,1731.2875811767578,1730.4964813232423,1728.890198841095,1728.9883941602707,0.28191088473557957,0.47311990418271604,0.04156146769354299,0.4753278195552991,0.27610511395266263
markov_mismatch_conditioned,markov,Markov mismatch-conditioned,mismatch-conditioned,179,live,29.84402760775174,0.05341409329618402,0.0010781137975113563,0.09,0.0040613068333571305,0.26,0.74,0.0,0.0,-3.5125883590111493,-6.01540294136521,-28.216633314206067,17.63470413885453,9.265256042480468,5.86333740234375,1732.358370742798,1730.8397818756102,1731.6910752105714,1731.7084949493408,0.2826066173278462,0.471140875852805,0.04470179234229482,0.47553094572968596,0.28178142342858864
markov_mismatch_conditioned,markov,Markov mismatch-conditioned,mismatch-conditioned,180,live,26.46825335473704,0.06906861660389466,0.0010427763779877613,0.1375,0.004357820234030297,0.33,0.67,0.0,0.0,2.80060452103008,-3.4474927404071423,-16.142565594653934,27.142897614236055,9.572034225463867,7.152375640869141,1757.6432789611817,1757.8784915924073,1752.3318657684326,1752.7271851348878,0.30839921607045745,0.505120717319909,0.04683899043650945,0.5120185235123962,0.31130162531815636
markov_mismatch_conditioned,markov,Markov mismatch-conditioned,mismatch-conditioned,181,live,27.83617616342173,0.06767616047958161,0.0010872819250900881,0.1375,0.004309488411052814,0.2925,0.7075,0.0,0.0,2.11990397008843,-4.38295824044053,-22.88663266865705,37.29903574233214,9.423796005249024,7.113876190185547,1767.3429064178467,1766.754673309326,1762.806460800171,1762.4129779815673,0.31478080974562916,0.4831611478415674,0.04676284781116863,0.4980656386458388,0.3245005285236045
markov_mismatch_conditioned,markov,Markov mismatch-conditioned,mismatch-conditioned,182,live,22.21399053091626,0.08202423051802699,0.0012496694364419621,0.18,0.004736829920710713,0.335,0.665,0.0,0.0,1.3775578051986384,-4.034323849731322,-31.565435712358475,25.50808434556219,11.892622375488282,8.279807739257812,1752.0415995025635,1753.6273233795166,1747.296277923584,1748.3679981994628,0.3459491583448523,0.5484482147646218,0.054702179728896426,0.5536003548972884,0.33031750987259684
markov_mismatch_conditioned,markov,Markov mismatch-conditioned,mismatch-conditioned,183,live,24.682245134997448,0.06854916842347683,0.001145588200334016,0.15,0.0045066164822613755,0.3925,0.6075,0.0,0.0,4.796189907216456,-2.3745547183059443,-20.384443954451193,27.250586003267045,8.354151000976563,6.550352478027344,1794.6257514190675,1792.670937576294,1786.8121223449707,1787.2617610168456,0.34393020633236043,0.5166037195762482,0.0435958834451643,0.5181397106944917,0.3414421876261729
markov_mismatch_conditioned,markov,Markov mismatch-conditioned,mismatch-conditioned,184,live,21.99614893080194,0.07679950614747098,0.0011377369112692945,0.1675,0.00442883629357135,0.375,0.625,0.0,0.0,2.0012948735893095,-3.251552027531261,-16.743878401325354,21.684130224629822,9.42193130493164,7.299534149169922,1799.907335662842,1797.7279293823242,1795.0853238677978,1794.2808695220947,0.32664494745618017,0.5111573399617185,0.045725828400007204,0.5152559667899242,0.3281223353004862
markov_mismatch_conditioned,markov,Markov mismatch-conditioned,mismatch-conditioned,185,live,27.1645082685175,0.076320238873573,0.001012595652184267,0.16,0.00433143800897473,0.31,0.69,0.0,0.0,2.1622396123371233,-3.4355071221119715,-16.562782377912956,25.921234326984973,8.72642234802246,6.74088752746582,1839.6495878601074,1839.8635092926024,1835.0887732696533,1836.1052839660645,0.2851843500532277,0.5228608036570257,0.0394154691031445,0.5206106985623083,0.27873010034639245
markov_mismatch_conditioned,markov,Markov mismatch-conditioned,mismatch-conditioned,186,live,26.199543336246894,0.07486597694841783,0.0010790644256713508,0.1525,0.004585521592573807,0.3675,0.6325,0.0,0.0,1.9344928375259558,-3.957889062852928,-19.10415807478557,22.445364285355346,10.60763542175293,6.763513488769531,1855.295506515503,1855.0870245361327,1849.187543334961,1849.6160693359375,0.3183621118049717,0.4995362005931955,0.04171898067088133,0.5031287099529249,0.3122883193342309
markov_mismatch_conditioned,markov,Markov mismatch-conditioned,mismatch-conditioned,187,live,25.137948076577832,0.08276555479583352,0.0011207471777264215,0.18,0.004633114578523611,0.37,0.63,0.0,0.0,4.077582745234782,-2.5246104399357137,-18.367951926726732,27.308534114697235,9.706035766601563,6.2871923828125,1860.1454006958008,1861.5326655578613,1852.9586280059814,1853.7061316680908,0.31583502247672524,0.4900459339236307,0.043750450191711775,0.49005972174491336,0.30692883745180216
markov_mismatch_conditioned,markov,Markov mismatch-conditioned,mismatch-conditioned,188,live,29.570027398880722,0.06076854610455864,0.0010306564230142738,0.115,0.00436246344719553,0.3,0.7,0.0,0.0,2.224162604019628,-2.94757217056042,-20.85959612802853,24.83401439655559,8.508167724609375,6.388721313476562,1899.32167678833,1899.0092637634277,1894.9780616760254,1894.6489149475099,0.30305851579423215,0.4687999386389988,0.03979118069479903,0.47099067334500305,0.29963001969205516
markov_mismatch_conditioned,markov,Markov mismatch-conditioned,mismatch-conditioned,189,live,29.099089582034072,0.06287241759629689,0.0010693022769157146,0.13,0.004254357977227547,0.31,0.69,0.0,0.0,1.7597856974328556,-3.3266580340939527,-18.830730672506956,19.91470088449018,9.3690625,6.891931762695313,1913.8046872711182,1912.3655210113525,1909.3111194610597,1908.3681943511963,0.2860625440475682,0.4525228644632873,0.03981529312512794,0.45387414872017545,0.2864244560310237
markov_mismatch_conditioned,markov,Markov mismatch-conditioned,mismatch-conditioned,190,live,30.206429119882205,0.061467517307714596,0.001054203675592418,0.115,0.0043492060121339046,0.4025,0.5975,0.0,0.0,2.3380475941092542,-2.586979168659923,-22.034714040953098,22.55525065312823,9.189917526245118,6.5312646484375,1930.962957763672,1929.7322885894775,1925.5634510040284,1925.1226035308837,0.30537676719919343,0.4487234755248766,0.046326325099770076,0.4521920192776933,0.30627584879298625
markov_mismatch_conditioned,markov,Markov mismatch-conditioned,mismatch-conditioned,191,live,29.943794855063533,0.05653559053076733,0.0011864260670405365,0.1425,0.004397471239393504,0.3375,0.6625,0.0,0.0,2.3417991143053682,-3.113870589608723,-17.493888349856704,19.717839560959924,8.01069450378418,6.412229385375976,1937.5515161132812,1935.0927266693116,1932.6688793182373,1932.0789344787597,0.2916663249274003,0.44007200494619403,0.04590710162534366,0.4371161975074482,0.2853817413851527
markov_mismatch_conditioned,markov,Markov mismatch-conditioned,mismatch-conditioned,192,live,29.226794354013677,0.058436790818269774,0.0011577677496043483,0.1375,0.004390161022776109,0.395,0.605,0.0,0.0,1.7725608401778288,-2.8212559659831413,-20.833937665407962,24.653440066808635,8.824673385620118,6.479300537109375,1954.639559402466,1954.52634475708,1950.3265591430663,1950.588101196289,0.3014086591630026,0.44122374980642154,0.040454884020051034,0.44174632672232783,0.2985059719871255
markov_mismatch_conditioned,markov,Markov mismatch-conditioned,mismatch-conditioned,193,live,28.01120020273645,0.06425865584575476,0.0012010074204718921,0.15,0.004502947264672264,0.345,0.655,0.0,0.0,3.042451250152725,-2.8677918144435353,-19.798362360312172,26.13576151813609,8.557951049804688,5.718548736572266,1967.5016744232178,1966.9740746307373,1961.6051801300048,1961.0874208831788,0.3114731692328271,0.4700376695288145,0.04326831380108179,0.47347030527669504,0.30217221651263015
markov_mismatch_conditioned,markov,Markov mismatch-conditioned,mismatch-conditioned,194,live,24.97499894274998,0.06264731761371854,0.001243674288673358,0.1325,0.004553235064848553,0.43,0.57,0.0,0.0,5.130224215425342,-1.5469567599463971,-11.357290427656334,27.160307941667728,9.263662414550781,7.781270523071289,1971.4306967926025,1970.1733966827392,1965.2607025909424,1963.104369354248,0.31028447234649564,0.4307290549517822,0.04665832554153683,0.43283302779960436,0.30870099965961556
markov_mismatch_conditioned,markov,Markov mismatch-conditioned,mismatch-conditioned,195,live,26.69763738990619,0.062046263379809584,0.0012387394498021744,0.14,0.004402470393146613,0.345,0.655,0.0,0.0,3.5743861349924955,-2.7234413560672692,-14.978250122978691,25.846211070721125,8.838038406372071,6.517332229614258,1945.5797456359862,1945.452173538208,1939.7187989807128,1939.506449508667,0.2983488488522542,0.43683930731847664,0.04318015581077066,0.4424568622873047,0.2924782155999278
markov_mismatch_conditioned,markov,Markov mismatch-conditioned,mismatch-conditioned,196,live,23.75120101552633,0.06649385511508518,0.0011607373235426562,0.1525,0.004420048580195601,0.4075,0.5925,0.0,0.0,7.945068856034904,-1.1305097199705187,-14.268231316200172,38.330760962499866,8.85849853515625,7.372605972290039,1923.8449836730956,1922.373574066162,1913.702420272827,1913.6397564697265,0.32777601842276466,0.44994666889708235,0.05748230177699364,0.4553462062699268,0.3229037501567333
markov_mismatch_conditioned,markov,Markov mismatch-conditioned,mismatch-conditioned,197,live,25.999584877744727,0.07093180626914486,0.0010716170519166402,0.15,0.004314778039708372,0.3725,0.6275,0.0,0.0,2.8588279451592795,-2.7048580198736545,-15.013195168758738,27.557692302315623,9.121108627319336,6.86385368347168,1905.4112180328368,1904.9077317810059,1900.1392140960693,1899.9306484985352,0.3087737458488838,0.4423069736552627,0.04031284922506645,0.4417703686762543,0.3055806922980446
markov_mismatch_conditioned,markov,Markov mismatch-conditioned,mismatch-conditioned,198,live,25.85288927179515,0.06385343140032576,0.0010120807852678198,0.1225,0.004284732678174371,0.405,0.595,0.0,0.0,4.619172679819449,-1.8630323817376393,-14.46236348691325,25.804936635713414,9.323538513183594,8.244804382324219,1885.0724572753907,1885.6612341308594,1879.0731453704834,1880.2504082489013,0.304172486186683,0.4242475034552647,0.042928286651404975,0.42122618287366637,0.29961821583653836
markov_mismatch_conditioned,markov,Markov mismatch-conditioned,mismatch-conditioned,199,live,25.45926934569069,0.05990605027792984,0.0011145222524649389,0.115,0.004353082626467218,0.4425,0.5575,0.0,0.0,4.986193847308989,-1.30141043205208,-12.214814076415246,28.77433540539692,8.199220809936524,6.571408462524414,1854.6212736511231,1852.1073824310304,1846.4560572052003,1847.0291387939453,0.310450749352942,0.42413658478938004,0.04801171156306049,0.43098393082255515,0.31446381656390704
markov_mismatch_conditioned,markov,Markov mismatch-conditioned,mismatch-conditioned,200,live,28.425867570872743,0.05901485905257364,0.000966287907824008,0.1125,0.004053033046271704,0.68,0.32,0.0,0.0,9.48396133892591,3.0405009220522743,-1.4334142155529206,35.102317186290286,8.311467208862304,7.159047164916992,1836.5558992004394,1829.6219399261474,1825.0120321655274,1819.8799747467042,0.3112473790652827,0.34341177094797826,0.03809218033975051,0.34877460761838763,0.31649977959542785
markov_standard,markov,Markov standard,standard,1,warm_start,-3.153276147617337,0.2943526700821088,0.002592509105932414,0.44,0.006577010004199116,0.0,0.0,1.0,0.0,nan,nan,nan,nan,nan,nan,nan,nan,nan,nan,0.09633774966851057,0.006045400144644117,0.09633774966851057,0.10191064954302999,0.0
markov_standard,markov,Markov standard,standard,2,warm_start,8.079282593020153,0.18433812649371306,0.0014378097675925494,0.2475,0.004143103196008624,0.0,0.0,1.0,0.0,nan,nan,nan,nan,nan,nan,nan,nan,nan,nan,0.046949236248815716,0.006492025462087856,0.046949236248815716,0.05304293630386153,0.0
markov_standard,markov,Markov standard,standard,3,warm_start,8.056081543431276,0.18376230095153168,0.0014306740924397837,0.2425,0.004130726329239009,0.0,0.0,1.0,0.0,nan,nan,nan,nan,nan,nan,nan,nan,nan,nan,0.047675687468836936,0.006447189263424722,0.047675687468836936,0.053707527346676366,0.0
markov_standard,markov,Markov standard,standard,4,warm_start,8.163216493473662,0.1827134018598649,0.001423871356645352,0.245,0.004109634933611878,0.0,0.0,1.0,0.0,nan,nan,nan,nan,nan,nan,nan,nan,nan,nan,0.04760444014814455,0.006402520049599134,0.04760444014814455,0.053591927690643096,0.0
markov_standard,markov,Markov standard,standard,5,warm_start,8.255229283710428,0.18164576871935928,0.0014175075958855103,0.245,0.0040862867840410575,0.0,0.0,1.0,0.0,nan,nan,nan,nan,nan,nan,nan,nan,nan,nan,0.04746927601667762,0.0063588326250949775,0.04746927601667762,0.053414019140407554,0.0
markov_standard,markov,Markov standard,standard,6,warm_start,8.341568968193357,0.18065818261499647,0.001410813699239523,0.2425,0.004062894125782931,0.0,0.0,1.0,0.0,nan,nan,nan,nan,nan,nan,nan,nan,nan,nan,0.04750052362556094,0.00631429178988151,0.04750052362556094,0.05337925805972217,0.0
markov_standard,markov,Markov standard,standard,7,warm_start,8.465322286161005,0.17951088238328394,0.001403307767530644,0.2425,0.0040400745131927715,0.0,0.0,1.0,0.0,nan,nan,nan,nan,nan,nan,nan,nan,nan,nan,0.047376097888073454,0.006269717282368116,0.047376097888073454,0.05321117116211985,0.0
markov_standard,markov,Markov standard,standard,8,warm_start,8.578620344626094,0.17840595759721622,0.0013960747643973785,0.24,0.0040155545344588576,0.0,0.0,1.0,0.0,nan,nan,nan,nan,nan,nan,nan,nan,nan,nan,0.04718566495698107,0.006225638596573137,0.04718566495698107,0.053006545360783475,0.0
markov_standard,markov,Markov standard,standard,9,warm_start,8.696080878906907,0.17713459871800705,0.0013897546666196208,0.235,0.003985247185381668,0.0,0.0,1.0,0.0,nan,nan,nan,nan,nan,nan,nan,nan,nan,nan,0.050532631380471635,0.006180984727444894,0.050532631380471635,0.05627184727477985,0.0
markov_standard,markov,Markov standard,standard,10,warm_start,8.938793305979319,0.1751456084120554,0.001377111258935993,0.23,0.003944024111734489,0.0,0.0,1.0,0.0,nan,nan,nan,nan,nan,nan,nan,nan,nan,nan,0.04643384840661786,0.006132392875350101,0.04643384840661786,0.05211387609778754,0.0
markov_standard,markov,Markov standard,standard,11,protected_handover,8.920519101797026,0.17503837051453275,0.0013753174492112136,0.2325,0.003925615085615025,0.0,0.9975,0.0025,0.0,nan,nan,nan,nan,nan,nan,nan,nan,nan,nan,0.047313944865768905,0.006081757049592633,0.047313944865768905,0.05298967463908494,0.0
markov_standard,markov,Markov standard,standard,12,protected_handover,9.091506618395393,0.1737625509772885,0.0013656724561479183,0.23,0.0038909169498758146,0.0,1.0,0.0,0.0,nan,nan,nan,nan,nan,nan,nan,nan,nan,nan,0.047271691585042463,0.006027668869285237,0.047271691585042463,0.05289395705424964,0.0
markov_standard,markov,Markov standard,standard,13,protected_handover,9.114003180981626,0.17325665246805572,0.0013564630676638429,0.2275,0.003873827622498976,0.0,1.0,0.0,0.0,nan,nan,nan,nan,nan,nan,nan,nan,nan,nan,0.05022709662821922,0.005979524169094672,0.05022709662821922,0.05575587941820361,0.0
markov_standard,markov,Markov standard,standard,14,live,-20.683247717595897,0.4067502283679918,0.004865516614022205,0.715,0.007861844164079944,0.64,0.36,0.0,0.0,134.25059450213993,38.877685003315506,-70.68536378173572,530.8481082967254,37.23816246593506,17.20621845514553,-30.15857220935941,-13.478057310918818,-183.24876216618824,-169.00252091857536,0.9061953706168403,1.1192457331410162,0.10913257824249904,1.1750386641147588,0.9415005150637018
markov_standard,markov,Markov standard,standard,15,live,18.853946479783605,0.12269960399092607,0.0010764032573399073,0.095,0.004213354669148316,0.205,0.795,0.0,0.0,-27.367103917318403,-32.67345040462675,-116.96802802771775,23.266196831921775,19.04407484896481,3.8749824582785366,55.3664361821115,42.855919590964916,61.16486894229427,61.43246610021219,0.24577077879973397,0.6222250284013173,0.04507925258273908,0.6298774370112977,0.2456778034426113
markov_standard,markov,Markov standard,standard,16,live,16.420172397755536,0.13047887082167933,0.0009718435437542416,0.1275,0.003914915832300289,0.205,0.795,0.0,0.0,-30.852855015497717,-27.41506438949228,-100.26957776891334,12.37018595277682,14.823690852019936,3.878013543859124,66.26764984235167,62.82903689971194,84.13942396108061,84.75219478096813,0.2041917213698825,0.5380183920277315,0.05579788625453773,0.5682704723104383,0.21263112232436515
markov_standard,markov,Markov standard,standard,17,live,18.3747885201274,0.13421422384390883,0.0012095392248747659,0.2125,0.003375607597195913,0.1575,0.8425,0.0,0.0,-33.31434511400962,-28.427123276564355,-110.95112251814085,8.56542629127946,14.375976288039237,4.591561100995168,58.10247384885326,54.96080227605999,80.6103495046217,79.49055978935212,0.15286601403944192,0.5538301649237998,0.040610432800151114,0.5617990425445489,0.13510500833789452
markov_standard,markov,Markov standard,standard,18,live,15.599833708031065,0.1381675098156587,0.0009626131051166504,0.1625,0.003683236400042047,0.14,0.86,0.0,0.0,-38.245874044434935,-29.951980683822168,-116.78263461589422,5.82372741171129,14.34518597971648,4.482214915454388,68.78937960203737,66.21212468191982,96.63922877728939,95.10448354944587,0.18747090529575947,0.5837148847133727,0.04353196645207966,0.5960315058073816,0.18102941430108604
markov_standard,markov,Markov standard,standard,19,live,8.646932989314784,0.14155022599551298,0.002365699385950301,0.275,0.004083775846026366,0.2925,0.7075,0.0,0.0,-5.295602529150756,-20.577364061458717,-111.72780104256151,125.84129496423206,17.39993827417493,7.102721152156591,24.792739971727134,25.09119695007801,20.282306416481735,19.57216549783945,0.3551287296591124,0.6853681633203518,0.06663316765553512,0.7195403078915971,0.3744752686814786
markov_standard,markov,Markov standard,standard,20,live,9.487143947962874,0.12569741495584671,0.002528782327499458,0.2725,0.003769336285217287,0.295,0.705,0.0,0.0,-8.048636279434852,-14.784728684751162,-100.29440657011688,99.55306507622166,17.405856017041952,6.12081886947155,23.16324184941128,20.16495559900999,18.77394450455904,18.05342640906572,0.3505517047629783,0.6978279637331672,0.06420158061148101,0.7219300189561383,0.3618813507268275
markov_standard,markov,Markov standard,standard,21,live,-18.781491663743914,0.2188715777320125,0.007014049395351889,0.5775,0.00505488251925681,0.6,0.4,0.0,0.0,107.40696023200385,42.45993948530881,-47.492397769370875,322.2003274951222,20.230044078826904,18.596223016679286,-199.57880766540765,-199.9900404933095,-314.68342484042046,-303.00050280764697,0.763246702420385,0.9445410065813653,0.19491713252880846,1.0045328231059425,0.8232385189449621
markov_standard,markov,Markov standard,standard,22,live,-12.733653025164108,0.21486806429902625,0.005932963214467381,0.49,0.004196002593016903,0.5275,0.4725,0.0,0.0,67.42792177067771,8.545526555875519,-76.95001171072224,221.4390749688793,19.171791876535863,11.812671349833254,-156.11858769595622,-149.8254829495959,-229.28449130058289,-226.26388801734663,0.7232219084767135,0.8965766476093218,0.11745300709240519,0.942490008316667,0.7682874808856659
markov_standard,markov,Markov standard,standard,23,live,12.719822730646815,0.15133593463887554,0.0019041904981164626,0.2875,0.0038925761957518765,0.2925,0.7075,0.0,0.0,-5.870528438862176,-18.018546711397438,-107.91492093614076,139.3401228664866,12.319338538208976,5.914798473715782,34.70580524294637,37.190039536505935,34.16541556835175,36.63418856084347,0.3908668478383659,0.697815802490089,0.07259495245110853,0.7240755988819668,0.40862220775458974
markov_standard,markov,Markov standard,standard,24,live,15.058265527258703,0.13065990130035454,0.0025132934019121258,0.3125,0.004592272568331443,0.2775,0.7225,0.0,0.0,-21.499612185653447,-31.11804058974301,-112.8487815290088,55.538629074918674,16.433099918141963,5.1042578268423675,42.08278784610331,40.33068436548114,51.32172603499144,51.38964675799012,0.3726386196149798,0.8120745594936432,0.07930312729631611,0.8230858107514791,0.3734557624072072
markov_standard,markov,Markov standard,standard,25,live,20.351500588283713,0.09015843480074412,0.0016895770231901575,0.1525,0.003554222419473593,0.2525,0.7475,0.0,0.0,-22.905173330099498,-27.56656804817009,-113.7515438212868,29.635390953903606,12.047320178486407,4.882860522866249,65.6373352612555,67.59846250165253,82.15193381637334,82.54552475407719,0.30182656045986,0.5677899896480573,0.05083437667276864,0.5902257702869261,0.30249051262441773
markov_standard,markov,Markov standard,standard,26,live,25.13792392423948,0.08560770464424351,0.0012010709212190572,0.1125,0.003503332965929199,0.215,0.785,0.0,0.0,-35.98668894002244,-40.192844465681524,-119.84556859527645,10.345624282792961,13.299704003967344,3.7665979589521883,90.9181271238625,94.21253322277218,118.83223694130778,119.18837987989187,0.2624239528240691,0.5287424774988253,0.04413634464864602,0.5501337470298557,0.270615020862277
markov_standard,markov,Markov standard,standard,27,live,20.254895344788864,0.10095012814408928,0.001523926393832396,0.1525,0.003467408674407233,0.2525,0.7475,0.0,0.0,-26.886165142284998,-32.35899185822884,-108.21909196770389,19.08657972182978,11.628962675370277,4.727164267385379,84.36963089812546,84.91501314938068,104.66967659807764,104.56742174714803,0.27124685755381855,0.5180911502590999,0.03565103843457548,0.5417245574508166,0.2904329064817777
markov_standard,markov,Markov standard,standard,28,live,12.907028518222562,0.14786017646367647,0.002323647832717758,0.325,0.0038903930315638668,0.4,0.6,0.0,0.0,-13.387466919196081,-14.625961141372485,-121.16443568229991,57.73017733184527,12.804456177921965,5.659511636793614,34.99550043415278,35.11721686498262,41.28012926757336,41.28960677832365,0.5271959913872976,0.778962823316335,0.13471015421082386,0.7884640139392352,0.5300052807161046
markov_standard,markov,Markov standard,standard,29,live,-7.9787733894609865,0.2298176723004434,0.004546843130045841,0.325,0.004339937840563818,0.455,0.545,0.0,0.0,37.15930040308069,-4.246478758924937,-69.51239369208129,212.88244634643888,11.736513223201037,10.768980469740928,-114.46642392426729,-112.99098162010313,-152.734734644033,-151.01044039815665,0.6332347334385087,0.863825137270918,0.11919542501679771,0.9029932568110928,0.6723695810890343
markov_standard,markov,Markov standard,standard,30,live,18.68687380041815,0.08197080676851284,0.0017314257734500705,0.1375,0.003478435824629421,0.2575,0.7425,0.0,0.0,-24.555765279438027,-35.27898713815484,-105.2538890127271,34.81082364276053,12.425601522475482,4.676293065100908,78.96630756556988,82.12950168952347,97.36900732323528,97.32141663908959,0.3016514645527064,0.5518434038700422,0.03579881412231025,0.5758974145740734,0.32328049129764663
markov_standard,markov,Markov standard,standard,31,live,20.291453046203777,0.08169499747823003,0.001550191074510059,0.115,0.003593761377470308,0.265,0.735,0.0,0.0,-23.701750920089218,-29.03469633157559,-101.04890082805598,13.590288484777854,11.658675533086061,4.365228241309524,92.401590693444,93.85008719831706,109.21728043347598,109.8329015082866,0.26969901958460474,0.5166009578156188,0.03264695442370137,0.5408405545350328,0.28827548085948596
markov_standard,markov,Markov standard,standard,32,live,19.204326430533907,0.08485403614232234,0.0015093382004551675,0.1025,0.003557040474151932,0.255,0.745,0.0,0.0,-21.265245140111077,-29.540515061811455,-96.29861428494726,24.64521647578803,11.953056412115693,6.226344048827887,91.95697591073811,93.59925588414073,108.39867318198085,108.21671120196581,0.30824494624591614,0.5348504515305429,0.039461089936000844,0.5637976371045617,0.3362472673965844
markov_standard,markov,Markov standard,standard,33,live,18.025903456814955,0.09126430411610238,0.0018454469047873962,0.16,0.0035874346540302714,0.27,0.73,0.0,0.0,-18.507428250986372,-28.33008114038813,-106.65101436392257,47.90642285035843,12.838114292919636,6.3745435072481635,82.79256131291389,86.34732073575259,96.06117320522667,97.14495074003935,0.352048029321905,0.5899131574151742,0.0397818598734285,0.6194550440003161,0.37973821309576705
markov_standard,markov,Markov standard,standard,34,live,15.062798310909246,0.08723539594549408,0.0018877893165109424,0.15,0.003867602262079733,0.2875,0.7125,0.0,0.0,-19.515278297935023,-28.300826321668943,-112.57950079152916,53.49797004702237,12.740584589540958,5.220965256020427,86.7047090268135,90.07631461530924,99.90003675565123,100.85381042964757,0.32959948581745396,0.5473389758234946,0.04299919982232451,0.576070205254011,0.3528701560814103
markov_standard,markov,Markov standard,standard,35,live,16.500098400534764,0.09655161591126218,0.0017812783511967523,0.1825,0.003968000323296497,0.255,0.745,0.0,0.0,-20.46608798584434,-23.326819551154536,-116.43958741466398,30.08007237627084,13.527219349741936,5.383277876339853,103.93265175402165,105.853997143507,116.78793751593679,117.62337890148163,0.28369708313425024,0.52116546746242,0.039787175691024454,0.5508436479041515,0.2992070834602387
markov_standard,markov,Markov standard,standard,36,live,16.483951483609655,0.09334588323398903,0.0017230138590431526,0.16,0.004163798944856149,0.2775,0.7225,0.0,0.0,-14.146862632949192,-23.912102576042564,-112.56989507491173,29.710089556557747,13.245813541337847,6.521461779177189,116.44689484678209,120.02958693906665,124.86847809731961,126.43417049199343,0.28212700195053103,0.5001328397231429,0.048923430238163625,0.5338923964920027,0.29442276725574396
markov_standard,markov,Markov standard,standard,37,live,14.13611637443049,0.1235183778848111,0.0017256042171417004,0.22,0.004340932391212052,0.27,0.73,0.0,0.0,-13.355099726367474,-20.139795472208036,-106.5374463269938,28.419390091420343,12.556313275024294,6.479281662702561,126.56803830102086,127.91023301202804,133.5048795479536,135.51381401479244,0.28043520564597463,0.4882332363342614,0.040800064717093354,0.515743716899621,0.2932620386950018
markov_standard,markov,Markov standard,standard,38,live,16.67033601134706,0.13435960622127754,0.0016213613570991512,0.225,0.0043773347085571505,0.195,0.805,0.0,0.0,-27.25229482790746,-28.979329288892416,-122.39593488836272,9.18592244557122,17.441461507081986,6.004527776986361,129.0129214128852,126.75973545819521,143.10462194316088,144.27186267353594,0.2129369439260906,0.5178533928273517,0.04860770613403931,0.5538852972042221,0.2036471820148276
markov_standard,markov,Markov standard,standard,39,live,20.055766193713954,0.11202955501433802,0.0012627482825681136,0.195,0.004190896335967,0.2275,0.7725,0.0,0.0,-18.23606829593756,-20.252127931866333,-112.29578817005691,25.163964900479765,14.314203657507896,7.36864408351481,155.33642058432102,157.56710977077483,166.99223353706302,168.47725826203822,0.27898610660510514,0.4778100900959997,0.04457508546819593,0.510621943015477,0.30843052566961815
markov_standard,markov,Markov standard,standard,40,live,16.560436878870522,0.11029463814726281,0.0015598587544170253,0.19,0.004566211735022938,0.28,0.72,0.0,0.0,-15.970005997220111,-20.06358388392129,-117.68985396701564,48.68944449783209,14.546884502470494,8.730445947647095,147.54279976814985,147.36097760021687,157.2229002505541,157.97170893609524,0.31617367432920324,0.5017964087993643,0.056029296535368436,0.5390549859309253,0.34924106931288074
markov_standard,markov,Markov standard,standard,41,live,19.21318716851861,0.10498310175668146,0.0015822439120436538,0.2075,0.004000283946034801,0.2075,0.7925,0.0,0.0,-20.839112451478005,-20.533591416493103,-121.26996490819373,16.068548229516047,12.94848169028759,7.231834548115731,144.86498599916698,143.71093315333127,158.77913500726223,160.01615428090096,0.2501874945706386,0.5218413988692095,0.043248744593635424,0.5524058863404133,0.2461416451814845
markov_standard,markov,Markov standard,standard,42,live,12.48543303226222,0.16200965726242086,0.0017760884534453775,0.2225,0.0055413236770702244,0.3425,0.6575,0.0,0.0,-9.50576987187743,-11.187557127866768,-112.53695762270515,56.34198661394339,16.51135500535369,9.643991951346397,160.24140760838986,158.54617614343763,161.17297537982463,162.87402823388575,0.349545466566955,0.5292311999443057,0.0597374962923427,0.5643337245746749,0.38014499935832147
markov_standard,markov,Markov standard,standard,43,live,21.547791683933486,0.10728287717984879,0.0014460309325997327,0.215,0.003831383427923999,0.1925,0.8075,0.0,0.0,-16.59229829172573,-17.652033269925973,-94.92655992381326,17.500991105251085,14.43443273961544,5.812813357226551,171.7928823029995,174.48516983687878,180.32681654203682,181.8758404956013,0.2079878754790925,0.4630535809857119,0.04501256123994635,0.494757724781048,0.22049629380717434
markov_standard,markov,Markov standard,standard,44,live,17.4568666833067,0.13370539413382024,0.001197897917069947,0.195,0.004379775849440626,0.1925,0.8075,0.0,0.0,-21.128525795325213,-18.72596453277788,-94.76167785596968,19.954336100367605,13.492597444355487,5.9318829922378065,193.00296589374543,191.86457742184402,205.82394249141217,206.16489620104431,0.20013392332529478,0.4186632570767803,0.04723575101481304,0.44740286157060283,0.21645977646194503
markov_standard,markov,Markov standard,standard,45,live,0.8415422277279464,0.19766239369694602,0.0015827669146237019,0.23,0.005668518295703995,0.185,0.815,0.0,0.0,-12.534764095124421,-19.017393910324355,-76.71270939247754,18.006696504463573,14.10616295672953,6.92623759418726,184.11815807662904,181.81937599003314,188.34923906177283,188.28215310275556,0.20073339692317396,0.4393026676854261,0.06072071753495905,0.47152282513907495,0.22480197660758108
markov_standard,markov,Markov standard,standard,46,live,20.893158791303136,0.11516413963850955,0.0013872112946679716,0.2125,0.00404600204392358,0.205,0.795,0.0,0.0,-19.9982153129853,-18.508683734361057,-105.40541799648136,25.112482527032082,13.69761247843504,6.716255160868168,199.12788881555198,198.84902770087123,211.84867394894363,212.14319185554982,0.20776373625832467,0.4332137221383165,0.04245817525757833,0.46513527219246464,0.2023419633774779
markov_standard,markov,Markov standard,standard,47,live,-1.6441544558134455,0.2209474873715309,0.0013598171389932767,0.2325,0.0058006517365788,0.1875,0.8125,0.0,0.0,-27.37921757162765,-22.923868014729862,-117.68135286138843,23.994604224434973,18.189497400671243,7.712656399607658,219.80120418563484,223.1415367871523,238.14011373996735,238.59059939324857,0.2000909802230736,0.448425497604713,0.04970706714924101,0.4687920729205689,0.20799605290153153
markov_standard,markov,Markov standard,standard,48,live,12.711680600479,0.1708738022624797,0.0010909591040414697,0.195,0.004870901906032545,0.19,0.81,0.0,0.0,-23.125770187941292,-19.45301414645695,-97.87584079854166,21.654987455813426,14.375175858736037,5.891106284558773,234.53878945171834,232.40805544555187,247.9400446754694,248.27117154330014,0.22456849783520308,0.4431671819882783,0.05294726636344542,0.470169130264747,0.22110804371456247
markov_standard,markov,Markov standard,standard,49,live,10.227265960573202,0.22113577354663724,0.0011225504254707428,0.2175,0.0042788090731111,0.27,0.73,0.0,0.0,4.545726098408747,-16.298524663039053,-89.4232172527431,122.10644410559995,17.99840851292014,7.222669830620289,240.9137124197185,234.93574559003116,223.32135741591455,221.87142649978398,0.28424295301711167,0.46906397803446453,0.06359579130815594,0.4971023349537828,0.3063146489578191
markov_standard,markov,Markov standard,standard,50,live,6.552961970005712,0.21439041598331549,0.0021134072563057348,0.2975,0.004495309289921928,0.3625,0.6375,0.0,0.0,-3.7332987368832278,-11.545475726899376,-82.76584853886649,76.86709577650468,15.140273459106684,8.045425000041723,202.80582480832933,207.41113127470015,201.1996804882586,202.27774901747705,0.3522133965563991,0.5034363539334175,0.09010699308430896,0.5390836278774804,0.3494126600519627
markov_standard,markov,Markov standard,standard,51,live,15.575932511624478,0.12359461512616679,0.0016986493285321745,0.1875,0.004238261743896114,0.2425,0.7575,0.0,0.0,-20.394874795864084,-15.218911293804926,-90.79282625844226,25.431202470580555,11.97330074518919,5.584813741445541,225.20399748772383,226.04160758972168,239.3061304450035,239.94312969326973,0.21226849060356798,0.40024232011002037,0.038872378031988813,0.40043937363435333,0.2077648475839933
markov_standard,markov,Markov standard,standard,52,live,20.67651688250945,0.11304771935004193,0.001871529505804409,0.2225,0.004111100961836794,0.275,0.725,0.0,0.0,-19.36681714835156,-16.3173671128404,-104.75146744532144,31.43138319527018,14.41164891846478,6.733765219449997,216.16982779055834,215.81382689259945,227.22436017632484,228.1243722271919,0.27901403116147455,0.4626847558776141,0.04194732795780715,0.46953983199284566,0.2815467117687853
markov_standard,markov,Markov standard,standard,53,live,18.00321219695422,0.11705449499341208,0.0016206590386137131,0.19,0.004162495978694423,0.26,0.74,0.0,0.0,-18.773780451075513,-17.48792052534207,-81.64411565098035,18.189049280001928,12.506175176501275,6.526073572877794,224.4656172424555,225.42005412459375,236.89427058637142,238.56622921669856,0.24174276764867145,0.4183213211521675,0.04407856141427183,0.42408063293448334,0.23632581579111522
markov_standard,markov,Markov standard,standard,54,live,19.573119455275332,0.11250058877087799,0.0015515691918643315,0.1875,0.0043323489637031335,0.245,0.755,0.0,0.0,-14.578546468558233,-17.608194635999027,-74.70363234165534,17.0982192739275,12.060824957676232,6.548758957982063,231.39493979927153,231.2686850889772,239.3439264395833,241.44098550647496,0.21015458811571808,0.4045336336077998,0.05558319036442398,0.4140160525265351,0.2066416276778822
markov_standard,markov,Markov standard,standard,55,live,19.34111801351841,0.11661630526005991,0.001523134025351032,0.185,0.004360887859661453,0.2425,0.7575,0.0,0.0,-19.538901984280884,-16.049451322423472,-87.40272997726125,17.427043571861827,11.687700743228197,5.798234198540449,229.33847481250763,232.4281691364944,244.1999771553278,244.85486044541003,0.23260097590263798,0.41084671280988244,0.04071214225887415,0.41047650265207763,0.2263565028717756
markov_standard,markov,Markov standard,standard,56,live,23.461826056456193,0.07667960240808787,0.0017703734385265087,0.175,0.00389309946914676,0.2875,0.7125,0.0,0.0,-5.360456973403672,-16.20132529877094,-67.61295715053981,27.758931771526733,12.0938610432297,7.020953711941838,216.9334196269512,216.4655007133633,217.34458714783193,216.6196313225478,0.26046409848601626,0.41176947219355525,0.04758640423019874,0.4233957381980625,0.27076673853622124
markov_standard,markov,Markov standard,standard,57,live,19.20848865232251,0.1179606163810422,0.0015236633743084093,0.1625,0.004434223851562188,0.24,0.76,0.0,0.0,-8.612034984353302,-16.800325899583953,-63.373665339521416,19.516500520388142,11.03864772439003,6.075974548906088,234.17403722047806,235.38202993035316,238.7378143569082,238.10507387973368,0.24301604764169865,0.41312878282830695,0.0502804324559457,0.4190002119149123,0.22272245216998654
markov_standard,markov,Markov standard,standard,58,live,23.763296870285558,0.07628408118332314,0.00167159790159784,0.1525,0.0038395420008872617,0.285,0.715,0.0,0.0,0.19697121554516456,-17.9769383418126,-63.609523271751954,33.960151447859594,9.570723461210727,6.163880337178707,235.38306735128165,235.6234843337536,232.47931404560805,231.3110758882761,0.2587377012099298,0.3961710718326832,0.047974162312424705,0.3964877064524876,0.24853485799406513
markov_standard,markov,Markov standard,standard,59,live,22.026868700475845,0.06616687564052065,0.001856201629131677,0.1525,0.0037896265588036626,0.3275,0.6725,0.0,0.0,4.206707600102099,-11.173985816918375,-54.01260434586327,42.700832294584394,10.584778381288052,6.814237660616636,235.86024165809155,233.3056304100156,226.01113755047322,227.19310738667846,0.2640980611648967,0.394994324337352,0.041841265373007364,0.3847047434893557,0.24913284563286905
markov_standard,markov,Markov standard,standard,60,live,20.98892946006842,0.11573063282882004,0.0014230589116793662,0.19,0.003980031537553975,0.22,0.78,0.0,0.0,-3.5043350131393662,-15.128681220020738,-56.35463864719308,47.990414151509846,11.512217031121255,5.588662999868393,246.68113174021244,247.45192128181458,244.4820547270775,244.80383490204812,0.18486679311396612,0.3694635487020598,0.045105724610272444,0.36905865093240087,0.1693782255521156
markov_standard,markov,Markov standard,standard,61,live,20.909602853225355,0.10743794013782697,0.001504115050281169,0.165,0.004060268514616239,0.275,0.725,0.0,0.0,1.3625403530561322,-13.629640937034196,-48.25375326929109,36.65521549905858,9.148770232349634,6.072863102555275,247.36794499754905,249.91894688978792,243.68145422399044,244.72183220386506,0.21231960094162886,0.3566659722137959,0.04522963537865751,0.35213582855799885,0.1959457521763765
markov_standard,markov,Markov standard,standard,62,live,21.915952904110863,0.10302279457398136,0.0016259206561207206,0.1675,0.004060356811507729,0.25,0.75,0.0,0.0,-0.5135600685314933,-12.608171886850982,-51.83005681854025,15.745308372907473,8.090543852448464,4.6026780968904495,255.53491723060608,254.64276143968107,251.66113085150718,252.55914867579938,0.2208721069258337,0.3863802256699806,0.04312944651738666,0.3762121990851597,0.19428208572254732
markov_standard,markov,Markov standard,standard,63,live,22.103224626467785,0.06731874561651811,0.001878373081777106,0.165,0.003731455500582911,0.325,0.675,0.0,0.0,3.6161602942518685,-12.97273092639756,-50.803610294538494,53.0322211976143,10.208996192216873,5.633629103433341,240.2210884410143,239.56693118751048,232.4007546901703,230.99615819526835,0.2852021263990967,0.4092268950967222,0.04377347873177033,0.4010216752093232,0.2672618978965804
markov_standard,markov,Markov standard,standard,64,live,22.014656495625605,0.10090623274032433,0.0015392381405915033,0.1775,0.004250458272647228,0.2575,0.7425,0.0,0.0,-10.949809618851575,-15.93727381865466,-60.57783012557711,9.242407404592903,13.094006398916244,4.965034580081701,275.4855919653177,275.28480843245984,278.41431678779423,277.9880335273594,0.23364018251535504,0.39304338296509994,0.04503918415792322,0.3866830715010272,0.21733455477918062
markov_standard,markov,Markov standard,standard,65,live,21.02648821577869,0.0830370073005442,0.0017747090938865157,0.175,0.004119913331103972,0.2825,0.7175,0.0,0.0,-7.041096184216178,-12.466148087936915,-61.67561501693222,14.404521974885961,11.570470754355192,5.258570112511515,260.4981051416695,260.56817193865777,261.281613818109,261.2340296622366,0.25580787850987713,0.4102415817675238,0.04697067258696217,0.39785160658250107,0.2340160187180527
markov_standard,markov,Markov standard,standard,66,live,21.649609292834967,0.10465240239586056,0.0014518535797629825,0.19,0.004045399933822396,0.2475,0.7525,0.0,0.0,-2.2318007927718524,-12.68748145400781,-51.687483489428516,36.623987358435606,11.252777000404894,5.251159184426069,265.74223286177966,265.8989438545704,261.6997994998097,262.3927652992308,0.2248799134368378,0.3889030292591214,0.04104439645548116,0.38043257960993687,0.20878364363288118
markov_standard,markov,Markov standard,standard,67,live,24.743293128536283,0.09378949600240989,0.0012967302623268773,0.1425,0.0038439653355070947,0.255,0.745,0.0,0.0,-7.9963734898522105,-15.273157211849679,-56.19041458203527,12.708695478804502,9.959513640105724,5.214534251987934,302.58250595539806,301.35621392190455,305.11852012515067,305.3157337966561,0.23448782849153207,0.37057935775665496,0.0424194864844036,0.361109844353383,0.22063456658046274
markov_standard,markov,Markov standard,standard,68,live,20.54726825716813,0.10796833153798296,0.0016269600334447975,0.2025,0.004173916607741576,0.2825,0.7175,0.0,0.0,-3.4488252358541986,-15.956036297810954,-59.484796866921556,15.660230141835612,11.175938679277897,5.823711110651493,281.84219514518975,279.7014056140184,279.1754453906417,278.55305112600325,0.24927815031540457,0.3913451937910281,0.041192359784635195,0.3812738967510427,0.22703830796543215
markov_standard,markov,Markov standard,standard,69,live,19.77468629950922,0.10054053086050121,0.0016173400710719516,0.165,0.0042899451103726146,0.2875,0.7125,0.0,0.0,-1.114017212584647,-14.305575853710025,-56.353431140449345,17.94049886689291,10.903167212307453,6.638484902083873,288.17880834549663,288.6610682231188,286.0117536342144,284.51860730320215,0.2662209141479896,0.3972873998196323,0.03838055776495684,0.3874696937566874,0.251271841859706
markov_standard,markov,Markov standard,standard,70,live,23.17158232801281,0.10061392917088897,0.0015622683007329272,0.195,0.00396955999065982,0.295,0.705,0.0,0.0,-2.158519758659336,-13.371443516876013,-54.37017802509676,16.576534403164334,9.885820161998272,5.335949546396733,299.0995229846239,300.3763173249364,297.67267119824885,297.01317554980517,0.2616647277317133,0.3801265906263446,0.03732078937740839,0.37329935920877766,0.2494069704362206
markov_standard,markov,Markov standard,standard,71,live,13.86833362960353,0.1380456016483088,0.001145602099505786,0.185,0.004776971502077703,0.2525,0.7475,0.0,0.0,-7.829756789949423,-17.327350611905004,-57.45316548550016,16.253279378182032,12.927871479839087,5.977291243821383,340.9146353875101,340.4067656672001,341.62873802870513,341.44205183401704,0.22959598970547418,0.36449203152260556,0.0529057850159256,0.3781323328713356,0.2418027409790127
markov_standard,markov,Markov standard,standard,72,live,18.205101872835016,0.13105093198234333,0.0010955367623937595,0.165,0.004429284903915608,0.2275,0.7725,0.0,0.0,-9.9072050284984,-16.442585130208784,-55.26247934864046,13.222892578092544,12.85220018275082,5.031332224309445,336.49543734662234,338.6293972504139,339.5783010268211,339.71192524045705,0.21432789869288524,0.3201967843157412,0.04205204174444754,0.33366977367737305,0.19817318809201973
markov_standard,markov,Markov standard,standard,73,live,21.38141151382537,0.12423793288975915,0.0012194097293153536,0.17,0.004256843085243906,0.25,0.75,0.0,0.0,-9.627037363582206,-16.272853753905494,-55.65598378436251,12.433300228763127,12.307018442656846,6.493750089593232,314.57997278885915,318.2508606340736,319.48784635607154,320.957840642184,0.24403546504316817,0.3615969212521287,0.0707268779773049,0.39235186888045576,0.24103225545318024
markov_standard,markov,Markov standard,standard,74,live,19.669794538152647,0.11561895792642186,0.001215996935157286,0.165,0.00438331695125842,0.235,0.765,0.0,0.0,-10.85560961728751,-15.856209221332549,-65.2497516452105,13.467027564503788,14.82268221616745,6.021838046312332,332.6144255840778,336.6370646107197,337.32218148827553,336.02984727859496,0.21873732126290618,0.34638817093999996,0.04460216808738422,0.3516669350851624,0.19923814512153493
markov_standard,markov,Markov standard,standard,75,live,22.636889217731312,0.09541772807299197,0.0015217983791313459,0.1675,0.004037971722011124,0.31,0.69,0.0,0.0,-1.2008324076602548,-13.22534858088433,-51.677943766802535,14.70275812897958,11.565243282914162,5.728500391244888,322.24508457303045,325.4182454115152,319.2551342642307,319.1273417639732,0.26363279160843783,0.3705128478932339,0.02978125891616082,0.38108924266882527,0.27114511785485645
markov_standard,markov,Markov standard,standard,76,live,20.873585840945978,0.09513435101769865,0.0016162552066227636,0.185,0.004066905385856524,0.3475,0.6525,0.0,0.0,8.437073900390423,-9.198233319372164,-43.66948022408096,25.706274222203938,9.413515538796782,7.339490945339203,320.3979999616742,321.46664167366924,310.7452743017673,310.0894061112404,0.26506507871483165,0.35874361909335767,0.04015628534261586,0.3654524043480912,0.2671835696398059
markov_standard,markov,Markov standard,standard,77,live,24.297320164671977,0.07794787121477588,0.001736065716416423,0.185,0.004025433299075692,0.2925,0.7075,0.0,0.0,10.84570061091445,-10.39359039846245,-45.80930113919626,20.088476682089276,8.681253703832626,7.016234755665064,309.9986311876774,312.61876569747926,297.8170267909765,299.7687632767856,0.26288956751634807,0.38264576175611914,0.043366180757927975,0.3970104544674386,0.27269981364737556
markov_standard,markov,Markov standard,standard,78,live,22.1044291584178,0.07755194239519622,0.0017450557694918484,0.1675,0.0039700087537347835,0.3625,0.6375,0.0,0.0,14.095594968173259,-7.215787356093273,-45.65645982555666,37.93440646830035,9.068552535027266,7.927828287184238,319.80749993920324,320.23615297243,303.4369434154034,306.124542465508,0.29467793792718966,0.39281830807106194,0.04073874577529504,0.4037481023332129,0.30240489025219225
markov_standard,markov,Markov standard,standard,79,live,23.50462686561421,0.07080987533537288,0.001654853880917779,0.16,0.003951600264923203,0.295,0.705,0.0,0.0,12.336408958421273,-8.84968569160975,-40.13541371398784,25.48012908673878,8.94816153600812,7.275390061140061,328.5693736030161,331.4940869063139,315.28551650464533,316.7502698880434,0.27635282155539137,0.3810225968619399,0.05240820534163784,0.3908882844149477,0.2811389973587277
markov_standard,markov,Markov standard,standard,80,live,21.015576660384,0.10259105267084948,0.0014846565224579406,0.1625,0.0042507880396396545,0.2925,0.7075,0.0,0.0,6.548233151915322,-10.24723870510806,-39.37720076105385,19.467857539005056,9.367840887308121,6.240929941534996,353.19232419550417,354.9938304907084,344.23279593527315,344.5944874918461,0.270473445195859,0.36865175796930194,0.04223620468448047,0.37648109822657255,0.27504654429009034
markov_standard,markov,Markov standard,standard,81,live,19.284220045179605,0.10203356042095342,0.0015297934899468663,0.17,0.004269397016117169,0.33,0.67,0.0,0.0,7.128064344296749,-5.663743441163774,-40.3345972649708,19.81287028790307,8.661160809397698,7.680195124410093,357.83821774303914,359.51866711854933,351.11455715596674,350.01594655718657,0.2640561068314472,0.35997151619880574,0.04873233190398993,0.36615476636372435,0.26534359388641776
markov_standard,markov,Markov standard,standard,82,live,15.206953709277718,0.11334852341776677,0.0018188119418648147,0.1875,0.004500919870075254,0.4775,0.5225,0.0,0.0,18.579824254094795,-0.6346198060709867,-33.62733030092064,52.327182406407005,8.517033287882805,6.957951730787754,342.04308098316193,341.5139441472292,322.1105045413971,321.1603813877702,0.3038904610336203,0.3722810950602032,0.06556044354589739,0.3771489947161886,0.3007564497953134
markov_standard,markov,Markov standard,standard,83,live,18.40262728087144,0.10556485466831411,0.0019172710845572405,0.205,0.004254606052478036,0.375,0.625,0.0,0.0,17.9838497629323,-6.060275614613786,-34.32580433673137,44.15870999216933,9.581128141880036,8.304574772045017,339.0550225269794,337.8969294631481,317.8762306201458,320.54625185362994,0.2939876977464059,0.37498779429376566,0.04672844689055388,0.38731213863812497,0.2982400668624743
markov_standard,markov,Markov standard,standard,84,live,21.350593456479555,0.07749168252081956,0.002075145473903875,0.18,0.003971229875378307,0.3425,0.6575,0.0,0.0,23.909681682299038,-6.989692170141666,-35.17685376250742,87.74996876196823,9.493230297267438,8.843519136309624,327.2567602276802,326.4664765557647,300.55120979726314,304.04388468027116,0.2980655467533337,0.39197259689333025,0.045359520692528486,0.4024376695480042,0.3021959143750972
markov_standard,markov,Markov standard,standard,85,live,18.123573414556848,0.09067522091104191,0.00226975393571348,0.22,0.0041469471001670645,0.3625,0.6375,0.0,0.0,28.83666031793866,-7.056038478332255,-32.598044991492415,132.9722338836673,11.937304700314998,8.466196549534798,306.5633106276393,305.995097129941,274.0845784300566,273.8486058199406,0.31794092801577617,0.40932145381875157,0.04314024320439534,0.41773610657777593,0.3240133944166442
markov_standard,markov,Markov standard,standard,86,live,-64.00395073019494,0.4465133202364157,0.010671295539803649,0.5875,0.011309063361363017,0.655,0.345,0.0,0.0,135.14409678957543,17.598592143364375,-15.244799758475494,376.83449481579527,43.632682709284126,49.27275697588921,-1011.42674754709,-1007.4015786676481,-1132.0175836330652,-1145.8517997759582,0.7955771046975432,0.8603575412486592,0.3058949844426888,0.9828557124573962,0.9160365802541339
markov_standard,markov,Markov standard,standard,87,live,16.888085484748967,0.14867095609280156,0.0013905790626058774,0.195,0.003983445169184025,0.25,0.75,0.0,0.0,11.717644951073886,-7.587064124665488,-32.1229776890379,28.523988674958115,10.963419406414031,8.189869675636292,381.5652839767933,383.40220880866053,367.15682558059694,368.82043110370637,0.15347087590998731,0.24948156969698318,0.06925583646608506,0.2960356541869674,0.18511050414886454
markov_standard,markov,Markov standard,standard,88,live,19.7778012449642,0.07878851876224816,0.0020792539945387145,0.195,0.0037679561934835133,0.34,0.66,0.0,0.0,19.29140031265712,-6.195618862306986,-27.4536500775157,55.79048154547081,10.27203483492136,8.370597966909408,363.46467381119726,366.678055369556,342.87699749469755,344.87262087941167,0.3151225986801032,0.3915506186304003,0.04129978216156216,0.38423996387210957,0.29911110599348745
markov_standard,markov,Markov standard,standard,89,live,16.732868540920798,0.09146886944389436,0.0023692655794729438,0.21,0.004220621793118367,0.3675,0.6325,0.0,0.0,27.567169113430882,-6.203779583930526,-29.551706346631587,88.63947002582587,10.709530224502087,8.17394774734974,338.5857719826698,338.25877828389406,308.3012191092968,308.32931378424166,0.3336001021418593,0.41388762267616946,0.03960035600010278,0.404193797406931,0.3175263278080211
markov_standard,markov,Markov standard,standard,90,live,15.28199451840896,0.10201705514082277,0.00245360689667216,0.23,0.0041285371683221946,0.3725,0.6275,0.0,0.0,24.902901621923935,-4.70017215824771,-29.134368891446897,63.792205478981344,10.127660211920738,8.920683416128158,336.5077151554823,335.4729359066486,309.8382046097517,309.9152183109522,0.2996036331595451,0.38680048262210776,0.04123059474481801,0.3792465885166405,0.28693513589387876
markov_standard,markov,Markov standard,standard,91,live,6.476273729309271,0.14069540877381906,0.0028861532095511367,0.2525,0.004959338145581443,0.3775,0.6225,0.0,0.0,21.64720480426378,-4.566131681754911,-31.535113043123864,89.2313687979241,11.595307430922984,12.970942263528705,294.6504614499211,294.5130174022913,274.55209403149786,274.05898033738134,0.315743838499918,0.41095473559218504,0.09794072919133409,0.43285467415410855,0.3277551530589553
markov_standard,markov,Markov standard,standard,92,live,19.643238845807183,0.09694153512079896,0.0015343252353285793,0.1675,0.004320654634396198,0.31,0.69,0.0,0.0,9.907404775354388,-4.9699014006896505,-28.515123407446808,32.24894093565209,9.738020998686553,7.2085075031220915,412.1517717380822,416.1206837043166,400.6131131742895,402.7788576969504,0.2520162389136547,0.3331999309989363,0.055496081263406154,0.3303618326098868,0.24448343096771208
markov_standard,markov,Markov standard,standard,93,live,21.192986224244194,0.08852031293773191,0.0015764008719412399,0.175,0.004193418973322319,0.3175,0.6825,0.0,0.0,6.256437776158796,-7.78676481020625,-36.48260816073711,28.320144886427396,7.044902947843075,5.806775219738483,405.06748373389246,406.370292096436,398.289187001884,398.1531525629759,0.2526902100097752,0.33643867285618556,0.04697130967395914,0.32673373018108065,0.24167382300296178
markov_standard,markov,Markov standard,standard,94,live,19.232315648076366,0.10698041645455994,0.0015114531471797632,0.17,0.0044642736197405605,0.295,0.705,0.0,0.0,3.9729248701403024,-8.205678989218683,-32.178765471138675,22.91697636919542,8.944892653524876,5.875487059848383,402.76650701761247,405.13750613838437,397.20071014474144,396.6110582923889,0.2475203836087042,0.3358522945170892,0.0522070924827503,0.3377846868401443,0.24614340120498046
markov_standard,markov,Markov standard,standard,95,live,22.742523401163552,0.0825389913388894,0.001520189150608468,0.165,0.0041294221177124646,0.2975,0.7025,0.0,0.0,8.590067716676309,-7.103574621749544,-32.768580171281116,25.51298654368479,7.726877726912498,6.511518047451973,397.494063090086,398.8657271558046,389.0481079560518,387.6930638372898,0.2470141227282515,0.33662751726917123,0.04535624047785502,0.33791779559986096,0.24775696475311704
markov_standard,markov,Markov standard,standard,96,live,21.39843026213562,0.07651681373235525,0.0017967501713741514,0.19,0.0038667737002293957,0.335,0.665,0.0,0.0,18.607462605202347,-6.154028760591075,-30.64354104119126,40.66803746259634,7.3135595859587195,9.064716149568557,371.66005871281027,371.54980163186787,355.01119101405146,354.47642485380175,0.3028636411758778,0.3816735202222769,0.041862535922957717,0.3929795717716749,0.3125080514334999
markov_standard,markov,Markov standard,standard,97,live,21.393061785073623,0.08958177679902796,0.001669256601035511,0.17,0.003918433522831524,0.3,0.7,0.0,0.0,16.05223803415886,-7.84572007756492,-31.681294836963886,20.075419472007177,6.988255864270031,6.749827336072922,377.076903514266,378.0813264353201,360.79233484327796,361.7741005092859,0.2684922988242669,0.3784803076407704,0.036993944683560785,0.3896193934624921,0.27832234164982667
markov_standard,markov,Markov standard,standard,98,live,22.763464248749386,0.06193981891044266,0.0016572503148682815,0.15,0.003685733538394251,0.33,0.67,0.0,0.0,13.777217324815924,-5.97246530771443,-28.282333703471945,28.57718889652578,7.513712477684021,7.087224839627742,380.70482712984085,380.9967486810684,366.2086717379093,367.07629037857055,0.2867589285054502,0.37257182648275133,0.043027474662274356,0.38521601618024404,0.2970251944314874
markov_standard,markov,Markov standard,standard,99,live,21.365017264247182,0.08474262185397893,0.0014275874608779997,0.1525,0.004010092892555552,0.33,0.67,0.0,0.0,13.977330738912803,-4.1936053152156205,-27.725955665648744,28.183861481188057,7.065026156902313,6.8482251378893855,399.74909039497373,398.3681075882912,386.2938323223591,383.42566103309395,0.2824257438221261,0.36415397617127854,0.04619038851835393,0.3805849434498678,0.29746992122918164
markov_standard,markov,Markov standard,standard,100,live,20.33505682107695,0.07625011250550372,0.001790993760222008,0.1775,0.003979161139357166,0.3675,0.6325,0.0,0.0,18.127419272968435,-3.860973244645095,-27.68786918160466,46.71638760840147,7.628914320282638,8.705941317230463,360.0286351623014,361.06088389992715,344.24312982305884,342.73479654073714,0.326353705973682,0.4041651862191861,0.0413531874970588,0.42025511759573136,0.34224592646526014
markov_standard,markov,Markov standard,standard,101,live,21.832670330144598,0.07498170689608226,0.0015242423318852943,0.1525,0.003758438538191473,0.32,0.68,0.0,0.0,18.941412284205565,-4.400773427935235,-27.23923452753055,35.01845525687714,6.838256386490539,8.47415247376077,379.3062680441141,377.5586597746331,361.6263472872972,360.61773658161053,0.30066754363750303,0.37777437116996126,0.04275477724646971,0.39661718532011775,0.318653939720885
markov_standard,markov,Markov standard,standard,102,live,21.156190099664244,0.08174813892258502,0.0013218981069499575,0.1425,0.0037575865319840695,0.3775,0.6225,0.0,0.0,7.42915555902442,-2.8562598182350314,-32.616363078793185,16.24446550521269,6.831763019561768,5.4921410351991655,395.8038332736492,396.3922098767757,387.0098258543014,387.6391712385416,0.2720930798989707,0.3581582341714635,0.032552819106891076,0.3688970630041807,0.27996743155570053
markov_standard,markov,Markov standard,standard,103,live,22.446692697754475,0.08058588325987642,0.0012347485760615153,0.1375,0.003809868355228607,0.3075,0.6925,0.0,0.0,8.194241058297903,-5.386341306451527,-34.384791733447464,25.120964907758523,8.04675034582615,5.274903109669685,396.0253043484688,395.2409692937136,384.57842980623246,384.74639079630373,0.27237904175437605,0.35829425427127115,0.04770589902503869,0.3781103290114116,0.29033029000634314
markov_standard,markov,Markov standard,standard,104,live,21.126907822739085,0.09668971531282831,0.0011927945926464743,0.1475,0.0038918986395970415,0.3025,0.6975,0.0,0.0,5.8965684727021195,-6.476705097935394,-36.999498862480955,11.665199419800702,8.380670979321003,4.946403876543045,391.3565451362729,389.9204083573818,381.32684300780295,381.27870283126833,0.26746839628163777,0.36454133807257166,0.0316245324620993,0.36924661404579384,0.2718825650109553
markov_standard,markov,Markov standard,standard,105,live,23.85436022789255,0.07688349737875924,0.0012868820840011364,0.1275,0.0038748889273060067,0.3275,0.6725,0.0,0.0,9.742312761801454,-5.256987998537056,-31.632188263820783,15.56976550431179,7.638204185813666,6.45426022708416,375.9328317135572,373.55924571201206,364.7186615717411,362.91144792973995,0.28096557932003485,0.3596824029912812,0.04217171311609981,0.38118951622598046,0.30211958895017815
markov_standard,markov,Markov standard,standard,106,live,21.332641789624063,0.08709196383854749,0.0012193794802132832,0.115,0.003901932537774044,0.3375,0.6625,0.0,0.0,1.7211473239312414,-4.406852194536441,-36.79566711358303,13.92921792531679,9.729244539663195,5.015317865908146,370.49966575860975,368.7332799386233,363.15821589022875,363.1928248399496,0.26530434654486723,0.3724039071759409,0.05391554706180704,0.3973096881628586,0.275138166824719
markov_standard,markov,Markov standard,standard,107,live,24.827732025722124,0.07453610796573519,0.001180189343953733,0.12,0.003407166214925979,0.32,0.68,0.0,0.0,9.356674085292752,-4.663400507819546,-25.21032009494653,14.55164514696945,8.877302131652833,5.8386298523843285,365.7548104453087,361.7464367747307,352.5337825393677,350.16663442984225,0.28617438119654537,0.3758856593574346,0.0409766229014516,0.39289178731017654,0.3013592350859856
markov_standard,markov,Markov standard,standard,108,live,21.63358610853225,0.07177520759032012,0.0014840314466058665,0.1275,0.003389885840154584,0.3475,0.6525,0.0,0.0,14.412244395991882,-5.175858745746922,-27.780983434652445,16.27173081796302,8.145391684770583,7.289969160854817,340.15281338334086,340.83462648153306,325.1104607862234,325.3295807465911,0.33512190559374516,0.4203449727384141,0.03175776940736152,0.43862778882743586,0.35235816438481343
markov_standard,markov,Markov standard,standard,109,live,24.76587921126742,0.07359071210261973,0.0012372945403618804,0.1225,0.0033661223944159123,0.31,0.69,0.0,0.0,6.3889853674195125,-6.465179143426241,-31.852609054148076,16.617763944922462,8.20807916270569,4.484380597472191,367.4079526799917,367.47866146875543,357.195017747283,357.45541793107986,0.31114379368279677,0.39925452213316914,0.03587980987056368,0.4113334329636861,0.32068590638555944
markov_standard,markov,Markov standard,standard,110,live,24.98058087081708,0.07204785006097718,0.0013359356273751717,0.1125,0.003414911829506655,0.3175,0.6825,0.0,0.0,7.591957373993195,-5.84290301150088,-28.501432645772972,15.580933609555297,7.213635192364454,6.7288542547822,372.18732619687916,369.84745221972463,363.8493400278687,362.0205427056551,0.30464599241607543,0.3925052869601322,0.049781132216393104,0.4070760542819407,0.30804253229804796
markov_standard,markov,Markov standard,standard,111,live,25.386431611535837,0.057203650493259185,0.0014262135169255225,0.1225,0.0035281702480520092,0.3025,0.6975,0.0,0.0,14.036066305135808,-5.637698216629786,-30.94604098785039,24.63355719585051,6.9340390180796385,7.048353095650673,366.1031555211544,364.12091121427716,350.7613581907749,351.60783536970615,0.30308398070655274,0.39109895221350954,0.04219664388013806,0.410385450424808,0.3194773248085092
markov_standard,markov,Markov standard,standard,112,live,22.166398498847574,0.08447913753605149,0.0012119824176233971,0.13,0.00403954653446473,0.3125,0.6875,0.0,0.0,9.189594806255705,-5.0339161554326495,-28.573547224495755,23.13597696381909,7.5978038322925565,6.841735961437226,400.81228287696837,399.44151182293893,390.6883974421024,389.6620031821728,0.3077035618527036,0.38518883083298044,0.045958024133104756,0.4042104834146499,0.31367907242087245
markov_standard,markov,Markov standard,standard,113,live,25.976135093091536,0.06967877803954255,0.0011532736991306356,0.1225,0.0038226426801790865,0.3325,0.6675,0.0,0.0,6.359807921287504,-4.476685992424862,-26.982598480371827,20.262882491959818,10.419251236915589,6.020517926961183,413.4191521859169,411.148456799984,401.9645851571858,401.07464124679564,0.3021409166329678,0.37515475366703926,0.04236151697926868,0.38731928343486255,0.30994853213077694
markov_standard,markov,Markov standard,standard,114,live,23.645167683027584,0.0860273061347557,0.0012108909958930458,0.1425,0.00396996498441413,0.33,0.67,0.0,0.0,8.409545107302565,-3.3852708582555238,-24.93647426465529,20.77206664950895,7.655542860031128,4.77331043291837,422.3517185997963,420.73403559923173,410.6028000633791,409.88782365202906,0.2931949434829766,0.38355876216800566,0.04024868681542105,0.38435244042977174,0.2903960200703256
markov_standard,markov,Markov standard,standard,115,live,23.181726353858775,0.07674283803025872,0.0012685297834229628,0.14,0.0038497638254171096,0.3775,0.6225,0.0,0.0,10.716680905347923,-2.8467273132414164,-18.92271467846417,25.72772251392932,8.034188479706645,5.358580384254456,431.21247870989146,432.1034325170517,417.47145775794985,419.04905213832853,0.3374425244578451,0.39561721132343325,0.03817329720904866,0.407099482780877,0.3452031615795195
markov_standard,markov,Markov standard,standard,116,live,23.784394774342328,0.08409264291795658,0.001191760060344523,0.1325,0.003868748194866054,0.3475,0.6525,0.0,0.0,8.858266833337382,-3.6428621945041613,-22.243762417570732,24.427808550507997,7.227271779775619,5.562006664127112,445.76303145408633,445.5684689104557,434.99658981084826,435.2768962071836,0.3094586454834186,0.3849358639705995,0.035120272462646776,0.3934414031028741,0.31654544876127794
markov_standard,markov,Markov standard,standard,117,live,20.3854445156963,0.09045852803384996,0.0012135592490420907,0.14,0.004201992058099326,0.44,0.56,0.0,0.0,13.23166960301075,-1.3562981220573818,-24.044465868785675,51.85331471577254,7.9456933930516245,5.677162816524506,470.4495857775211,468.36964862912896,453.3623156452179,454.44455188035965,0.36544666743600274,0.4243687530981778,0.04292884102502881,0.43535969545873526,0.37134725867764673
markov_standard,markov,Markov standard,standard,118,live,22.764821797799094,0.0831915606969526,0.0012992804759209893,0.145,0.004041915864931253,0.35,0.65,0.0,0.0,8.19480185891825,-2.9814082083306914,-22.164471916584024,17.95271491691061,7.575205491185188,4.860636129379272,462.8411403787136,461.66739837706086,451.6315909838676,451.0429003119469,0.29009747293955324,0.4082656024864586,0.036848028386609714,0.416725475335042,0.2980562452093762
markov_standard,markov,Markov standard,standard,119,live,22.31462497249747,0.07462314417671276,0.0013870510879088937,0.1375,0.0039574167085129385,0.375,0.625,0.0,0.0,10.941596257453696,-2.609642080992316,-20.4136064610876,32.28989239154108,6.058558177649974,5.491836658120155,468.98552469849585,468.58634909302,456.5873379468918,457.95756344258785,0.30524421485791764,0.3870018610175842,0.04666351640136166,0.3902392985818413,0.30446758767781534
markov_standard,markov,Markov standard,standard,120,live,17.933186300677775,0.09976117436518754,0.0015549136702716305,0.1725,0.0046538118657361086,0.43,0.57,0.0,0.0,13.673175178685712,-1.4653312388224435,-20.686432630498746,28.96975637452079,6.919660898447037,6.683615709543228,466.85046767234803,467.1701400578022,452.36873968839643,453.82239931225774,0.32265087175613616,0.3943383239372767,0.056059799345117955,0.39158544671920326,0.30897909139775437
markov_standard,markov,Markov standard,standard,121,live,20.6127194183359,0.08067707979807721,0.001515891370215153,0.1575,0.004241223562279956,0.37,0.63,0.0,0.0,15.797716507025319,-2.584647431219537,-19.59040908788605,51.32482087159258,6.488615218698978,6.040695390701294,472.2738721704483,471.8649903360009,456.497324821949,455.13886222124097,0.29176657562539554,0.3777341740761048,0.04804279102761901,0.3880618519980197,0.2990638649405904
markov_standard,markov,Markov standard,standard,122,live,20.579280384267932,0.08466843997376212,0.0016755159883609131,0.185,0.0043111153029730875,0.3675,0.6325,0.0,0.0,20.13899466573875,-2.490394068560022,-26.25430366157632,69.67973805202364,8.034616901874543,6.52045091509819,466.7418638014793,466.299836101532,445.27211059093474,444.4516626131535,0.33165415868462444,0.4041616835885263,0.04601928177837843,0.4141464332168897,0.3372385195437157
markov_standard,markov,Markov standard,standard,123,live,21.31133698444558,0.06507320941059971,0.0018003916878769827,0.1475,0.004085673127510996,0.37,0.63,0.0,0.0,21.863110349199832,-2.9124778162239977,-18.08191573298518,89.07606534315978,6.633648666590452,6.717403292059898,454.79841959595683,455.05785494849084,433.24044971466066,433.0456613820791,0.3288234996086403,0.3978773654053751,0.035234765038536814,0.40603619089468507,0.33502314625696655
markov_standard,markov,Markov standard,standard,124,live,23.58538256936169,0.07171557621509679,0.001463718567392957,0.145,0.004002018866947632,0.36,0.64,0.0,0.0,17.3740849216001,-2.9604308800053616,-19.521371000701116,42.8706949575478,6.752788936942816,6.466064376831055,503.09545298933983,503.1796973858774,484.9465179371834,485.9967576527595,0.3121539245985667,0.3753730202299009,0.03810997702149365,0.38571613778863534,0.3221442337571662
markov_standard,markov,Markov standard,standard,125,live,24.333817712684205,0.07730055635343501,0.00134116558438637,0.145,0.003969438110232951,0.33,0.67,0.0,0.0,15.754853885387764,-3.3184678563990815,-21.756626344559542,21.97425010322753,6.815759643316269,6.0919878077507015,525.3886499333381,526.0601035296917,509.97640259981154,508.5052910900116,0.2866494436933756,0.3500231168523641,0.03717582458997535,0.36189271201970113,0.2979099490493565
markov_standard,markov,Markov standard,standard,126,live,24.199572789993454,0.0716812968062143,0.00144096922086511,0.1525,0.004069790161630272,0.3225,0.6775,0.0,0.0,17.75147888576715,-2.8257926771322417,-20.39515985829603,18.117834062164576,7.036103060245514,8.368618595600129,525.2808508467674,525.69956782341,510.44688305377963,507.6849875187874,0.29153890391438353,0.35521029271079385,0.031488529994224405,0.3616674199323323,0.29749680502577647
markov_standard,markov,Markov standard,standard,127,live,23.32589863736886,0.07538775076747005,0.0014257739455901597,0.145,0.0040488015085301315,0.3425,0.6575,0.0,0.0,13.031048558577506,-1.8997697821631903,-20.080525092056096,17.844605287261352,7.424102565050125,5.560079525709153,541.8168814754486,541.2449772369862,526.295346249342,526.9658463716507,0.2958152658616892,0.3590671305287475,0.03820799607545445,0.36889590491333407,0.30210577780167047
markov_standard,markov,Markov standard,standard,128,live,22.36886190293704,0.07229807898185237,0.0014179824210291967,0.1275,0.004084498117332024,0.4225,0.5775,0.0,0.0,15.498475167396727,-1.1365886484425616,-19.207637776910484,25.999658617060664,7.007961367964745,6.561987228989601,551.41818315804,550.7350049233437,536.0184426528216,534.2359419894218,0.29316062654968084,0.35559547072237274,0.04532205820478348,0.3685533484952994,0.3034230376855074
markov_standard,markov,Markov standard,standard,129,live,22.659554423759868,0.06737204552161276,0.0015229945745304837,0.1325,0.003998870116011942,0.4425,0.5575,0.0,0.0,13.963817553836948,-1.1288121703056504,-18.374887139245093,16.874715059808256,7.165416777133942,4.901495262533427,557.9499886894226,557.6312417674064,541.2942429901659,541.8214949572086,0.2972873306689513,0.36440748812065543,0.043753613611886705,0.3602020696700054,0.28666955401551186
markov_standard,markov,Markov standard,standard,130,live,25.170852247777464,0.0649259427306802,0.0014906343788525004,0.1475,0.003996813323226211,0.315,0.685,0.0,0.0,14.041680470978575,-2.725400368650128,-17.680962274779336,24.823484592602966,7.102583968639374,7.13135923564434,554.8718975102902,554.924229465723,540.5175861799717,541.2443983823061,0.28256375202659323,0.34279265934539416,0.04464896824340864,0.3425047343568334,0.27543830299208805
markov_standard,markov,Markov standard,standard,131,live,24.848989587544402,0.08582519413017056,0.0013295590951479413,0.165,0.003838781006082456,0.3025,0.6975,0.0,0.0,9.061286329631349,-3.471592079771085,-19.2659270844107,19.049320319649894,8.87835131406784,6.35611918091774,594.5606668877601,595.1343625593186,583.3540773034096,583.1636042630672,0.2801296252005432,0.36694856675244464,0.04053687507367371,0.36093710015422986,0.27092899589394154
markov_standard,markov,Markov standard,standard,132,live,26.1691783277765,0.07244347234368051,0.0013931843961274687,0.1325,0.0038806941630199986,0.3175,0.6825,0.0,0.0,9.433993569047782,-3.1658883560536424,-16.197597299169782,23.01260165544094,5.958642256259918,5.812805025279522,596.5195344674587,595.8792277705669,586.7524680641294,586.4776642370224,0.2910725954715917,0.3543443043689723,0.03221913763550654,0.3450976965672302,0.280183391605187
markov_standard,markov,Markov standard,standard,133,live,23.27007127997341,0.07506291534730936,0.0017328434381631128,0.1625,0.004033287162057493,0.3525,0.6475,0.0,0.0,13.28489871628436,-2.9145128176426454,-19.34417958492362,25.2046215841501,6.24562062650919,5.752905821800232,567.7836912581324,566.6315547072887,554.1690092456341,552.6824239766597,0.30118060103802363,0.35887136991332796,0.03683361632677615,0.35463885377162535,0.2962570573444547
markov_standard,markov,Markov standard,standard,134,live,23.97488892847941,0.08638390697651896,0.0016442962481556039,0.2,0.004223021142040696,0.335,0.665,0.0,0.0,13.848422401654092,-3.1910440309544583,-18.891877197090707,31.952861544447213,6.876448377370834,6.309818921685219,576.681227543354,575.7848932683468,563.5108010190726,560.1131270933151,0.2921513290575317,0.3971209142124599,0.039043720572343406,0.3900658989695421,0.28258126919093934
markov_standard,markov,Markov standard,standard,135,live,17.888052741226815,0.08902587524397929,0.002209561190714067,0.215,0.004198064142580943,0.39,0.61,0.0,0.0,19.17549676203056,-2.343690648430851,-17.88361888285288,73.56218979033851,7.3693733358383176,6.830070390105248,538.9602089047432,538.0688226962089,519.2110553646088,518.3797444206476,0.3065520832622148,0.37882040935131056,0.03788595539709316,0.36783760918284875,0.29179607363218
markov_standard,markov,Markov standard,standard,136,live,25.000486520467476,0.06667360063154587,0.0016663938192906435,0.155,0.004034895336383649,0.37,0.63,0.0,0.0,13.051835762805554,-2.80375820686686,-17.847036914734314,25.691972972568184,6.446737591028214,6.274124916791916,571.9782231867314,571.0991334843635,558.6884186911583,557.9332523596287,0.28267535173156844,0.3316114916459361,0.039937792778329345,0.32183058207194226,0.26563497427993016
markov_standard,markov,Markov standard,standard,137,live,20.332523460478036,0.0807930395114851,0.002012326460746297,0.1875,0.0039858525852850095,0.3875,0.6125,0.0,0.0,13.600854377232526,-2.1341721445488133,-16.218425542506445,42.594197736461744,6.402201220989228,6.775443121194839,549.9469685292244,550.2897781658172,537.8340752708912,535.9390265774726,0.3182284017865786,0.37525572647629063,0.03334260102624421,0.3640955271077439,0.30575793267125007
markov_standard,markov,Markov standard,standard,138,live,21.746773339186667,0.07434036434335047,0.0014913778006433826,0.1425,0.004250785990152613,0.405,0.595,0.0,0.0,15.929207574961174,-1.5015302687105816,-17.092576612187212,30.031984806365166,6.515774045586586,6.467743379622698,594.060170557499,593.951625353694,578.0127012135089,578.0362886673212,0.307126161725201,0.3531776880512034,0.048188062447533986,0.3486602543377342,0.2993501889921177
markov_standard,markov,Markov standard,standard,139,live,24.559166578627664,0.05759553167755463,0.001539814289816324,0.1475,0.003908881956771036,0.37,0.63,0.0,0.0,8.026699526485425,-1.6265847127244513,-16.01102761584343,28.485475882536786,6.808920569643378,4.783049277663231,591.6476521074771,589.1038472376018,580.3389845329523,580.2995500814915,0.2927428072673168,0.3434257228740215,0.03979173207356974,0.3350481128576747,0.2807248884105186
markov_standard,markov,Markov standard,standard,140,live,23.595927217457575,0.06392841220323045,0.0016966968584247635,0.165,0.004210430320633454,0.3275,0.6725,0.0,0.0,11.071619298552083,-2.6657690550372592,-17.545128430952502,25.375630518384327,6.392712868452072,6.7321326779574155,575.5131632769107,575.2529843330383,563.7966580427438,565.4969320189953,0.29395677561802125,0.3582189321326244,0.04137527509900787,0.3483973164786893,0.2802160067913887
markov_standard,markov,Markov standard,standard,141,live,21.105188107779988,0.05724777392681031,0.001849021994819257,0.165,0.004230086878242174,0.42,0.58,0.0,0.0,15.285752522244486,-1.2843210963685578,-12.986602155502817,37.91382004093768,6.389673612117767,6.366580620855093,570.505673211813,569.6200539290905,554.62675344944,554.8724210749566,0.31054707947091115,0.3663228086312897,0.0399133086228772,0.36055700769829696,0.29916297427711375
markov_standard,markov,Markov standard,standard,142,live,26.188889822189257,0.06020737344987587,0.0013848871860832048,0.135,0.004035420033668929,0.3025,0.6975,0.0,0.0,10.713492325903601,-3.2135299784883955,-15.934671447163714,29.317903453053432,5.716157814264298,5.016248952150345,602.2631822276115,603.7456174576282,591.7359057760239,591.4376412522793,0.25778215878440486,0.32888847904856516,0.04135815740333793,0.3232041810987452,0.24937988613699041
markov_standard,markov,Markov standard,standard,143,live,25.914780549624084,0.06579069910129003,0.0013800668027683849,0.1625,0.003943220209074962,0.2925,0.7075,0.0,0.0,11.11702374455323,-2.894054965600702,-13.664428005237026,22.25442365298471,5.40710587978363,5.640340984761715,606.2270823407173,605.8225659441948,595.4947771731019,594.7778829789162,0.2615240831054904,0.3406670964811025,0.03715301828147546,0.33328880899490604,0.2528865145137303
markov_standard,markov,Markov standard,standard,144,live,25.489431349064738,0.06485889002198132,0.0013569915865399445,0.14,0.004047003647565574,0.33,0.67,0.0,0.0,8.479701209261014,-2.929954354957772,-13.2017254052353,15.94182230542605,5.977597573511303,4.483883615136147,612.3062148822471,613.4656913328171,603.3274719452858,602.4898522716761,0.26815307513397146,0.3244147247165911,0.03141019537779263,0.3156328834392977,0.25883953393833986
markov_standard,markov,Markov standard,standard,145,live,24.865714412341614,0.06824927677022011,0.0013578499502413138,0.1475,0.003939552396180954,0.345,0.655,0.0,0.0,11.615919049512208,-2.3814880738294164,-13.141313770636224,20.361587965187102,5.442957272529602,6.195953496694565,616.6070945906639,616.988131878376,605.345216165781,606.5172673654556,0.2701564534647758,0.3126480445582945,0.03441513626835263,0.3069308464850028,0.2621593970849129
markov_standard,markov,Markov standard,standard,146,live,25.79305799062964,0.06627106805712954,0.0013616321493918455,0.135,0.004008583324391404,0.31,0.69,0.0,0.0,10.1038011618084,-2.6591354713306714,-14.535852465241874,22.236461914559406,4.350383036136627,4.119511270523072,621.192271181345,621.6824350202083,611.4117759245634,610.7852562052011,0.2622357281983315,0.3210308327461533,0.03658506267572934,0.3209802770324879,0.26173260854772523
markov_standard,markov,Markov standard,standard,147,live,24.43046702258356,0.0662916808575594,0.0013669760450118853,0.1375,0.004106499720877229,0.355,0.645,0.0,0.0,9.966807505989735,-2.8843332771050143,-12.944376149840183,19.442869732825717,6.41555184006691,5.684041789770126,623.8101565885544,624.7886298263073,613.7602204668522,613.4333668136596,0.2857505403972609,0.3383530923464801,0.03254207478924637,0.3342214821392431,0.28155283385788027
markov_standard,markov,Markov standard,standard,148,live,26.28030912103031,0.0609295716250906,0.0014152892815473591,0.1325,0.004003866059631042,0.3275,0.6725,0.0,0.0,10.285059959863128,-2.752903953023065,-17.96279660665118,25.193186117748684,5.036771688461304,5.558981730937957,618.7897860872746,619.6471031439304,608.6448078739643,610.2573879659176,0.26847289469778324,0.33150143444204017,0.037548169185240024,0.33046355590920484,0.2657106164388241
markov_standard,markov,Markov standard,standard,149,live,27.80383589064708,0.05855443021097405,0.0013224714417911462,0.125,0.0038580444641302227,0.3125,0.6875,0.0,0.0,9.021371741772567,-2.822789619428306,-17.072093466378554,18.1733929745021,5.504542540311814,4.975716994646937,624.1084543478489,624.2655259656906,614.5795682278275,614.686783130113,0.2630238731901414,0.3176641922377144,0.03637350099298157,0.31386047631678826,0.25907732089428376
markov_standard,markov,Markov standard,standard,150,live,27.19341220359182,0.059074893846943824,0.001319752624452838,0.14,0.003905160899139644,0.3075,0.6925,0.0,0.0,9.464759670581893,-2.753980711184596,-17.766619253370322,19.750705589672158,5.8975345653295514,5.062572283446789,627.1732564812899,627.4888829267024,616.946474941969,617.1085570612549,0.26536835203361614,0.3129923762277649,0.03976225942033533,0.31298633812771337,0.2639049822306209
markov_standard,markov,Markov standard,standard,151,live,24.543968056034654,0.06788676656447805,0.0012536996254365362,0.135,0.0040742330147116096,0.3675,0.6325,0.0,0.0,9.408868634050163,-2.182409851328657,-17.316718482364738,16.903045081212493,6.795668396949768,5.786743687391281,635.2546611642838,635.1204580783844,625.0027327299118,624.5296200001239,0.2582235472700002,0.30616916406399763,0.03936670683590627,0.3051080275061423,0.2556473230330031
markov_standard,markov,Markov standard,standard,152,live,25.258112747710083,0.062052367510421404,0.0013982644988381964,0.15,0.004100990478570563,0.3825,0.6175,0.0,0.0,10.843473835878847,-1.6796167531010155,-14.323884422955983,26.11771224387883,6.680260335505008,5.497667954266071,624.9047562345862,626.2670157051086,613.1819631481171,613.9299150964617,0.29409670038350233,0.3378770243196042,0.03647084034023508,0.3296716750652385,0.2822148458448027
markov_standard,markov,Markov standard,standard,153,live,25.36780036147885,0.07280989123608711,0.0012511693661394383,0.13,0.004141293485631864,0.3325,0.6675,0.0,0.0,9.992379773084068,-2.7910664218078978,-13.568929208676286,13.53167357605489,5.518347623646259,5.998405594825744,635.9370299506187,636.1647680184245,627.791018153429,625.2790590322018,0.26400026386428604,0.3159719693147517,0.038606145585485085,0.3099045922573951,0.25575481715018594
markov_standard,markov,Markov standard,standard,154,live,26.0908792305079,0.06024057990195126,0.0012736889188449806,0.135,0.004065701903657967,0.3575,0.6425,0.0,0.0,11.656771245655769,-1.9408500319395543,-12.906941047592703,19.30654379752535,6.312732129096985,5.8407121926546095,640.8071957230568,641.6788385081292,629.5210469532013,628.6993746966124,0.2738898391462721,0.32760505561348624,0.03853477675423867,0.32680638612699753,0.2725367572620478
markov_standard,markov,Markov standard,standard,155,live,25.67402917078315,0.06031183839385156,0.0013033122441849284,0.1275,0.0040084234569034895,0.36,0.64,0.0,0.0,11.400943591464168,-1.8855977784836568,-13.119445347058786,22.426651009383693,5.004528062939644,4.822720839083194,636.1374723130465,636.2072379493713,624.8497780638933,624.3215719398856,0.2653643779263748,0.3187942409269819,0.03988416158991171,0.31491763638760356,0.25793627647780554
markov_standard,markov,Markov standard,standard,156,live,27.203124590960915,0.05574584620568876,0.0013270213895488043,0.125,0.003845019864930601,0.3325,0.6675,0.0,0.0,9.928581123600084,-2.0608948876955253,-12.679374713182392,27.131819703962446,5.807354782223701,5.852279449701309,640.4137476801873,641.3639655262232,631.5785333395004,630.4235139667987,0.2740573396296054,0.3211249777297654,0.03512655644067292,0.322016260573374,0.27460145298951977
markov_standard,markov,Markov standard,standard,157,live,25.763501096742047,0.049865347205549415,0.0014137046917295979,0.13,0.003918836133955448,0.3925,0.6075,0.0,0.0,12.575801619481018,-1.232962809984599,-11.437126005234358,31.663505788811793,5.300514854192734,5.7596430414915085,633.5930885529518,634.0429221260548,620.9331080168486,622.4613978326321,0.2804267475105909,0.3296937297550175,0.037898867166926156,0.3297976301090253,0.27929906603386556
markov_standard,markov,Markov standard,standard,158,live,24.173683049997717,0.049464068064223474,0.0013751024445757228,0.1175,0.0038394884988080676,0.415,0.585,0.0,0.0,12.21142907272754,-1.272240570188984,-9.347524734632634,28.565638263771454,5.1492185321450235,5.4596705615520476,642.5171442708373,641.8691070628166,631.1620333838463,629.4145063173771,0.27776772255236204,0.31689395153860117,0.0323877639438894,0.31358560819255143,0.27395811334143033
markov_standard,markov,Markov standard,standard,159,live,25.738898755388586,0.05759922043053315,0.0012548834168839896,0.1325,0.003934977366834303,0.32,0.68,0.0,0.0,11.403426917779719,-1.8999999298091552,-10.196517815728775,22.85654820479533,5.135140821933747,5.389076972007752,649.0809324860572,650.1697112751007,638.5717218804359,638.3711241483688,0.2607977012241215,0.3237528611055447,0.036331681315060683,0.3228303049772826,0.25824033737875607
markov_standard,markov,Markov standard,standard,160,live,22.991290384461514,0.0626501160260434,0.0014088127496895773,0.14,0.004000039972055214,0.35,0.65,0.0,0.0,10.53858999099682,-1.4389176949970874,-10.243409903723391,29.065252539246575,5.94028678894043,5.57556951418519,632.5468609452248,632.1846101927757,621.1911590699851,621.7253418511152,0.2754188510709676,0.3238570577882784,0.040494461855638895,0.32584294838284406,0.2768085002492069
markov_standard,markov,Markov standard,standard,161,live,24.97600513498501,0.06917805550864928,0.0011972982914756727,0.1225,0.004050210239862644,0.385,0.615,0.0,0.0,12.585246908777808,-1.1805219496606014,-11.760529581625494,23.707573741278797,5.32778034210205,6.458326952457428,650.3079428946971,649.3689592826366,638.6302095508576,638.1290834975242,0.2788615112164303,0.3241131801768083,0.04257113049393185,0.3199512643787309,0.274042996854378
markov_standard,markov,Markov standard,standard,162,live,24.707319698895564,0.06484701594766543,0.0011840882781233742,0.0975,0.004011118740009225,0.3675,0.6325,0.0,0.0,10.969472525635393,-1.4827391163393315,-9.684718897692756,17.976085820567313,5.326418447494507,5.422874665260315,654.273681653738,654.6591543805599,643.3962105178833,643.7813255882263,0.27323665966132354,0.33108421859211634,0.04010549362944984,0.3280082335005805,0.26973660328179816
markov_standard,markov,Markov standard,standard,163,live,25.112410528837646,0.06453264188453728,0.0011988738434747755,0.1325,0.003929515786026346,0.375,0.625,0.0,0.0,10.647384222946389,-1.3182882267860236,-9.973024068582845,20.783741054905743,4.601003636717796,4.278614803627133,647.8594670653343,647.7414618569612,636.7072951054573,636.9445331417769,0.27204532339848275,0.3375769899451912,0.039433136151493284,0.3353879022008624,0.2689278004928648
markov_standard,markov,Markov standard,standard,164,live,24.979542870983707,0.06180720460394786,0.0012288385625868325,0.1175,0.004120318052295412,0.39,0.61,0.0,0.0,11.821573611234298,-1.3660537906622778,-11.320905378806348,23.940094365991342,5.170934653282165,6.093688528984785,646.7458964824676,645.570945019722,635.9486322462559,634.5607709915936,0.28429867011939985,0.34603221673720974,0.040199062760163606,0.34269502664733786,0.2776042116244229
markov_standard,markov,Markov standard,standard,165,live,26.62965153813423,0.06619912686332355,0.0011424549687937325,0.1175,0.004139554086383621,0.36,0.64,0.0,0.0,11.31393388007225,-2.0468598187424902,-14.194170082457044,19.84188742196698,6.237995048835874,7.118003231212497,654.7620635695755,652.961647561267,645.1208802755922,641.72545717448,0.2803622810136243,0.3422388455179199,0.03849330594688802,0.3386128971604038,0.2731773412343868
markov_standard,markov,Markov standard,standard,166,live,24.55236704062387,0.06772965508603526,0.001183792960167398,0.1275,0.004052867030474286,0.415,0.585,0.0,0.0,10.282400190425836,-1.09781506658868,-12.131344111816905,16.593255669900977,5.932073909267783,5.611259046196937,651.1138769104332,651.0000996243954,641.2187560075522,639.6801215052604,0.2855869943538886,0.33303292834563175,0.03521274874434652,0.33380020414896094,0.28538283394662844
markov_standard,markov,Markov standard,standard,167,live,25.11267154428082,0.0711336323135291,0.0012221171104796385,0.135,0.004197661098983837,0.4125,0.5875,0.0,0.0,13.75268877046098,-1.308157535521218,-12.710377628573928,34.01619755757682,5.677929215431213,4.96083058655262,642.9204541790485,644.2788309633731,628.9021266222001,629.3470957940817,0.30199331509598,0.34720381358768804,0.04158057567447495,0.35748262791265034,0.3070204736327703
markov_standard,markov,Markov standard,standard,168,live,25.248900206978323,0.07611435410161564,0.0010563395042095982,0.125,0.004113135641856491,0.3275,0.6725,0.0,0.0,10.430942292751299,-2.1302711694682444,-12.760989078575175,15.390552470995656,6.572301154136658,6.122698158025742,657.9313189935684,658.5048490524292,648.5150527489185,646.1484092020988,0.2724065075030227,0.3639214643995414,0.03809123045216035,0.3647852637563541,0.2696040436609302
markov_standard,markov,Markov standard,standard,169,live,24.277860878511728,0.07698101453335095,0.0011410346974595168,0.14,0.004215339712484195,0.3325,0.6675,0.0,0.0,10.50328471927947,-1.8595587047178697,-11.326723512822536,26.117940739235046,6.411563934087753,6.708206071853637,651.4241873577237,651.0796541395783,641.7488996338844,640.3316382336617,0.269103975758046,0.3492247291220503,0.045495694888206734,0.343973436737391,0.25679755427013357
markov_standard,markov,Markov standard,standard,170,live,25.000214270765255,0.07182833551402808,0.0010607986244324595,0.1275,0.004059981121161797,0.3925,0.6075,0.0,0.0,7.926384684037025,-1.4714659755632908,-14.410047518226326,25.550472641483523,6.726513689309359,5.13163232088089,663.241657435894,662.3980124337971,653.610812895298,652.9776318311691,0.28172476496135374,0.33745861912400144,0.03685328646242998,0.33243331739907184,0.2754021433333478
markov_standard,markov,Markov standard,standard,171,live,25.23547029844761,0.07644589247370293,0.0010527099349989034,0.1175,0.004135324079015863,0.35,0.65,0.0,0.0,7.768986087634004,-1.8351651110683065,-11.958600781339351,17.265273495435355,4.99108425706625,4.608497065603733,656.6405470085144,655.9834747639298,648.5366408923269,647.7731905168295,0.2833714203269099,0.3506479366301038,0.03544934566210343,0.3560718724150045,0.2870175634822121
markov_standard,markov,Markov standard,standard,172,live,25.991214114819105,0.06817302219981461,0.001085720177885504,0.1225,0.004047565648845532,0.3525,0.6475,0.0,0.0,6.432062008845306,-1.974479520222559,-11.16196152320915,13.32546159467627,5.805657966136932,4.752959768772126,651.0911163926124,653.1417925930023,644.4311452889442,644.8220697164536,0.2824138326605234,0.33920375005035736,0.043745842441476876,0.3421747286786488,0.2803629471914858
markov_standard,markov,Markov standard,standard,173,live,27.581823269987016,0.05801868000633641,0.0010808831846397659,0.115,0.004064731930359388,0.39,0.61,0.0,0.0,8.629463152578449,-1.3875458156822447,-14.102519831171934,15.53876107643118,4.710923507213592,4.6066662883758545,653.2790764665604,653.1380366444588,644.7224275326729,644.2184739613533,0.2849660084711319,0.3403221930785645,0.03364927074509372,0.3371294291251133,0.28143096363067027
markov_standard,markov,Markov standard,standard,174,live,27.089492402362747,0.059109537304002216,0.0010105949241014395,0.1,0.0038385997483703217,0.345,0.655,0.0,0.0,8.453633196290621,-1.948621438008331,-12.062856003638181,15.226356832732701,5.031123233437538,4.1615818530321125,651.259098739624,651.0288738209009,642.2499205285311,641.3823952770233,0.27095142162912383,0.332853466617949,0.03479852447025747,0.3370239041917803,0.274160290960366
markov_standard,markov,Markov standard,standard,175,live,25.131076223639234,0.06314301766382244,0.001082810099682509,0.1025,0.003962826699053188,0.38,0.62,0.0,0.0,7.6471496904611875,-1.6208405855049648,-11.693602511289589,15.735118694729076,5.514498636722565,4.493011890649796,646.7648514533043,646.9107448959351,638.097152453661,638.2322237467765,0.2942075427363168,0.34618986872168955,0.035190322177826305,0.34413730159839334,0.29186270357029725
markov_standard,markov,Markov standard,standard,176,live,26.253046395378227,0.05815485283343128,0.001044043367452358,0.0975,0.003823849662379487,0.4475,0.5525,0.0,0.0,10.230599301723394,-0.7066530828882946,-9.407088080261081,19.535145765948293,4.188649506568908,4.345061085224152,651.417947845459,651.3799622106552,641.749869992733,640.8921408939361,0.27521601947919355,0.314626332640098,0.04240379806650679,0.31635670690328876,0.2757232186243499
markov_standard,markov,Markov standard,standard,177,live,27.219389577676985,0.05667870911870357,0.0010596854469145855,0.105,0.0038632446487380477,0.4175,0.5825,0.0,0.0,9.516101151742323,-0.8362265965894267,-10.137935985304374,19.314371363814768,4.870810786485672,5.046332173347473,659.8978519201279,659.6369455373288,650.496482796669,650.3496745300293,0.27519673798625105,0.3096913148857101,0.04182918088958587,0.30686154632786034,0.267352242982475
markov_standard,markov,Markov standard,standard,178,live,25.803960062171473,0.06529340131617505,0.0010082777718432461,0.105,0.003937947218198171,0.3875,0.6125,0.0,0.0,8.207897754773002,-1.3385943698689289,-12.061286912176593,15.097303529117347,5.280737554728985,4.407017304897308,673.0040862318873,672.2158906197548,664.1401321542263,662.9080303156376,0.27087805540387316,0.32641470131498257,0.03602542234396867,0.3180861475991087,0.25995889246000753
markov_standard,markov,Markov standard,standard,179,live,24.535083585613066,0.07154366911933911,0.001081214724177785,0.11,0.0041734276581267375,0.41,0.59,0.0,0.0,8.125890252503517,-1.2167787269647192,-11.147655222318326,16.202157884904132,6.213687254190445,4.806616417169571,672.2209436333179,673.1229786729813,663.8199935698509,662.4468889153004,0.3078806701244201,0.3673234286099178,0.03890139319526792,0.3628775258633359,0.29675123327518543
markov_standard,markov,Markov standard,standard,180,live,27.338531212928512,0.055342993720598976,0.0010822282941796947,0.13,0.003912678774618405,0.365,0.635,0.0,0.0,9.489552360980728,-1.4227675667277424,-10.474317963310634,15.252745395259891,4.426768882870674,4.490114104151726,682.256804535985,682.2792473268509,673.1769119596481,672.4989814931155,0.2703016415719618,0.3140015416646296,0.04120519158356114,0.30778394429530415,0.2599927814066069
markov_standard,markov,Markov standard,standard,181,live,26.215778227605302,0.051363629305823805,0.0011141251611074905,0.1075,0.003922004488887597,0.4475,0.5525,0.0,0.0,11.05845426235733,-0.47491051022805664,-8.64406502606473,16.007319651223582,4.085799264311791,4.687318589538336,694.9966290611029,695.0852934885025,684.3688521146775,684.7913382221758,0.2738766556968039,0.308663436330041,0.043711347689017244,0.30800862738353546,0.27018891574379816
markov_standard,markov,Markov standard,standard,182,live,27.208573768188057,0.05627602643404246,0.0010645659233991965,0.09,0.003853606394757837,0.36,0.64,0.0,0.0,10.567235086132019,-1.944463422458881,-9.856098595003118,17.852968872236794,4.524855129122734,5.366429010033608,706.0000325268506,706.317774682045,697.1557180142403,695.7030498665571,0.2606655800032336,0.3007146871117663,0.04061526114825233,0.29921972535634866,0.25790458143333345
markov_standard,markov,Markov standard,standard,183,live,26.72555673651772,0.06456768853754777,0.0010427187327183708,0.11,0.003864477930634605,0.32,0.68,0.0,0.0,8.129894791860906,-1.9202439986534614,-9.380123714015802,21.88299297077304,4.372634182572365,4.501892595887184,723.5370501303673,724.0448936623335,716.0376177603007,715.5356200385094,0.24777214178594378,0.2886222100847288,0.04208000929541767,0.28763563889832644,0.24538858553791926
markov_standard,markov,Markov standard,standard,184,live,24.974911278798416,0.06482258876411763,0.0012410369068029795,0.1325,0.004054487774102109,0.39,0.61,0.0,0.0,15.962113698379685,-0.7140862496407578,-8.081069406282428,22.08201979758309,4.749460344314575,7.403145363926887,720.9215657067299,720.6065439152718,709.3780994796753,705.524400164485,0.2706086911847371,0.3141145601814446,0.04185032609918146,0.3163844304531501,0.2697102057089027
markov_standard,markov,Markov standard,standard,185,live,25.32939402719669,0.06784112414855939,0.0012294541244006441,0.13,0.004004642731084812,0.375,0.625,0.0,0.0,13.18728201200947,-1.3292566700692134,-9.131629257621238,21.785439615204304,4.669739273786544,5.5858577615022655,728.8477546656131,729.6209234499931,716.7543136429787,717.163915142417,0.2621306105002921,0.301218199986824,0.03322477609240047,0.297248747983171,0.2563114935181053
markov_standard,markov,Markov standard,standard,186,live,25.75136852718143,0.05736745534675522,0.0013424442615596254,0.1225,0.003947742102983887,0.34,0.66,0.0,0.0,13.319964096559064,-2.0129972269427867,-9.484350688022413,19.9262272182735,4.6933551287651065,4.781849873065949,728.7151073622704,729.2885806989669,715.4972977602482,716.0355355107785,0.27030018546734114,0.3079913501466516,0.034383506549516135,0.30503545450508796,0.2659343536960063
markov_standard,markov,Markov standard,standard,187,live,25.63820266446562,0.06097659467549673,0.0013621316927430512,0.1275,0.004070958499873334,0.3525,0.6475,0.0,0.0,14.119612139372132,-1.5688791789015113,-9.471702381673072,24.712285931087482,5.15067723274231,6.328543075919152,740.4723383665084,742.0471703386306,727.4671017765999,729.1593345040083,0.2695780918636549,0.3195172312205104,0.03593364513445053,0.32000877678376755,0.26932224382927944
markov_standard,markov,Markov standard,standard,188,live,24.40394923574658,0.06472974744839816,0.0014764815233756204,0.1325,0.003985525873052966,0.3775,0.6225,0.0,0.0,13.608562171429528,-1.062715471374986,-8.455363772658211,24.844913358531148,5.2587241935729985,6.644274608790875,743.582695531845,744.4697884273529,730.8969989617169,732.701182589978,0.28896212951556743,0.32739439067923803,0.031110831096331316,0.324399151925186,0.2858221747537197
markov_standard,markov,Markov standard,standard,189,live,26.144966099071567,0.06266224325925748,0.0013437018907102823,0.13,0.003962121482977315,0.325,0.675,0.0,0.0,13.143078805914307,-1.9076910622944752,-10.0156725213423,24.889828575182044,4.5200281023979185,4.871048468947411,763.8879155993461,764.868991355896,751.2802690833807,751.8847684037686,0.2633140796269224,0.2993345415446126,0.03704751671618019,0.3011975716918996,0.2650189303281911
markov_standard,markov,Markov standard,standard,190,live,26.42799566870463,0.053837355637174206,0.0014267709828278466,0.1275,0.003906461100413664,0.33,0.67,0.0,0.0,14.121089317831,-1.9653365751533443,-8.508238254354204,23.183769275004305,4.288796499967575,5.608951241374016,771.3187359261512,770.9470778787136,757.9884096676111,758.6674303269386,0.2632541754238929,0.30862420895320136,0.033570125135228196,0.30696349202726997,0.26135181288849335
markov_standard,markov,Markov standard,standard,191,live,26.214271262217466,0.06308690652983935,0.0013603070305298226,0.1425,0.0038840441412409587,0.3225,0.6775,0.0,0.0,14.778119111217306,-2.1125900475535104,-9.095180829978835,35.288324002366735,4.121416779756546,4.860840843096375,786.6011327016354,786.7745907258987,772.9910114317387,772.2999629220367,0.2641618313519022,0.3004914086584365,0.03845644401230988,0.2992031383843879,0.26278470532661724
markov_standard,markov,Markov standard,standard,192,live,24.747557134371867,0.07694578720975175,0.001264323366442742,0.1375,0.004166191034605722,0.32,0.68,0.0,0.0,14.394395483467319,-1.8067853429657816,-9.747837920758183,28.439002692301393,4.479378201961517,5.815292501747608,800.7881204771995,802.022637014389,787.1411337804794,789.5454755833745,0.2500360296641911,0.29463960028944824,0.03813532389725513,0.292141116673497,0.24592910635652468
markov_standard,markov,Markov standard,standard,193,live,25.776029545807305,0.05963521519323219,0.0015042154660793324,0.1325,0.003889358000421246,0.3325,0.6675,0.0,0.0,15.625943540333523,-1.591972015210331,-9.334753268753433,34.01697026563276,4.918272620365023,6.859741438031197,796.9966964438557,796.7194019786268,783.1989250439406,783.1403423023224,0.2748414822592578,0.3215411719773364,0.034010952801949615,0.31632823993219206,0.2693796463441426
markov_standard,markov,Markov standard,standard,194,live,22.54428474901779,0.061125664208541666,0.0015913971699527607,0.1525,0.003934143981078882,0.3875,0.6125,0.0,0.0,17.31823429354946,-1.3257565874157535,-8.017136284683135,26.114874866857598,5.236301945447922,8.096738196387887,791.4178229159116,791.0241455632448,775.0459300756454,778.4726200733334,0.2800000323180262,0.3197409498581071,0.03636552998600556,0.3150668831943105,0.27312680083100455
markov_standard,markov,Markov standard,standard,195,live,24.25116438406141,0.05899373439062587,0.0014275447319935896,0.1275,0.004013370355318773,0.405,0.595,0.0,0.0,16.17422564197813,-1.236133068507229,-8.511421370455196,29.445476449382713,4.62764986038208,5.56982654556632,783.1039354133605,783.4828106975556,768.3338365329802,767.7815745022893,0.26185364642409154,0.300135678930989,0.03762086683263462,0.30243598019377155,0.2628842669501877
markov_standard,markov,Markov standard,standard,196,live,23.8231266273694,0.05684856058156254,0.0014123055402628427,0.1275,0.0040082439932090045,0.4575,0.5425,0.0,0.0,15.195353763115788,-0.3362088542467063,-7.918168481519682,28.796740743520594,4.60921740680933,5.426688629984856,771.6776615023613,771.1690656122565,756.308151577115,757.7745951557159,0.2810684489737365,0.30864208016130207,0.04401037760772989,0.3181884645256167,0.2878496253467713
markov_standard,markov,Markov standard,standard,197,live,23.731774876585032,0.06133358334654089,0.0013438208413610825,0.1225,0.00394191307719076,0.3775,0.6225,0.0,0.0,12.905779704146386,-1.3865072649937247,-7.8681477044978,18.9945851041241,4.91438551902771,4.351843066215515,757.7626013660431,757.3928370857238,744.6653853464127,743.5457200336456,0.26960907610402,0.30468690006293847,0.031642992830250544,0.3026815427088852,0.2664516410751299
markov_standard,markov,Markov standard,standard,198,live,23.70002227575945,0.05586351901143875,0.0011443612068067288,0.1025,0.004000019275149419,0.3975,0.6025,0.0,0.0,10.722332343863876,-1.1564043272105664,-8.960541413182067,18.052539304036518,4.752892904281616,4.565412917137146,749.9536542129516,749.5742450046539,738.7797417640686,738.9205651044846,0.26937686231342994,0.3050662760215991,0.04055483250524009,0.3068208077806082,0.2702455555074057
markov_standard,markov,Markov standard,standard,199,live,23.795116423833132,0.058658396219200416,0.0011254472194660865,0.1025,0.0038363001917790505,0.4175,0.5825,0.0,0.0,9.559164474870165,-0.9651915601319843,-8.772036833861238,18.546357880389102,4.769457836151123,4.301183152198791,731.4686087417602,731.377111415863,720.6740724897385,722.1090271568298,0.2744763653382927,0.3076135798876868,0.036909015545497796,0.305359024696644,0.2706678129497319
markov_standard,markov,Markov standard,standard,200,live,22.00171093321182,0.06276437375422667,0.0010363234670273224,0.0975,0.0037267939544129245,0.62,0.38,0.0,0.0,11.809551233244731,1.166697079124134,-0.8416876881766938,22.983159202288753,3.8042014980316163,4.560491561889648,718.3026002693176,716.0811545085907,707.3502618312835,704.9180780696869,0.2825692622926245,0.29633893419812507,0.0348545059564556,0.2970626930359066,0.28278363678497526
