key,label,episode,reward,comp_mae,temp_mae,band_norm_mae,outside_band_frac,guard_active_frac,guard_trigger_frac,cap_projection_frac,cap_mean,executed_residual_norm_mean,executed_residual_norm_q95,release_gate_rolling_mean_gap,release_gate_rolling_max_coord_gap,release_gate_pass_frac,policy_executed_gap_norm_mean
baseline,OF-MPC,1,-2.4766759695109113,0.0026222558162572783,0.2927732284734549,0.9439609931103713,0.3075,,,,,,,,,,
baseline,OF-MPC,2,7.873268440319639,0.001504918606746554,0.1859443400722817,0.5659629927445351,0.15375,,,,,,,,,,
baseline,OF-MPC,3,7.984065811175103,0.0014993545878393077,0.18506170835357416,0.5634164206265675,0.14875,,,,,,,,,,
baseline,OF-MPC,4,8.105314648841453,0.0014934912403808188,0.18410433280222827,0.5606690340951078,0.14625,,,,,,,,,,
baseline,OF-MPC,5,8.225176767892254,0.0014873239022055184,0.18307377468237043,0.5577227334191597,0.14375,,,,,,,,,,
baseline,OF-MPC,6,8.348162221262944,0.0014808790919532302,0.18196794796153287,0.5545760030695333,0.14125,,,,,,,,,,
baseline,OF-MPC,7,8.481457057038648,0.0014741186759694492,0.18077406538560614,0.5511947068692231,0.14125,,,,,,,,,,
baseline,OF-MPC,8,8.645506168281031,0.0014670029785861297,0.17952259314884092,0.5476473447648276,0.14375,,,,,,,,,,
baseline,OF-MPC,9,8.805426287438875,0.001459538116298835,0.17844941759630806,0.5444972551072889,0.14,,,,,,,,,,
baseline,OF-MPC,10,8.92119540916416,0.001451493760816787,0.1775348211956434,0.5416840763018093,0.14,,,,,,,,,,
baseline,OF-MPC,11,9.069503086859902,0.00144319845785996,0.1765203100347273,0.5386082244484521,0.1375,,,,,,,,,,
baseline,OF-MPC,12,9.243185570367878,0.0014345666710235622,0.1753988610256166,0.5352494694646023,0.1375,,,,,,,,,,
baseline,OF-MPC,13,9.453873805079667,0.0014255053836890108,0.1742016073916669,0.5316791220740474,0.135,,,,,,,,,,
baseline,OF-MPC,14,9.617880579544542,0.0014159502630637813,0.17312851630756904,0.528363917651168,0.13125,,,,,,,,,,
baseline,OF-MPC,15,10.100128986671564,0.001401390535097299,0.17205239472159162,0.5247250187590551,0.12875,,,,,,,,,,
baseline,OF-MPC,16,10.176873784431718,0.001393234579787609,0.17168944406692405,0.5228362347257982,0.1275,,,,,,,,,,
baseline,OF-MPC,17,10.219684132854097,0.0013906836628214878,0.17139963400450678,0.5219409010216587,0.1275,,,,,,,,,,
baseline,OF-MPC,18,10.264523988789927,0.0013881200272814387,0.17109971799372922,0.5210204179143768,0.12625,,,,,,,,,,
baseline,OF-MPC,19,10.309375780952164,0.001385501770701865,0.17079688979140342,0.5200885959361667,0.12625,,,,,,,,,,
baseline,OF-MPC,20,10.35485349832279,0.0013828495606076285,0.17048790864636948,0.5191394866071481,0.1275,,,,,,,,,,
baseline,OF-MPC,21,10.401200014757494,0.0013801582149528524,0.17017150367727332,0.5181693531009667,0.1275,,,,,,,,,,
baseline,OF-MPC,22,10.44858362861411,0.0013774804343535518,0.16984697820819192,0.5171827890421505,0.1275,,,,,,,,,,
baseline,OF-MPC,23,10.496895861215647,0.0013747251789687181,0.16951615418640872,0.516172614775164,0.12625,,,,,,,,,,
baseline,OF-MPC,24,10.545440633812454,0.001371967433045807,0.16917820209054635,0.515146755473541,0.12625,,,,,,,,,,
baseline,OF-MPC,25,10.593357215098676,0.0013691919896722427,0.16883439596278357,0.5141050369850698,0.125,,,,,,,,,,
baseline,OF-MPC,26,10.643358103697315,0.0013663854504692779,0.168475480644632,0.5130264729006824,0.12375,,,,,,,,,,
baseline,OF-MPC,27,10.692889207875144,0.0013634884335715328,0.16811582424725124,0.5119367424239237,0.1225,,,,,,,,,,
baseline,OF-MPC,28,10.742518071456754,0.0013605979565293378,0.1677506515991219,0.5108357505724485,0.12125,,,,,,,,,,
baseline,OF-MPC,29,10.793186449238156,0.0013576519161884193,0.16737780928593624,0.5097115162703701,0.12125,,,,,,,,,,
baseline,OF-MPC,30,10.84498874223247,0.0013547003202693518,0.1669946026775802,0.5085630706007243,0.12,,,,,,,,,,
baseline,OF-MPC,31,10.896855952285682,0.001351682644561278,0.16660586532791669,0.5073946055385414,0.12,,,,,,,,,,
baseline,OF-MPC,32,10.158011037998962,0.0013571225090201788,0.16639159687308377,0.5071462729964924,0.11875,,,,,,,,,,
baseline,OF-MPC,33,9.944378844136448,0.0013600278104826868,0.16929305846349504,0.5129081385731222,0.125,,,,,,,,,,
baseline,OF-MPC,34,9.45166661424429,0.001389164962377678,0.17269981997254227,0.5233701236747396,0.12875,,,,,,,,,,
baseline,OF-MPC,35,9.014879891842474,0.0014148614433917794,0.17559741926100622,0.5323432041916054,0.13625,,,,,,,,,,
baseline,OF-MPC,36,8.597737526049295,0.0014373488671479008,0.17841203693238267,0.5408424501214896,0.14,,,,,,,,,,
baseline,OF-MPC,37,8.196275536822368,0.001457304944483974,0.1814006955167634,0.5495546994162132,0.14125,,,,,,,,,,
baseline,OF-MPC,38,7.853028297506251,0.0014748551811481067,0.1843873773327971,0.5580701707578156,0.14375,,,,,,,,,,
baseline,OF-MPC,39,7.551944271923656,0.0014902947420262558,0.1868293232331721,0.5651232648520397,0.15125,,,,,,,,,,
baseline,OF-MPC,40,7.264850161607337,0.0015039276497949856,0.18906898152068108,0.5715516317610262,0.155,,,,,,,,,,
baseline,OF-MPC,41,7.002541474482475,0.001515921108129223,0.1909520640681528,0.5769989432428787,0.16,,,,,,,,,,
baseline,OF-MPC,42,6.8000344825635395,0.00152643554815798,0.19240640650741495,0.5813057849477982,0.16125,,,,,,,,,,
baseline,OF-MPC,43,6.573252606329734,0.0015356580122755086,0.19367461224142343,0.5850682878860534,0.165,,,,,,,,,,
baseline,OF-MPC,44,6.364201858330657,0.0015436421427291389,0.19488125062669784,0.5885834654399857,0.16625,,,,,,,,,,
baseline,OF-MPC,45,6.157954441059337,0.0015506951869593676,0.19617497606463588,0.5922532930649024,0.1675,,,,,,,,,,
baseline,OF-MPC,46,5.887413530440241,0.001556961943273239,0.1979338119612958,0.5969627934153233,0.17,,,,,,,,,,
baseline,OF-MPC,47,5.730695471434385,0.0015624853858065217,0.19952846734561455,0.6012186965239299,0.17,,,,,,,,,,
baseline,OF-MPC,48,5.479958658694686,0.0015674936018734696,0.20127104503906498,0.605778618415697,0.17125,,,,,,,,,,
baseline,OF-MPC,49,5.643162620116857,0.0015691513267016217,0.2027032048531191,0.6093819498338167,0.17,,,,,,,,,,
baseline,OF-MPC,50,5.109562485063978,0.0015924713151098818,0.20152726961118603,0.6103001693625596,0.17,,,,,,,,,,
baseline,OF-MPC,51,5.286139646568635,0.0015896066591013802,0.20038135614636698,0.6073554770749232,0.17125,,,,,,,,,,
baseline,OF-MPC,52,5.459800685010913,0.0015867120459357356,0.19924052042747484,0.6044033169240856,0.16875,,,,,,,,,,
baseline,OF-MPC,53,5.562988276479736,0.0015835221930248383,0.19829154028125529,0.6018847154660331,0.17125,,,,,,,,,,
baseline,OF-MPC,54,5.6859650915939115,0.0015799607225435916,0.19727974312416,0.599185214547228,0.16875,,,,,,,,,,
baseline,OF-MPC,55,5.872359298117771,0.001576055810811361,0.1961153420130516,0.596095276009785,0.1675,,,,,,,,,,
baseline,OF-MPC,56,6.060408403566567,0.001572008896361934,0.1951620386832567,0.5934910184276407,0.16875,,,,,,,,,,
baseline,OF-MPC,57,6.189391655365999,0.0015678532831760567,0.19439575529216582,0.5913198080660486,0.1675,,,,,,,,,,
baseline,OF-MPC,58,6.351840641714523,0.0015630656763434758,0.19357098736616826,0.588982482930496,0.17,,,,,,,,,,
baseline,OF-MPC,59,6.50365031282774,0.001557861736158226,0.19284541035923639,0.5868449437980258,0.17,,,,,,,,,,
baseline,OF-MPC,60,6.676103710998976,0.0015523371297999084,0.1920567288391215,0.5845264480363648,0.165,,,,,,,,,,
baseline,OF-MPC,61,6.790329580861188,0.001546285297493556,0.191279879096694,0.5821957662589825,0.16375,,,,,,,,,,
baseline,OF-MPC,62,6.94089573269013,0.0015397037817695216,0.1903423764184341,0.5794411570358471,0.165,,,,,,,,,,
baseline,OF-MPC,63,7.110965111310389,0.0015326226469068937,0.18924398690185862,0.5762626377585817,0.1625,,,,,,,,,,
baseline,OF-MPC,64,7.2938884158076185,0.0015249324286994142,0.18797252416305818,0.5726231268614921,0.15875,,,,,,,,,,
baseline,OF-MPC,65,7.490101896294346,0.0015166689914126623,0.186575539165405,0.5686344745305487,0.1575,,,,,,,,,,
baseline,OF-MPC,66,8.088654491733342,0.0015018484364830284,0.18634930603930727,0.5663983444416641,0.15375,,,,,,,,,,
baseline,OF-MPC,67,8.061275135721,0.00149578624758807,0.18675050440540644,0.5664178072802057,0.155,,,,,,,,,,
baseline,OF-MPC,68,7.981085236199108,0.0014995187220877254,0.18735341005931805,0.5681532509651045,0.15625,,,,,,,,,,
baseline,OF-MPC,69,7.8943467860872785,0.001503175730603112,0.18797009015601682,0.5699139792963652,0.1575,,,,,,,,,,
baseline,OF-MPC,70,7.817140536180362,0.0015066736586192564,0.18855935052360132,0.5715955457125327,0.1575,,,,,,,,,,
baseline,OF-MPC,71,7.743074595047205,0.001510068592134064,0.18910883606900478,0.5731762240509843,0.15875,,,,,,,,,,
baseline,OF-MPC,72,7.665119364175397,0.0015133333538373173,0.18963678713665352,0.5746943879538655,0.16,,,,,,,,,,
baseline,OF-MPC,73,7.591221097437804,0.001516488046209561,0.19013023009790442,0.5761215346311706,0.16125,,,,,,,,,,
baseline,OF-MPC,74,7.521673713423662,0.0015195393215879638,0.19059303602280095,0.5774680931834344,0.16375,,,,,,,,,,
baseline,OF-MPC,75,7.460781355493362,0.0015224218701729102,0.19102134824491926,0.5787180354107921,0.16375,,,,,,,,,,
baseline,OF-MPC,76,7.404162137971805,0.0015252420389242803,0.19142286550486837,0.5799005482468356,0.16375,,,,,,,,,,
baseline,OF-MPC,77,7.352644168661488,0.0015279677761622329,0.19179111118118933,0.5809954154541219,0.16375,,,,,,,,,,
baseline,OF-MPC,78,7.312549683131396,0.0015305925090190224,0.19212438732576062,0.5819993367086015,0.1625,,,,,,,,,,
baseline,OF-MPC,79,7.269103609527251,0.0015331152053290379,0.19244708880765024,0.5829702014227278,0.1625,,,,,,,,,,
baseline,OF-MPC,80,7.197487597196195,0.0015355550264734659,0.192794932362706,0.5839944315918133,0.16625,,,,,,,,,,
baseline,OF-MPC,81,7.11581775238301,0.0015379790219529211,0.19314446946567546,0.5850208406964054,0.16625,,,,,,,,,,
baseline,OF-MPC,82,7.045060516457709,0.0015403104273786859,0.1934721064887939,0.5859858057648858,0.16625,,,,,,,,,,
baseline,OF-MPC,83,6.988472081656313,0.001542559025815053,0.19377732850872206,0.5868898425074675,0.16875,,,,,,,,,,
baseline,OF-MPC,84,6.926389313609364,0.0015447238268988784,0.1941109090419895,0.5878542767112275,0.17,,,,,,,,,,
baseline,OF-MPC,85,6.856472919754368,0.0015467672439229813,0.19446917454145513,0.5888698105798903,0.1675,,,,,,,,,,
baseline,OF-MPC,86,6.819777732744423,0.0015486584257280547,0.19477948292181235,0.5897673277777854,0.16875,,,,,,,,,,
baseline,OF-MPC,87,6.780319981103701,0.0015505212768061598,0.19510298911790788,0.5906931986923897,0.1675,,,,,,,,,,
baseline,OF-MPC,88,6.706313342279061,0.0015524009939601113,0.1954650210241632,0.5917117705792357,0.1675,,,,,,,,,,
baseline,OF-MPC,89,6.634930428377588,0.001554191416377067,0.19583212396657687,0.5927327775253026,0.1675,,,,,,,,,,
baseline,OF-MPC,90,5.7996785437037595,0.0015678400027444627,0.19497254329387279,0.5924007977745274,0.16875,,,,,,,,,,
baseline,OF-MPC,91,5.916998268207578,0.001573528342714282,0.19416282871405252,0.591423579503922,0.1675,,,,,,,,,,
baseline,OF-MPC,92,6.134241600192886,0.001566809625488797,0.1931011977668115,0.5883704515807764,0.17125,,,,,,,,,,
baseline,OF-MPC,93,6.373179854609028,0.0015593849310228103,0.19204592785316585,0.5852678733105747,0.16625,,,,,,,,,,
baseline,OF-MPC,94,6.537733512666043,0.001551110996688378,0.19096228209438437,0.5820312765282358,0.165,,,,,,,,,,
baseline,OF-MPC,95,6.760803288837756,0.0015418582808623097,0.18958354100712857,0.5780154939035433,0.1625,,,,,,,,,,
baseline,OF-MPC,96,7.006732350971806,0.0015315850337067221,0.1878944417883362,0.5731761659564296,0.16125,,,,,,,,,,
baseline,OF-MPC,97,7.25800142370537,0.0015201482519531797,0.18603500324594605,0.5678341488512589,0.15625,,,,,,,,,,
baseline,OF-MPC,98,7.51608774834608,0.0015075720185622516,0.18400002384473713,0.5619846908564625,0.14875,,,,,,,,,,
baseline,OF-MPC,99,7.787305872536573,0.0014934811459614286,0.18160572493143923,0.5551628337500302,0.14125,,,,,,,,,,
baseline,OF-MPC,100,8.132037194666463,0.0014777377090982743,0.17893825511527284,0.547558673776097,0.14125,,,,,,,,,,
baseline,OF-MPC,101,8.43114442848131,0.0014602730072693934,0.1767567266126242,0.5409760535975895,0.13875,,,,,,,,,,
baseline,OF-MPC,102,8.84270480580574,0.0014408580245553716,0.1742109194962703,0.533369534483778,0.135,,,,,,,,,,
baseline,OF-MPC,103,9.191440860350976,0.0014193475285850519,0.1717732075089895,0.5258481608880154,0.12875,,,,,,,,,,
baseline,OF-MPC,104,9.594390932299337,0.0013953617548485558,0.16891109212678498,0.5171041272968349,0.12625,,,,,,,,,,
baseline,OF-MPC,105,10.056588160318318,0.0013685956536840247,0.16542201851602514,0.5066480358361649,0.11875,,,,,,,,,,
baseline,OF-MPC,106,10.581009788989432,0.0013387958489382052,0.16142800510209343,0.4947536978606948,0.11125,,,,,,,,,,
baseline,OF-MPC,107,11.147416052397391,0.0013057168951687988,0.15743912714577635,0.48261559392273157,0.0775,,,,,,,,,,
baseline,OF-MPC,108,12.230856112907947,0.0012684726807433147,0.1546384595347501,0.4723607959396604,0.06875,,,,,,,,,,
baseline,OF-MPC,109,11.802129248179247,0.0012729664524845858,0.1578641094045584,0.47927014180473226,0.07375,,,,,,,,,,
baseline,OF-MPC,110,11.364806886446836,0.0012984927274541647,0.16088799634666792,0.4885097677067842,0.08375,,,,,,,,,,
baseline,OF-MPC,111,10.946537830832643,0.0013221359202814393,0.16392148330755185,0.4976240038100459,0.1125,,,,,,,,,,
baseline,OF-MPC,112,10.555302726708357,0.0013439962389651375,0.16687516449674686,0.5064099539871892,0.1175,,,,,,,,,,
baseline,OF-MPC,113,10.156464121695757,0.0013647133557064051,0.16943697852608458,0.5141634591870351,0.125,,,,,,,,,,
baseline,OF-MPC,114,9.873571493254378,0.0013829296459605051,0.17162444939187652,0.5208409274022536,0.12625,,,,,,,,,,
baseline,OF-MPC,115,9.598478751987052,0.0014002223659077195,0.17352056469870106,0.5267526260887473,0.1325,,,,,,,,,,
baseline,OF-MPC,116,9.305611528530557,0.001416132404522385,0.1753750340677299,0.5324467766217508,0.13625,,,,,,,,,,
baseline,OF-MPC,117,9.022138179472224,0.001430634594021327,0.17724815708910494,0.5380674356270735,0.1375,,,,,,,,,,
baseline,OF-MPC,118,8.805917957610006,0.0014442086892195035,0.1788726209865501,0.5430189192140437,0.14125,,,,,,,,,,
baseline,OF-MPC,119,8.529527569096802,0.0014567166703257927,0.1808278850609175,0.5486722789912291,0.14125,,,,,,,,,,
baseline,OF-MPC,120,8.295505386847609,0.001468256131916275,0.18283317590294845,0.5543683389584024,0.14375,,,,,,,,,,
baseline,OF-MPC,121,8.089680861698868,0.00147888779084455,0.18460261063366842,0.5594308151929532,0.1425,,,,,,,,,,
baseline,OF-MPC,122,7.892380914188173,0.00148868670477829,0.18616436720549245,0.5639347537125713,0.15,,,,,,,,,,
baseline,OF-MPC,123,7.717679737211893,0.0014976989975920502,0.18758036757805643,0.568032117956347,0.155,,,,,,,,,,
baseline,OF-MPC,124,7.533905518074378,0.0015060588555797878,0.18898357353638212,0.5720417087690971,0.15875,,,,,,,,,,
baseline,OF-MPC,125,7.356470361884342,0.0015138018399212876,0.1902145139080541,0.5755936963855006,0.16,,,,,,,,,,
baseline,OF-MPC,126,7.19904085964479,0.001520910088696454,0.19127243931055835,0.5786814320404993,0.1625,,,,,,,,,,
baseline,OF-MPC,127,7.08475741480806,0.0015273831825559575,0.19215095893549133,0.5812935564932785,0.1625,,,,,,,,,,
baseline,OF-MPC,128,6.960390307804598,0.0015333548929451811,0.192942978565379,0.5836595709840671,0.16375,,,,,,,,,,
baseline,OF-MPC,129,6.789587114656188,0.0015389113287605357,0.19374283773878342,0.5860086414199555,0.1675,,,,,,,,,,
baseline,OF-MPC,130,6.643118587493277,0.0015440469470736678,0.19452837190240013,0.5882848882869928,0.1675,,,,,,,,,,
baseline,OF-MPC,131,6.544649672157035,0.0015485895052059218,0.19528488741650585,0.5904663637853274,0.16875,,,,,,,,,,
baseline,OF-MPC,132,6.9593319014799775,0.0015469294233295843,0.19598321683322045,0.5921308718591722,0.1675,,,,,,,,,,
baseline,OF-MPC,133,6.670059323089271,0.0015588394627507674,0.19577941989632014,0.5934463675168952,0.16875,,,,,,,,,,
baseline,OF-MPC,134,6.695852057032909,0.0015581875609717293,0.1956370559638369,0.593053211095045,0.16875,,,,,,,,,,
baseline,OF-MPC,135,6.718349777981228,0.0015575338640746498,0.19550610344291872,0.5926869265307214,0.16875,,,,,,,,,,
baseline,OF-MPC,136,6.747630585799065,0.0015568689413727943,0.19536519307567388,0.592295937282774,0.16875,,,,,,,,,,
baseline,OF-MPC,137,6.778287952922654,0.0015562193650540098,0.19522596634331443,0.5919113747935562,0.1675,,,,,,,,,,
baseline,OF-MPC,138,6.806772363676226,0.0015555489005328483,0.19509211769802057,0.591536810926639,0.1675,,,,,,,,,,
baseline,OF-MPC,139,6.831513150723433,0.0015548589673447149,0.19496098114936944,0.591167389577294,0.1675,,,,,,,,,,
baseline,OF-MPC,140,6.8555100240145155,0.0015541730163905242,0.19483143843448095,0.5908019607144674,0.1675,,,,,,,,,,
baseline,OF-MPC,141,6.868483482777179,0.0015534813171866368,0.1947159614198798,0.5904689783287169,0.1675,,,,,,,,,,
baseline,OF-MPC,142,6.879554724597752,0.0015527880939960508,0.1946032122019389,0.5901425764148097,0.1675,,,,,,,,,,
baseline,OF-MPC,143,6.8928927914024225,0.0015520867699913433,0.19448871377868288,0.5898115449818682,0.1675,,,,,,,,,,
baseline,OF-MPC,144,6.90681099044373,0.0015513863895556036,0.19437965674440555,0.5894934513522516,0.1675,,,,,,,,,,
baseline,OF-MPC,145,6.928842452532158,0.0015506777807858566,0.19425126256240163,0.5891321234511889,0.1675,,,,,,,,,,
baseline,OF-MPC,146,6.9537818376213485,0.0015499025429917817,0.1941196505139085,0.588757367695675,0.16875,,,,,,,,,,
baseline,OF-MPC,147,6.982907644041452,0.0015491369234413546,0.1939810125598661,0.5883675539725202,0.16875,,,,,,,,,,
baseline,OF-MPC,148,7.0143045893721565,0.0015483399869731804,0.19384423825208896,0.5879788028474612,0.17,,,,,,,,,,
baseline,OF-MPC,149,7.036144358196534,0.0015475514733766802,0.19371886122498894,0.5876185753156693,0.17,,,,,,,,,,
baseline,OF-MPC,150,7.055794537812078,0.0015467435929443047,0.19360433140778674,0.5872820370572273,0.17,,,,,,,,,,
baseline,OF-MPC,151,7.0766195035455235,0.0015459278838171105,0.19349275048707174,0.5869521994842796,0.17125,,,,,,,,,,
baseline,OF-MPC,152,7.098584740805673,0.0015450919780602063,0.193379339758853,0.5866160337145404,0.17,,,,,,,,,,
baseline,OF-MPC,153,7.122416157309002,0.0015442489753094803,0.19326360588071423,0.5862741594367366,0.17,,,,,,,,,,
baseline,OF-MPC,154,7.148556959930254,0.0015434009373662227,0.19314409697934376,0.5859226481579752,0.16875,,,,,,,,,,
baseline,OF-MPC,155,7.176077118718795,0.0015425310589483293,0.1930212119827265,0.5855608156627957,0.1675,,,,,,,,,,
baseline,OF-MPC,156,7.204872710392483,0.0015416731915431853,0.192896238524524,0.5851958792368633,0.16625,,,,,,,,,,
baseline,OF-MPC,157,6.885154227837259,0.0015440104132441368,0.19280906670092413,0.5851091474314876,0.16625,,,,,,,,,,
baseline,OF-MPC,158,6.99585348638254,0.001545360635546359,0.19216895973664871,0.5840117263049542,0.165,,,,,,,,,,
baseline,OF-MPC,159,7.05848236033326,0.0015417657879467249,0.19172039222466733,0.5826575101869639,0.16375,,,,,,,,,,
baseline,OF-MPC,160,7.133230520658646,0.0015379944591518038,0.19121900685891824,0.5811640168952528,0.16375,,,,,,,,,,
baseline,OF-MPC,161,7.220362541614926,0.0015340418078295835,0.19065547175462974,0.5795069273595014,0.16625,,,,,,,,,,
baseline,OF-MPC,162,7.315996423109497,0.0015299344591582986,0.19003487183073378,0.57770278345818,0.1625,,,,,,,,,,
baseline,OF-MPC,163,7.419146084136571,0.0015255975282535007,0.1893505105396082,0.5757266370504647,0.16375,,,,,,,,,,
baseline,OF-MPC,164,7.527221986772774,0.00152104705209974,0.1886057687077345,0.5735909577720824,0.16125,,,,,,,,,,
baseline,OF-MPC,165,7.63573144152284,0.0015162469727834505,0.1877986680153005,0.5712848124868372,0.15875,,,,,,,,,,
baseline,OF-MPC,166,7.759176522549779,0.0015112214132646507,0.18693705350799114,0.5688305235912982,0.1575,,,,,,,,,,
baseline,OF-MPC,167,7.8542950512584255,0.0015060315965493274,0.18612666597444558,0.5664847196888254,0.15375,,,,,,,,,,
baseline,OF-MPC,168,7.961286662231194,0.0015005419536801867,0.1852650445861868,0.5639928285729738,0.15,,,,,,,,,,
baseline,OF-MPC,169,8.079440423339856,0.0014947818674499692,0.18433156189491307,0.5613106360722669,0.1475,,,,,,,,,,
baseline,OF-MPC,170,8.200192090555724,0.001488730286219708,0.1833225611155035,0.5584253469542585,0.14375,,,,,,,,,,
baseline,OF-MPC,171,8.321048542197866,0.0014824088126113252,0.18224116240914298,0.5553472325071166,0.1425,,,,,,,,,,
baseline,OF-MPC,172,8.449744480853951,0.0014757499916016295,0.18107798589475294,0.5520459260201486,0.14125,,,,,,,,,,
baseline,OF-MPC,173,8.607246467293868,0.001468767184303511,0.17982467114317044,0.5485051032881957,0.1425,,,,,,,,,,
baseline,OF-MPC,174,8.774724717805272,0.0014614487470763972,0.17870370475108657,0.5452531859967789,0.14125,,,,,,,,,,
baseline,OF-MPC,175,8.8802892822519,0.0014537198296760013,0.177785920418259,0.5424531676142388,0.14,,,,,,,,,,
baseline,OF-MPC,176,8.864399048609773,0.0014447748608706313,0.1784071579378128,0.5422164964324097,0.13875,,,,,,,,,,
baseline,OF-MPC,177,8.65630831774841,0.0014516997515352443,0.17993646155479973,0.5461498977520642,0.14375,,,,,,,,,,
baseline,OF-MPC,178,8.387164532068418,0.0014636166125440722,0.18203942723731578,0.5521072312167155,0.14125,,,,,,,,,,
baseline,OF-MPC,179,8.17143308683579,0.0014746291372998565,0.18390280084014812,0.5574244654019678,0.14375,,,,,,,,,,
baseline,OF-MPC,180,7.972028922533841,0.0014847609108287203,0.18554312870478717,0.5621402773221602,0.14375,,,,,,,,,,
baseline,OF-MPC,181,7.799357269178456,0.0014940545516519469,0.18698025156145653,0.566309291274194,0.15375,,,,,,,,,,
baseline,OF-MPC,182,7.605532199893219,0.0015027024344548558,0.18842700459666673,0.5704485891037081,0.15625,,,,,,,,,,
baseline,OF-MPC,183,7.427264057066594,0.0015107146271141508,0.18972992567520577,0.574193188932812,0.15875,,,,,,,,,,
baseline,OF-MPC,184,7.259926338165053,0.001518071927780867,0.19085980184149098,0.5774721379711967,0.1625,,,,,,,,,,
baseline,OF-MPC,185,7.124195574285047,0.0015247947467719363,0.19181571628063743,0.580287135748858,0.1625,,,,,,,,,,
baseline,OF-MPC,186,7.024983406052623,0.0015309573925612217,0.19260817830454344,0.582669450881177,0.16375,,,,,,,,,,
baseline,OF-MPC,187,6.852017886055084,0.0015366921939889134,0.19342908163663391,0.585085126526323,0.165,,,,,,,,,,
baseline,OF-MPC,188,6.72188661371909,0.0015420188482789191,0.19416228200795335,0.5872526421344282,0.16875,,,,,,,,,,
baseline,OF-MPC,189,6.585217724831753,0.0015467310783896582,0.19496726097739503,0.5895540824351212,0.1675,,,,,,,,,,
baseline,OF-MPC,190,6.444371745397555,0.0015511573840476403,0.1957962002581651,0.5918978474519448,0.1675,,,,,,,,,,
baseline,OF-MPC,191,6.263412712907577,0.0015552792992767036,0.19680424625526155,0.594639890499333,0.1675,,,,,,,,,,
baseline,OF-MPC,192,6.103808512695569,0.0015591423371596996,0.1979731090572539,0.5977426272965155,0.17,,,,,,,,,,
baseline,OF-MPC,193,6.002944238108001,0.0015626931679561433,0.19898542432368457,0.6004479408465541,0.17,,,,,,,,,,
baseline,OF-MPC,194,4.693654039167195,0.0015782092398037057,0.1980056795569783,0.5998211478942523,0.17,,,,,,,,,,
baseline,OF-MPC,195,4.488489332146679,0.0016072745274215748,0.1953713298126555,0.5977874782795805,0.1675,,,,,,,,,,
baseline,OF-MPC,196,4.941753208850348,0.0015951376802012085,0.19314226464305972,0.591515945752697,0.17,,,,,,,,,,
baseline,OF-MPC,197,5.377501576007408,0.0015797804736876792,0.19104517702495363,0.5853126052571035,0.1675,,,,,,,,,,
baseline,OF-MPC,198,5.837302069624602,0.0015608778266241823,0.18810036937182822,0.5768057695525737,0.16125,,,,,,,,,,
baseline,OF-MPC,199,6.339231715493112,0.0015374805417436208,0.18427027528892012,0.5658208049979098,0.1525,,,,,,,,,,
baseline,OF-MPC,200,6.926159462874596,0.001508683107589077,0.1792269320609332,0.5515188851801728,0.1425,,,,,,,,,,
td3,TD3 residual,1,-2.4754631157459563,0.0026223177021771865,0.2927706401858373,0.9439616776168781,0.3075,0.0,0.0,0.0,,4.1575425428951216e-08,7.335069763773499e-08,0.08688841287792401,0.3738449892308563,0.0,0.15526120193302098
td3,TD3 residual,2,7.874010893845125,0.0015049683573207361,0.18594178333833639,0.5659614777088207,0.15375,0.0,0.0,0.0,,4.5426041217296955e-08,7.054183235827558e-08,0.5299533871000974,0.997198691368103,0.0,0.6505559438231054
td3,TD3 residual,3,7.9846924066013365,0.0014994051015581027,0.18505932937001168,0.56341533364016,0.14875,0.0,0.0,0.0,,4.450145305116117e-08,7.218548701553869e-08,0.4479126179945975,1.0,0.0,0.37304192161665617
td3,TD3 residual,4,8.105861238562058,0.0014935434553698503,0.1841020657455247,0.5606684928164642,0.14625,0.0,0.0,0.0,,4.5478913306262254e-08,7.103469220442204e-08,0.32413589011778854,1.0,0.0,0.30576412483007565
td3,TD3 residual,5,8.225751087395833,0.0014873750083868498,0.18307175951326818,0.5577227764569225,0.14375,0.0,0.0,0.0,,4.3751315469364915e-08,7.074607069338237e-08,0.2902316438305879,1.0,0.0,0.2796103552694679
td3,TD3 residual,6,8.349040538526186,0.001480928696848447,0.18196550985806736,0.5545747293413358,0.14125,0.0,0.0,0.0,,4.572197140454036e-08,7.009567633334493e-08,0.2653420525746262,1.0,0.0,0.2589521052158728
td3,TD3 residual,7,8.48203890090931,0.0014741684335295396,0.18077219647381912,0.5511948495746698,0.14125,0.0,0.0,0.0,,4.53443096444732e-08,7.15257801722579e-08,0.255723090612759,1.0,0.0,0.2523290773962526
td3,TD3 residual,8,8.646030864361617,0.0014670556034361666,0.17952055136780726,0.5476473680628137,0.14375,0.0,0.0,0.0,,4.38340421862018e-08,6.982563839577751e-08,0.2452651905875738,1.0,0.0,0.2406611632356553
td3,TD3 residual,9,8.806049896434699,0.0014595874684215548,0.17844642803999952,0.5444947737688818,0.14,0.0,0.0,0.0,,4.564725926942468e-08,7.128635372773806e-08,0.23173510414576273,1.0,0.0,0.22366018851838837
td3,TD3 residual,10,8.921949093624567,0.0014515436935976767,0.17753203477088633,0.5416821760880085,0.14,0.0,0.0,0.0,,4.531663782526677e-08,6.974460099123588e-08,0.21768976157545225,1.0,0.0,0.21569428841046787
td3,TD3 residual,11,9.492401531180853,0.0014572546646823025,0.17152828896598904,0.5308646528117688,0.14125,0.9975,0.9425,0.0,0.004999999999999999,0.00052130926426454,0.0028279517042973648,0.22824134241302063,1.0,0.0,0.23686655862937328
td3,TD3 residual,12,8.123832217607577,0.0015359829711143085,0.17541035815922562,0.5475462751012367,0.14,1.0,0.975,0.0,0.005515948275862069,0.0005270136088903532,0.0014849928284678738,0.2547706251201972,1.0,0.0,0.27010728170018994
td3,TD3 residual,13,8.924979991921953,0.001408563431897206,0.17073224636131976,0.5256500115309883,0.12875,1.0,0.98,0.0,0.006033189655172413,0.0005702303021327669,0.002121342654610952,0.3131426372679508,1.0,0.0,0.34800485425822997
td3,TD3 residual,14,6.2085863803134576,0.0016202727338522171,0.1840049066883366,0.5744505370694081,0.1225,1.0,0.985,0.9975,0.00655043103448276,0.0006234896401356035,0.0023164115469127165,0.37912997967323947,1.0,0.0,0.4172275877578713
td3,TD3 residual,15,9.1584454226631,0.001405580181630694,0.16813507504445505,0.5248075967642117,0.10375,1.0,0.9825,0.9975,0.0070676724137931045,0.0006179368278299725,0.0024992531572688966,0.4299100476182,1.0,0.0,0.4346964955259603
td3,TD3 residual,16,9.516536972052565,0.0014401846226540706,0.17239039186753513,0.5311404238666002,0.12875,1.0,0.9875,1.0,0.007584913793103447,0.00047586337907060404,0.0020785452247027696,0.44155555521806245,1.0,0.0,0.44729432586515544
td3,TD3 residual,17,7.588089105552936,0.0016470214414189244,0.1725901386611182,0.5456255621551377,0.1425,1.0,0.9875,1.0,0.008102155172413791,0.0006050323182851102,0.002865019227362357,0.47197608958841675,1.0,0.0,0.47961368322880704
td3,TD3 residual,18,9.06498511448472,0.0015671010494538462,0.165344417697638,0.517419080891964,0.15,1.0,0.9875,1.0,0.00861939655172414,0.0006224016590017731,0.0030479053514472633,0.48633221857837305,1.0,0.0,0.48605536394128435
td3,TD3 residual,19,8.300425292213838,0.0015318019759926005,0.172551147555739,0.538171779177399,0.11875,1.0,0.995,1.0,0.009136637931034485,0.0003905779391374693,0.0012923495426956065,0.5239475025568914,1.0,0.0,0.5437335609206001
td3,TD3 residual,20,9.919810181017938,0.001503790650248248,0.16735607806564354,0.5162419244163169,0.1375,1.0,0.9925,1.0,0.009653879310344827,0.0005741622224460083,0.0034135876994732025,0.5482879273732107,1.0,0.0,0.5502992217484375
td3,TD3 residual,21,10.495110824727876,0.0015030822417060191,0.16421268369108602,0.5183880896408443,0.12,1.0,0.9975,1.0,0.010171120689655174,0.0003165308194874476,0.0014386298341606055,0.4924742250240844,1.0,0.0,0.43827280971936766
td3,TD3 residual,22,6.45712377052407,0.0016239358552614929,0.1857256653035049,0.5747061674139489,0.14,1.0,0.9875,1.0,0.01068836206896552,0.0005376833247266962,0.001511802549970952,0.43957718348185554,1.0,0.0,0.44886551360044974
td3,TD3 residual,23,10.645913363484892,0.0014729891131142997,0.163368490992627,0.5109961736455007,0.11,1.0,0.9975,1.0,0.011205603448275859,0.000324792252608898,0.0015849140707906266,0.45238679095554113,1.0,0.0,0.439772517545188
td3,TD3 residual,24,8.587111715747415,0.0014490813964658806,0.17575197275165216,0.5393228219896677,0.12,1.0,0.995,0.9975,0.011722844827586208,0.0003270858135815015,0.0016580384873734106,0.40584238011766727,1.0,0.0,0.4064651720289175
td3,TD3 residual,25,8.097950428864001,0.001646777625074369,0.18067152794427022,0.5643155460797575,0.135,1.0,0.99,1.0,0.012240086206896553,0.00047190625902122316,0.0017312318149635877,0.46101321641712245,1.0,0.0,0.48642564027591384
td3,TD3 residual,26,9.135062160868275,0.0014723610445073394,0.17223373635069666,0.5314647690331935,0.115,1.0,0.995,1.0,0.012757327586206891,0.00039136211636032066,0.0018043718509060341,0.4525656833552928,1.0,0.0,0.4340462823923941
td3,TD3 residual,27,9.716538413885658,0.0016574105638336365,0.1737815057613722,0.5506884742517696,0.125,1.0,0.99,1.0,0.013274568965517241,0.00040813694999327797,0.0018774810956022517,0.45236338546246896,1.0,0.0,0.46733542248427207
td3,TD3 residual,28,10.859810685447492,0.0014190770633065305,0.16498482553336516,0.5120394762903108,0.10875,1.0,1.0,0.995,0.013791810344827586,0.00023265679758466913,0.001950650564016335,0.4456825949762618,1.0,0.0,0.43405561838710516
td3,TD3 residual,29,9.4735967657695,0.0013405964613966387,0.16453802387696276,0.5072687345249293,0.10125,1.0,1.0,0.9975,0.014309051724137928,0.00032708900213530547,0.0020237949677493505,0.42731531546853674,1.0,0.0,0.4226763723509339
td3,TD3 residual,30,9.664269814496366,0.001499623546574618,0.16658473692769388,0.5189985095272953,0.11,1.0,0.995,0.9975,0.01482629310344828,0.0004192728112793723,0.0020969348019678003,0.44789894015651904,1.0,0.0,0.46653608630188104
td3,TD3 residual,31,-61.91298223882462,0.003906310508975299,0.6204137280951656,1.7956793155281867,0.4975,0.0025,0.0025,1.0,0.01534353448275862,0.021472606538022843,0.021700927609505195,0.6641925404368735,1.0,0.0,1.269002327680094
td3,TD3 residual,32,-49.17328311903867,0.0039163355877482,0.5722245274934111,1.6985914359575136,0.475,0.0,0.0,1.0,0.015860775862068962,0.022183775646842374,0.022432409938874215,0.8674696188934177,1.0,0.0,1.2507663478939246
td3,TD3 residual,33,-68.63455748744879,0.004487718824619954,0.6242549584860387,1.8628712736584998,0.48875,0.0,0.0,1.0,0.016378017241379314,0.02283344979751079,0.023163898721968973,0.9686023552395607,1.0,0.0,1.3501391849303275
td3,TD3 residual,34,-48.90514713571418,0.0040005656793342835,0.5547656300207837,1.6660184171423702,0.48375,0.0,0.0,0.9925,0.016895258620689652,0.02354121014054367,0.023895390205098684,1.0100841803901262,1.0,0.0,1.2911043054349038
td3,TD3 residual,35,-56.886091058902004,0.003971185717984635,0.5859576646360732,1.7112808705889107,0.43,0.0,0.0,1.0,0.017412499999999994,0.024314289859520503,0.02462687253447601,1.050128399577402,1.0,0.0,1.4922791994705171
td3,TD3 residual,36,-58.64265362831167,0.0039601590047010134,0.6227234897150836,1.8025108885904475,0.4825,0.0,0.0,1.0,0.017929741379310346,0.024997816695038165,0.02535836922009741,1.1042917280044582,1.0,0.0,1.395153053773822
td3,TD3 residual,37,-53.997298826978316,0.0032020161475836083,0.5781136203279162,1.612301026603601,0.425,0.0,0.0,0.9975,0.018446982758620684,0.025584002347524986,0.02608985675196802,1.0982209722528602,1.0,0.0,1.3363559830169924
td3,TD3 residual,38,-58.453590086504526,0.005121474272527677,0.6166725319203681,1.8524795933503082,0.55125,0.0,0.0,0.9975,0.01896422413793104,0.026342938745037396,0.02682134303260112,1.0985378984672465,1.0,0.0,1.3825268477488482
td3,TD3 residual,39,-89.3750462059742,0.00473874118417768,0.6925004096692846,1.9935392660888116,0.51125,0.0,0.0,0.9925,0.019481465517241378,0.02704177002448933,0.027552833132783033,1.203942721579864,1.0,0.0,1.5009075136795684
td3,TD3 residual,40,-85.28562774458942,0.004530313407632359,0.6964619116667152,1.95996642195339,0.46,0.0,0.0,0.0025,0.01999870689655172,0.027676790924495518,0.028284327315969304,1.1985301747938257,1.0,0.0,1.4606344258697914
td3,TD3 residual,41,-49.78419240936257,0.003279923567124551,0.5270988778382315,1.4810912494135227,0.385,0.0,0.0,0.0,0.019999999999999997,0.027585739620533872,0.028284316779245797,1.1419115963152056,1.0,0.0,1.3613397233740592
td3,TD3 residual,42,-65.72001887810147,0.0074398560138870294,0.6045610422289791,2.0109858187249383,0.66625,0.0,0.0,0.0,0.019999999999999997,0.027193644930130968,0.028284336535657255,1.186173281286766,1.0,0.0,1.3968983825682955
td3,TD3 residual,43,-63.710134012651324,0.004352042942625628,0.5830845454774746,1.7216890913169847,0.55125,0.0,0.0,0.0,0.019999999999999997,0.027330661549150835,0.028284312828139722,1.1987618000445888,1.0,0.0,1.3699403761662998
td3,TD3 residual,44,-66.83178846974587,0.0036205487127229674,0.5337319741067607,1.5535220286988534,0.43625,0.0,0.0,0.0,0.019999999999999997,0.027603576167022217,0.028284315396287733,1.1387641374434052,1.0,0.0,1.3120852616022731
td3,TD3 residual,45,-70.85735196186636,0.003496621615622001,0.6028338368837532,1.6969531357970005,0.43375,0.0,0.0,0.0,0.019999999999999997,0.027239603554639613,0.02828431407920789,1.1218456450818124,1.0,0.0,1.2576990862624606
td3,TD3 residual,46,-43.073968482673806,0.003921480560853552,0.5084091991023114,1.4830383694409788,0.42,0.0,0.0,0.0,0.019999999999999997,0.027230024976141617,0.028284310127930853,1.0728610705261,1.0,0.0,1.3397314977314898
td3,TD3 residual,47,-53.564801266231264,0.0042913846463889516,0.4991099767078724,1.4976095201172195,0.41875,0.0,0.0,0.0,0.019999999999999997,0.027137423246672607,0.028284311510873406,1.1151375524976552,1.0,0.0,1.4007535114802743
td3,TD3 residual,48,-60.981999508247135,0.005857992048478078,0.5172436529074429,1.6951001340334022,0.585,0.0,0.0,0.0,0.019999999999999997,0.027255783623501905,0.028284327250241888,1.1387266491923085,1.0,0.0,1.4735030156652484
td3,TD3 residual,49,-46.874520995220855,0.004964662449042919,0.4512587264673014,1.4740149377887766,0.515,0.0,0.0,0.0,0.019999999999999997,0.027140994714818466,0.028284325933005984,1.1492492268228744,1.0,0.0,1.4543502097487504
td3,TD3 residual,50,-38.3094945706398,0.004724352540929319,0.42531586613009553,1.3993200260724024,0.49,0.0,0.0,0.0,0.019999999999999997,0.026841870973532588,0.028284318030495352,1.1646956800806876,1.0,0.0,1.2749216626731712
td3,TD3 residual,51,-48.01486700416981,0.005906149355232748,0.5397672514571084,1.7486630431072083,0.59625,0.0,0.0,0.0,0.019999999999999997,0.02665975110698803,0.028284316976802244,1.1515792510936058,1.0,0.0,1.3392457835592182
td3,TD3 residual,52,-34.72962673252103,0.006245855582796956,0.37905116920566356,1.355285281240907,0.5075,0.0,0.0,0.0,0.019999999999999997,0.026965491626099687,0.02828430749375547,1.1697433023674981,1.0,0.0,1.2588642503922096
td3,TD3 residual,53,-49.5217972749117,0.006231939467085723,0.4720661900398794,1.599103221803424,0.58125,0.0,0.0,0.0,0.019999999999999997,0.027164800132177824,0.028284302291252346,1.1880706752575079,1.0,0.0,1.276778493033218
td3,TD3 residual,54,-60.83530628313559,0.005198214478212988,0.5362154988575872,1.7171395615729876,0.55875,0.0,0.0,0.0,0.019999999999999997,0.02652920027267889,0.028284323496403332,1.19704149141071,1.0,0.0,1.3621781413086376
td3,TD3 residual,55,-51.882745793557405,0.005808497376931645,0.5042340746309971,1.6417010663665836,0.565,0.0,0.0,0.0,0.019999999999999997,0.026594050502333145,0.02828429596925075,1.1664708332530833,1.0,0.0,1.3966583856743504
td3,TD3 residual,56,-24.941114386588907,0.004125550795771395,0.32169988648815717,1.0847548179486324,0.365,0.0,0.0,0.0,0.019999999999999997,0.026052817222290782,0.028284285169099293,1.170200924506907,1.0,0.0,1.2376664770480739
td3,TD3 residual,57,-42.65668259664763,0.005936797622492393,0.40392616153430305,1.3958445279378444,0.49625,0.0,0.0,0.0,0.019999999999999997,0.026398679119807648,0.02828428780334255,1.1294662489304037,1.0,0.0,1.1638868807981981
td3,TD3 residual,58,-19.85040511568111,0.003945526652463766,0.29480353413076793,0.9852078084358493,0.31875,0.0,0.0,0.0,0.019999999999999997,0.025442612626004245,0.028284272129951424,1.129170571302752,1.0,0.0,1.1183479496893545
td3,TD3 residual,59,-20.5813528009459,0.0036484286241608155,0.315117675767741,1.0090141412632687,0.335,0.0,0.0,0.0,0.019999999999999997,0.02554207649700406,0.028284273315292117,1.060079689303063,1.0,0.0,1.1226424523693526
td3,TD3 residual,60,-13.838868988102574,0.003250062743000065,0.26362253949221254,0.8759293185182119,0.25375,0.0,0.0,0.0,0.019999999999999997,0.02551898103123237,0.02828427851780018,1.067945100940417,1.0,0.0,1.103570953040271
td3,TD3 residual,61,-25.71786191739035,0.004715036182926439,0.29114345757599325,1.0337935292262665,0.3675,0.0,0.0,0.0,0.019999999999999997,0.025764807648999844,0.028284260078605527,1.0719020537336317,1.0,0.0,1.2383988738902882
td3,TD3 residual,62,-4.631502298900904,0.002068696975647636,0.2254382591061715,0.6887011331042487,0.215,0.0,0.0,0.0,0.019999999999999997,0.024527865591935073,0.028284251056494337,1.0461680883000277,1.0,0.0,1.0426665256236098
td3,TD3 residual,63,-8.92022506431289,0.0016296952786767716,0.23296029811847507,0.6731486908214288,0.17625,0.0,0.0,0.0,0.019999999999999997,0.024849324095936102,0.028284253558961733,0.9542007994915274,1.0,0.0,0.9609700557343911
td3,TD3 residual,64,-8.298569254508097,0.002661407365231969,0.23379278570659817,0.7570585773717659,0.24625,0.0,0.0,0.0,0.019999999999999997,0.024771024620324576,0.028284261461512868,0.9608215352558696,1.0,0.0,0.9986703559728803
td3,TD3 residual,65,-5.614535620770191,0.0020067541666715307,0.2198942470584894,0.6614655478140098,0.1925,0.0,0.0,0.0,0.019999999999999997,0.024305039859792786,0.028284140750929162,0.9450358639919901,1.0,0.0,0.9307820484537008
td3,TD3 residual,66,-5.396489044356284,0.002183837250137454,0.21303507291720844,0.6773100319208097,0.22,0.0,0.0,0.0,0.019999999999999997,0.0241851295587439,0.028284240322255138,0.9254301785786444,1.0,0.0,0.8688655617328516
td3,TD3 residual,67,-6.432092728395171,0.0019108255302365581,0.19897670730255224,0.6308100205877352,0.17125,0.0,0.0,0.0,0.019999999999999997,0.024604981091628814,0.028284232551392344,0.930352785325027,1.0,0.0,0.8841747522656869
td3,TD3 residual,68,-3.3255754801637853,0.001692059639080245,0.18171659146299832,0.5528069829233128,0.1275,0.0,0.0,0.0,0.019999999999999997,0.022708937330795313,0.028284254876062228,0.8747784570725406,1.0,0.0,0.8694648184853071
td3,TD3 residual,69,-1.8537961348141483,0.0022265404847410346,0.16251293623828414,0.5573838375095165,0.16,0.0,0.0,0.0,0.019999999999999997,0.023842859187755396,0.028284232617241098,0.8783277878039432,1.0,0.0,0.9334156193798173
td3,TD3 residual,70,1.9157766153976241,0.001812060539015531,0.14702854843842006,0.47343619886077976,0.13875,0.0,0.0,0.0,0.019999999999999997,0.023013922717411983,0.028284146743561445,0.8868157824693536,1.0,0.0,0.8514647008509129
td3,TD3 residual,71,0.6071029816459322,0.0020134190717906114,0.1476314851614758,0.4933604381238263,0.14125,0.0,0.0,0.0,0.019999999999999997,0.02323530914569276,0.028284115989583178,0.8556805571278671,1.0,0.0,0.8711122328667352
td3,TD3 residual,72,-3.586758605662565,0.0017102336259906786,0.18781483821467343,0.5745103186287827,0.1575,0.0,0.0,0.0,0.019999999999999997,0.0232930144453174,0.02828419830712619,0.8778358716689609,1.0,0.0,0.8744432738590739
td3,TD3 residual,73,1.8005721305593432,0.0015688884725803848,0.14001958038929888,0.45281963706102685,0.10375,0.0,0.0,0.0,0.019999999999999997,0.022494457267956215,0.028284103476826958,0.8881965365724505,1.0,0.0,0.7853987946259561
td3,TD3 residual,74,0.5601139882477181,0.0015617087843186048,0.16409037654619613,0.4975252756618051,0.14125,0.0,0.0,0.0,0.019999999999999997,0.02292113140596621,0.028283599236367907,0.8691768631897958,1.0,0.0,0.8068349383373317
td3,TD3 residual,75,4.1673576148286235,0.0015143176512962405,0.1454923399337358,0.46046661046430726,0.1325,0.0,0.0,0.0,0.019999999999999997,0.022007018541388854,0.028283523112020977,0.8753567554498326,1.0,0.0,0.7460425153727479
td3,TD3 residual,76,-0.7513443417128596,0.0016753605794334742,0.18485461132884118,0.5665935082053557,0.16125,0.0,0.0,0.0,0.019999999999999997,0.022090711384162125,0.02828402273910847,0.8591360848014864,1.0,0.0,0.84472254215243
td3,TD3 residual,77,3.124708480772433,0.001554050145171672,0.13858958096638388,0.4424919635052545,0.11125,0.0,0.0,0.0,0.019999999999999997,0.022943788834845893,0.028283753003191393,0.9127253170193126,1.0,0.0,0.7624885620277441
td3,TD3 residual,78,2.2225214838522813,0.0014866616542072192,0.14843711275501925,0.4643213173332984,0.11,0.0,0.0,0.0,0.019999999999999997,0.02182390625233017,0.028279399250905835,0.8765831408887024,1.0,0.0,0.7627158916356997
td3,TD3 residual,79,3.036842753480127,0.0014232991322595306,0.14422061768889002,0.4508412379558072,0.095,0.0,0.0,0.0,0.019999999999999997,0.022428697876737756,0.028264561308135268,0.854815816671221,1.0,0.0,0.735344659319654
td3,TD3 residual,80,3.981376269435042,0.0012594034807351323,0.14779685781190544,0.4398410888664025,0.1025,0.0,0.0,0.0,0.019999999999999997,0.021753285546822054,0.028283649744838258,0.8520916979684721,1.0,0.0,0.718559224903015
td3,TD3 residual,81,2.5868409864423905,0.0011601781738169274,0.16530053904004852,0.4747069997825906,0.11375,0.0,0.0,0.0,0.019999999999999997,0.02121285559829517,0.028256512023073787,0.8230666550253116,1.0,0.0,0.7516995911736527
td3,TD3 residual,82,5.957340841312386,0.0015024750091877015,0.12030252827643681,0.4007901327874242,0.09875,0.0,0.0,0.0,0.019999999999999997,0.021222747068545024,0.028281616216091987,0.8457647116240746,1.0,0.0,0.6371928923222533
td3,TD3 residual,83,4.3955546545309865,0.0014330433264745656,0.14746027289019445,0.45740231436012513,0.12125,0.0,0.0,0.0,0.019999999999999997,0.02194422519776991,0.02827419484302917,0.8504345346654583,1.0,0.0,0.6939751408557633
td3,TD3 residual,84,6.039213866288285,0.0013827752668567684,0.14029738146728452,0.42842516432001676,0.11125,0.0,0.0,0.0,0.019999999999999997,0.021033656949290255,0.0282815300219931,0.8550646443866141,1.0,0.0,0.6700364194993549
td3,TD3 residual,85,7.008488098558548,0.0014438812820603243,0.12529081452751978,0.4115582287370612,0.09875,0.0,0.0,0.0,0.019999999999999997,0.020985880814581727,0.02825909349576562,0.8347773291223786,1.0,0.0,0.6409323271583136
td3,TD3 residual,86,4.271283117101525,0.0017052237779149972,0.13126211600885604,0.44008049378381714,0.13125,0.0,0.0,0.0,0.019999999999999997,0.02180211891010044,0.02828248621025377,0.8374372254680432,1.0,0.0,0.6961405562391095
td3,TD3 residual,87,6.139694201729403,0.0013742512055897548,0.13290119130092695,0.4114375052260175,0.10875,0.0,0.0,0.0,0.019999999999999997,0.02105995623315564,0.028282402914108922,0.87411389504283,1.0,0.0,0.6393968917215718
td3,TD3 residual,88,6.163554334861868,0.001343756652693613,0.13107443903010066,0.40893713021481576,0.105,0.0,0.0,0.0,0.019999999999999997,0.020436008800667285,0.028263082817692284,0.8833177960084526,1.0,0.0,0.6730609912228601
td3,TD3 residual,89,9.24573422805996,0.0012767493944976626,0.11800953334693613,0.37829046690056045,0.0975,0.0,0.0,0.0,0.019999999999999997,0.02042973034623321,0.028277734137775547,0.8169815493155401,1.0,0.0,0.6200901960643823
td3,TD3 residual,90,7.73843199867493,0.0012145995173931258,0.13844006842537496,0.4184393704743097,0.0975,0.0,0.0,0.0,0.019999999999999997,0.019638791381619412,0.02827026757710633,0.8247879424252088,1.0,0.0,0.6458219175967522
td3,TD3 residual,91,9.552063934216811,0.0014990153703760079,0.1151934101738296,0.3970729634557526,0.10125,0.0,0.0,0.0,0.019999999999999997,0.018950601070345217,0.02824348564767518,0.7824361091058175,1.0,0.0,0.5846781128418186
td3,TD3 residual,92,9.098927603494813,0.0013446292392160053,0.1206006149747062,0.40305930010514035,0.0875,0.0,0.0,0.0,0.019999999999999997,0.018843188948563995,0.028214577211676962,0.808166055468734,1.0,0.0,0.5724446145749904
td3,TD3 residual,93,10.016489351897858,0.0011827872848483888,0.1202866171749109,0.3777159633160332,0.08125,0.0,0.0,0.0,0.019999999999999997,0.017512998520042296,0.028246463716304276,0.7367857568127962,1.0,0.0,0.5729123218409622
td3,TD3 residual,94,11.734775593839915,0.0011595420793753075,0.11536957295792692,0.3643810594645203,0.09375,0.0,0.0,0.0,0.019999999999999997,0.01765787096988125,0.028274474760974888,0.690169852161288,1.0,0.0,0.5400082587697503
td3,TD3 residual,95,12.677715338402766,0.0013563826938756867,0.10242496700531674,0.3429746264651597,0.09625,0.0,0.0,0.0,0.019999999999999997,0.016408068710898057,0.028282011899151124,0.6813505132264914,1.0,0.0,0.5267229115407901
td3,TD3 residual,96,13.39103909509895,0.0010082172469802783,0.10044816047381001,0.3220738748485185,0.05625,0.0,0.0,0.0,0.019999999999999997,0.015107774546592276,0.02828230695132443,0.661451261481662,1.0,0.0,0.513837033934299
td3,TD3 residual,97,13.218714356224178,0.0011777852186001638,0.09923176439533499,0.32555656827190277,0.075,0.0,0.0,0.0,0.019999999999999997,0.015164645796726012,0.028208082854810464,0.6103103016126458,1.0,0.0,0.4903366408920147
td3,TD3 residual,98,13.069224168258843,0.0011355339499175394,0.10826694385742032,0.3475298407257362,0.07625,0.0,0.0,0.0,0.019999999999999997,0.015296879517328192,0.0280810736054832,0.6217402439932931,1.0,0.0,0.528278956736364
td3,TD3 residual,99,14.866632669716873,0.0012206314403211463,0.09326958863361184,0.3214808048647373,0.07625,0.0,0.0,0.0,0.019999999999999997,0.01371959517221439,0.028180526304197318,0.5924136586940432,1.0,0.0,0.4425425373095749
td3,TD3 residual,100,15.679360957309164,0.0011999716257963665,0.08900974160956687,0.3031930681594248,0.07375,0.0,0.0,0.0,0.019999999999999997,0.014173504031465379,0.02801554694969313,0.5815314873676272,1.0,0.0,0.4404074178684405
td3,TD3 residual,101,14.735035042520263,0.001250495206059314,0.08482318774852407,0.29660443283150173,0.065,0.0,0.0,0.0,0.019999999999999997,0.01382333988027935,0.02824774095017574,0.5926353433981784,1.0,0.0,0.47154692282463073
td3,TD3 residual,102,15.76019979583869,0.0009386844275546169,0.08751305976669528,0.28221247425062174,0.06,0.0,0.0,0.0,0.019999999999999997,0.013720712990430468,0.028203728394289147,0.5981718435673427,1.0,0.0,0.4386567170058731
td3,TD3 residual,103,18.615961115896997,0.0011078425163984738,0.07384148483355714,0.2645658701599378,0.0675,0.0,0.0,0.0,0.019999999999999997,0.013209473923567408,0.028118094916011718,0.5826221929696921,1.0,0.0,0.4032238206565676
td3,TD3 residual,104,18.301882354746425,0.0011117045233150072,0.07653325753755764,0.2698291712269352,0.07,0.0,0.0,0.0,0.019999999999999997,0.011594639782956433,0.02825681295074541,0.5235731102290759,1.0,0.0,0.3628018148753267
td3,TD3 residual,105,16.468818955899025,0.0010040786071303096,0.08202127869202236,0.27517404248491917,0.05625,0.0,0.0,0.0,0.019999999999999997,0.01212988955844649,0.02774135841900688,0.5434695859171766,1.0,0.0,0.3948656343041091
td3,TD3 residual,106,17.103953985276945,0.001007004335165756,0.08418118230837532,0.2794283723477983,0.055,0.0,0.0,0.0,0.019999999999999997,0.01181076783562065,0.02767846517841246,0.5396579406421258,1.0,0.0,0.3871732681158335
td3,TD3 residual,107,18.606923204952004,0.0009275662483376812,0.07471473807341061,0.250889456144871,0.04125,0.0,0.0,0.0,0.019999999999999997,0.011771047481233135,0.02790099451092542,0.5617339249840045,1.0,0.0,0.40456353683652535
td3,TD3 residual,108,19.567911703272124,0.0010368907854085996,0.07248874728640776,0.2627515366217311,0.0625,0.0,0.0,0.0,0.019999999999999997,0.011173141467097119,0.027585014770387713,0.5347122130821513,1.0,0.0,0.36447190491973136
td3,TD3 residual,109,20.39608439687395,0.0010160328426510588,0.06386925808894355,0.22999878504802942,0.05875,0.0,0.0,0.0,0.019999999999999997,0.010326961409819573,0.027508981948848654,0.5081339017035736,1.0,0.0,0.3349012236406497
td3,TD3 residual,110,20.253215480098003,0.0009206086466366914,0.06703147507063989,0.2325652118585669,0.0425,0.0,0.0,0.0,0.019999999999999997,0.010374891478614034,0.02745479891860156,0.4995608710999996,1.0,0.0,0.3504644674464196
td3,TD3 residual,111,20.62066639744442,0.0010249457672063694,0.06670127777006866,0.23296496239785738,0.0525,0.0,0.0,0.0,0.019999999999999997,0.010007393777091726,0.026420351856501538,0.478234338568397,1.0,0.0,0.3527169681188546
td3,TD3 residual,112,20.64274060854927,0.0008623942075870903,0.07069793941179324,0.23533088417556158,0.04125,0.0,0.0,0.0,0.019999999999999997,0.009534403051017088,0.027286032663351726,0.4820663058089882,1.0,0.0,0.344935066222613
td3,TD3 residual,113,21.638154832995436,0.0008926711000989238,0.07170018814086151,0.2401436527917737,0.05,0.0,0.0,0.0,0.019999999999999997,0.009489771742707782,0.028002249997524053,0.47145052906262125,1.0,0.0,0.34243838348659295
td3,TD3 residual,114,22.081079357722565,0.0009451722406857411,0.06561535862912499,0.23275416468701843,0.06,0.0,0.0,0.0,0.019999999999999997,0.009858943716555301,0.027710630481951656,0.4727692084982018,1.0,0.0,0.3276502271629089
td3,TD3 residual,115,20.82117778053929,0.0009954378291961539,0.0736087942419675,0.25557648570511604,0.05125,0.0,0.0,0.0,0.019999999999999997,0.009923109046167708,0.027766524784973132,0.4735543772368062,1.0,0.0,0.3447668600261167
td3,TD3 residual,116,20.67761472817357,0.001112710293278228,0.06908179111702303,0.254156896164766,0.06375,0.0,0.0,0.0,0.019999999999999997,0.01020578568303589,0.027083798724655547,0.4817375253498179,1.0,0.0,0.32802614457359897
td3,TD3 residual,117,22.354204014274536,0.0010820456451451285,0.06732525634666028,0.24436885474409475,0.0725,0.0,0.0,0.0,0.019999999999999997,0.00957005846322284,0.02801562686225787,0.47593593722557614,1.0,0.0,0.32963279016383096
td3,TD3 residual,118,20.222771016692562,0.0010686568883546083,0.07134644733406595,0.25455206127404073,0.065,0.0,0.0,0.0,0.019999999999999997,0.009983384444734258,0.027582527196839714,0.4762216405669241,1.0,0.0,0.33841652584806936
td3,TD3 residual,119,21.877176846510153,0.0010588172380119295,0.07062243351014161,0.2537731581807116,0.07125,0.0,0.0,0.0,0.019999999999999997,0.010200866936636981,0.02808494713200435,0.49039345189922673,1.0,0.0,0.33204173415275196
td3,TD3 residual,120,19.94566844051348,0.0011260959298682077,0.08788012792898005,0.3003941848402889,0.0825,0.0,0.0,0.0,0.019999999999999997,0.010142856128646106,0.027700159582992923,0.4953207874972655,1.0,0.0,0.3570934971393351
td3,TD3 residual,121,20.51965237152967,0.0011799720219740127,0.0721660305155263,0.26090372135329787,0.07125,0.0,0.0,0.0,0.019999999999999997,0.009804292746417292,0.024942708259609054,0.47452665346595063,1.0,0.0,0.31469191701505445
td3,TD3 residual,122,20.365552194077353,0.0011038781362980798,0.07923430062162287,0.2752161480915245,0.07625,0.0,0.0,0.0,0.019999999999999997,0.009716825218782175,0.027863793744853472,0.489963660391808,1.0,0.0,0.33295912287777396
td3,TD3 residual,123,21.704661945985276,0.0010978995200531332,0.07970055680985548,0.27686874141069007,0.07875,0.0,0.0,0.0,0.019999999999999997,0.009308576835697581,0.027643413521026977,0.4784098631952262,1.0,0.0,0.32880804901415706
td3,TD3 residual,124,21.82552508449981,0.0011960128849446436,0.06982833894478414,0.26581101391686673,0.08375,0.0,0.0,0.0,0.019999999999999997,0.00961057791580187,0.027399346690268802,0.4772633625355185,1.0,0.0,0.3122643164086822
td3,TD3 residual,125,19.958910123076656,0.0012760001198663024,0.07551035766379764,0.2779955810448256,0.0875,0.0,0.0,0.0,0.019999999999999997,0.009953331326982694,0.027348054481842896,0.47862865838659163,1.0,0.0,0.30780052651615075
td3,TD3 residual,126,21.12458710153099,0.0009763066414076676,0.08723114193227495,0.28153860130802255,0.08875,0.0,0.0,0.0,0.019999999999999997,0.009574532550973663,0.02767650567532253,0.4691886301097769,1.0,0.0,0.325975549061306
td3,TD3 residual,127,21.12912651470742,0.0011695861798586725,0.07229058004810146,0.26490303872743337,0.0725,0.0,0.0,0.0,0.019999999999999997,0.010285066292484872,0.028104819662828563,0.477458461964708,1.0,0.0,0.33240185921169163
td3,TD3 residual,128,20.04528778577541,0.0013534410248668802,0.07475789586073894,0.28941659547258886,0.1075,0.0,0.0,0.0,0.019999999999999997,0.009594065364857317,0.026654280443665794,0.4981235715181561,1.0,0.0,0.3297767034713314
td3,TD3 residual,129,22.599012694741738,0.0012760764381354716,0.0696692130797492,0.2712146394150303,0.095,0.0,0.0,0.0,0.019999999999999997,0.009203214826132584,0.027121981145436205,0.4776472593236768,1.0,0.0,0.2746979585480953
td3,TD3 residual,130,20.461787997908683,0.001351533747165508,0.07270004250000515,0.2918104248063209,0.085,0.0,0.0,0.0,0.019999999999999997,0.010022126980477547,0.0282359618984676,0.474732437372002,1.0,0.0,0.28479634926114605
td3,TD3 residual,131,21.188613777115883,0.0011369451973692016,0.08264404492524217,0.28880662375616645,0.09,0.0,0.0,0.0,0.019999999999999997,0.008999268496677038,0.02763894985364617,0.46075351477411286,1.0,0.0,0.2701107102838419
td3,TD3 residual,132,20.886406548663054,0.0013202180726662063,0.06944380871237017,0.2633437443188315,0.07625,0.0,0.0,0.0,0.019999999999999997,0.009486206246734928,0.027948663734362684,0.4719871215026301,1.0,0.0,0.3301318182896852
td3,TD3 residual,133,21.377426749350647,0.0012154730348898025,0.07280658937392392,0.2714121011549507,0.09,0.0,0.0,0.0,0.019999999999999997,0.009038749673719836,0.027442874051806884,0.47662376536876566,1.0,0.0,0.28238238056318576
td3,TD3 residual,134,21.644018389050345,0.00118459993697013,0.07877004219417125,0.2776117663477358,0.09625,0.0,0.0,0.0,0.019999999999999997,0.008717879832451585,0.02756466900230372,0.4322151719761485,1.0,0.0,0.2780826405143829
td3,TD3 residual,135,22.532165534236036,0.001265371330460259,0.07090921607967952,0.2699474054766584,0.0925,0.0,0.0,0.0,0.019999999999999997,0.008791484498834127,0.027950138286327423,0.43377556254784105,1.0,0.0,0.24306655553964396
td3,TD3 residual,136,23.210611163137585,0.0011933777024513762,0.07174122232634109,0.26258228967852715,0.09,0.0,0.0,0.0,0.019999999999999997,0.008776071849217469,0.02822519489552098,0.4319167527743173,1.0,0.0,0.24872914707342567
td3,TD3 residual,137,22.09853860854546,0.0011317614852858482,0.07739179399412235,0.2734618197746374,0.08625,0.0,0.0,0.0,0.019999999999999997,0.008141226549525584,0.027520840437159716,0.4155268737137285,1.0,0.0,0.24005892150659786
td3,TD3 residual,138,22.960101830956305,0.0011284080745608666,0.07646929211269957,0.27302476774640383,0.07875,0.0,0.0,0.0,0.019999999999999997,0.008314849555325318,0.028006019775975735,0.40744787021844486,1.0,0.0,0.25076531455072826
td3,TD3 residual,139,22.122030510113305,0.001224730223222363,0.07618401988272858,0.2772539366209909,0.10125,0.0,0.0,0.0,0.019999999999999997,0.008364944096855493,0.02820619399800843,0.41508560969219116,1.0,0.0,0.24317204071406373
td3,TD3 residual,140,23.319946361903963,0.001270546088185327,0.07009454308924509,0.2703679484133308,0.09125,0.0,0.0,0.0,0.019999999999999997,0.00788876791395942,0.027790416976200445,0.40916590462057184,1.0,0.0,0.2136111982316398
td3,TD3 residual,141,22.71648389993403,0.0012514250416583844,0.07502175828413647,0.2771430117814628,0.09,0.0,0.0,0.0,0.019999999999999997,0.008640930375641821,0.028144569280358776,0.4230552501543516,1.0,0.0,0.2544714058622736
td3,TD3 residual,142,23.560321831775855,0.001134024229160954,0.07825208575012535,0.2797001709134372,0.095,0.0,0.0,0.0,0.019999999999999997,0.00818375060435668,0.027206049174987857,0.4235065406602046,1.0,0.0,0.2351429377326425
td3,TD3 residual,143,23.291828951221756,0.0010236972217223775,0.08223449851209107,0.27368951500938143,0.085,0.0,0.0,0.0,0.019999999999999997,0.0077879181325480286,0.027906099065013623,0.393713144498885,1.0,0.0,0.2515478490285695
td3,TD3 residual,144,24.849818163228118,0.0011282188486109145,0.07249900636050087,0.2609054929842177,0.09625,0.0,0.0,0.0,0.019999999999999997,0.0074258994966258296,0.027517330474886352,0.41097470780140904,1.0,0.0,0.21451280811886328
td3,TD3 residual,145,24.73625522409081,0.001254537982111798,0.0671580586700779,0.26397518291009775,0.10125,0.0,0.0,0.0,0.019999999999999997,0.008190554582243374,0.028134428101732268,0.40388061353055776,1.0,0.0,0.20610841187487206
td3,TD3 residual,146,22.497492995094245,0.0011301156316133154,0.07453228019991635,0.2615893886011548,0.0775,0.0,0.0,0.0,0.019999999999999997,0.007940811266141204,0.027786814328629186,0.3988461556198812,1.0,0.0,0.24568651240485614
td3,TD3 residual,147,22.68465476049984,0.0012779379253970624,0.07069026267181655,0.2735145856217094,0.08625,0.0,0.0,0.0,0.019999999999999997,0.007963869498684398,0.028248147082273387,0.4203659458244576,1.0,0.0,0.2091445780787796
td3,TD3 residual,148,24.10850433230046,0.001218730059131426,0.07316485290225166,0.2728599670572324,0.09875,0.0,0.0,0.0,0.019999999999999997,0.007392153783853792,0.027772386167985226,0.3946125748740903,1.0,0.0,0.20877744043385327
td3,TD3 residual,149,22.92743102192031,0.0011947921873774227,0.0711257651473927,0.26610867832983004,0.0775,0.0,0.0,0.0,0.019999999999999997,0.007940231781727092,0.0282472360477717,0.39211687587615257,1.0,0.0,0.20499262301688226
td3,TD3 residual,150,23.324381830704034,0.0011791783042171473,0.07158544913211605,0.2656966340187059,0.09375,0.0,0.0,0.0,0.019999999999999997,0.008148900045770194,0.028117359300533558,0.40646513111914734,1.0,0.0,0.20335217139724623
td3,TD3 residual,151,24.103033754598993,0.0011674264846721172,0.07299464789799626,0.26863830385294596,0.09,0.0,0.0,0.0,0.019999999999999997,0.007832520304783,0.02824875350401176,0.39827667112883774,1.0,0.0,0.21838435821941857
td3,TD3 residual,152,25.44115146018678,0.0011482225723112446,0.07044370901420191,0.26173084292420046,0.085,0.0,0.0,0.0,0.019999999999999997,0.00733903138410898,0.02825002235384384,0.38587142531129376,1.0,0.0,0.16995096383772818
td3,TD3 residual,153,25.107320668755598,0.0010690936075192373,0.07564061382465766,0.26362536966961864,0.09375,0.0,0.0,0.0,0.019999999999999997,0.007415694221101221,0.02791940024277443,0.36746021054730377,1.0,0.0,0.1815270527898227
td3,TD3 residual,154,25.185904513049817,0.0011742791447200793,0.06635323086918216,0.24882413299858272,0.085,0.0,0.0,0.0,0.019999999999999997,0.007624041090754588,0.028283038043593365,0.3857126159084821,1.0,0.0,0.17320917901125912
td3,TD3 residual,155,24.876071107891885,0.0012446996766592353,0.06773239131127289,0.2587034177765293,0.0975,0.0,0.0,0.0,0.019999999999999997,0.0078262155217916,0.028247475934433244,0.394337005005155,1.0,0.0,0.18460219077946496
td3,TD3 residual,156,25.534538778588402,0.0010850076095165907,0.07156770152258589,0.25562476604837964,0.095,0.0,0.0,0.0,0.019999999999999997,0.007113383658053046,0.028218860239529034,0.38922997077735644,1.0,0.0,0.1704241195806061
td3,TD3 residual,157,24.678685167104234,0.001273985622894621,0.06589731053791345,0.26353515751809525,0.10125,0.0,0.0,0.0,0.019999999999999997,0.00750701642245895,0.028035017238504486,0.3955287771947586,1.0,0.0,0.18020991831142902
td3,TD3 residual,158,25.932345148805542,0.0011747978711191445,0.06470330420467896,0.24752403247743665,0.095,0.0,0.0,0.0,0.019999999999999997,0.007750394929071313,0.028278300282714153,0.3848933567761246,1.0,0.0,0.1926388031206226
td3,TD3 residual,159,25.690100580787625,0.0011237213829031387,0.07349991984855783,0.26296909451316713,0.10375,0.0,0.0,0.0,0.019999999999999997,0.007176038221647038,0.027697584967308956,0.3764471229903284,1.0,0.0,0.17142332209563038
td3,TD3 residual,160,26.256178086024857,0.001149816688483117,0.07050785082494809,0.26259942751139465,0.095,0.0,0.0,0.0,0.019999999999999997,0.007263558831107699,0.02807843831557161,0.37614297633100124,1.0,0.0,0.17403738925906254
td3,TD3 residual,161,25.89699536959272,0.0010246087388861612,0.07253441820581817,0.2506749638452828,0.075,0.0,0.0,0.0,0.019999999999999997,0.006981159970230283,0.027884031794377373,0.3656372580044597,1.0,0.0,0.1739076973713374
td3,TD3 residual,162,25.46551772827291,0.0010657474622169404,0.0747089380127988,0.2634837307761201,0.09375,0.0,0.0,0.0,0.019999999999999997,0.007092824017659632,0.02689025594658843,0.3688528169625343,1.0,0.0,0.17353778383657514
td3,TD3 residual,163,25.32749126642497,0.0011146786341503035,0.06728408248641457,0.2520880591872352,0.08625,0.0,0.0,0.0,0.019999999999999997,0.007527820407815747,0.027722916853077678,0.3842929105675596,1.0,0.0,0.17194948043573455
td3,TD3 residual,164,26.368965389426602,0.0009632108878603388,0.07420511938062575,0.2565324883435445,0.08,0.0,0.0,0.0,0.019999999999999997,0.007336388195294921,0.027453425424214997,0.38127024303235907,1.0,0.0,0.17910167961838674
td3,TD3 residual,165,26.18004152647622,0.0009290942169816144,0.07368516129353381,0.2498077542888454,0.07625,0.0,0.0,0.0,0.019999999999999997,0.0068468689450979624,0.02791083821081416,0.36032723222765967,1.0,0.0,0.1649976837270309
td3,TD3 residual,166,26.988609675524753,0.0009160868379110105,0.0703932189035289,0.23909219607937737,0.0725,0.0,0.0,0.0,0.019999999999999997,0.0069635476876847725,0.027869210535160366,0.3589480562088181,1.0,0.0,0.16807534499998622
td3,TD3 residual,167,26.82289234613596,0.0009671677334447196,0.07278086038028261,0.25091561714646315,0.085,0.0,0.0,0.0,0.019999999999999997,0.006851799902776012,0.028074007998127107,0.3527896210116562,1.0,0.0,0.15078454941509808
td3,TD3 residual,168,27.27459616041218,0.001023899657130868,0.06938644280171932,0.24953344650010567,0.08625,0.0,0.0,0.0,0.019999999999999997,0.007416633599713327,0.028119855521948175,0.3615866736680708,1.0,0.0,0.16400770775240858
td3,TD3 residual,169,26.66842215752209,0.001005457837525032,0.06518710538611047,0.23571983800721802,0.07375,0.0,0.0,0.0,0.019999999999999997,0.007083647802189407,0.028267931138917513,0.36253275081893577,1.0,0.0,0.1596660271196319
td3,TD3 residual,170,27.706487354638657,0.0009421504257375808,0.0678462366855463,0.2370498823156077,0.07375,0.0,0.0,0.0,0.019999999999999997,0.006693499599446833,0.027104305405338158,0.3615151014208186,1.0,0.0,0.1615881768200865
td3,TD3 residual,171,27.09672129497556,0.0010218941948897057,0.06465031500036482,0.238191795437758,0.0775,0.0,0.0,0.0,0.019999999999999997,0.007183008998309578,0.028251550338573884,0.3673744834349725,1.0,0.0,0.15826984583686013
td3,TD3 residual,172,26.774343455120814,0.0009568661189565171,0.06996330756567956,0.23976904324590706,0.08,0.0,0.0,0.0,0.019999999999999997,0.007090117050614801,0.027691045877134217,0.3761361714176988,1.0,0.0,0.17566371644407985
td3,TD3 residual,173,27.85673801093146,0.0009761675821052674,0.066839593738012,0.24138978615908044,0.0775,0.0,0.0,0.0,0.019999999999999997,0.006651841735835742,0.02810689908245951,0.3595729638994679,1.0,0.0,0.14790454218373253
td3,TD3 residual,174,26.38981243367333,0.0009412725729170007,0.06751654970474323,0.23405824944702133,0.0725,0.0,0.0,0.0,0.019999999999999997,0.006994989639628486,0.027479523731867333,0.3465433806258371,1.0,0.0,0.16334242001873706
td3,TD3 residual,175,27.750307683678667,0.0009628808012980672,0.06723111852686037,0.23989338084733178,0.08125,0.0,0.0,0.0,0.019999999999999997,0.00671251369220946,0.026960991242559604,0.3532583793029142,1.0,0.0,0.13549996711830153
td3,TD3 residual,176,28.253101777729725,0.000949301217396489,0.06412400928927531,0.22688409727601588,0.06625,0.0,0.0,0.0,0.019999999999999997,0.006504026350852452,0.027759824328880772,0.34740353981589434,1.0,0.0,0.15334325253587827
td3,TD3 residual,177,27.18622092029346,0.0009574487073283114,0.06742800323764608,0.23170740391674413,0.0775,0.0,0.0,0.0,0.019999999999999997,0.006652832044061621,0.025266907201548342,0.33598757671160634,1.0,0.0,0.15540964581811637
td3,TD3 residual,178,27.6994024942275,0.0008981912567273234,0.07206888109197016,0.23995601212329024,0.07875,0.0,0.0,0.0,0.019999999999999997,0.00659179371061168,0.02703333473797341,0.34754814700351255,1.0,0.0,0.14739313868914045
td3,TD3 residual,179,28.542351062431518,0.0009148329448332106,0.069324067483916,0.2370371756267513,0.075,0.0,0.0,0.0,0.019999999999999997,0.006660870658444892,0.026471270210988985,0.3389839509894383,1.0,0.0,0.15432031294994122
td3,TD3 residual,180,28.19314488667187,0.0009915613163923422,0.06513179415254935,0.23314773029473806,0.07625,0.0,0.0,0.0,0.019999999999999997,0.006481981087798372,0.026591585243213374,0.34062485652674146,1.0,0.0,0.12474849938181996
td3,TD3 residual,181,27.973943360189327,0.0009513957861066408,0.07001858734913632,0.24143977276500247,0.07875,0.0,0.0,0.0,0.019999999999999997,0.0063648983945361025,0.028067348273109666,0.3281009668633406,1.0,0.0,0.12359498811864428
td3,TD3 residual,182,27.754182863696084,0.0010634019715768043,0.06552095401241344,0.24015710009075422,0.09,0.0,0.0,0.0,0.019999999999999997,0.006662128790687123,0.026400111323799755,0.3409441421328556,1.0,0.0,0.14080729023002206
td3,TD3 residual,183,28.527731514294164,0.0009355751770116533,0.07127117927217602,0.24087745177697983,0.08625,0.0,0.0,0.0,0.019999999999999997,0.006483304977907983,0.026615586082203574,0.3242362823274323,1.0,0.0,0.12179165466159453
td3,TD3 residual,184,28.037718799690442,0.0009664156973016735,0.07183256015104898,0.24850589499704745,0.08375,0.0,0.0,0.0,0.019999999999999997,0.006391911223867015,0.028004075891711964,0.33603371534676546,1.0,0.0,0.13007582781484597
td3,TD3 residual,185,27.923521740270857,0.0010551461806814254,0.06805709165031908,0.2498205579794196,0.09,0.0,0.0,0.0,0.019999999999999997,0.0065358260919801524,0.027689470886827845,0.3363763964647285,1.0,0.0,0.1414871684661919
td3,TD3 residual,186,28.086537909713623,0.0010042452653795967,0.06993151932344163,0.24528193040668872,0.095,0.0,0.0,0.0,0.019999999999999997,0.00637728546260587,0.02664731131505638,0.32349520728083886,1.0,0.0,0.11728687831367977
td3,TD3 residual,187,27.25662671584908,0.0009690219082616592,0.07604717553410205,0.25907602136177565,0.0875,0.0,0.0,0.0,0.019999999999999997,0.00644395608340216,0.027695642430646032,0.3314524566177719,1.0,0.0,0.13150486725824906
td3,TD3 residual,188,27.047099525986106,0.000900091380329619,0.08242827613355429,0.26624425969906135,0.095,0.0,0.0,0.0,0.019999999999999997,0.006428433832363522,0.028243459263836566,0.3272071263911444,1.0,0.0,0.14029676280695785
td3,TD3 residual,189,27.12093147287872,0.0011822583716266486,0.06452258466169791,0.25386805155456577,0.09375,0.0,0.0,0.0,0.019999999999999997,0.006898344102003788,0.02824882799048516,0.35215725434426726,1.0,0.0,0.12002212872294411
td3,TD3 residual,190,26.762396641648756,0.0010347655401481892,0.07420158444174324,0.25953227826158703,0.09125,0.0,0.0,0.0,0.019999999999999997,0.0064100424339927995,0.0268526636634191,0.32992658271510444,1.0,0.0,0.12332947135503464
td3,TD3 residual,191,27.017236817830636,0.0010841787038564725,0.07165367126708362,0.2584371314504476,0.09875,0.0,0.0,0.0,0.019999999999999997,0.006983872485273366,0.02819002641685845,0.350821449309162,1.0,0.0,0.12741606948528084
td3,TD3 residual,192,27.108796360125563,0.001179382383255352,0.06894422564625557,0.25788440188420586,0.1075,0.0,0.0,0.0,0.019999999999999997,0.006993725776353512,0.02797156592925462,0.34637425347496537,1.0,0.0,0.130907732925966
td3,TD3 residual,193,27.70217644145568,0.0010897232946920502,0.07677860765843256,0.2650063569422212,0.09875,0.0,0.0,0.0,0.019999999999999997,0.0066740620114900595,0.02823741354822875,0.33676425193285087,1.0,0.0,0.12503384021683236
td3,TD3 residual,194,28.681942928944636,0.0011422317761190584,0.06636912205212102,0.25207450696825434,0.105,0.0,0.0,0.0,0.019999999999999997,0.006576115994120721,0.027839582302232716,0.3396089547338579,1.0,0.0,0.12295363958453841
td3,TD3 residual,195,26.906333498717867,0.0010905927517966287,0.07473649105722364,0.2711172970359988,0.09375,0.0,0.0,0.0,0.019999999999999997,0.006907087516652603,0.028244890916866647,0.34629532775509675,1.0,0.0,0.11818847970992356
td3,TD3 residual,196,27.875254438907128,0.0010768439963538257,0.07049967154472879,0.25764892539443435,0.09875,0.0,0.0,0.0,0.019999999999999997,0.006594107427513976,0.02802416904918389,0.3397150824847688,1.0,0.0,0.1259688856673624
td3,TD3 residual,197,28.193059378507723,0.001057394132613452,0.06830696756858667,0.24894933899220917,0.09,0.0,0.0,0.0,0.019999999999999997,0.006514760072057055,0.028241289080698114,0.3330067230654047,1.0,0.0,0.12946188304421757
td3,TD3 residual,198,28.723120501060684,0.001064842932113507,0.06344683584423592,0.23604586498519833,0.08,0.0,0.0,0.0,0.019999999999999997,0.006433253523738516,0.02825666022622698,0.33429190082912796,1.0,0.0,0.11387096891177974
td3,TD3 residual,199,28.671294875621637,0.001120841267075269,0.059900149772167705,0.23448026530462981,0.08125,0.0,0.0,0.0,0.019999999999999997,0.006521755765322284,0.026004586088304544,0.33323321483583046,1.0,0.0,0.11443339765967604
td3,TD3 residual,200,30.393797078483793,0.0012541731197304807,0.061945777959451276,0.248286894219798,0.09875,0.0,0.0,0.0,0.019999999999999997,0.005673128436669241,0.027099368137079076,0.30370973078543206,1.0,0.0,2.2301197784709753e-06
td7,TD7 residual,1,-2.4754631157459563,0.0026223177021771865,0.2927706401858373,0.9439616776168781,0.3075,0.0,0.0,0.0,,4.1575425428951216e-08,7.335069763773499e-08,0.2386006229641321,0.6286900931503624,0.0,0.37457106746897745
td7,TD7 residual,2,7.874010893845125,0.0015049683573207361,0.18594178333833639,0.5659614777088207,0.15375,0.0,0.0,0.0,,4.5426041217296955e-08,7.054183235827558e-08,0.7478220786382362,0.9999998807907104,0.0,0.8399029383054775
td7,TD7 residual,3,7.9846924066013365,0.0014994051015581027,0.18505932937001168,0.56341533364016,0.14875,0.0,0.0,0.0,,4.450145305116117e-08,7.218548701553869e-08,0.9115809442299299,1.0,0.0,0.9112691605589649
td7,TD7 residual,4,8.105861238562058,0.0014935434553698503,0.1841020657455247,0.5606684928164642,0.14625,0.0,0.0,0.0,,4.5478913306262254e-08,7.103469220442204e-08,0.9092610285110803,1.0,0.0,0.9024472201422747
td7,TD7 residual,5,8.225751087395833,0.0014873750083868498,0.18307175951326818,0.5577227764569225,0.14375,0.0,0.0,0.0,,4.3751315469364915e-08,7.074607069338237e-08,0.8991057792408068,1.0,0.0,0.8920794724786024
td7,TD7 residual,6,8.349040538526186,0.001480928696848447,0.18196550985806736,0.5545747293413358,0.14125,0.0,0.0,0.0,,4.572197140454036e-08,7.009567633334493e-08,0.8260906110605906,1.0,0.0,0.7728540898393018
td7,TD7 residual,7,8.48203890090931,0.0014741684335295396,0.18077219647381912,0.5511948495746698,0.14125,0.0,0.0,0.0,,4.53443096444732e-08,7.15257801722579e-08,0.6821144640208421,1.0,0.0,0.6352631849932441
td7,TD7 residual,8,8.646030864361617,0.0014670556034361666,0.17952055136780726,0.5476473680628137,0.14375,0.0,0.0,0.0,,4.38340421862018e-08,6.982563839577751e-08,0.5187061724127656,1.0,0.0,0.4888680029913248
td7,TD7 residual,9,8.806049896434699,0.0014595874684215548,0.17844642803999952,0.5444947737688818,0.14,0.0,0.0,0.0,,4.564725926942468e-08,7.128635372773806e-08,0.4752773587936028,1.0,0.0,0.4717407236230816
td7,TD7 residual,10,8.921949093624567,0.0014515436935976767,0.17753203477088633,0.5416821760880085,0.14,0.0,0.0,0.0,,4.531663782526677e-08,6.974460099123588e-08,0.44947968304368713,1.0,0.0,0.4381465721397441
td7,TD7 residual,11,6.363646847803094,0.0017901162361100198,0.1768748149268555,0.5719464888743591,0.14625,0.9975,0.79,0.0,0.004999999999999999,0.0006963303244310227,0.002528928175292994,0.6327310423650752,1.0,0.0,0.7029845060548451
td7,TD7 residual,12,2.9625356549167305,0.0018420998762715504,0.18976732157029907,0.591472460249302,0.13875,1.0,0.8725,0.0,0.005515948275862069,0.0008121253919245461,0.004517060922020748,0.7528608634946374,1.0,0.0,0.71903927056944
td7,TD7 residual,13,6.24774877967192,0.0018159580832783865,0.18509219946961458,0.5805790200214255,0.15625,1.0,0.905,0.0,0.006033189655172413,0.0008507905940277927,0.005458727312938354,0.676641064929073,1.0,0.0,0.566561840088001
td7,TD7 residual,14,8.537832516513028,0.001743071862170134,0.16965679134975978,0.5464126548041374,0.1325,1.0,0.95,0.295,0.00655043103448276,0.0007684163314332877,0.004576960968438674,0.5321803623745047,1.0,0.0,0.4880217743122273
td7,TD7 residual,15,9.051153083197516,0.0018151522996772346,0.16455300126279954,0.5422964928565643,0.12875,1.0,0.9475,0.3725,0.0070676724137931045,0.0008553154525666845,0.004187848042585819,0.5485200053298569,1.0,0.0,0.5172410789638497
td7,TD7 residual,16,9.7492660913973,0.001803127685442401,0.16296934141811234,0.5402678009022163,0.125,1.0,0.955,0.3875,0.007584913793103447,0.0008899207553026784,0.0038888616756388886,0.5542400799897872,1.0,0.0,0.5006221496257062
td7,TD7 residual,17,9.950721057967218,0.0017605561027378399,0.16480795953736976,0.5449442696428761,0.12375,1.0,0.9775,0.4125,0.008102155172413791,0.0007749287843205395,0.002864976561723019,0.5435498370843397,1.0,0.0,0.5012237667427223
td7,TD7 residual,18,9.982302755648389,0.001787443240951645,0.16381228217320792,0.5452928617987632,0.125,1.0,0.9775,0.425,0.00861939655172414,0.0008254213554167375,0.0028849622231164095,0.526866664261095,1.0,0.0,0.4862827295611508
td7,TD7 residual,19,8.340866757684026,0.001923782876267136,0.16241212383467105,0.5511690566795201,0.11375,1.0,0.97,0.445,0.009136637931034485,0.001005950741131587,0.00470112130795142,0.5299181782252913,1.0,0.0,0.48260312698022473
td7,TD7 residual,20,11.070152834933998,0.0018003610164449202,0.16205187647842728,0.5431599798284443,0.12875,1.0,0.98,0.4425,0.009653879310344827,0.0008792301465555158,0.003269894811738405,0.5137767731418724,1.0,0.0,0.46528631329754977
td7,TD7 residual,21,7.375274855096635,0.0020375759928527555,0.16147713751322165,0.557989037298086,0.10875,1.0,0.945,0.43,0.010171120689655174,0.0011425215321569026,0.004779960395110454,0.5178132647297489,1.0,0.0,0.4707283911783308
td7,TD7 residual,22,8.834809140573407,0.0019521071498213901,0.16431150480945975,0.5582131939645126,0.11375,1.0,0.9775,0.4025,0.01068836206896552,0.0010087897917294736,0.0037794078318766165,0.5081409514271004,1.0,0.0,0.46059814248292275
td7,TD7 residual,23,9.539518281429741,0.0018813561881699794,0.16156982794022604,0.546671189003145,0.125,1.0,0.98,0.4175,0.011205603448275859,0.0010080641322474096,0.003962265729016774,0.5047926863240068,1.0,0.0,0.4612546353090537
td7,TD7 residual,24,10.3167051869526,0.001789166297211786,0.16370449363811093,0.5427037221079125,0.11625,1.0,0.975,0.39,0.011722844827586208,0.0008757151277587394,0.0017365703082792656,0.5024867976472931,1.0,0.0,0.4566835092214487
td7,TD7 residual,25,9.817765087276461,0.001829341071595828,0.1593732703587209,0.5332935973319137,0.12875,1.0,0.975,0.37,0.012240086206896553,0.0008812440961330601,0.004327943904079207,0.48806835853550445,1.0,0.0,0.4469373627878699
td7,TD7 residual,26,8.713823143701592,0.001854136541484735,0.16566763276911672,0.5466930033340061,0.1325,1.0,0.9725,0.3675,0.012757327586206891,0.0008367654882949771,0.0032707947329706083,0.48617803368408646,1.0,0.0,0.45853575653993994
td7,TD7 residual,27,10.820797065656603,0.0016924705708513698,0.15931411007255483,0.5226450799199732,0.12125,1.0,0.985,0.3475,0.013274568965517241,0.0007312331183231077,0.0018775078456299038,0.48389677571709055,1.0,0.0,0.43478519583030495
td7,TD7 residual,28,10.527417813884083,0.0016648496109057385,0.16091153547522385,0.5208864462771597,0.12625,1.0,0.9825,0.3075,0.013791810344827586,0.0006799698928857897,0.0019506094913652166,0.44455992746025685,1.0,0.0,0.40797307059095644
td7,TD7 residual,29,11.612813606017005,0.0016056442625080073,0.15973322773183296,0.5127825351643996,0.13125,1.0,0.9875,0.285,0.014309051724137928,0.0006429876674662733,0.0020237687283723676,0.4250166707802684,1.0,0.0,0.39395165672274063
td7,TD7 residual,30,9.611774612492372,0.0016204814188903243,0.1610991008863599,0.5141053583914522,0.14,1.0,0.9875,0.2675,0.01482629310344828,0.0006803752156943264,0.002096876004907216,0.4069926390980956,1.0,0.0,0.3801858515582863
td7,TD7 residual,31,-54.443787828531825,0.011306182753871302,0.5788657447649925,2.3369214388427313,0.975,0.0025,0.0025,0.9925,0.01534353448275862,0.02075460765732946,0.021700888162690907,0.795737381281098,1.0,0.0,0.30086513776090285
td7,TD7 residual,32,-65.16583810660188,0.01159344915234663,0.6547851904290621,2.5386678838014554,0.995,0.0,0.0,0.99,0.015860775862068962,0.021632627241654597,0.022432371677428935,1.3383656216119175,1.0,0.0,0.2600907520115882
td7,TD7 residual,33,-65.34416820058145,0.012378328478607958,0.6306670754602579,2.5489471123726926,0.99625,0.0,0.0,0.96,0.016378017241379314,0.021498952329707353,0.02316385262384886,1.300931699827006,1.0,0.0,0.22799261982867808
td7,TD7 residual,34,-6.166843301731681,0.00572746826398658,0.10712362309723077,0.885909874119209,0.3175,0.0,0.0,0.265,0.016895258620689652,0.012047457407168415,0.023509483322260667,0.9710749613585148,0.99999970972538,0.0,0.13933344647334472
td7,TD7 residual,35,-10.652509501489924,0.005409347202637272,0.17799168285593125,0.8256434441325294,0.2875,0.0,0.0,0.34,0.017412499999999994,0.013003220108013443,0.02462680134581063,0.6030157887479235,0.9999996721744537,0.0,0.14305772082626228
td7,TD7 residual,36,-25.24462954751459,0.008873280469255267,0.13714708701582018,0.885951546735333,0.34875,0.0,0.0,0.6875,0.017929741379310346,0.019560935160883218,0.02535837066890401,0.8118773359086702,1.0,0.0,0.1422770303429281
td7,TD7 residual,37,10.091890130857298,0.0013174075374867281,0.13314428841191578,0.4035314579407857,0.115,0.0,0.0,0.125,0.018446982758620684,0.007371388083350221,0.025206770787988858,0.804472507744313,1.0,0.0,0.13273759151030537
td7,TD7 residual,38,9.278993503548717,0.0015879925489004421,0.10251752365833042,0.35233565996360505,0.09625,0.0,0.0,0.1125,0.01896422413793104,0.00701675589387521,0.024738241961781943,0.3219721516576782,1.0,0.0,0.12850531517574157
td7,TD7 residual,39,14.324749329811134,0.0018778758804365075,0.08495024202868684,0.3364000591337684,0.12875,0.0,0.0,0.1275,0.019481465517241378,0.007795871561290186,0.026966868408939915,0.32508576217521096,1.0,0.0,0.12660331921134255
td7,TD7 residual,40,17.298059100562856,0.0013634488150973101,0.09818790381542683,0.3475111736390615,0.115,0.0,0.0,0.0025,0.01999870689655172,0.006889678662820647,0.022451592710969994,0.3259476880498607,1.0,0.0,0.12689568848252739
td7,TD7 residual,41,17.375179458168915,0.0016204533130094985,0.08423858072922119,0.3307598880220644,0.1175,0.0,0.0,0.0,0.019999999999999997,0.007252205496227254,0.021470694805516107,0.3098843159299236,1.0,0.0,0.12509025876279356
td7,TD7 residual,42,18.075918025044963,0.0013049212585573844,0.09717938900843787,0.3342341458512722,0.12125,0.0,0.0,0.0,0.019999999999999997,0.006875842161407932,0.021964782749364635,0.3143407956086429,1.0,0.0,0.12086764671278014
td7,TD7 residual,43,20.031424858815946,0.0012885300040686046,0.09169033645083466,0.32358868616818875,0.1075,0.0,0.0,0.0,0.019999999999999997,0.006909581485830647,0.02143004818283671,0.31335710017421947,1.0,0.0,0.12071817329432445
td7,TD7 residual,44,19.054976433340585,0.001428657704987705,0.09229150281137904,0.341579266482298,0.11875,0.0,0.0,0.0,0.019999999999999997,0.007226585709537895,0.021662607048508434,0.32331829497730236,1.0,0.0,0.11804341905883975
td7,TD7 residual,45,19.801370543923145,0.0015076713636600408,0.09018603099901487,0.3400789359179086,0.12625,0.0,0.0,0.0,0.019999999999999997,0.0071379011672560895,0.021707273607473616,0.3297522005324942,1.0,0.0,0.11235765302897015
td7,TD7 residual,46,17.898637268465887,0.0014917504060720527,0.09004625478431998,0.34223284753929023,0.115,0.0,0.0,0.0,0.019999999999999997,0.0072808640322990495,0.022029716404259783,0.33464749784053344,1.0,0.0,0.1067988431130848
td7,TD7 residual,47,19.00702769936118,0.001520041769304265,0.08308434201174059,0.32772652214829884,0.12375,0.0,0.0,0.0,0.019999999999999997,0.006985146022527661,0.021210049410498675,0.32118422652377276,0.9999999709427356,0.0,0.10713335912791173
td7,TD7 residual,48,17.22826661899724,0.0018096647851589276,0.07819006095877064,0.33393675742728646,0.1325,0.0,0.0,0.0,0.019999999999999997,0.007344929497914392,0.020492767407595563,0.3293036211875428,0.9999995626509189,0.0,0.11262389062174404
td7,TD7 residual,49,18.404493053389178,0.0015270250396461039,0.09561199678732966,0.3616829553904351,0.12375,0.0,0.0,0.0,0.019999999999999997,0.007100361466603831,0.02069142611672423,0.34190921977240635,0.9999995154142379,0.0,0.10816863764417965
td7,TD7 residual,50,19.99644119969592,0.0014136008098874187,0.09257402654286143,0.3435121984366539,0.11875,0.0,0.0,0.0,0.019999999999999997,0.0071374061222654805,0.02136396917254906,0.32509245047028057,0.9999999393522739,0.0,0.10851126967672652
td7,TD7 residual,51,17.343567382942915,0.002060181260314588,0.09521858765877805,0.4110859024508041,0.1725,0.0,0.0,0.0,0.019999999999999997,0.008132823624301589,0.021204507240950216,0.3725363903345223,1.0,0.0,0.10647405354959515
td7,TD7 residual,52,19.20027630743783,0.0019321542326553548,0.07867975931178064,0.35708625915228526,0.145,0.0,0.0,0.0,0.019999999999999997,0.007755749644401748,0.020525087028142725,0.3648457868567857,1.0,0.0,0.10820875901000258
td7,TD7 residual,53,21.435784428783027,0.0015664913571189223,0.07935705582603368,0.3310462657686817,0.125,0.0,0.0,0.0,0.019999999999999997,0.007169872577924017,0.020726175705568985,0.3453294273241891,1.0,0.0,0.10005244683368293
td7,TD7 residual,54,21.948187227397447,0.00168294013448492,0.07039420084760314,0.3147268477971547,0.13125,0.0,0.0,0.0,0.019999999999999997,0.007364708786534441,0.020603423763985752,0.34097656889898914,1.0,0.0,0.09869657600096632
td7,TD7 residual,55,22.922085969885853,0.0014722514385900282,0.07737524981512292,0.3136723136849699,0.12,0.0,0.0,0.0,0.019999999999999997,0.007059717809431753,0.02096314528557335,0.3385976321688122,1.0,0.0,0.09812058822375348
td7,TD7 residual,56,23.152556823138134,0.0015555334802435405,0.0681134222689581,0.2938139713075944,0.12875,0.0,0.0,0.0,0.019999999999999997,0.007273374059917301,0.02152524778641729,0.33420425748595306,1.0,0.0,0.09696370280015429
td7,TD7 residual,57,22.520384115351575,0.0016826749123954757,0.0635227641725386,0.29008646250749204,0.1175,0.0,0.0,0.0,0.019999999999999997,0.007587681176019192,0.022466726360342398,0.349089226999002,1.0,0.0,0.09494626679664667
td7,TD7 residual,58,19.729875835063332,0.0021132653540317163,0.057303091951152255,0.29231778665643676,0.1225,0.0,0.0,0.0,0.019999999999999997,0.008082888191448633,0.021901864821385134,0.3613855148307912,1.0,0.0,0.09447305703816998
td7,TD7 residual,59,24.042296197421066,0.0013444459633856808,0.07764511873075841,0.2934372250027084,0.11875,0.0,0.0,0.0,0.019999999999999997,0.006817720559495564,0.021191563505397165,0.35588568489573774,1.0,0.0,0.0955921167069869
td7,TD7 residual,60,24.603935455842866,0.0012847795699509395,0.07286580640173179,0.28144340635062404,0.11125,0.0,0.0,0.0,0.019999999999999997,0.006798642012623492,0.02162022579963132,0.3177845495218651,1.0,0.0,0.09003325390873516
td7,TD7 residual,61,24.72156672030818,0.0012330568234655104,0.07194399143666713,0.2707137946467387,0.105,0.0,0.0,0.0,0.019999999999999997,0.006828073853746977,0.021937082673201273,0.3127311645944747,1.0,0.0,0.09323393792023112
td7,TD7 residual,62,22.51782994402052,0.001771282512953517,0.05002285668907169,0.2524928682393773,0.105,0.0,0.0,0.0,0.019999999999999997,0.0076450476057123426,0.022355887716559622,0.3342730634887101,1.0,0.0,0.08524408683917396
td7,TD7 residual,63,23.082395430137566,0.0016200454576580361,0.06878587346974763,0.2923213019951026,0.11875,0.0,0.0,0.0,0.019999999999999997,0.007310186714961845,0.022249398937841523,0.35347836446499914,1.0,0.0,0.0876614080246156
td7,TD7 residual,64,25.84407010760646,0.00120874561832028,0.07191170331748842,0.2701146309404107,0.10125,0.0,0.0,0.0,0.019999999999999997,0.006678650010775057,0.022563207514401107,0.32335654132298236,1.0,0.0,0.0860096414129735
td7,TD7 residual,65,26.54722301820364,0.0010444429997911277,0.07204466907241193,0.2586115691310715,0.08625,0.0,0.0,0.0,0.019999999999999997,0.006509707925663328,0.02231585798068702,0.3036323523787153,1.0,0.0,0.08111503041992883
td7,TD7 residual,66,26.930277911750906,0.001121851562808491,0.06768810443222276,0.2583558645155916,0.09375,0.0,0.0,0.0,0.019999999999999997,0.006612343806516236,0.0223502776638479,0.3061328324756836,1.0,0.0,0.08361171156212567
td7,TD7 residual,67,26.026477186121024,0.0012345714430033522,0.06452407379273539,0.2595605895612222,0.1025,0.0,0.0,0.0,0.019999999999999997,0.006808727083674511,0.021803952511492912,0.30817427282908133,1.0,0.0,0.08422489605856776
td7,TD7 residual,68,17.28460906146843,0.0028157001394043253,0.0671223587297001,0.36119434398894495,0.1875,0.0,0.0,0.0,0.019999999999999997,0.00916195138021667,0.023593435319013846,0.36421772317708245,1.0,0.0,0.07647614610464629
td7,TD7 residual,69,26.423566811688932,0.0011465588334472353,0.0717319633051069,0.26859802370437635,0.1,0.0,0.0,0.0,0.019999999999999997,0.006572228854451765,0.02254982548957946,0.3948351102161617,1.0,0.0,0.0804356479926724
td7,TD7 residual,70,27.339641649239457,0.0009810490399968798,0.0738991494259424,0.2581419092390047,0.0825,0.0,0.0,0.0,0.019999999999999997,0.006374323399224197,0.02435028977668436,0.30281858438574877,1.0,0.0,0.07861667811609571
td7,TD7 residual,71,26.985145862027977,0.0009475651312440425,0.07721453643777901,0.2551415681656971,0.08625,0.0,0.0,0.0,0.019999999999999997,0.006329607015909058,0.023523053474271832,0.29261485799732556,1.0,0.0,0.07511697739217373
td7,TD7 residual,72,27.111388242397073,0.000982213032420462,0.07770789409199202,0.2632874103317532,0.08375,0.0,0.0,0.0,0.019999999999999997,0.006286692731210713,0.02347527067328044,0.29585102021343707,1.0,0.0,0.07846915318234102
td7,TD7 residual,73,26.85918183689656,0.0010284237270759714,0.07582072733640456,0.2610465766823789,0.09125,0.0,0.0,0.0,0.019999999999999997,0.006407366708693696,0.023485855765057073,0.29356334692910757,1.0,0.0,0.07724356882827582
td7,TD7 residual,74,27.41406338210577,0.0010250263540409665,0.07342793875385989,0.258206286629392,0.09,0.0,0.0,0.0,0.019999999999999997,0.006469662954239745,0.023443844018536598,0.304322821845631,1.0,0.0,0.07362975714204902
td7,TD7 residual,75,27.20731485009368,0.000835325298705853,0.08630528666525002,0.2571504774118257,0.1,0.0,0.0,0.0,0.019999999999999997,0.005879004882833532,0.02464461571429779,0.279825334914489,1.0,0.0,0.07454480079714479
td7,TD7 residual,76,26.54019868297207,0.001220811320019932,0.06908509589179823,0.2537074121525054,0.105,0.0,0.0,0.0,0.019999999999999997,0.006582643426419527,0.023372758110233437,0.2971679298662638,1.0,0.0,0.07300220229822324
td7,TD7 residual,77,26.299749432495542,0.0009107356889308516,0.08105740287667956,0.2562923120670441,0.09125,0.0,0.0,0.0,0.019999999999999997,0.00614225046105145,0.024295429117024214,0.3002899134547441,1.0,0.0,0.07341725755104579
td7,TD7 residual,78,27.706548642830143,0.0010853267843012925,0.06941647057138567,0.25123015730530346,0.095,0.0,0.0,0.0,0.019999999999999997,0.006439277902997955,0.023251330258473642,0.29937731252503996,1.0,0.0,0.06937592263285736
td7,TD7 residual,79,27.27687549665739,0.0011215278176237914,0.06895363568871597,0.2567996916402121,0.095,0.0,0.0,0.0,0.019999999999999997,0.006322227969407575,0.022986332222728657,0.30543666234653905,1.0,0.0,0.06784943630213863
td7,TD7 residual,80,27.482140202436867,0.001188005070723443,0.06685416415492092,0.2576028228393242,0.09875,0.0,0.0,0.0,0.019999999999999997,0.006449116283160139,0.023644933993319635,0.3037675453335935,1.0,0.0,0.06685348736971708
td7,TD7 residual,81,27.338319059519385,0.0011047855023769227,0.07114265722827008,0.26036975754695907,0.095,0.0,0.0,0.0,0.019999999999999997,0.006271886172943333,0.0237507034123516,0.2987193557933027,1.0,0.0,0.06646781607430625
td7,TD7 residual,82,27.747235102664803,0.0010249430327544775,0.07496092190706614,0.26364225772789135,0.09,0.0,0.0,0.0,0.019999999999999997,0.006410871445834299,0.0246859163669641,0.2987239033913259,1.0,0.0,0.06639741339123044
td7,TD7 residual,83,27.43558114360012,0.0012655300823686821,0.06648529462784811,0.2607874963691031,0.1075,0.0,0.0,0.0,0.019999999999999997,0.006649375602488632,0.023856731179298672,0.3096587515835401,1.0,0.0,0.06739145908040824
td7,TD7 residual,84,27.355755355244746,0.0011800893057903826,0.07202124517078348,0.26551022861063717,0.10125,0.0,0.0,0.0,0.019999999999999997,0.006380513823259659,0.023932922588995983,0.3102121320584517,1.0,0.0,0.0657197636388371
td7,TD7 residual,85,27.74673102376893,0.001088383601550403,0.07130945754407521,0.25639083854310324,0.09625,0.0,0.0,0.0,0.019999999999999997,0.006365627008304817,0.023452570187154267,0.3014714795702784,1.0,0.0,0.06504204900499543
td7,TD7 residual,86,26.90820472612596,0.0013396355629639927,0.06346846934330154,0.26600854023331794,0.11,0.0,0.0,0.0,0.019999999999999997,0.006578280549554886,0.022826535536351545,0.3080640531327458,1.0,0.0,0.06482282649967429
td7,TD7 residual,87,26.972283416723823,0.0011941357431737834,0.07124334208658568,0.25896175498370516,0.10375,0.0,0.0,0.0,0.019999999999999997,0.006414379009274662,0.022873991514246593,0.3042795441957117,1.0,0.0,0.06429222972203044
td7,TD7 residual,88,27.15385922354852,0.0012852105289702662,0.06617523875305997,0.26180527803940523,0.1075,0.0,0.0,0.0,0.019999999999999997,0.006461653165572207,0.022800290619136774,0.31118164645509977,1.0,0.0,0.0607631009965082
td7,TD7 residual,89,27.65144011900038,0.0010424106017420034,0.07680889597107107,0.2700949194230763,0.095,0.0,0.0,0.0,0.019999999999999997,0.006084963000115462,0.02400082668417752,0.297542779655055,1.0,0.0,0.06482781248369955
td7,TD7 residual,90,26.298418079994562,0.0014359987680124795,0.05797733637526453,0.2501307828576663,0.09875,0.0,0.0,0.0,0.019999999999999997,0.00679758225373324,0.024682873102991186,0.3002256067296393,1.0,0.0,0.05977647497993978
td7,TD7 residual,91,27.18959450074026,0.0013081009206574795,0.06507300673582765,0.2654936943917885,0.10875,0.0,0.0,0.0,0.019999999999999997,0.006345126811212446,0.022421666430464598,0.3177312833167929,1.0,0.0,0.06045541450438002
td7,TD7 residual,92,28.037158204997272,0.001127194626527349,0.06337386388133374,0.24405578061880073,0.0925,0.0,0.0,0.0,0.019999999999999997,0.006106468757479944,0.02233186405208829,0.29270222979309785,1.0,0.0,0.062008005589051896
td7,TD7 residual,93,28.218695931235825,0.0011836051303251653,0.06393585584244386,0.25024604625512015,0.1025,0.0,0.0,0.0,0.019999999999999997,0.0061593387170288845,0.0224750150152163,0.28879120769247185,1.0,0.0,0.05803644482601491
td7,TD7 residual,94,28.04294964056113,0.001262032449775614,0.059601275795031904,0.24659940827759422,0.10875,0.0,0.0,0.0,0.019999999999999997,0.0061757000633663964,0.022260558639109793,0.29564341290727714,1.0,0.0,0.059174232564511
td7,TD7 residual,95,28.059247756757422,0.001248814164583315,0.0570345477422233,0.2324945618662896,0.09125,0.0,0.0,0.0,0.019999999999999997,0.006177919175313871,0.022384005084202577,0.2944184065788801,1.0,0.0,0.05511286387876756
td7,TD7 residual,96,28.894344038552845,0.0011507001201647162,0.061256126736854606,0.24234883870158883,0.09375,0.0,0.0,0.0,0.019999999999999997,0.005988184044701307,0.0224419321027196,0.2938732506395433,1.0,0.0,0.05576265115806013
td7,TD7 residual,97,28.9614725827524,0.0011047683183172472,0.06146866952148071,0.2395528183814457,0.09625,0.0,0.0,0.0,0.019999999999999997,0.006061465781171691,0.02227089228079208,0.2863775027580418,1.0,0.0,0.058126274034364656
td7,TD7 residual,98,29.55697314571603,0.001026971768321012,0.06072767534790897,0.2304923960986107,0.08,0.0,0.0,0.0,0.019999999999999997,0.005909360575788012,0.022662963140112805,0.2827970424552341,1.0,0.0,0.05609579142532841
td7,TD7 residual,99,29.630792736799922,0.0010953252666688214,0.058618218375936566,0.22892511204442514,0.0875,0.0,0.0,0.0,0.019999999999999997,0.005878205942241137,0.02219138613911569,0.2744054303860362,1.0,0.0,0.054996833084026184
td7,TD7 residual,100,29.35590424262487,0.00099366170346142,0.06319861107668498,0.231334343905118,0.08,0.0,0.0,0.0,0.019999999999999997,0.005758278977661628,0.02261507927928129,0.27597193342946924,1.0,0.0,0.055925214849584515
td7,TD7 residual,101,30.153028655528928,0.0009610061577266829,0.0605314535490252,0.22445241298045573,0.07625,0.0,0.0,0.0,0.019999999999999997,0.0057290719002771094,0.022652263820896506,0.2691465597359542,1.0,0.0,0.053007348653707015
td7,TD7 residual,102,30.445027372562354,0.0009359948531704693,0.05815421296981932,0.214951663731885,0.0725,0.0,0.0,0.0,0.019999999999999997,0.005733644393563712,0.022288330417150563,0.2682999757186254,1.0,0.0,0.05515023995396339
td7,TD7 residual,103,29.772417619576427,0.0009855890225179608,0.057402980323743774,0.21651058504663814,0.075,0.0,0.0,0.0,0.019999999999999997,0.0057019848736364065,0.022555941798587578,0.26781476646936586,1.0,0.0,0.0523134962775999
td7,TD7 residual,104,28.603498155590287,0.0010633429193427437,0.053944621756592925,0.21676975837822177,0.07375,0.0,0.0,0.0,0.019999999999999997,0.005802958114111634,0.021217046321947097,0.27124970078055777,1.0,0.0,0.052948320766115255
td7,TD7 residual,105,28.19019672903591,0.000941090445300141,0.056763397617889434,0.2150910925099224,0.05625,0.0,0.0,0.0,0.019999999999999997,0.0055677382704311836,0.021895102353443666,0.27378232296289384,1.0,0.0,0.05139578181066162
td7,TD7 residual,106,29.720338934415686,0.0008257572810718571,0.05797564858080077,0.2083957137876189,0.0525,0.0,0.0,0.0,0.019999999999999997,0.005356831022421754,0.021517011269469574,0.2552005815395429,1.0,0.0,0.049366169572061455
td7,TD7 residual,107,29.86373002127738,0.0009316693946404172,0.050419419746450284,0.19336180413048537,0.06625,0.0,0.0,0.0,0.019999999999999997,0.005506537278332062,0.02148313138341395,0.2549218101730603,1.0,0.0,0.0516236051394152
td7,TD7 residual,108,28.813550320129366,0.0008631014198719131,0.0549036180079972,0.2005437664427473,0.05375,0.0,0.0,0.0,0.019999999999999997,0.005545426051141104,0.022385899569439545,0.2601856607928383,1.0,0.0,0.05144472623433747
td7,TD7 residual,109,28.989925049951616,0.0009206865685713512,0.05632755657704051,0.21161782940549917,0.0625,0.0,0.0,0.0,0.019999999999999997,0.005409632044600982,0.021624771933485602,0.26028399172825495,1.0,0.0,0.04759519015564978
td7,TD7 residual,110,30.758631859344685,0.0008063206093098591,0.05961562011569794,0.20883891294664297,0.05625,0.0,0.0,0.0,0.019999999999999997,0.005266881498490669,0.0219227396411134,0.2519650139677852,1.0,0.0,0.05037549339107195
td7,TD7 residual,111,30.9871710630223,0.0008604364633372358,0.05706687992878583,0.2071870355336184,0.0575,0.0,0.0,0.0,0.019999999999999997,0.005278566964035981,0.0222970601842595,0.2461727991351863,1.0,0.0,0.048942694758193524
td7,TD7 residual,112,30.69323704604216,0.0008532734409863788,0.05468608986131038,0.20018268892330585,0.055,0.0,0.0,0.0,0.019999999999999997,0.005387793081813255,0.021154845161076748,0.2552192986177022,1.0,0.0,0.05092764526199664
td7,TD7 residual,113,31.287350193613065,0.0008813234890541133,0.05587110005899802,0.20567761836243204,0.065,0.0,0.0,0.0,0.019999999999999997,0.005414103315727161,0.02144622623347184,0.2578923427195625,1.0,0.0,0.048317640670334915
td7,TD7 residual,114,30.73502269873736,0.0009473004145782027,0.05557718599671338,0.21311698047433197,0.06125,0.0,0.0,0.0,0.019999999999999997,0.005329535711892441,0.021164415822816304,0.25519127593854124,1.0,0.0,0.04584342219288679
td7,TD7 residual,115,30.645592997712026,0.001052512073674738,0.052869577770306986,0.2128892271968318,0.07875,0.0,0.0,0.0,0.019999999999999997,0.005626224418471088,0.02164584605509903,0.2587750354267678,1.0,0.0,0.047837129409149526
td7,TD7 residual,116,30.25506497158478,0.0008889460355574014,0.06097995609029592,0.21987723782400906,0.065,0.0,0.0,0.0,0.019999999999999997,0.0052803025835800686,0.02184866723115981,0.2577757678444756,1.0,0.0,0.047685103543748435
td7,TD7 residual,117,30.312205502665712,0.0009651889680392496,0.05917620884012787,0.22368613500037354,0.075,0.0,0.0,0.0,0.019999999999999997,0.005453240164544471,0.02169200789047237,0.2525179657120954,1.0,0.0,0.04580227363458737
td7,TD7 residual,118,30.080544320484734,0.0010324607203405125,0.05802042852337136,0.22380965199431557,0.08375,0.0,0.0,0.0,0.019999999999999997,0.005683643610740575,0.021873852259180194,0.2653638494913482,1.0,0.0,0.04769779691198377
td7,TD7 residual,119,31.1476372258815,0.000983586831640932,0.05671838554406047,0.21641411396671617,0.0775,0.0,0.0,0.0,0.019999999999999997,0.005511676555928451,0.021747033336159675,0.2678430069121549,1.0,0.0,0.045581554399267234
td7,TD7 residual,120,29.685480089909632,0.0012357168484095355,0.05034606889869033,0.21818524697937774,0.08625,0.0,0.0,0.0,0.019999999999999997,0.005879889149090623,0.02130793928064065,0.26828733055076576,1.0,0.0,0.044115601615054026
td7,TD7 residual,121,30.279989169964253,0.0010814621802540455,0.05943017420296983,0.2302251676998063,0.09375,0.0,0.0,0.0,0.019999999999999997,0.005613282718014223,0.021986260714380867,0.27369077769984834,1.0,0.0,0.04491440421981286
td7,TD7 residual,122,30.478745717266467,0.0011172468122724046,0.057187204442122094,0.22769144195697963,0.0925,0.0,0.0,0.0,0.019999999999999997,0.005666277372897322,0.022102517686224146,0.2709263013079522,1.0,0.0,0.04325317373640353
td7,TD7 residual,123,30.46473590568196,0.001108805951176145,0.058864937192995084,0.23239933736583646,0.095,0.0,0.0,0.0,0.019999999999999997,0.005630319621961202,0.02223443283731638,0.27032366756462783,1.0,0.0,0.0421155066914253
td7,TD7 residual,124,29.916535444728115,0.0011274046453447187,0.05992860099838492,0.2387373460234678,0.08875,0.0,0.0,0.0,0.019999999999999997,0.005637128178704525,0.02215600989019312,0.2717945170749245,1.0,0.0,0.04198019638991138
td7,TD7 residual,125,29.737231264023922,0.0012698459138051144,0.06019682140738219,0.25547120571306026,0.1075,0.0,0.0,0.0,0.019999999999999997,0.005855647103804045,0.021595100483244315,0.2784712948641172,1.0,0.0,0.04339464348542615
td7,TD7 residual,126,29.956805215240582,0.0011803682782249884,0.059982191354695444,0.24600717020833415,0.09875,0.0,0.0,0.0,0.019999999999999997,0.005852507213678319,0.022306803162171443,0.2803434911824103,1.0,0.0,0.04351923617258757
td7,TD7 residual,127,28.368989395670233,0.001479801502455814,0.05016918679001325,0.24102598671053566,0.095,0.0,0.0,0.0,0.019999999999999997,0.006155157950226427,0.02140871907171461,0.2860976169418997,1.0,0.0,0.042170990642197134
td7,TD7 residual,128,29.709157360932135,0.0012282690210465377,0.05880553671625049,0.24430339688660255,0.1,0.0,0.0,0.0,0.019999999999999997,0.005849496548086386,0.021875225796714613,0.2900201595824315,1.0,0.0,0.04435015247921667
td7,TD7 residual,129,29.587817778136777,0.0013508672100309568,0.05928977658952692,0.2585589194729029,0.11375,0.0,0.0,0.0,0.019999999999999997,0.00576591020861861,0.021414174678087636,0.2815738461788033,1.0,0.0,0.040999502191775186
td7,TD7 residual,130,30.169540429100817,0.0011411642802616451,0.06529499212595476,0.2519818575171657,0.0975,0.0,0.0,0.0,0.019999999999999997,0.005479737234415349,0.02214097483135726,0.2741520602780807,1.0,0.0,0.04003145457858448
td7,TD7 residual,131,29.31101966121758,0.0012669312185536502,0.05990354662878879,0.25023549310805826,0.10375,0.0,0.0,0.0,0.019999999999999997,0.005831361691499717,0.022647281478456363,0.27622146225056454,1.0,0.0,0.037108196288206705
td7,TD7 residual,132,30.078578312638797,0.0011646674172424193,0.06680059066389941,0.258360298079051,0.10125,0.0,0.0,0.0,0.019999999999999997,0.0055742144898662535,0.022191581613848505,0.27304360429520036,1.0,0.0,0.03959501119139745
td7,TD7 residual,133,29.295516488743807,0.001439180941097692,0.057425139950429624,0.26010430195561984,0.115,0.0,0.0,0.0,0.019999999999999997,0.005960130722920629,0.021973541582695263,0.28069411365745883,1.0,0.0,0.03856046916657043
td7,TD7 residual,134,29.50414930909262,0.0013351322753314234,0.058865761208671125,0.254390197069619,0.10875,0.0,0.0,0.0,0.019999999999999997,0.005841084551983942,0.02177196230613942,0.2846192550793215,1.0,0.0,0.03989880455558574
td7,TD7 residual,135,29.500713056215442,0.001248945995406832,0.06263600369385845,0.25747824855833695,0.105,0.0,0.0,0.0,0.019999999999999997,0.005628600589136387,0.021611511718589087,0.27695547913628177,1.0,0.0,0.03922291318621122
td7,TD7 residual,136,28.177021517961137,0.0016452905757841977,0.046629927588692055,0.24710610319020396,0.10125,0.0,0.0,0.0,0.019999999999999997,0.0063580970080025015,0.02239099529969252,0.2854796095696478,1.0,0.0,0.03706287479923394
td7,TD7 residual,137,29.40546622549289,0.0013022857272809152,0.06560879823688068,0.2725116679507187,0.105,0.0,0.0,0.0,0.019999999999999997,0.005853276234875234,0.02239872078984754,0.3037554235699723,1.0,0.0,0.039828581528160385
td7,TD7 residual,138,29.890343379350952,0.0011104041945059998,0.0679208919914474,0.26070563244237355,0.0925,0.0,0.0,0.0,0.019999999999999997,0.005453777147902357,0.021768413592606443,0.26601253960599647,1.0,0.0,0.03883454133460362
td7,TD7 residual,139,29.867681955527004,0.0012507249725034614,0.0615935286957619,0.25335988460412845,0.1075,0.0,0.0,0.0,0.019999999999999997,0.0056813120879564034,0.021713087907430043,0.26705669009473093,1.0,0.0,0.03940511907955043
td7,TD7 residual,140,29.239435760892484,0.00144344658599809,0.055571403781022335,0.24887323664995292,0.1075,0.0,0.0,0.0,0.019999999999999997,0.005919993984657489,0.021600334904089243,0.2772325844847001,1.0,0.0,0.038115069629706164
td7,TD7 residual,141,29.654768015289363,0.0013096830531684736,0.06185054344489458,0.26201690556155155,0.10875,0.0,0.0,0.0,0.019999999999999997,0.005592506078969502,0.021599331820759876,0.28031573354063133,1.0,0.0,0.0389204124668634
td7,TD7 residual,142,30.163519074190653,0.001293844623780164,0.06084597848259556,0.25673777107051926,0.11,0.0,0.0,0.0,0.019999999999999997,0.005725785291920744,0.021544100896976528,0.2743248979612286,1.0,0.0,0.037868482111572364
td7,TD7 residual,143,30.211314064488512,0.0011849121740377033,0.06350872684980038,0.24982351095055877,0.10125,0.0,0.0,0.0,0.019999999999999997,0.005443474739600338,0.021515713311312717,0.2682247461580111,1.0,0.0,0.03650585638970783
td7,TD7 residual,144,29.960311686414688,0.0012005492934190768,0.0641923449428396,0.25517313222803745,0.1025,0.0,0.0,0.0,0.019999999999999997,0.005621395171262343,0.022277962139325726,0.2709800598646622,1.0,0.0,0.03694495793815688
td7,TD7 residual,145,29.902045156047425,0.0012914015434063392,0.05815409979834287,0.2518687015402328,0.10625,0.0,0.0,0.0,0.019999999999999997,0.005825938207198229,0.021848171725317007,0.27835700161098126,1.0,0.0,0.0381895536223793
td7,TD7 residual,146,30.405348598474674,0.0012599500261386398,0.061233568094475915,0.2539555179615419,0.1075,0.0,0.0,0.0,0.019999999999999997,0.005725814090315426,0.02244935838247654,0.28096243361300544,1.0,0.0,0.036825734726513966
td7,TD7 residual,147,30.375611819583,0.0012342474074937527,0.06107610074649496,0.2543931376966576,0.1025,0.0,0.0,0.0,0.019999999999999997,0.005718813418082114,0.022192817394338614,0.27637831851101446,1.0,0.0,0.03534462356045841
td7,TD7 residual,148,30.96995066318719,0.0012270192307369356,0.06111422416228966,0.25105416075098136,0.10875,0.0,0.0,0.0,0.019999999999999997,0.005587148060502551,0.021924436279217106,0.27202347531716403,1.0,0.0,0.03447057009972426
td7,TD7 residual,149,30.010383705911455,0.0012635708763991534,0.058324303459121866,0.25110473880982803,0.1025,0.0,0.0,0.0,0.019999999999999997,0.005606916676205259,0.02155822338387247,0.2717763266191696,1.0,0.0,0.03733101944652789
td7,TD7 residual,150,30.315154950293863,0.0012936886859129077,0.05954824410102475,0.2561087966172603,0.105,0.0,0.0,0.0,0.019999999999999997,0.005680377814983098,0.021850601900796632,0.27348751829499823,1.0,0.0,0.035939546459592825
td7,TD7 residual,151,30.23381699364,0.0012356453700271039,0.06038925437779101,0.24890998530050254,0.1075,0.0,0.0,0.0,0.019999999999999997,0.005461504488264155,0.021566575543421448,0.26825746230587877,1.0,0.0,0.03470273909761949
td7,TD7 residual,152,30.184057307179913,0.0012309716397754277,0.061933330868177074,0.25870363933545604,0.1025,0.0,0.0,0.0,0.019999999999999997,0.0054884482371545,0.021551578958851503,0.26802945407427137,1.0,0.0,0.03389797978536039
td7,TD7 residual,153,30.224635346555665,0.0011975477505621066,0.061844653860891184,0.2529828970586367,0.10375,0.0,0.0,0.0,0.019999999999999997,0.005503434666066991,0.021776911570149833,0.263925340490109,1.0,0.0,0.033884462607068594
td7,TD7 residual,154,30.043636478847446,0.0012347458425418275,0.060519891167548065,0.24878384691252728,0.1075,0.0,0.0,0.0,0.019999999999999997,0.005474173201454054,0.021743720294620697,0.2640904898001634,1.0,0.0,0.035243753417846434
td7,TD7 residual,155,30.961054181746803,0.001114749224108765,0.06411234166099629,0.2442152002261514,0.09625,0.0,0.0,0.0,0.019999999999999997,0.005468844107099575,0.021817586820409303,0.2637215047064965,1.0,0.0,0.03401995055959703
td7,TD7 residual,156,28.837230991916666,0.0013057059262535763,0.06075255342544565,0.2533820199166653,0.10625,0.0,0.0,0.0,0.019999999999999997,0.006133174480415502,0.02236289761691358,0.2879383926738496,1.0,0.0,0.033178129442070194
td7,TD7 residual,157,30.498620495480814,0.0012667894731753849,0.05455075682098223,0.24044859982527694,0.10875,0.0,0.0,0.0,0.019999999999999997,0.005830280897773359,0.022107808316169094,0.2931462052153693,1.0,0.0,0.03401639478631575
td7,TD7 residual,158,29.308518770450913,0.00135164314184736,0.05536823751331121,0.24379074357246822,0.11,0.0,0.0,0.0,0.019999999999999997,0.00697781879346903,0.023290018681769546,0.3279953867517406,1.0,0.0,0.033772739635930214
td7,TD7 residual,159,30.96346680329912,0.0012581911728674728,0.05891766768720214,0.2545135627767612,0.1025,0.0,0.0,0.0,0.019999999999999997,0.005666185731359294,0.02231345623186812,0.29308154473879044,1.0,0.0,0.032824672423303725
td7,TD7 residual,160,31.325743901545664,0.0012244879264495972,0.05714504124309779,0.24435333560214198,0.1,0.0,0.0,0.0,0.019999999999999997,0.005524349851420707,0.0214334226228907,0.27163793135453707,1.0,0.0,0.033283318157906534
td7,TD7 residual,161,30.750022368572445,0.0013255659156284968,0.05056841459123354,0.2342307625153974,0.10875,0.0,0.0,0.0,0.019999999999999997,0.005679200484170888,0.02142688875669247,0.27340116458838043,1.0,0.0,0.03104647072566289
td7,TD7 residual,162,31.381098737297116,0.0011452312762559886,0.05799597659246727,0.236296741869118,0.09875,0.0,0.0,0.0,0.019999999999999997,0.0055248520821192795,0.02168579336681922,0.2699830727821825,1.0,0.0,0.03243667405701462
td7,TD7 residual,163,31.543658719210534,0.00124522400869824,0.05581582722588963,0.24547662915808866,0.09625,0.0,0.0,0.0,0.019999999999999997,0.00560061014632047,0.021468573125845436,0.2712279145934254,1.0,0.0,0.03193025147416106
td7,TD7 residual,164,31.444451796795285,0.0012601310376885615,0.05364801732995348,0.2416261048058576,0.0975,0.0,0.0,0.0,0.019999999999999997,0.0056829855603139886,0.021578964448314353,0.2762744066117049,1.0,0.0,0.0338687859704435
td7,TD7 residual,165,31.74975595821783,0.001191080666223475,0.054264261240039316,0.23609277509614568,0.09375,0.0,0.0,0.0,0.019999999999999997,0.00566755931925355,0.021936856015979566,0.2742196681408181,1.0,0.0,0.032689226010185805
td7,TD7 residual,166,31.359970039163354,0.0012522949349407873,0.050837719901854726,0.23292721334394983,0.09625,0.0,0.0,0.0,0.019999999999999997,0.005611839636997917,0.021165623109004862,0.2719611352425876,1.0,0.0,0.03285300942860193
td7,TD7 residual,167,31.852349172852545,0.0011906820139918218,0.05225857029961024,0.22632769144208711,0.09625,0.0,0.0,0.0,0.019999999999999997,0.005412697338592716,0.021560840710732422,0.26513209042289965,1.0,0.0,0.029549208773222632
td7,TD7 residual,168,31.971709180221016,0.0012214185751453725,0.05235406452434423,0.2345304215635905,0.095,0.0,0.0,0.0,0.019999999999999997,0.005687873612531853,0.022047183797598284,0.27648446032188906,1.0,0.0,0.03258328876546113
td7,TD7 residual,169,31.20372822001265,0.0011902145349662087,0.04963488444168834,0.21889898853151785,0.09375,0.0,0.0,0.0,0.019999999999999997,0.005617424453435849,0.021163025751250533,0.27044506182050404,1.0,0.0,0.032681071584136454
td7,TD7 residual,170,31.91919614980272,0.0010933349620354646,0.053343789992190714,0.22160414187722868,0.09,0.0,0.0,0.0,0.019999999999999997,0.0054074512919391575,0.021663215326907487,0.2668558243394523,1.0,0.0,0.03250469834256557
td7,TD7 residual,171,31.83645482574715,0.0010735717783742665,0.05571285234758963,0.2232132799713446,0.08875,0.0,0.0,0.0,0.019999999999999997,0.005292771124185845,0.021701500976410125,0.2585219735500083,1.0,0.0,0.030749343174550945
td7,TD7 residual,172,31.551988227399303,0.0010812594704244667,0.05363004812674646,0.22076591395599862,0.08375,0.0,0.0,0.0,0.019999999999999997,0.005322228047561978,0.021158688684794917,0.2578911488396071,1.0,0.0,0.03192089542392766
td7,TD7 residual,173,31.86535793089296,0.00108363725282241,0.052477349932728366,0.21643747987001852,0.085,0.0,0.0,0.0,0.019999999999999997,0.005443994660761731,0.021536324294297818,0.25956785942643185,1.0,0.0,0.03046376323211468
td7,TD7 residual,174,32.58656656838719,0.0010280435346694794,0.05284360335397754,0.21230518696188874,0.08375,0.0,0.0,0.0,0.019999999999999997,0.005314843953375675,0.02173205488306085,0.2587884806741928,1.0,0.0,0.031395317626207085
td7,TD7 residual,175,29.90082169839075,0.0014342088171686582,0.038496357075934816,0.2066606608484359,0.07875,0.0,0.0,0.0,0.019999999999999997,0.00595849889930334,0.02106005875610719,0.2725209916810227,1.0,0.0,0.02934518667159078
td7,TD7 residual,176,31.81333655580413,0.0010005441846559595,0.05430999524191419,0.21269657192340646,0.07625,0.0,0.0,0.0,0.019999999999999997,0.005311203983006193,0.022240142075381608,0.2752208267818654,1.0,0.0,0.03104361028906609
td7,TD7 residual,177,32.62318796128329,0.0010438861482140172,0.052415489770265736,0.21460329487276686,0.08625,0.0,0.0,0.0,0.019999999999999997,0.00535944194098234,0.02210049706328003,0.2624479825116684,1.0,0.0,0.02954256272067208
td7,TD7 residual,178,32.02828883930075,0.0011165724800967375,0.05047196677087655,0.214587946156276,0.08875,0.0,0.0,0.0,0.019999999999999997,0.0054426570303898626,0.021571374674420232,0.2608402573106218,1.0,0.0,0.03045079727774437
td7,TD7 residual,179,32.25899157592749,0.0010530079314899708,0.056422895434748384,0.2232136718671292,0.0875,0.0,0.0,0.0,0.019999999999999997,0.0054155791768558635,0.022728793347874233,0.2639215638116402,1.0,0.0,0.030646470900965506
td7,TD7 residual,180,31.904425622691214,0.0010220397085319763,0.06059834375904096,0.23447215359136916,0.08625,0.0,0.0,0.0,0.019999999999999997,0.0053331766177702015,0.022408383221679293,0.2621357840161198,1.0,0.0,0.030511799026448464
td7,TD7 residual,181,31.92167134368624,0.0011810793342212848,0.05264818640377377,0.22648006642641072,0.0975,0.0,0.0,0.0,0.019999999999999997,0.0054776421774171006,0.021640553659584373,0.2645737435809813,1.0,0.0,0.031016423793183395
td7,TD7 residual,182,32.14013570173775,0.0011322298369710923,0.05615391873962563,0.23459363340662087,0.09125,0.0,0.0,0.0,0.019999999999999997,0.0054211443027810165,0.02185419304145351,0.26600594504687775,1.0,0.0,0.030222603092236285
td7,TD7 residual,183,30.385383265472175,0.0013536669606136146,0.04816322923396287,0.23516242826208836,0.09875,0.0,0.0,0.0,0.019999999999999997,0.005900984823315194,0.022338755519572574,0.2791798352547607,1.0,0.0,0.030402514909900882
td7,TD7 residual,184,31.76277138532522,0.0011560069046921105,0.05908516373698438,0.24581728636310604,0.0975,0.0,0.0,0.0,0.019999999999999997,0.005405299263381906,0.022149717511051367,0.26968985062272877,1.0,0.0,0.03025891406393687
td7,TD7 residual,185,31.017040337405316,0.0012700684968014106,0.05515224341187201,0.24195726217039565,0.1075,0.0,0.0,0.0,0.019999999999999997,0.005538659981740164,0.021182558770089517,0.2638988470131286,1.0,0.0,0.029918420444007558
td7,TD7 residual,186,30.860678709581435,0.0012849749365700003,0.05266557060972977,0.23282749902612032,0.1125,0.0,0.0,0.0,0.019999999999999997,0.0056530052104147785,0.021592947957372953,0.2732412977351715,1.0,0.0,0.028552903407084433
td7,TD7 residual,187,31.160046500175362,0.0012437167875596167,0.05784804542942117,0.24689325093149445,0.105,0.0,0.0,0.0,0.019999999999999997,0.005563114933157396,0.02200963827645528,0.276276129399038,1.0,0.0,0.030026500128004025
td7,TD7 residual,188,30.890333609555682,0.0013534211766730237,0.05250855075898003,0.2423148645543612,0.10875,0.0,0.0,0.0,0.019999999999999997,0.005647136189676678,0.021667735213291968,0.2754228844321575,1.0,0.0,0.029509487358288167
td7,TD7 residual,189,31.30350515221894,0.0012982887126934178,0.0536496238262246,0.23886654467397492,0.10875,0.0,0.0,0.0,0.019999999999999997,0.005684768867200245,0.021962625107900615,0.27479702567061504,1.0,0.0,0.029190600081523393
td7,TD7 residual,190,30.649331301552902,0.0012831732883711092,0.056546833530209006,0.2507924613788833,0.10125,0.0,0.0,0.0,0.019999999999999997,0.005713768310094482,0.02253257712748214,0.2801248628031185,1.0,0.0,0.028799776377217198
td7,TD7 residual,191,30.391440289612632,0.0013999581933582268,0.05470569553046904,0.2546427498042194,0.11375,0.0,0.0,0.0,0.019999999999999997,0.005948648838275006,0.022000281655821817,0.2828744732505915,1.0,0.0,0.030357107530328005
td7,TD7 residual,192,30.37543283531124,0.0015027149382260717,0.05181644350919501,0.2544067493009765,0.12375,0.0,0.0,0.0,0.019999999999999997,0.006028831878255958,0.02174307406533171,0.2925233104245785,1.0,0.0,0.028970554948104806
td7,TD7 residual,193,28.537142199823755,0.0015747447614178312,0.04812288290089322,0.2526120654738794,0.1125,0.0,0.0,0.0,0.019999999999999997,0.006163623635769485,0.022240510000779014,0.30027186682937956,1.0,0.0,0.028171458777385628
td7,TD7 residual,194,28.156026876980132,0.001634051270625131,0.049007437632967846,0.2429336772153966,0.10625,0.0,0.0,0.0,0.019999999999999997,0.0062479087376775344,0.022702754239814767,0.29602287999726706,1.0,0.0,0.02884414560014739
td7,TD7 residual,195,30.85502500654856,0.0011777743077475264,0.06229462078277764,0.2518829562417344,0.10625,0.0,0.0,0.0,0.019999999999999997,0.0055990855926440685,0.022845706575513554,0.29388670396667943,1.0,0.0,0.029562783515611736
td7,TD7 residual,196,30.83352979031097,0.0012981030614902136,0.056965348744765,0.2523009475708505,0.11,0.0,0.0,0.0,0.019999999999999997,0.005844783412799248,0.022833849783219753,0.2817156885511352,1.0,0.0,0.028055778265736755
td7,TD7 residual,197,31.78047972375893,0.001222893079395751,0.05568469234162826,0.24214298377352889,0.10125,0.0,0.0,0.0,0.019999999999999997,0.005665685193187744,0.022558993452036852,0.280572812870338,1.0,0.0,0.028452407107782927
td7,TD7 residual,198,31.553792949284112,0.0012111203037664903,0.05380575287232954,0.23612772811264734,0.09375,0.0,0.0,0.0,0.019999999999999997,0.005551702682047624,0.022086210857665458,0.2711129217642553,1.0,0.0,0.029535843313925163
td7,TD7 residual,199,32.325205551398746,0.0011682234370597611,0.052570414325048616,0.22830586698085106,0.09375,0.0,0.0,0.0,0.019999999999999997,0.005486017753819267,0.022120382711808922,0.2672879974692781,1.0,0.0,0.028232315287373657
td7,TD7 residual,200,34.480348355269214,0.0010460414205238121,0.05236436932118752,0.21152931981952539,0.09125,0.0,0.0,0.0,0.019999999999999997,0.0047428464294687975,0.021987544356229898,0.24949714653528282,1.0,0.0,2.2124728925597447e-06
