key,label,family,role,subepisode,reward,temp_mae,comp_mae,outside_band_frac,sg_policy_step_frac,sg_supervisor_step_frac,sg_held_step_frac,sg_fallback_step_frac,sg_policy_decision_frac,sg_adv_median,sg_adv_q10,sg_adv_q90,sg_decision_count
ofmpc,OF-MPC,baseline,baseline,1,-2.476675969510907,0.2927732284734549,0.0026222558162572783,0.4425,nan,nan,nan,nan,nan,nan,nan,nan,nan
ofmpc,OF-MPC,baseline,baseline,2,7.873268440319639,0.1859443400722817,0.001504918606746554,0.2525,nan,nan,nan,nan,nan,nan,nan,nan,nan
ofmpc,OF-MPC,baseline,baseline,3,7.984065811175101,0.18506170835357416,0.0014993545878393077,0.2525,nan,nan,nan,nan,nan,nan,nan,nan,nan
ofmpc,OF-MPC,baseline,baseline,4,8.105314648841453,0.18410433280222827,0.0014934912403808188,0.2525,nan,nan,nan,nan,nan,nan,nan,nan,nan
ofmpc,OF-MPC,baseline,baseline,5,8.225176767892254,0.18307377468237043,0.0014873239022055184,0.255,nan,nan,nan,nan,nan,nan,nan,nan,nan
ofmpc,OF-MPC,baseline,baseline,6,8.348162221262948,0.18196794796153287,0.0014808790919532302,0.25,nan,nan,nan,nan,nan,nan,nan,nan,nan
ofmpc,OF-MPC,baseline,baseline,7,8.481457057038652,0.18077406538560614,0.0014741186759694492,0.25,nan,nan,nan,nan,nan,nan,nan,nan,nan
ofmpc,OF-MPC,baseline,baseline,8,8.645506168281027,0.17952259314884092,0.0014670029785861297,0.2525,nan,nan,nan,nan,nan,nan,nan,nan,nan
ofmpc,OF-MPC,baseline,baseline,9,8.805426287438875,0.17844941759630806,0.001459538116298835,0.2475,nan,nan,nan,nan,nan,nan,nan,nan,nan
ofmpc,OF-MPC,baseline,baseline,10,8.92119540916416,0.1775348211956434,0.001451493760816787,0.2475,nan,nan,nan,nan,nan,nan,nan,nan,nan
ofmpc,OF-MPC,baseline,baseline,11,9.069503086859898,0.1765203100347273,0.00144319845785996,0.245,nan,nan,nan,nan,nan,nan,nan,nan,nan
ofmpc,OF-MPC,baseline,baseline,12,9.243185570367876,0.1753988610256166,0.0014345666710235622,0.2425,nan,nan,nan,nan,nan,nan,nan,nan,nan
ofmpc,OF-MPC,baseline,baseline,13,9.45387380507967,0.1742016073916669,0.0014255053836890108,0.2375,nan,nan,nan,nan,nan,nan,nan,nan,nan
ofmpc,OF-MPC,baseline,baseline,14,9.61788057954454,0.17312851630756904,0.0014159502630637813,0.2325,nan,nan,nan,nan,nan,nan,nan,nan,nan
ofmpc,OF-MPC,baseline,baseline,15,10.100128986671564,0.17205239472159162,0.001401390535097299,0.2275,nan,nan,nan,nan,nan,nan,nan,nan,nan
ofmpc,OF-MPC,baseline,baseline,16,10.176873784431722,0.17168944406692405,0.001393234579787609,0.2275,nan,nan,nan,nan,nan,nan,nan,nan,nan
ofmpc,OF-MPC,baseline,baseline,17,10.219684132854095,0.17139963400450678,0.0013906836628214878,0.2275,nan,nan,nan,nan,nan,nan,nan,nan,nan
ofmpc,OF-MPC,baseline,baseline,18,10.264523988789927,0.17109971799372922,0.0013881200272814387,0.225,nan,nan,nan,nan,nan,nan,nan,nan,nan
ofmpc,OF-MPC,baseline,baseline,19,10.30937578095216,0.17079688979140342,0.001385501770701865,0.225,nan,nan,nan,nan,nan,nan,nan,nan,nan
ofmpc,OF-MPC,baseline,baseline,20,10.35485349832279,0.17048790864636948,0.0013828495606076285,0.225,nan,nan,nan,nan,nan,nan,nan,nan,nan
ofmpc,OF-MPC,baseline,baseline,21,10.401200014757492,0.17017150367727332,0.0013801582149528524,0.225,nan,nan,nan,nan,nan,nan,nan,nan,nan
ofmpc,OF-MPC,baseline,baseline,22,10.448583628614108,0.16984697820819192,0.0013774804343535518,0.225,nan,nan,nan,nan,nan,nan,nan,nan,nan
ofmpc,OF-MPC,baseline,baseline,23,10.496895861215647,0.16951615418640872,0.0013747251789687181,0.2225,nan,nan,nan,nan,nan,nan,nan,nan,nan
ofmpc,OF-MPC,baseline,baseline,24,10.54544063381245,0.16917820209054635,0.001371967433045807,0.2225,nan,nan,nan,nan,nan,nan,nan,nan,nan
ofmpc,OF-MPC,baseline,baseline,25,10.59335721509868,0.16883439596278357,0.0013691919896722427,0.22,nan,nan,nan,nan,nan,nan,nan,nan,nan
ofmpc,OF-MPC,baseline,baseline,26,10.643358103697313,0.168475480644632,0.0013663854504692779,0.2175,nan,nan,nan,nan,nan,nan,nan,nan,nan
ofmpc,OF-MPC,baseline,baseline,27,10.692889207875144,0.16811582424725124,0.0013634884335715328,0.2175,nan,nan,nan,nan,nan,nan,nan,nan,nan
ofmpc,OF-MPC,baseline,baseline,28,10.742518071456754,0.1677506515991219,0.0013605979565293378,0.215,nan,nan,nan,nan,nan,nan,nan,nan,nan
ofmpc,OF-MPC,baseline,baseline,29,10.793186449238156,0.16737780928593624,0.0013576519161884193,0.215,nan,nan,nan,nan,nan,nan,nan,nan,nan
ofmpc,OF-MPC,baseline,baseline,30,10.844988742232466,0.1669946026775802,0.0013547003202693518,0.2125,nan,nan,nan,nan,nan,nan,nan,nan,nan
ofmpc,OF-MPC,baseline,baseline,31,10.89685595228568,0.16660586532791669,0.001351682644561278,0.2125,nan,nan,nan,nan,nan,nan,nan,nan,nan
ofmpc,OF-MPC,baseline,baseline,32,10.158011037998962,0.16639159687308377,0.0013571225090201788,0.21,nan,nan,nan,nan,nan,nan,nan,nan,nan
ofmpc,OF-MPC,baseline,baseline,33,9.944378844136448,0.16929305846349504,0.0013600278104826868,0.22,nan,nan,nan,nan,nan,nan,nan,nan,nan
ofmpc,OF-MPC,baseline,baseline,34,9.451666614244294,0.17269981997254227,0.001389164962377678,0.2275,nan,nan,nan,nan,nan,nan,nan,nan,nan
ofmpc,OF-MPC,baseline,baseline,35,9.014879891842476,0.17559741926100622,0.0014148614433917794,0.24,nan,nan,nan,nan,nan,nan,nan,nan,nan
ofmpc,OF-MPC,baseline,baseline,36,8.597737526049297,0.17841203693238267,0.0014373488671479008,0.2475,nan,nan,nan,nan,nan,nan,nan,nan,nan
ofmpc,OF-MPC,baseline,baseline,37,8.196275536822368,0.1814006955167634,0.001457304944483974,0.25,nan,nan,nan,nan,nan,nan,nan,nan,nan
ofmpc,OF-MPC,baseline,baseline,38,7.853028297506255,0.1843873773327971,0.0014748551811481067,0.255,nan,nan,nan,nan,nan,nan,nan,nan,nan
ofmpc,OF-MPC,baseline,baseline,39,7.551944271923657,0.1868293232331721,0.0014902947420262558,0.255,nan,nan,nan,nan,nan,nan,nan,nan,nan
ofmpc,OF-MPC,baseline,baseline,40,7.264850161607337,0.18906898152068108,0.0015039276497949856,0.2525,nan,nan,nan,nan,nan,nan,nan,nan,nan
ofmpc,OF-MPC,baseline,baseline,41,7.002541474482475,0.1909520640681528,0.001515921108129223,0.255,nan,nan,nan,nan,nan,nan,nan,nan,nan
ofmpc,OF-MPC,baseline,baseline,42,6.800034482563541,0.19240640650741495,0.00152643554815798,0.2575,nan,nan,nan,nan,nan,nan,nan,nan,nan
ofmpc,OF-MPC,baseline,baseline,43,6.573252606329734,0.19367461224142343,0.0015356580122755086,0.2525,nan,nan,nan,nan,nan,nan,nan,nan,nan
ofmpc,OF-MPC,baseline,baseline,44,6.364201858330659,0.19488125062669784,0.0015436421427291389,0.25,nan,nan,nan,nan,nan,nan,nan,nan,nan
ofmpc,OF-MPC,baseline,baseline,45,6.157954441059336,0.19617497606463588,0.0015506951869593676,0.2475,nan,nan,nan,nan,nan,nan,nan,nan,nan
ofmpc,OF-MPC,baseline,baseline,46,5.887413530440242,0.1979338119612958,0.001556961943273239,0.25,nan,nan,nan,nan,nan,nan,nan,nan,nan
ofmpc,OF-MPC,baseline,baseline,47,5.730695471434379,0.19952846734561455,0.0015624853858065217,0.245,nan,nan,nan,nan,nan,nan,nan,nan,nan
ofmpc,OF-MPC,baseline,baseline,48,5.479958658694686,0.20127104503906498,0.0015674936018734696,0.245,nan,nan,nan,nan,nan,nan,nan,nan,nan
ofmpc,OF-MPC,baseline,baseline,49,5.643162620116858,0.2027032048531191,0.0015691513267016217,0.24,nan,nan,nan,nan,nan,nan,nan,nan,nan
ofmpc,OF-MPC,baseline,baseline,50,5.10956248506398,0.20152726961118603,0.0015924713151098818,0.2375,nan,nan,nan,nan,nan,nan,nan,nan,nan
ofmpc,OF-MPC,baseline,baseline,51,5.286139646568635,0.20038135614636698,0.0015896066591013802,0.2425,nan,nan,nan,nan,nan,nan,nan,nan,nan
ofmpc,OF-MPC,baseline,baseline,52,5.4598006850109115,0.19924052042747484,0.0015867120459357356,0.24,nan,nan,nan,nan,nan,nan,nan,nan,nan
ofmpc,OF-MPC,baseline,baseline,53,5.562988276479739,0.19829154028125529,0.0015835221930248383,0.245,nan,nan,nan,nan,nan,nan,nan,nan,nan
ofmpc,OF-MPC,baseline,baseline,54,5.68596509159391,0.19727974312416,0.0015799607225435916,0.2475,nan,nan,nan,nan,nan,nan,nan,nan,nan
ofmpc,OF-MPC,baseline,baseline,55,5.872359298117765,0.1961153420130516,0.001576055810811361,0.245,nan,nan,nan,nan,nan,nan,nan,nan,nan
ofmpc,OF-MPC,baseline,baseline,56,6.060408403566564,0.1951620386832567,0.001572008896361934,0.2475,nan,nan,nan,nan,nan,nan,nan,nan,nan
ofmpc,OF-MPC,baseline,baseline,57,6.189391655366002,0.19439575529216582,0.0015678532831760567,0.2475,nan,nan,nan,nan,nan,nan,nan,nan,nan
ofmpc,OF-MPC,baseline,baseline,58,6.351840641714521,0.19357098736616826,0.0015630656763434758,0.25,nan,nan,nan,nan,nan,nan,nan,nan,nan
ofmpc,OF-MPC,baseline,baseline,59,6.503650312827745,0.19284541035923639,0.001557861736158226,0.2525,nan,nan,nan,nan,nan,nan,nan,nan,nan
ofmpc,OF-MPC,baseline,baseline,60,6.676103710998977,0.1920567288391215,0.0015523371297999084,0.255,nan,nan,nan,nan,nan,nan,nan,nan,nan
ofmpc,OF-MPC,baseline,baseline,61,6.790329580861189,0.191279879096694,0.001546285297493556,0.255,nan,nan,nan,nan,nan,nan,nan,nan,nan
ofmpc,OF-MPC,baseline,baseline,62,6.940895732690129,0.1903423764184341,0.0015397037817695216,0.2525,nan,nan,nan,nan,nan,nan,nan,nan,nan
ofmpc,OF-MPC,baseline,baseline,63,7.110965111310391,0.18924398690185862,0.0015326226469068937,0.2525,nan,nan,nan,nan,nan,nan,nan,nan,nan
ofmpc,OF-MPC,baseline,baseline,64,7.293888415807614,0.18797252416305818,0.0015249324286994142,0.2525,nan,nan,nan,nan,nan,nan,nan,nan,nan
ofmpc,OF-MPC,baseline,baseline,65,7.4901018962943455,0.186575539165405,0.0015166689914126623,0.2525,nan,nan,nan,nan,nan,nan,nan,nan,nan
ofmpc,OF-MPC,baseline,baseline,66,8.088654491733344,0.18634930603930727,0.0015018484364830284,0.2525,nan,nan,nan,nan,nan,nan,nan,nan,nan
ofmpc,OF-MPC,baseline,baseline,67,8.061275135720997,0.18675050440540644,0.00149578624758807,0.255,nan,nan,nan,nan,nan,nan,nan,nan,nan
ofmpc,OF-MPC,baseline,baseline,68,7.981085236199107,0.18735341005931805,0.0014995187220877254,0.255,nan,nan,nan,nan,nan,nan,nan,nan,nan
ofmpc,OF-MPC,baseline,baseline,69,7.8943467860872785,0.18797009015601682,0.001503175730603112,0.255,nan,nan,nan,nan,nan,nan,nan,nan,nan
ofmpc,OF-MPC,baseline,baseline,70,7.817140536180359,0.18855935052360132,0.0015066736586192564,0.2525,nan,nan,nan,nan,nan,nan,nan,nan,nan
ofmpc,OF-MPC,baseline,baseline,71,7.743074595047205,0.18910883606900478,0.001510068592134064,0.255,nan,nan,nan,nan,nan,nan,nan,nan,nan
ofmpc,OF-MPC,baseline,baseline,72,7.665119364175399,0.18963678713665352,0.0015133333538373173,0.255,nan,nan,nan,nan,nan,nan,nan,nan,nan
ofmpc,OF-MPC,baseline,baseline,73,7.591221097437804,0.19013023009790442,0.001516488046209561,0.255,nan,nan,nan,nan,nan,nan,nan,nan,nan
ofmpc,OF-MPC,baseline,baseline,74,7.521673713423663,0.19059303602280095,0.0015195393215879638,0.255,nan,nan,nan,nan,nan,nan,nan,nan,nan
ofmpc,OF-MPC,baseline,baseline,75,7.460781355493362,0.19102134824491926,0.0015224218701729102,0.2575,nan,nan,nan,nan,nan,nan,nan,nan,nan
ofmpc,OF-MPC,baseline,baseline,76,7.404162137971807,0.19142286550486837,0.0015252420389242803,0.2575,nan,nan,nan,nan,nan,nan,nan,nan,nan
ofmpc,OF-MPC,baseline,baseline,77,7.352644168661485,0.19179111118118933,0.0015279677761622329,0.2575,nan,nan,nan,nan,nan,nan,nan,nan,nan
ofmpc,OF-MPC,baseline,baseline,78,7.312549683131399,0.19212438732576062,0.0015305925090190224,0.255,nan,nan,nan,nan,nan,nan,nan,nan,nan
ofmpc,OF-MPC,baseline,baseline,79,7.2691036095272485,0.19244708880765024,0.0015331152053290379,0.255,nan,nan,nan,nan,nan,nan,nan,nan,nan
ofmpc,OF-MPC,baseline,baseline,80,7.197487597196195,0.192794932362706,0.0015355550264734659,0.255,nan,nan,nan,nan,nan,nan,nan,nan,nan
ofmpc,OF-MPC,baseline,baseline,81,7.11581775238301,0.19314446946567546,0.0015379790219529211,0.2525,nan,nan,nan,nan,nan,nan,nan,nan,nan
ofmpc,OF-MPC,baseline,baseline,82,7.045060516457707,0.1934721064887939,0.0015403104273786859,0.2525,nan,nan,nan,nan,nan,nan,nan,nan,nan
ofmpc,OF-MPC,baseline,baseline,83,6.988472081656312,0.19377732850872206,0.001542559025815053,0.2525,nan,nan,nan,nan,nan,nan,nan,nan,nan
ofmpc,OF-MPC,baseline,baseline,84,6.926389313609362,0.1941109090419895,0.0015447238268988784,0.2525,nan,nan,nan,nan,nan,nan,nan,nan,nan
ofmpc,OF-MPC,baseline,baseline,85,6.856472919754368,0.19446917454145513,0.0015467672439229813,0.25,nan,nan,nan,nan,nan,nan,nan,nan,nan
ofmpc,OF-MPC,baseline,baseline,86,6.819777732744428,0.19477948292181235,0.0015486584257280547,0.25,nan,nan,nan,nan,nan,nan,nan,nan,nan
ofmpc,OF-MPC,baseline,baseline,87,6.780319981103694,0.19510298911790788,0.0015505212768061598,0.2475,nan,nan,nan,nan,nan,nan,nan,nan,nan
ofmpc,OF-MPC,baseline,baseline,88,6.7063133422790635,0.1954650210241632,0.0015524009939601113,0.2475,nan,nan,nan,nan,nan,nan,nan,nan,nan
ofmpc,OF-MPC,baseline,baseline,89,6.63493042837759,0.19583212396657687,0.001554191416377067,0.2475,nan,nan,nan,nan,nan,nan,nan,nan,nan
ofmpc,OF-MPC,baseline,baseline,90,5.799678543703757,0.19497254329387279,0.0015678400027444627,0.2475,nan,nan,nan,nan,nan,nan,nan,nan,nan
ofmpc,OF-MPC,baseline,baseline,91,5.916998268207581,0.19416282871405252,0.001573528342714282,0.2475,nan,nan,nan,nan,nan,nan,nan,nan,nan
ofmpc,OF-MPC,baseline,baseline,92,6.134241600192885,0.1931011977668115,0.001566809625488797,0.2525,nan,nan,nan,nan,nan,nan,nan,nan,nan
ofmpc,OF-MPC,baseline,baseline,93,6.3731798546090275,0.19204592785316585,0.0015593849310228103,0.255,nan,nan,nan,nan,nan,nan,nan,nan,nan
ofmpc,OF-MPC,baseline,baseline,94,6.537733512666039,0.19096228209438437,0.001551110996688378,0.255,nan,nan,nan,nan,nan,nan,nan,nan,nan
ofmpc,OF-MPC,baseline,baseline,95,6.760803288837756,0.18958354100712857,0.0015418582808623097,0.2525,nan,nan,nan,nan,nan,nan,nan,nan,nan
ofmpc,OF-MPC,baseline,baseline,96,7.006732350971806,0.1878944417883362,0.0015315850337067221,0.2525,nan,nan,nan,nan,nan,nan,nan,nan,nan
ofmpc,OF-MPC,baseline,baseline,97,7.2580014237053705,0.18603500324594605,0.0015201482519531797,0.2525,nan,nan,nan,nan,nan,nan,nan,nan,nan
ofmpc,OF-MPC,baseline,baseline,98,7.516087748346076,0.18400002384473713,0.0015075720185622516,0.2525,nan,nan,nan,nan,nan,nan,nan,nan,nan
ofmpc,OF-MPC,baseline,baseline,99,7.787305872536573,0.18160572493143923,0.0014934811459614286,0.25,nan,nan,nan,nan,nan,nan,nan,nan,nan
ofmpc,OF-MPC,baseline,baseline,100,8.132037194666463,0.17893825511527284,0.0014777377090982743,0.2475,nan,nan,nan,nan,nan,nan,nan,nan,nan
ofmpc,OF-MPC,baseline,baseline,101,8.431144428481307,0.1767567266126242,0.0014602730072693934,0.245,nan,nan,nan,nan,nan,nan,nan,nan,nan
ofmpc,OF-MPC,baseline,baseline,102,8.84270480580574,0.1742109194962703,0.0014408580245553716,0.2375,nan,nan,nan,nan,nan,nan,nan,nan,nan
ofmpc,OF-MPC,baseline,baseline,103,9.191440860350978,0.1717732075089895,0.0014193475285850519,0.23,nan,nan,nan,nan,nan,nan,nan,nan,nan
ofmpc,OF-MPC,baseline,baseline,104,9.59439093229934,0.16891109212678498,0.0013953617548485558,0.2225,nan,nan,nan,nan,nan,nan,nan,nan,nan
ofmpc,OF-MPC,baseline,baseline,105,10.056588160318318,0.16542201851602514,0.0013685956536840247,0.21,nan,nan,nan,nan,nan,nan,nan,nan,nan
ofmpc,OF-MPC,baseline,baseline,106,10.581009788989432,0.16142800510209343,0.0013387958489382052,0.195,nan,nan,nan,nan,nan,nan,nan,nan,nan
ofmpc,OF-MPC,baseline,baseline,107,11.14741605239739,0.15743912714577635,0.0013057168951687988,0.13,nan,nan,nan,nan,nan,nan,nan,nan,nan
ofmpc,OF-MPC,baseline,baseline,108,12.230856112907947,0.1546384595347501,0.0012684726807433147,0.11,nan,nan,nan,nan,nan,nan,nan,nan,nan
ofmpc,OF-MPC,baseline,baseline,109,11.802129248179245,0.1578641094045584,0.0012729664524845858,0.1225,nan,nan,nan,nan,nan,nan,nan,nan,nan
ofmpc,OF-MPC,baseline,baseline,110,11.364806886446837,0.16088799634666792,0.0012984927274541647,0.14,nan,nan,nan,nan,nan,nan,nan,nan,nan
ofmpc,OF-MPC,baseline,baseline,111,10.946537830832645,0.16392148330755185,0.0013221359202814393,0.1975,nan,nan,nan,nan,nan,nan,nan,nan,nan
ofmpc,OF-MPC,baseline,baseline,112,10.555302726708357,0.16687516449674686,0.0013439962389651375,0.2075,nan,nan,nan,nan,nan,nan,nan,nan,nan
ofmpc,OF-MPC,baseline,baseline,113,10.156464121695757,0.16943697852608458,0.0013647133557064051,0.22,nan,nan,nan,nan,nan,nan,nan,nan,nan
ofmpc,OF-MPC,baseline,baseline,114,9.873571493254374,0.17162444939187652,0.0013829296459605051,0.225,nan,nan,nan,nan,nan,nan,nan,nan,nan
ofmpc,OF-MPC,baseline,baseline,115,9.598478751987052,0.17352056469870106,0.0014002223659077195,0.2325,nan,nan,nan,nan,nan,nan,nan,nan,nan
ofmpc,OF-MPC,baseline,baseline,116,9.305611528530562,0.1753750340677299,0.001416132404522385,0.24,nan,nan,nan,nan,nan,nan,nan,nan,nan
ofmpc,OF-MPC,baseline,baseline,117,9.022138179472224,0.17724815708910494,0.001430634594021327,0.245,nan,nan,nan,nan,nan,nan,nan,nan,nan
ofmpc,OF-MPC,baseline,baseline,118,8.805917957610005,0.1788726209865501,0.0014442086892195035,0.2475,nan,nan,nan,nan,nan,nan,nan,nan,nan
ofmpc,OF-MPC,baseline,baseline,119,8.529527569096803,0.1808278850609175,0.0014567166703257927,0.25,nan,nan,nan,nan,nan,nan,nan,nan,nan
ofmpc,OF-MPC,baseline,baseline,120,8.295505386847609,0.18283317590294845,0.001468256131916275,0.255,nan,nan,nan,nan,nan,nan,nan,nan,nan
ofmpc,OF-MPC,baseline,baseline,121,8.089680861698866,0.18460261063366842,0.00147888779084455,0.2525,nan,nan,nan,nan,nan,nan,nan,nan,nan
ofmpc,OF-MPC,baseline,baseline,122,7.89238091418817,0.18616436720549245,0.00148868670477829,0.255,nan,nan,nan,nan,nan,nan,nan,nan,nan
ofmpc,OF-MPC,baseline,baseline,123,7.717679737211893,0.18758036757805643,0.0014976989975920502,0.255,nan,nan,nan,nan,nan,nan,nan,nan,nan
ofmpc,OF-MPC,baseline,baseline,124,7.533905518074375,0.18898357353638212,0.0015060588555797878,0.255,nan,nan,nan,nan,nan,nan,nan,nan,nan
ofmpc,OF-MPC,baseline,baseline,125,7.356470361884339,0.1902145139080541,0.0015138018399212876,0.255,nan,nan,nan,nan,nan,nan,nan,nan,nan
ofmpc,OF-MPC,baseline,baseline,126,7.199040859644793,0.19127243931055835,0.001520910088696454,0.2575,nan,nan,nan,nan,nan,nan,nan,nan,nan
ofmpc,OF-MPC,baseline,baseline,127,7.08475741480806,0.19215095893549133,0.0015273831825559575,0.2575,nan,nan,nan,nan,nan,nan,nan,nan,nan
ofmpc,OF-MPC,baseline,baseline,128,6.9603903078046025,0.192942978565379,0.0015333548929451811,0.255,nan,nan,nan,nan,nan,nan,nan,nan,nan
ofmpc,OF-MPC,baseline,baseline,129,6.789587114656187,0.19374283773878342,0.0015389113287605357,0.2525,nan,nan,nan,nan,nan,nan,nan,nan,nan
ofmpc,OF-MPC,baseline,baseline,130,6.643118587493276,0.19452837190240013,0.0015440469470736678,0.25,nan,nan,nan,nan,nan,nan,nan,nan,nan
ofmpc,OF-MPC,baseline,baseline,131,6.544649672157035,0.19528488741650585,0.0015485895052059218,0.25,nan,nan,nan,nan,nan,nan,nan,nan,nan
ofmpc,OF-MPC,baseline,baseline,132,6.959331901479978,0.19598321683322045,0.0015469294233295843,0.2475,nan,nan,nan,nan,nan,nan,nan,nan,nan
ofmpc,OF-MPC,baseline,baseline,133,6.670059323089269,0.19577941989632014,0.0015588394627507674,0.2475,nan,nan,nan,nan,nan,nan,nan,nan,nan
ofmpc,OF-MPC,baseline,baseline,134,6.695852057032908,0.1956370559638369,0.0015581875609717293,0.2475,nan,nan,nan,nan,nan,nan,nan,nan,nan
ofmpc,OF-MPC,baseline,baseline,135,6.718349777981229,0.19550610344291872,0.0015575338640746498,0.2475,nan,nan,nan,nan,nan,nan,nan,nan,nan
ofmpc,OF-MPC,baseline,baseline,136,6.747630585799065,0.19536519307567388,0.0015568689413727943,0.2475,nan,nan,nan,nan,nan,nan,nan,nan,nan
ofmpc,OF-MPC,baseline,baseline,137,6.778287952922654,0.19522596634331443,0.0015562193650540098,0.2475,nan,nan,nan,nan,nan,nan,nan,nan,nan
ofmpc,OF-MPC,baseline,baseline,138,6.806772363676224,0.19509211769802057,0.0015555489005328483,0.2475,nan,nan,nan,nan,nan,nan,nan,nan,nan
ofmpc,OF-MPC,baseline,baseline,139,6.831513150723431,0.19496098114936944,0.0015548589673447149,0.2475,nan,nan,nan,nan,nan,nan,nan,nan,nan
ofmpc,OF-MPC,baseline,baseline,140,6.855510024014518,0.19483143843448095,0.0015541730163905242,0.2475,nan,nan,nan,nan,nan,nan,nan,nan,nan
ofmpc,OF-MPC,baseline,baseline,141,6.868483482777176,0.1947159614198798,0.0015534813171866368,0.2475,nan,nan,nan,nan,nan,nan,nan,nan,nan
ofmpc,OF-MPC,baseline,baseline,142,6.879554724597752,0.1946032122019389,0.0015527880939960508,0.2475,nan,nan,nan,nan,nan,nan,nan,nan,nan
ofmpc,OF-MPC,baseline,baseline,143,6.892892791402423,0.19448871377868288,0.0015520867699913433,0.2475,nan,nan,nan,nan,nan,nan,nan,nan,nan
ofmpc,OF-MPC,baseline,baseline,144,6.906810990443725,0.19437965674440555,0.0015513863895556036,0.2475,nan,nan,nan,nan,nan,nan,nan,nan,nan
ofmpc,OF-MPC,baseline,baseline,145,6.928842452532158,0.19425126256240163,0.0015506777807858566,0.2475,nan,nan,nan,nan,nan,nan,nan,nan,nan
ofmpc,OF-MPC,baseline,baseline,146,6.95378183762135,0.1941196505139085,0.0015499025429917817,0.25,nan,nan,nan,nan,nan,nan,nan,nan,nan
ofmpc,OF-MPC,baseline,baseline,147,6.982907644041454,0.1939810125598661,0.0015491369234413546,0.2525,nan,nan,nan,nan,nan,nan,nan,nan,nan
ofmpc,OF-MPC,baseline,baseline,148,7.0143045893721565,0.19384423825208896,0.0015483399869731804,0.2525,nan,nan,nan,nan,nan,nan,nan,nan,nan
ofmpc,OF-MPC,baseline,baseline,149,7.036144358196537,0.19371886122498894,0.0015475514733766802,0.2525,nan,nan,nan,nan,nan,nan,nan,nan,nan
ofmpc,OF-MPC,baseline,baseline,150,7.05579453781208,0.19360433140778674,0.0015467435929443047,0.2525,nan,nan,nan,nan,nan,nan,nan,nan,nan
ofmpc,OF-MPC,baseline,baseline,151,7.076619503545521,0.19349275048707174,0.0015459278838171105,0.2525,nan,nan,nan,nan,nan,nan,nan,nan,nan
ofmpc,OF-MPC,baseline,baseline,152,7.098584740805673,0.193379339758853,0.0015450919780602063,0.2525,nan,nan,nan,nan,nan,nan,nan,nan,nan
ofmpc,OF-MPC,baseline,baseline,153,7.122416157308999,0.19326360588071423,0.0015442489753094803,0.2525,nan,nan,nan,nan,nan,nan,nan,nan,nan
ofmpc,OF-MPC,baseline,baseline,154,7.148556959930254,0.19314409697934376,0.0015434009373662227,0.2525,nan,nan,nan,nan,nan,nan,nan,nan,nan
ofmpc,OF-MPC,baseline,baseline,155,7.176077118718796,0.1930212119827265,0.0015425310589483293,0.2525,nan,nan,nan,nan,nan,nan,nan,nan,nan
ofmpc,OF-MPC,baseline,baseline,156,7.204872710392483,0.192896238524524,0.0015416731915431853,0.2525,nan,nan,nan,nan,nan,nan,nan,nan,nan
ofmpc,OF-MPC,baseline,baseline,157,6.885154227837259,0.19280906670092413,0.0015440104132441368,0.2525,nan,nan,nan,nan,nan,nan,nan,nan,nan
ofmpc,OF-MPC,baseline,baseline,158,6.9958534863825355,0.19216895973664871,0.001545360635546359,0.255,nan,nan,nan,nan,nan,nan,nan,nan,nan
ofmpc,OF-MPC,baseline,baseline,159,7.058482360333255,0.19172039222466733,0.0015417657879467249,0.255,nan,nan,nan,nan,nan,nan,nan,nan,nan
ofmpc,OF-MPC,baseline,baseline,160,7.133230520658649,0.19121900685891824,0.0015379944591518038,0.255,nan,nan,nan,nan,nan,nan,nan,nan,nan
ofmpc,OF-MPC,baseline,baseline,161,7.220362541614925,0.19065547175462974,0.0015340418078295835,0.255,nan,nan,nan,nan,nan,nan,nan,nan,nan
ofmpc,OF-MPC,baseline,baseline,162,7.315996423109495,0.19003487183073378,0.0015299344591582986,0.2525,nan,nan,nan,nan,nan,nan,nan,nan,nan
ofmpc,OF-MPC,baseline,baseline,163,7.4191460841365755,0.1893505105396082,0.0015255975282535007,0.255,nan,nan,nan,nan,nan,nan,nan,nan,nan
ofmpc,OF-MPC,baseline,baseline,164,7.5272219867727745,0.1886057687077345,0.00152104705209974,0.255,nan,nan,nan,nan,nan,nan,nan,nan,nan
ofmpc,OF-MPC,baseline,baseline,165,7.6357314415228394,0.1877986680153005,0.0015162469727834505,0.255,nan,nan,nan,nan,nan,nan,nan,nan,nan
ofmpc,OF-MPC,baseline,baseline,166,7.759176522549776,0.18693705350799114,0.0015112214132646507,0.2525,nan,nan,nan,nan,nan,nan,nan,nan,nan
ofmpc,OF-MPC,baseline,baseline,167,7.8542950512584255,0.18612666597444558,0.0015060315965493274,0.2525,nan,nan,nan,nan,nan,nan,nan,nan,nan
ofmpc,OF-MPC,baseline,baseline,168,7.96128666223119,0.1852650445861868,0.0015005419536801867,0.2525,nan,nan,nan,nan,nan,nan,nan,nan,nan
ofmpc,OF-MPC,baseline,baseline,169,8.079440423339856,0.18433156189491307,0.0014947818674499692,0.2525,nan,nan,nan,nan,nan,nan,nan,nan,nan
ofmpc,OF-MPC,baseline,baseline,170,8.200192090555722,0.1833225611155035,0.001488730286219708,0.255,nan,nan,nan,nan,nan,nan,nan,nan,nan
ofmpc,OF-MPC,baseline,baseline,171,8.321048542197866,0.18224116240914298,0.0014824088126113252,0.2525,nan,nan,nan,nan,nan,nan,nan,nan,nan
ofmpc,OF-MPC,baseline,baseline,172,8.449744480853946,0.18107798589475294,0.0014757499916016295,0.25,nan,nan,nan,nan,nan,nan,nan,nan,nan
ofmpc,OF-MPC,baseline,baseline,173,8.607246467293862,0.17982467114317044,0.001468767184303511,0.25,nan,nan,nan,nan,nan,nan,nan,nan,nan
ofmpc,OF-MPC,baseline,baseline,174,8.77472471780527,0.17870370475108657,0.0014614487470763972,0.2475,nan,nan,nan,nan,nan,nan,nan,nan,nan
ofmpc,OF-MPC,baseline,baseline,175,8.8802892822519,0.177785920418259,0.0014537198296760013,0.2475,nan,nan,nan,nan,nan,nan,nan,nan,nan
ofmpc,OF-MPC,baseline,baseline,176,8.864399048609773,0.1784071579378128,0.0014447748608706313,0.2475,nan,nan,nan,nan,nan,nan,nan,nan,nan
ofmpc,OF-MPC,baseline,baseline,177,8.65630831774841,0.17993646155479973,0.0014516997515352443,0.2525,nan,nan,nan,nan,nan,nan,nan,nan,nan
ofmpc,OF-MPC,baseline,baseline,178,8.387164532068418,0.18203942723731578,0.0014636166125440722,0.25,nan,nan,nan,nan,nan,nan,nan,nan,nan
ofmpc,OF-MPC,baseline,baseline,179,8.171433086835789,0.18390280084014812,0.0014746291372998565,0.255,nan,nan,nan,nan,nan,nan,nan,nan,nan
ofmpc,OF-MPC,baseline,baseline,180,7.972028922533843,0.18554312870478717,0.0014847609108287203,0.2525,nan,nan,nan,nan,nan,nan,nan,nan,nan
ofmpc,OF-MPC,baseline,baseline,181,7.799357269178459,0.18698025156145653,0.0014940545516519469,0.255,nan,nan,nan,nan,nan,nan,nan,nan,nan
ofmpc,OF-MPC,baseline,baseline,182,7.605532199893221,0.18842700459666673,0.0015027024344548558,0.255,nan,nan,nan,nan,nan,nan,nan,nan,nan
ofmpc,OF-MPC,baseline,baseline,183,7.427264057066595,0.18972992567520577,0.0015107146271141508,0.255,nan,nan,nan,nan,nan,nan,nan,nan,nan
ofmpc,OF-MPC,baseline,baseline,184,7.259926338165053,0.19085980184149098,0.001518071927780867,0.2575,nan,nan,nan,nan,nan,nan,nan,nan,nan
ofmpc,OF-MPC,baseline,baseline,185,7.124195574285044,0.19181571628063743,0.0015247947467719363,0.2575,nan,nan,nan,nan,nan,nan,nan,nan,nan
ofmpc,OF-MPC,baseline,baseline,186,7.024983406052622,0.19260817830454344,0.0015309573925612217,0.2575,nan,nan,nan,nan,nan,nan,nan,nan,nan
ofmpc,OF-MPC,baseline,baseline,187,6.852017886055087,0.19342908163663391,0.0015366921939889134,0.2525,nan,nan,nan,nan,nan,nan,nan,nan,nan
ofmpc,OF-MPC,baseline,baseline,188,6.721886613719089,0.19416228200795335,0.0015420188482789191,0.2525,nan,nan,nan,nan,nan,nan,nan,nan,nan
ofmpc,OF-MPC,baseline,baseline,189,6.585217724831753,0.19496726097739503,0.0015467310783896582,0.25,nan,nan,nan,nan,nan,nan,nan,nan,nan
ofmpc,OF-MPC,baseline,baseline,190,6.444371745397555,0.1957962002581651,0.0015511573840476403,0.2475,nan,nan,nan,nan,nan,nan,nan,nan,nan
ofmpc,OF-MPC,baseline,baseline,191,6.263412712907577,0.19680424625526155,0.0015552792992767036,0.2475,nan,nan,nan,nan,nan,nan,nan,nan,nan
ofmpc,OF-MPC,baseline,baseline,192,6.103808512695573,0.1979731090572539,0.0015591423371596996,0.25,nan,nan,nan,nan,nan,nan,nan,nan,nan
ofmpc,OF-MPC,baseline,baseline,193,6.002944238107996,0.19898542432368457,0.0015626931679561433,0.245,nan,nan,nan,nan,nan,nan,nan,nan,nan
ofmpc,OF-MPC,baseline,baseline,194,4.693654039167194,0.1980056795569783,0.0015782092398037057,0.245,nan,nan,nan,nan,nan,nan,nan,nan,nan
ofmpc,OF-MPC,baseline,baseline,195,4.488489332146679,0.1953713298126555,0.0016072745274215748,0.245,nan,nan,nan,nan,nan,nan,nan,nan,nan
ofmpc,OF-MPC,baseline,baseline,196,4.941753208850347,0.19314226464305972,0.0015951376802012085,0.25,nan,nan,nan,nan,nan,nan,nan,nan,nan
ofmpc,OF-MPC,baseline,baseline,197,5.377501576007403,0.19104517702495363,0.0015797804736876792,0.255,nan,nan,nan,nan,nan,nan,nan,nan,nan
ofmpc,OF-MPC,baseline,baseline,198,5.837302069624602,0.18810036937182822,0.0015608778266241823,0.25,nan,nan,nan,nan,nan,nan,nan,nan,nan
ofmpc,OF-MPC,baseline,baseline,199,6.339231715493111,0.18427027528892012,0.0015374805417436208,0.2525,nan,nan,nan,nan,nan,nan,nan,nan,nan
ofmpc,OF-MPC,baseline,baseline,200,6.926159462874596,0.1792269320609332,0.001508683107589077,0.25,nan,nan,nan,nan,nan,nan,nan,nan,nan
weights_current,Weights SG-TD3 replay40k,weights,current,1,-2.4757971343220584,0.2927707191778444,0.002622321657885212,0.4425,0.0,0.0,0.0,0.0,nan,nan,nan,nan,0
weights_current,Weights SG-TD3 replay40k,weights,current,2,7.874069683245648,0.18594152231035466,0.0015049713189922193,0.2525,0.0,0.0,0.0,0.0,nan,nan,nan,nan,0
weights_current,Weights SG-TD3 replay40k,weights,current,3,7.9847975595233605,0.18505905208111023,0.00149940613132385,0.2525,0.0,0.0,0.0,0.0,nan,nan,nan,nan,0
weights_current,Weights SG-TD3 replay40k,weights,current,4,8.105924556201765,0.18410211055489434,0.0014935419865018456,0.2525,0.0,0.0,0.0,0.0,nan,nan,nan,nan,0
weights_current,Weights SG-TD3 replay40k,weights,current,5,8.225657526245664,0.18307196649804552,0.0014873741488288144,0.255,0.0,0.0,0.0,0.0,nan,nan,nan,nan,0
weights_current,Weights SG-TD3 replay40k,weights,current,6,8.348965000563991,0.18196566273979833,0.0014809316486112634,0.25,0.0,0.0,0.0,0.0,nan,nan,nan,nan,0
weights_current,Weights SG-TD3 replay40k,weights,current,7,8.481938704380315,0.18077234278615023,0.0014741697172206752,0.25,0.0,0.0,0.0,0.0,nan,nan,nan,nan,0
weights_current,Weights SG-TD3 replay40k,weights,current,8,8.646113114652538,0.17952075608766044,0.0014670518705704732,0.2525,0.0,0.0,0.0,0.0,nan,nan,nan,nan,0
weights_current,Weights SG-TD3 replay40k,weights,current,9,8.806242397490184,0.1784467768279042,0.0014595864385182817,0.2475,0.0,0.0,0.0,0.0,nan,nan,nan,nan,0
weights_current,Weights SG-TD3 replay40k,weights,current,10,8.921790762841676,0.17753237362988525,0.0014515408397545338,0.2475,0.0,0.0,0.0,0.0,nan,nan,nan,nan,0
weights_current,Weights SG-TD3 replay40k,weights,current,11,9.070162947450875,0.1765178214087376,0.0014432441652684016,0.245,0.0,0.9975,0.0,0.0,0.0,nan,nan,nan,399
weights_current,Weights SG-TD3 replay40k,weights,current,12,9.243795266627322,0.17539656692687244,0.0014346148404482768,0.2425,0.0,1.0,0.0,0.0,0.0,nan,nan,nan,400
weights_current,Weights SG-TD3 replay40k,weights,current,13,9.454461497921823,0.17419942079565698,0.001425550484335849,0.2375,0.0,1.0,0.0,0.0,0.0,nan,nan,nan,400
weights_current,Weights SG-TD3 replay40k,weights,current,14,8.141683659095698,0.177587037444485,0.0014639286049092615,0.235,0.545,0.455,0.0,0.0,0.545,1.1591840559313766,-13.21437729134642,23.300960897255234,400
weights_current,Weights SG-TD3 replay40k,weights,current,15,9.287689417972333,0.17601035086067238,0.0014779229721648454,0.225,0.3325,0.6675,0.0,0.0,0.3325,-1.9031957347472712,-12.810277477843043,14.30984997290856,400
weights_current,Weights SG-TD3 replay40k,weights,current,16,10.210778345778149,0.1698244930558285,0.0014548289940786246,0.2275,0.27,0.73,0.0,0.0,0.27,-2.936659117105151,-13.045101407500095,9.438687174342826,400
weights_current,Weights SG-TD3 replay40k,weights,current,17,11.805274096976797,0.16139807240974358,0.0014761574688535312,0.235,0.2575,0.7425,0.0,0.0,0.2575,-3.7789086650104196,-13.737699689714503,9.979774623050927,400
weights_current,Weights SG-TD3 replay40k,weights,current,18,12.258393069317604,0.16107836169021197,0.0014733497436605523,0.235,0.2675,0.7325,0.0,0.0,0.2675,-3.6844453267195405,-14.920442943654951,4.653615974049363,400
weights_current,Weights SG-TD3 replay40k,weights,current,19,13.139729387546843,0.1590313409238002,0.0014280593763195243,0.235,0.2175,0.7825,0.0,0.0,0.2175,-4.394613801427937,-20.048430122681587,3.7023212375301138,400
weights_current,Weights SG-TD3 replay40k,weights,current,20,12.733419593111366,0.16008622795365343,0.0014581860788745555,0.2325,0.2375,0.7625,0.0,0.0,0.2375,-4.648890895423563,-23.352380228751823,2.253317841253312,400
weights_current,Weights SG-TD3 replay40k,weights,current,21,12.796596106192489,0.1577506539131345,0.0013258744008268863,0.2225,0.3175,0.6825,0.0,0.0,0.3175,-3.5882320256383764,-23.088422074951836,15.94231342005999,400
weights_current,Weights SG-TD3 replay40k,weights,current,22,12.811787805610885,0.16076661478464263,0.0012858286915317235,0.215,0.3675,0.6325,0.0,0.0,0.3675,-2.209535289446663,-25.767333927578,19.125397723567758,400
weights_current,Weights SG-TD3 replay40k,weights,current,23,13.492683475393191,0.15759183765810686,0.0012942562382577086,0.22,0.3425,0.6575,0.0,0.0,0.3425,-3.736570275476538,-25.253953892471667,12.52803847179376,400
weights_current,Weights SG-TD3 replay40k,weights,current,24,13.63018757649789,0.15518629840427267,0.0013701286059627838,0.23,0.36,0.64,0.0,0.0,0.36,-2.5965592462810925,-32.061781719375816,5.170216410502741,400
weights_current,Weights SG-TD3 replay40k,weights,current,25,14.409872647309193,0.1517652128859207,0.0013894730920876192,0.2175,0.2875,0.7125,0.0,0.0,0.2875,-3.735000830059036,-38.167240824825534,4.3583065221217385,400
weights_current,Weights SG-TD3 replay40k,weights,current,26,13.62739539835255,0.1524842977739363,0.0013653176451804384,0.22,0.375,0.625,0.0,0.0,0.375,-2.192484589606721,-36.82458362727905,5.554337320567333,400
weights_current,Weights SG-TD3 replay40k,weights,current,27,14.002500929592811,0.15007228734927394,0.0013392827366774619,0.2175,0.3875,0.6125,0.0,0.0,0.3875,-2.190450153572872,-31.392109755064745,6.837127969175126,400
weights_current,Weights SG-TD3 replay40k,weights,current,28,13.731512173494355,0.14994281300609286,0.0014326210693494461,0.2125,0.3475,0.6525,0.0,0.0,0.3475,-2.325355532201826,-30.53520356409979,5.453283854439487,400
weights_current,Weights SG-TD3 replay40k,weights,current,29,13.95483359369029,0.14882862600941102,0.0014057381589482987,0.235,0.35,0.65,0.0,0.0,0.35,-3.6018593492867623,-38.58621770236223,7.026839661835211,400
weights_current,Weights SG-TD3 replay40k,weights,current,30,13.519905332789303,0.1497009740972616,0.0014479869877378217,0.23,0.42,0.58,0.0,0.0,0.42,-1.6105924584879006,-28.9712490285818,10.89748049010147,400
weights_current,Weights SG-TD3 replay40k,weights,current,31,13.75800465431959,0.1501244617501694,0.0014433088447664683,0.205,0.44,0.56,0.0,0.0,0.44,-1.247264235687041,-27.501302730863788,11.583707289720156,400
weights_current,Weights SG-TD3 replay40k,weights,current,32,12.583941915553872,0.14956716451768245,0.0013643525783192806,0.2075,0.3975,0.6025,0.0,0.0,0.3975,-2.4217979115839174,-30.633779613838122,10.474071185153784,400
weights_current,Weights SG-TD3 replay40k,weights,current,33,10.94200230999566,0.15835251694799402,0.0014386080318565919,0.2225,0.4075,0.5925,0.0,0.0,0.4075,-1.6933292724237106,-20.69053001596783,16.913274419864834,400
weights_current,Weights SG-TD3 replay40k,weights,current,34,11.553053968326726,0.16026746177913195,0.0014248677360297734,0.235,0.44,0.56,0.0,0.0,0.44,-0.7273233307114992,-25.230229101913256,20.108170284963396,400
weights_current,Weights SG-TD3 replay40k,weights,current,35,11.509884385260994,0.16436158603952003,0.001561660128805536,0.2475,0.49,0.51,0.0,0.0,0.49,-0.26774969204129917,-24.059426621034298,23.834710549568037,400
weights_current,Weights SG-TD3 replay40k,weights,current,36,11.607124117337062,0.16690206651765735,0.0014662955006633821,0.2475,0.4775,0.5225,0.0,0.0,0.4775,-0.6493136937691588,-19.49860271876123,18.09211671759016,400
weights_current,Weights SG-TD3 replay40k,weights,current,37,11.783039984223608,0.1669586379320119,0.0014879251389097587,0.2525,0.44,0.56,0.0,0.0,0.44,-1.216798530918794,-24.35897979633699,25.21646421043671,400
weights_current,Weights SG-TD3 replay40k,weights,current,38,12.286889901772707,0.16601151030141748,0.001373646361001915,0.27,0.505,0.495,0.0,0.0,0.505,0.23809385948155182,-27.868342937668633,33.653889089296506,400
weights_current,Weights SG-TD3 replay40k,weights,current,39,12.421033497072944,0.17342271392624106,0.00144790270730912,0.275,0.545,0.455,0.0,0.0,0.545,1.5722430515084511,-22.65290562558588,26.966585875791782,400
weights_current,Weights SG-TD3 replay40k,weights,current,40,11.786853764987637,0.1715949381170197,0.001509245301982393,0.28,0.63,0.37,0.0,0.0,0.63,4.362659276024715,-17.39945900146953,50.6947489038234,400
weights_current,Weights SG-TD3 replay40k,weights,current,41,13.687244558281487,0.16785296736959182,0.0014617876638865965,0.2925,0.715,0.285,0.0,0.0,0.715,7.880868192026526,-10.267537875143296,41.12696030329202,400
weights_current,Weights SG-TD3 replay40k,weights,current,42,11.375681402856157,0.177179186469398,0.0014830279214075096,0.27,0.7175,0.2825,0.0,0.0,0.7175,9.339985141552418,-8.279487984029958,52.947018592014466,400
weights_current,Weights SG-TD3 replay40k,weights,current,43,12.468062845496197,0.17285625621744388,0.001481769855742895,0.2575,0.82,0.18,0.0,0.0,0.82,15.06214374099892,-6.116174079086511,61.01010197044937,400
weights_current,Weights SG-TD3 replay40k,weights,current,44,12.929782095828054,0.17073942641943524,0.0014891277094650785,0.255,0.8675,0.1325,0.0,0.0,0.8675,17.50124860389753,-3.135665978276505,67.63683688527757,400
weights_current,Weights SG-TD3 replay40k,weights,current,45,12.070367269518988,0.1756658744815507,0.0014925164147397377,0.2525,0.8875,0.1125,0.0,0.0,0.8875,20.543025937632134,-1.1978382720051575,82.20720915873243,400
weights_current,Weights SG-TD3 replay40k,weights,current,46,12.149579521407661,0.17751831922971292,0.0014536751004556293,0.25,0.89,0.11,0.0,0.0,0.89,25.010598761812872,-1.1471116156817054,96.61057019038792,400
weights_current,Weights SG-TD3 replay40k,weights,current,47,11.48611156293161,0.18330076739303286,0.001476663634784494,0.245,0.9275,0.0725,0.0,0.0,0.9275,29.17197039947738,3.7653137511321986,103.87980014380251,400
weights_current,Weights SG-TD3 replay40k,weights,current,48,11.44117634519194,0.18312106082236698,0.0015150336779005662,0.25,0.925,0.075,0.0,0.0,0.925,36.03834214820812,1.5825017958993857,107.0070711809474,400
weights_current,Weights SG-TD3 replay40k,weights,current,49,14.098996663808554,0.17367333186453748,0.0014714845151154498,0.24,0.935,0.065,0.0,0.0,0.935,38.81996741240455,5.857092362594717,93.12640147186251,400
weights_current,Weights SG-TD3 replay40k,weights,current,50,13.759374704842767,0.17171325153150582,0.0015553170144219158,0.2475,0.85,0.15,0.0,0.0,0.85,29.948166815170023,-6.532324346829279,63.063359471256405,400
weights_current,Weights SG-TD3 replay40k,weights,current,51,14.073829849321683,0.16885230139642687,0.0015103135935065118,0.24,0.7,0.3,0.0,0.0,0.7,15.211725779569093,-30.46408307146853,48.77035489591357,400
weights_current,Weights SG-TD3 replay40k,weights,current,52,13.85533177902985,0.16868472558349978,0.0014936986303346763,0.25,0.6075,0.3925,0.0,0.0,0.6075,5.274001518764521,-32.937144709682,37.47456334704431,400
weights_current,Weights SG-TD3 replay40k,weights,current,53,13.936503551392509,0.17112845809077004,0.0015132065272984846,0.245,0.505,0.495,0.0,0.0,0.505,0.14806502972714952,-36.22356603497112,35.913391167258595,400
weights_current,Weights SG-TD3 replay40k,weights,current,54,12.786180111381952,0.1723670991768885,0.0016694749370317918,0.26,0.435,0.565,0.0,0.0,0.435,-2.902338457599228,-46.65730778743163,26.629416661438896,400
weights_current,Weights SG-TD3 replay40k,weights,current,55,13.373067892887144,0.16889515405592165,0.0016448610974898984,0.2575,0.4775,0.5225,0.0,0.0,0.4775,-0.6077377847297498,-35.803744319508006,24.4073823406635,400
weights_current,Weights SG-TD3 replay40k,weights,current,56,12.65150942526345,0.17009370822588735,0.0017044423332394155,0.27,0.495,0.505,0.0,0.0,0.495,-0.19508255467258095,-24.93786616747584,26.46820621077782,400
weights_current,Weights SG-TD3 replay40k,weights,current,57,13.889527053052399,0.1678308999119718,0.0014764250499116468,0.2525,0.4375,0.5625,0.0,0.0,0.4375,-1.9620165100535019,-33.838087382590494,19.502788300808362,400
weights_current,Weights SG-TD3 replay40k,weights,current,58,14.404402911751916,0.16504379837227767,0.001488483025452133,0.26,0.4425,0.5575,0.0,0.0,0.4425,-1.6996153410985357,-19.761332381511046,18.204200255737735,400
weights_current,Weights SG-TD3 replay40k,weights,current,59,13.957576282217984,0.16973326572410477,0.0014994620374214397,0.2675,0.43,0.57,0.0,0.0,0.43,-1.3093275171006553,-22.926490778140415,21.49671386644626,400
weights_current,Weights SG-TD3 replay40k,weights,current,60,13.777490024530941,0.16893008933624354,0.0014827014516598685,0.2525,0.4075,0.5925,0.0,0.0,0.4075,-2.3800155935682596,-22.523763920716235,16.85429136548752,400
weights_current,Weights SG-TD3 replay40k,weights,current,61,12.770086324125591,0.1658868363886998,0.0016233854028400345,0.2675,0.4425,0.5575,0.0,0.0,0.4425,-1.1185762187074886,-25.41063761087212,19.146275276898713,400
weights_current,Weights SG-TD3 replay40k,weights,current,62,13.848083343152812,0.1681633700709888,0.0015535457882088748,0.2675,0.3775,0.6225,0.0,0.0,0.3775,-2.614341635928156,-25.561418531208687,11.757345754600406,400
weights_current,Weights SG-TD3 replay40k,weights,current,63,12.816342043528467,0.170549336107747,0.0014888464817134279,0.2675,0.5325,0.4675,0.0,0.0,0.5325,0.9203254499284128,-16.277052499936914,43.22950658610229,400
weights_current,Weights SG-TD3 replay40k,weights,current,64,13.41717892272856,0.1677458550383448,0.0014320194750295013,0.235,0.49,0.51,0.0,0.0,0.49,-0.39236020490898227,-25.717744493770397,39.543503456292605,400
weights_current,Weights SG-TD3 replay40k,weights,current,65,13.607788047784325,0.16331644159018605,0.0014594018341589892,0.2475,0.5575,0.4425,0.0,0.0,0.5575,1.0356452683567454,-20.812893784569585,21.29129506408197,400
weights_current,Weights SG-TD3 replay40k,weights,current,66,13.514466386606273,0.166523874449571,0.0014059884004811445,0.235,0.57,0.43,0.0,0.0,0.57,1.372748588512593,-12.488279272027052,36.74265302133378,400
weights_current,Weights SG-TD3 replay40k,weights,current,67,13.334343952432496,0.1677828958263499,0.0014595831268348336,0.2425,0.5725,0.4275,0.0,0.0,0.5725,1.4541920575864822,-12.702242644978309,33.38683955715376,400
weights_current,Weights SG-TD3 replay40k,weights,current,68,13.490161633990388,0.16150848769446619,0.0014330766725649874,0.2375,0.6125,0.3875,0.0,0.0,0.6125,2.4233198223545003,-13.603409711295694,46.09039650643552,400
weights_current,Weights SG-TD3 replay40k,weights,current,69,11.924454549416787,0.16992913874663784,0.0014011484315815158,0.23,0.57,0.43,0.0,0.0,0.57,1.3531306495681008,-13.259320645845214,61.13744250773804,400
weights_current,Weights SG-TD3 replay40k,weights,current,70,12.467355756964475,0.16914342523732112,0.0014742158614542266,0.2425,0.4975,0.5025,0.0,0.0,0.4975,-0.0038881029890944774,-20.392697870481904,41.2504946538154,400
weights_current,Weights SG-TD3 replay40k,weights,current,71,13.20212919077836,0.1683515294508845,0.0013521933139398349,0.2225,0.5375,0.4625,0.0,0.0,0.5375,0.6942970835215192,-15.964119589495837,34.644293090810855,400
weights_current,Weights SG-TD3 replay40k,weights,current,72,15.577307763076929,0.1721294540886209,0.0012724082355015653,0.2825,0.5375,0.4625,0.0,0.0,0.5375,1.0593173741031663,-17.64676037904973,45.11705827347594,400
weights_current,Weights SG-TD3 replay40k,weights,current,73,13.124982536211444,0.18198051791174344,0.0013355926280301173,0.255,0.5125,0.4875,0.0,0.0,0.5125,0.4373297479996836,-19.160789558271038,65.75158164544592,400
weights_current,Weights SG-TD3 replay40k,weights,current,74,15.092608151309474,0.17099999754562692,0.001363717958532324,0.2625,0.495,0.505,0.0,0.0,0.495,-0.1820660265242786,-21.626955641734316,42.61193581130898,400
weights_current,Weights SG-TD3 replay40k,weights,current,75,14.35133828616666,0.16838332014944352,0.0014377092852592172,0.265,0.4775,0.5225,0.0,0.0,0.4775,-0.5509959769966599,-15.774648293636073,41.359015253528995,400
weights_current,Weights SG-TD3 replay40k,weights,current,76,14.067258540699367,0.16923995856308174,0.0014393633605707607,0.2675,0.485,0.515,0.0,0.0,0.485,-0.5380543143928378,-16.23239914200419,52.16295472869781,400
weights_current,Weights SG-TD3 replay40k,weights,current,77,14.970981873460701,0.16058846631402035,0.0014401666184079298,0.2775,0.4325,0.5675,0.0,0.0,0.4325,-1.34683728749388,-18.018722816645777,21.190432949485874,400
weights_current,Weights SG-TD3 replay40k,weights,current,78,14.43154103018638,0.16861068136716986,0.0013709441227978047,0.245,0.45,0.55,0.0,0.0,0.45,-1.143060526788986,-21.312253387190548,26.80642796327816,400
weights_current,Weights SG-TD3 replay40k,weights,current,79,15.222122186232827,0.1643883001145745,0.0013746963984097639,0.26,0.465,0.535,0.0,0.0,0.465,-0.8715112072267175,-14.01517766657061,16.47595311652831,400
weights_current,Weights SG-TD3 replay40k,weights,current,80,14.282289054277964,0.16692269599903095,0.0014549320752702505,0.2625,0.4825,0.5175,0.0,0.0,0.4825,-0.3391440529424017,-20.758560953800657,30.615452049185993,400
weights_current,Weights SG-TD3 replay40k,weights,current,81,15.504570990395589,0.1634971026118098,0.0014852179196721477,0.2725,0.45,0.55,0.0,0.0,0.45,-1.0074673995872665,-20.027027333123417,15.552701354036653,400
weights_current,Weights SG-TD3 replay40k,weights,current,82,15.330796149406039,0.15929890189193885,0.001471420390840459,0.2575,0.47,0.53,0.0,0.0,0.47,-1.5189891502922137,-19.308761035579117,16.063294547871056,400
weights_current,Weights SG-TD3 replay40k,weights,current,83,12.568395657232292,0.1767442235008602,0.0014526013425612593,0.2475,0.4475,0.5525,0.0,0.0,0.4475,-0.7534967735527403,-20.719848479489745,46.96750695064025,400
weights_current,Weights SG-TD3 replay40k,weights,current,84,15.619054864183118,0.1643399545659146,0.001408772559419671,0.2475,0.435,0.565,0.0,0.0,0.435,-1.2627805790705224,-19.85017834424688,17.929801413268102,400
weights_current,Weights SG-TD3 replay40k,weights,current,85,15.42714251059099,0.16530224261606474,0.0014112558734373404,0.25,0.53,0.47,0.0,0.0,0.53,0.9081996275320918,-17.174407262331577,23.06123263458901,400
weights_current,Weights SG-TD3 replay40k,weights,current,86,15.612773681562649,0.1643894528960133,0.0013473905839040084,0.2475,0.445,0.555,0.0,0.0,0.445,-1.2223825004224693,-33.82748281080833,17.61743064457006,400
weights_current,Weights SG-TD3 replay40k,weights,current,87,16.28738069814432,0.16211082942583765,0.0012650891843547308,0.235,0.4025,0.5975,0.0,0.0,0.4025,-2.373154646041087,-19.77687651665883,15.01787261137524,400
weights_current,Weights SG-TD3 replay40k,weights,current,88,15.080826129957863,0.16502670570832698,0.001456258662387193,0.2475,0.465,0.535,0.0,0.0,0.465,-0.7779223295881081,-17.26419096129889,13.304743986206105,400
weights_current,Weights SG-TD3 replay40k,weights,current,89,13.90760190435524,0.17279717925456503,0.0013541535220744083,0.235,0.37,0.63,0.0,0.0,0.37,-2.732638961311409,-21.649831623376574,19.76910949093407,400
weights_current,Weights SG-TD3 replay40k,weights,current,90,13.896020496736122,0.1653915571784124,0.001551158226054193,0.25,0.465,0.535,0.0,0.0,0.465,-0.8381880949609695,-20.042057156474357,19.20949696751024,400
weights_current,Weights SG-TD3 replay40k,weights,current,91,13.260320639488425,0.16646884377096732,0.0015002701232175852,0.2475,0.415,0.585,0.0,0.0,0.415,-2.1434427244313525,-17.139099386928365,23.102953951575156,400
weights_current,Weights SG-TD3 replay40k,weights,current,92,14.876360259002823,0.15779328520503044,0.0014716400365673782,0.245,0.5,0.5,0.0,0.0,0.5,-0.0033904666808552975,-15.078264613444025,17.58891321439976,400
weights_current,Weights SG-TD3 replay40k,weights,current,93,12.768401297986891,0.1694528425918491,0.0014883004500739526,0.2425,0.5625,0.4375,0.0,0.0,0.5625,1.6038760736287543,-11.377566438841631,63.44935584175803,400
weights_current,Weights SG-TD3 replay40k,weights,current,94,11.50225477911846,0.17494292770632264,0.001428257759238212,0.2375,0.515,0.485,0.0,0.0,0.515,0.3239231184717397,-9.741875753988134,77.18600940938401,400
weights_current,Weights SG-TD3 replay40k,weights,current,95,12.06424572836497,0.16915818215213568,0.0014276068447854396,0.235,0.4975,0.5025,0.0,0.0,0.4975,-0.16663717051790172,-12.207704046061076,95.77493684567852,400
weights_current,Weights SG-TD3 replay40k,weights,current,96,10.950812618151533,0.17578634024781387,0.0014541199938376574,0.2375,0.53,0.47,0.0,0.0,0.53,0.7608527453912899,-10.877293790552041,105.64912946209334,400
weights_current,Weights SG-TD3 replay40k,weights,current,97,12.636472934246072,0.1707107810775274,0.0013847803625364704,0.2475,0.535,0.465,0.0,0.0,0.535,0.9359274144754863,-8.42309960675484,91.88159403298185,400
weights_current,Weights SG-TD3 replay40k,weights,current,98,12.365424594095002,0.16755860275255102,0.0013774981240268114,0.2425,0.565,0.435,0.0,0.0,0.565,1.4300194055796567,-11.024612382585836,101.05165018236805,400
weights_current,Weights SG-TD3 replay40k,weights,current,99,13.001085931927785,0.16032261327711736,0.0013945972877292664,0.245,0.5925,0.4075,0.0,0.0,0.5925,1.573824390345795,-9.59015987461579,87.15427313251934,400
weights_current,Weights SG-TD3 replay40k,weights,current,100,12.275234511824637,0.15926950969209044,0.0014140472503315032,0.2325,0.585,0.415,0.0,0.0,0.585,1.4604642463734763,-8.956895303590963,82.04028702370414,400
weights_current,Weights SG-TD3 replay40k,weights,current,101,12.088955199398248,0.16484486243419874,0.001421637130027628,0.235,0.5625,0.4375,0.0,0.0,0.5625,1.0287730885149955,-8.421674709282842,100.23501095752803,400
weights_current,Weights SG-TD3 replay40k,weights,current,102,12.356002419376743,0.16065227974437732,0.0013688336425882583,0.1975,0.4725,0.5275,0.0,0.0,0.4725,-0.5854115732040412,-12.434668460413327,98.80667164601303,400
weights_current,Weights SG-TD3 replay40k,weights,current,103,12.257998913141527,0.16569841042395048,0.0012816198502919054,0.185,0.5225,0.4775,0.0,0.0,0.5225,0.532233252213814,-12.693899015981648,110.7127697820651,400
weights_current,Weights SG-TD3 replay40k,weights,current,104,12.925321282553778,0.15387097886370765,0.0012612087045861821,0.1725,0.5525,0.4475,0.0,0.0,0.5525,0.8975130435516121,-9.6089152322731,99.5439205022923,400
weights_current,Weights SG-TD3 replay40k,weights,current,105,13.541338616992189,0.1434948160438243,0.0012932434312489772,0.1475,0.565,0.435,0.0,0.0,0.565,2.058564083521567,-10.715603698131325,43.57512312231077,400
weights_current,Weights SG-TD3 replay40k,weights,current,106,13.260933604318415,0.14356309885378132,0.0012807021898952559,0.105,0.655,0.345,0.0,0.0,0.655,3.3026401021774277,-10.089345526177226,83.61289997108469,400
weights_current,Weights SG-TD3 replay40k,weights,current,107,13.893956734064364,0.13596156169830437,0.0012662093188545082,0.105,0.725,0.275,0.0,0.0,0.725,5.557189897681418,-10.401998117874278,85.23080028118196,400
weights_current,Weights SG-TD3 replay40k,weights,current,108,15.07616905974073,0.13203552290907317,0.00119890854841112,0.105,0.805,0.195,0.0,0.0,0.805,8.11081021111396,-6.189835380258193,45.961328785918276,400
weights_current,Weights SG-TD3 replay40k,weights,current,109,14.947652204196595,0.13478536798731472,0.0012684989084844217,0.115,0.76,0.24,0.0,0.0,0.76,5.791022521163953,-6.418501825278172,35.373758494005656,400
weights_current,Weights SG-TD3 replay40k,weights,current,110,14.817541355381266,0.1384797522466634,0.001198757496383055,0.1075,0.66,0.34,0.0,0.0,0.66,2.8350288599863234,-8.457531670229972,47.80503402022789,400
weights_current,Weights SG-TD3 replay40k,weights,current,111,13.228453156507369,0.1473391409208545,0.001176556784300522,0.11,0.5975,0.4025,0.0,0.0,0.5975,1.0617212712903754,-8.770253430220782,74.09452018356112,400
weights_current,Weights SG-TD3 replay40k,weights,current,112,14.494595362997277,0.1450178388511213,0.0012182658371166504,0.1825,0.6,0.4,0.0,0.0,0.6,1.4099965181318392,-9.780667561291466,61.494561199140264,400
weights_current,Weights SG-TD3 replay40k,weights,current,113,15.571967016447095,0.14498085653310483,0.001204469438615981,0.155,0.5175,0.4825,0.0,0.0,0.5175,0.36037989176947605,-11.453744844170842,17.841357590629492,400
weights_current,Weights SG-TD3 replay40k,weights,current,114,15.70806227286676,0.1426425592946724,0.0012271154575984884,0.18,0.53,0.47,0.0,0.0,0.53,0.4115682975975403,-13.252297809704304,12.541583423141176,400
weights_current,Weights SG-TD3 replay40k,weights,current,115,14.928148965214001,0.14595893783768937,0.001244384479476117,0.175,0.595,0.405,0.0,0.0,0.595,1.7727954496321559,-8.961617535309141,30.048931684948585,400
weights_current,Weights SG-TD3 replay40k,weights,current,116,14.607765128531994,0.14807121903804202,0.0012820631417555593,0.2,0.42,0.58,0.0,0.0,0.42,-1.4574383941172897,-12.345731632898977,12.560009328995474,400
weights_current,Weights SG-TD3 replay40k,weights,current,117,16.084223304680307,0.14088011373190618,0.0012721966926660224,0.19,0.4675,0.5325,0.0,0.0,0.4675,-0.475677433737431,-10.809202993318467,10.94440245297301,400
weights_current,Weights SG-TD3 replay40k,weights,current,118,16.194875713297893,0.14285960363078942,0.0013098969629996766,0.2,0.4975,0.5025,0.0,0.0,0.4975,-0.009204419802017583,-10.50058274543171,10.325399028097426,400
weights_current,Weights SG-TD3 replay40k,weights,current,119,15.853778250315932,0.1451765796270768,0.0012430126451812129,0.21,0.555,0.445,0.0,0.0,0.555,0.9559689322207987,-8.868417549632067,13.536465348369717,400
weights_current,Weights SG-TD3 replay40k,weights,current,120,15.582019082552993,0.14683382104386722,0.0013030392530903173,0.2125,0.49,0.51,0.0,0.0,0.49,-0.2140412945229433,-9.613216970638893,13.966571514591138,400
weights_current,Weights SG-TD3 replay40k,weights,current,121,15.59977551484789,0.14920027452929607,0.0012756555719444828,0.225,0.5625,0.4375,0.0,0.0,0.5625,1.0587007058813498,-10.719073728936722,21.14518300415572,400
weights_current,Weights SG-TD3 replay40k,weights,current,122,15.410821568452482,0.1515524907898134,0.0012747520723899242,0.215,0.55,0.45,0.0,0.0,0.55,0.7699719171400261,-6.955900763047975,18.52509532340167,400
weights_current,Weights SG-TD3 replay40k,weights,current,123,15.99241304130972,0.15050357551390328,0.001302610080805293,0.2125,0.545,0.455,0.0,0.0,0.545,0.839708544311975,-10.685995363715481,16.789437901338836,400
weights_current,Weights SG-TD3 replay40k,weights,current,124,16.275817504836606,0.15499663639582248,0.0013131617723141464,0.23,0.57,0.43,0.0,0.0,0.57,1.4526147250764438,-10.108542095739926,22.56785184451408,400
weights_current,Weights SG-TD3 replay40k,weights,current,125,17.02989804693508,0.1525964439380066,0.0012885878738888735,0.2225,0.585,0.415,0.0,0.0,0.585,1.2681739635234521,-8.35453583630151,15.168376138850679,400
weights_current,Weights SG-TD3 replay40k,weights,current,126,17.207850963551437,0.1534293403230488,0.0012610822281590257,0.225,0.5275,0.4725,0.0,0.0,0.5275,0.7597446795037541,-9.392783919381008,16.541297272280286,400
weights_current,Weights SG-TD3 replay40k,weights,current,127,15.989264585672313,0.16258085522352764,0.0012991100564391383,0.23,0.5575,0.4425,0.0,0.0,0.5575,1.1854709507923928,-9.268761992652117,15.311957836020815,400
weights_current,Weights SG-TD3 replay40k,weights,current,128,15.346846278863095,0.15903169605865305,0.0012413338909885547,0.22,0.56,0.44,0.0,0.0,0.56,1.3075192581980986,-9.104518210668356,46.98053407535224,400
weights_current,Weights SG-TD3 replay40k,weights,current,129,16.073192871446587,0.15633751925809175,0.0012677880002045882,0.2275,0.585,0.415,0.0,0.0,0.585,1.7275036375290256,-9.424914836578791,24.388100531247275,400
weights_current,Weights SG-TD3 replay40k,weights,current,130,15.514487640773375,0.15993243769273846,0.0013012039642548978,0.225,0.5975,0.4025,0.0,0.0,0.5975,2.402756018795202,-9.692509216488997,25.085603323387716,400
weights_current,Weights SG-TD3 replay40k,weights,current,131,14.699042644155803,0.16565282951844487,0.0013233175397828728,0.225,0.6425,0.3575,0.0,0.0,0.6425,2.635002570241028,-9.366942909119171,41.394411669068184,400
weights_current,Weights SG-TD3 replay40k,weights,current,132,16.042729663419834,0.15864660260829905,0.0013155934674987896,0.2275,0.625,0.375,0.0,0.0,0.625,1.776947516000817,-8.691530714809891,25.49375866246958,400
weights_current,Weights SG-TD3 replay40k,weights,current,133,15.18832542751555,0.15802459033571398,0.00138130739124513,0.235,0.5575,0.4425,0.0,0.0,0.5575,1.1069794128195554,-8.567041199077993,36.51972266115766,400
weights_current,Weights SG-TD3 replay40k,weights,current,134,14.837043689204652,0.16159660044901025,0.0013802015374362665,0.235,0.5425,0.4575,0.0,0.0,0.5425,0.5716016552103156,-9.297203119703452,56.439892952956455,400
weights_current,Weights SG-TD3 replay40k,weights,current,135,14.747254103974786,0.16513836074266755,0.0013271172137187823,0.225,0.55,0.45,0.0,0.0,0.55,0.5251395487394035,-9.832563797578768,43.72912619435366,400
weights_current,Weights SG-TD3 replay40k,weights,current,136,14.09458976213607,0.16702261935716564,0.00128165991848502,0.22,0.535,0.465,0.0,0.0,0.535,0.8229242334630271,-9.603315917992404,60.272548290072585,400
weights_current,Weights SG-TD3 replay40k,weights,current,137,13.222765085612982,0.16961310386696204,0.0013889614441672565,0.2275,0.5975,0.4025,0.0,0.0,0.5975,1.5296750488767543,-6.464163167257402,57.03449157652906,400
weights_current,Weights SG-TD3 replay40k,weights,current,138,13.883632793009676,0.1687623200863694,0.0013044548553058487,0.2175,0.49,0.51,0.0,0.0,0.49,-0.08576616175321305,-8.910870829316714,63.55369970157646,400
weights_current,Weights SG-TD3 replay40k,weights,current,139,12.701513297844526,0.17392952422277397,0.0013256907495256176,0.2225,0.5725,0.4275,0.0,0.0,0.5725,0.8951533761924111,-8.824462484783407,105.7881528559114,400
weights_current,Weights SG-TD3 replay40k,weights,current,140,14.695180258662154,0.16259480817932193,0.0014604660283622812,0.2375,0.5575,0.4425,0.0,0.0,0.5575,0.8179341701488738,-9.920995328917979,31.80092806971634,400
weights_current,Weights SG-TD3 replay40k,weights,current,141,14.482674762307681,0.16520368602293942,0.0013630412346707606,0.2325,0.525,0.475,0.0,0.0,0.525,0.2002055551234605,-11.221131556726686,24.82262383677782,400
weights_current,Weights SG-TD3 replay40k,weights,current,142,15.18927738081164,0.16021257515001885,0.0013999950072061586,0.2325,0.57,0.43,0.0,0.0,0.57,0.8646056226848486,-9.289181706166733,47.81040109229396,400
weights_current,Weights SG-TD3 replay40k,weights,current,143,15.173528975270214,0.16024846189490383,0.0013825295468792014,0.235,0.5425,0.4575,0.0,0.0,0.5425,0.7430322248474113,-10.62335907108263,37.84547260382856,400
weights_current,Weights SG-TD3 replay40k,weights,current,144,14.979267555960933,0.15917991924696484,0.0014295269680410622,0.2325,0.6325,0.3675,0.0,0.0,0.6325,2.25309142105084,-6.392193219943462,41.75089329431225,400
weights_current,Weights SG-TD3 replay40k,weights,current,145,14.753892187686427,0.15959126844151425,0.00143063357464293,0.245,0.6475,0.3525,0.0,0.0,0.6475,2.582262494652184,-8.572305169370793,67.9957991274593,400
weights_current,Weights SG-TD3 replay40k,weights,current,146,14.856773574000988,0.16007662406744194,0.001404515796116727,0.2325,0.65,0.35,0.0,0.0,0.65,2.0947887319322405,-6.200910590517194,50.242305984080154,400
weights_current,Weights SG-TD3 replay40k,weights,current,147,16.298431928959406,0.15627016847430522,0.0013281559032081208,0.2225,0.5925,0.4075,0.0,0.0,0.5925,2.12902863226833,-8.048686936240847,44.04560464959628,400
weights_current,Weights SG-TD3 replay40k,weights,current,148,15.256805262245749,0.15798289794988826,0.0013296364771480235,0.225,0.605,0.395,0.0,0.0,0.605,1.6052905512750613,-6.815851722024125,56.074139113888236,400
weights_current,Weights SG-TD3 replay40k,weights,current,149,16.24046709997258,0.15327484764367605,0.0013051477886588433,0.225,0.585,0.415,0.0,0.0,0.585,1.3727544770962332,-7.185004803715651,31.856066757078736,400
weights_current,Weights SG-TD3 replay40k,weights,current,150,15.603816450365198,0.15218298072687778,0.0013178692790492225,0.2175,0.7075,0.2925,0.0,0.0,0.7075,3.495453166785765,-4.470706432009034,43.281347446347496,400
weights_current,Weights SG-TD3 replay40k,weights,current,151,15.28915137785947,0.153524528648034,0.0013254673081723651,0.215,0.6975,0.3025,0.0,0.0,0.6975,3.107336888639338,-5.681261353917625,59.78429146487384,400
weights_current,Weights SG-TD3 replay40k,weights,current,152,15.648518875941555,0.1540349427214195,0.0013248272979783948,0.2325,0.625,0.375,0.0,0.0,0.625,2.322501784696442,-6.510411866497361,44.20826070280048,400
weights_current,Weights SG-TD3 replay40k,weights,current,153,14.953438721800993,0.15768299918358075,0.0013293361668679248,0.225,0.6125,0.3875,0.0,0.0,0.6125,1.4841956972516073,-6.189198565928086,38.10052895374276,400
weights_current,Weights SG-TD3 replay40k,weights,current,154,15.417342209935692,0.1551429551403967,0.0013291317920173357,0.2225,0.615,0.385,0.0,0.0,0.615,1.4968719977071148,-5.472364176892209,56.25441283286702,400
weights_current,Weights SG-TD3 replay40k,weights,current,155,14.986509536893507,0.15743597822984617,0.0013364100605648855,0.2225,0.585,0.415,0.0,0.0,0.585,1.0443737042366479,-9.630846708288118,37.34270004248553,400
weights_current,Weights SG-TD3 replay40k,weights,current,156,15.215957254272542,0.156872660214192,0.001308347657324722,0.23,0.535,0.465,0.0,0.0,0.535,0.4963892247580617,-8.730060122712938,56.161976000871306,400
weights_current,Weights SG-TD3 replay40k,weights,current,157,15.319088363115759,0.15428806361314187,0.001290410603615183,0.2175,0.625,0.375,0.0,0.0,0.625,2.1104068032887824,-7.076254133915154,45.3219160029671,400
weights_current,Weights SG-TD3 replay40k,weights,current,158,13.147433369635248,0.16422004744550286,0.0013449567099242986,0.2275,0.58,0.42,0.0,0.0,0.58,1.175358683804859,-8.72532196838315,74.17328395256574,400
weights_current,Weights SG-TD3 replay40k,weights,current,159,13.977669612826883,0.15822299731031347,0.0013726174879626512,0.2275,0.6275,0.3725,0.0,0.0,0.6275,2.09362645583451,-6.357632800993905,44.45388573899343,400
weights_current,Weights SG-TD3 replay40k,weights,current,160,14.455066671670679,0.15665976253815658,0.0013368191015333743,0.225,0.6775,0.3225,0.0,0.0,0.6775,2.8290704392568387,-7.021722618930017,64.88149911589099,400
weights_current,Weights SG-TD3 replay40k,weights,current,161,13.990307469221884,0.15929317559034475,0.0013284804701825517,0.2275,0.605,0.395,0.0,0.0,0.605,1.769562094168748,-7.14618918561564,76.13405201553594,400
weights_current,Weights SG-TD3 replay40k,weights,current,162,14.949959245976968,0.15900341555453146,0.001247357793037902,0.23,0.62,0.38,0.0,0.0,0.62,2.4919062072365534,-10.450557693152751,56.50578476627539,400
weights_current,Weights SG-TD3 replay40k,weights,current,163,15.095917405239083,0.1563574845995469,0.00127288236555952,0.235,0.5325,0.4675,0.0,0.0,0.5325,0.43380632849357426,-7.662076265721679,29.34675601016928,400
weights_current,Weights SG-TD3 replay40k,weights,current,164,14.650325366817459,0.1565710421334875,0.0012977827625266461,0.22,0.6025,0.3975,0.0,0.0,0.6025,1.9969885627337476,-6.558426938131198,63.18886855370091,400
weights_current,Weights SG-TD3 replay40k,weights,current,165,15.313525123781053,0.15181627652840857,0.0013480767355731722,0.235,0.655,0.345,0.0,0.0,0.655,2.6454752630237692,-5.711195546796125,34.838592998206536,400
weights_current,Weights SG-TD3 replay40k,weights,current,166,15.24285421543554,0.15396066203652434,0.001252839891475589,0.2275,0.61,0.39,0.0,0.0,0.61,1.3767066045367073,-9.027671413024141,40.8520076181582,400
weights_current,Weights SG-TD3 replay40k,weights,current,167,15.156825850415874,0.15467537979388882,0.001236151611814116,0.2175,0.5875,0.4125,0.0,0.0,0.5875,1.680245023960083,-7.368610616457304,51.77077528855332,400
weights_current,Weights SG-TD3 replay40k,weights,current,168,15.136875553096528,0.15178580037837772,0.001308818052227862,0.2275,0.6,0.4,0.0,0.0,0.6,1.6606892165467002,-8.48265449371902,51.573235234412174,400
weights_current,Weights SG-TD3 replay40k,weights,current,169,15.367681552941724,0.15248504188453116,0.0012838398499325403,0.22,0.5525,0.4475,0.0,0.0,0.5525,0.7792833493699618,-6.660895518936968,37.499050424799684,400
weights_current,Weights SG-TD3 replay40k,weights,current,170,15.42786487094427,0.14942557548179772,0.0013329246924407435,0.2275,0.6675,0.3325,0.0,0.0,0.6675,2.7730535446142994,-5.792652832379167,33.933900983267506,400
weights_current,Weights SG-TD3 replay40k,weights,current,171,15.150141254889053,0.15281870511639944,0.001361337730203705,0.22,0.6275,0.3725,0.0,0.0,0.6275,1.9716343221619184,-6.556820884810082,28.896441304354177,400
weights_current,Weights SG-TD3 replay40k,weights,current,172,15.592524209092142,0.1519797490293038,0.001242562286220155,0.2325,0.5325,0.4675,0.0,0.0,0.5325,0.5663520239442192,-8.405616241702711,44.05725021494523,400
weights_current,Weights SG-TD3 replay40k,weights,current,173,15.73750539715782,0.14733088362831842,0.0012356791619497784,0.2025,0.6175,0.3825,0.0,0.0,0.6175,1.388573863871244,-5.819884861771106,38.86949425342434,400
weights_current,Weights SG-TD3 replay40k,weights,current,174,15.14928837250254,0.15006809611758964,0.0012571481607805642,0.2025,0.62,0.38,0.0,0.0,0.62,1.5296483925130033,-8.707617997182899,27.126164114864693,400
weights_current,Weights SG-TD3 replay40k,weights,current,175,16.188950019412747,0.14656729221625853,0.00122161654722575,0.2175,0.495,0.505,0.0,0.0,0.495,-0.08860771249449328,-8.1414551712067,30.493616185468014,400
weights_current,Weights SG-TD3 replay40k,weights,current,176,15.244776806610451,0.14748484698919412,0.0012370308159159987,0.225,0.5075,0.4925,0.0,0.0,0.5075,0.0827706800280339,-9.156644642730704,41.00659673714618,400
weights_current,Weights SG-TD3 replay40k,weights,current,177,15.627117781796676,0.14785008645097925,0.0012344519395136833,0.2425,0.4275,0.5725,0.0,0.0,0.4275,-1.263297520285846,-13.033352751474572,13.851560625624646,400
weights_current,Weights SG-TD3 replay40k,weights,current,178,14.889269163702147,0.14810843892373607,0.0012553969467485385,0.2225,0.6,0.4,0.0,0.0,0.6,1.4950906454354254,-5.7537236707559485,25.85781433140356,400
weights_current,Weights SG-TD3 replay40k,weights,current,179,15.268922421278313,0.14681690026837527,0.0012727896204666874,0.22,0.6325,0.3675,0.0,0.0,0.6325,1.6696339845548778,-5.073652974101672,32.497764261591286,400
weights_current,Weights SG-TD3 replay40k,weights,current,180,15.701742739897814,0.1454324469939438,0.0012958472874472877,0.23,0.68,0.32,0.0,0.0,0.68,2.4699190440292114,-5.0713179507481225,36.538462820892036,400
weights_current,Weights SG-TD3 replay40k,weights,current,181,14.659683699025589,0.1537954121011025,0.0012479428980577629,0.215,0.6275,0.3725,0.0,0.0,0.6275,1.991706099898269,-4.718550337767715,49.40665441471343,400
weights_current,Weights SG-TD3 replay40k,weights,current,182,14.95445438163912,0.1524769401497337,0.001267009927974348,0.22,0.585,0.415,0.0,0.0,0.585,1.3530443447484686,-5.449572503806757,39.054420465806245,400
weights_current,Weights SG-TD3 replay40k,weights,current,183,15.85730106378632,0.14986242482379794,0.0012733712325884406,0.225,0.56,0.44,0.0,0.0,0.56,0.8307366802921763,-6.073662706808953,32.364650577192386,400
weights_current,Weights SG-TD3 replay40k,weights,current,184,15.993474377201025,0.1494707889349543,0.0012774881870877446,0.22,0.625,0.375,0.0,0.0,0.625,2.023685266216816,-6.577477265938043,25.493382843354677,400
weights_current,Weights SG-TD3 replay40k,weights,current,185,15.895085411581263,0.14903722168476757,0.0013306647706453644,0.23,0.66,0.34,0.0,0.0,0.66,2.630480542498617,-6.466256285304359,29.8425949801223,400
weights_current,Weights SG-TD3 replay40k,weights,current,186,15.829540777156295,0.15223485082684912,0.0012895580584152647,0.2225,0.5425,0.4575,0.0,0.0,0.5425,0.7281778245075898,-8.351562893116327,44.13368910327527,400
weights_current,Weights SG-TD3 replay40k,weights,current,187,16.39098158184819,0.1477597206510195,0.0013589820687494008,0.2375,0.5625,0.4375,0.0,0.0,0.5625,0.7938933721151216,-10.20678716667312,17.068996958429675,400
weights_current,Weights SG-TD3 replay40k,weights,current,188,16.313145726332895,0.14723704681165514,0.0013612857411257123,0.235,0.5975,0.4025,0.0,0.0,0.5975,1.724987577327198,-7.343102425591266,23.97414433236208,400
weights_current,Weights SG-TD3 replay40k,weights,current,189,12.733988300953547,0.16659648182011552,0.001466384340118068,0.24,0.6425,0.3575,0.0,0.0,0.6425,2.357668474560228,-6.464855014169006,49.75071669158678,400
weights_current,Weights SG-TD3 replay40k,weights,current,190,16.201021499037324,0.15425084932807084,0.0012970186822476642,0.2275,0.64,0.36,0.0,0.0,0.64,1.875557963863514,-6.788468485413068,23.40655198895063,400
weights_current,Weights SG-TD3 replay40k,weights,current,191,16.282956701584165,0.15457090819366,0.0013621806678102103,0.2325,0.5675,0.4325,0.0,0.0,0.5675,1.3256851258138909,-8.081293805576752,32.65342388562281,400
weights_current,Weights SG-TD3 replay40k,weights,current,192,16.00568698788353,0.15734413795928914,0.0013517149701494002,0.2325,0.6675,0.3325,0.0,0.0,0.6675,3.0233040703899405,-7.420313244124962,39.116177754142214,400
weights_current,Weights SG-TD3 replay40k,weights,current,193,16.305903564135406,0.15256927569082968,0.0013740668781766327,0.2275,0.6475,0.3525,0.0,0.0,0.6475,2.7260242174094174,-7.994373943139974,30.85074956734408,400
weights_current,Weights SG-TD3 replay40k,weights,current,194,15.71079606903911,0.15258976147560244,0.0013657893957820166,0.23,0.64,0.36,0.0,0.0,0.64,2.391091099718153,-11.168743795849972,37.95291577562774,400
weights_current,Weights SG-TD3 replay40k,weights,current,195,14.996430074917281,0.15129543403331025,0.0013229049721282192,0.2375,0.675,0.325,0.0,0.0,0.675,3.9875228226811714,-10.578075402060493,36.87563292900559,400
weights_current,Weights SG-TD3 replay40k,weights,current,196,15.134506070719315,0.1520460275855904,0.001386009018134876,0.255,0.66,0.34,0.0,0.0,0.66,3.181936705547173,-6.05626978673954,28.69910709724657,400
weights_current,Weights SG-TD3 replay40k,weights,current,197,14.43713736789072,0.1522804193019556,0.0013956993428615684,0.255,0.545,0.455,0.0,0.0,0.545,0.9729466837561631,-7.7901936808517345,27.626964507491873,400
weights_current,Weights SG-TD3 replay40k,weights,current,198,14.29394943160838,0.1481352687431723,0.0014115485782601042,0.2275,0.6375,0.3625,0.0,0.0,0.6375,2.0217222784543765,-6.554870246256905,14.72914647102225,400
weights_current,Weights SG-TD3 replay40k,weights,current,199,14.024870981975743,0.15065134181329776,0.0013617874009767533,0.225,0.5675,0.4325,0.0,0.0,0.5675,1.3089899938252074,-6.863366741220113,36.21555605897931,400
weights_current,Weights SG-TD3 replay40k,weights,current,200,13.557418237743393,0.14643524654751128,0.0013561102364937033,0.2275,0.72,0.28,0.0,0.0,0.72,2.543735194589715,-2.3122013794756184,23.235726715991778,400
weights_previous,Weights SG-TD3 June 6,weights,reference,1,-2.4757971343220584,0.2927707191778444,0.002622321657885212,0.4425,0.0,0.0,0.0,0.0,nan,nan,nan,nan,0
weights_previous,Weights SG-TD3 June 6,weights,reference,2,7.874069683245648,0.18594152231035466,0.0015049713189922193,0.2525,0.0,0.0,0.0,0.0,nan,nan,nan,nan,0
weights_previous,Weights SG-TD3 June 6,weights,reference,3,7.9847975595233605,0.18505905208111023,0.00149940613132385,0.2525,0.0,0.0,0.0,0.0,nan,nan,nan,nan,0
weights_previous,Weights SG-TD3 June 6,weights,reference,4,8.105924556201765,0.18410211055489434,0.0014935419865018456,0.2525,0.0,0.0,0.0,0.0,nan,nan,nan,nan,0
weights_previous,Weights SG-TD3 June 6,weights,reference,5,8.225657526245664,0.18307196649804552,0.0014873741488288144,0.255,0.0,0.0,0.0,0.0,nan,nan,nan,nan,0
weights_previous,Weights SG-TD3 June 6,weights,reference,6,8.348965000563991,0.18196566273979833,0.0014809316486112634,0.25,0.0,0.0,0.0,0.0,nan,nan,nan,nan,0
weights_previous,Weights SG-TD3 June 6,weights,reference,7,8.481938704380315,0.18077234278615023,0.0014741697172206752,0.25,0.0,0.0,0.0,0.0,nan,nan,nan,nan,0
weights_previous,Weights SG-TD3 June 6,weights,reference,8,8.646113114652538,0.17952075608766044,0.0014670518705704732,0.2525,0.0,0.0,0.0,0.0,nan,nan,nan,nan,0
weights_previous,Weights SG-TD3 June 6,weights,reference,9,8.806242397490184,0.1784467768279042,0.0014595864385182817,0.2475,0.0,0.0,0.0,0.0,nan,nan,nan,nan,0
weights_previous,Weights SG-TD3 June 6,weights,reference,10,8.921790762841676,0.17753237362988525,0.0014515408397545338,0.2475,0.0,0.0,0.0,0.0,nan,nan,nan,nan,0
weights_previous,Weights SG-TD3 June 6,weights,reference,11,9.070162947450875,0.1765178214087376,0.0014432441652684016,0.245,0.0,0.9975,0.0,0.0,0.0,nan,nan,nan,399
weights_previous,Weights SG-TD3 June 6,weights,reference,12,9.243795266627322,0.17539656692687244,0.0014346148404482768,0.2425,0.0,1.0,0.0,0.0,0.0,nan,nan,nan,400
weights_previous,Weights SG-TD3 June 6,weights,reference,13,9.454461497921823,0.17419942079565698,0.001425550484335849,0.2375,0.0,1.0,0.0,0.0,0.0,nan,nan,nan,400
weights_previous,Weights SG-TD3 June 6,weights,reference,14,9.613663415315454,0.17293139617391304,0.0014026931151718952,0.2325,0.705,0.295,0.0,0.0,0.705,14.634714270542887,-10.073205741677953,29.032775189956677,400
weights_previous,Weights SG-TD3 June 6,weights,reference,15,9.451500103865742,0.17447078433400942,0.001396502289399788,0.23,0.2975,0.7025,0.0,0.0,0.2975,-2.282194486348317,-13.17091217686826,8.45991578617911,400
weights_previous,Weights SG-TD3 June 6,weights,reference,16,7.460474029518391,0.1830595118358148,0.0015607973268913135,0.245,0.1825,0.8175,0.0,0.0,0.1825,-3.5538587991469477,-23.92959325402669,6.16710463552085,400
weights_previous,Weights SG-TD3 June 6,weights,reference,17,11.148267271468958,0.16741127780633844,0.001415374188482349,0.2325,0.225,0.775,0.0,0.0,0.225,-3.041900135117828,-28.24125081421673,2.433510990696997,400
weights_previous,Weights SG-TD3 June 6,weights,reference,18,10.127164134529735,0.17222814507675543,0.0014623021582416652,0.2375,0.185,0.815,0.0,0.0,0.185,-3.445892826655893,-25.47534594971673,1.8003396883413256,400
weights_previous,Weights SG-TD3 June 6,weights,reference,19,8.000390769318674,0.17949549646010318,0.0015891877455560066,0.2375,0.215,0.785,0.0,0.0,0.215,-3.3224114293527407,-20.34703984521145,4.0262826574975925,400
weights_previous,Weights SG-TD3 June 6,weights,reference,20,7.659822895672116,0.1767743444039863,0.00147137685199077,0.235,0.3025,0.6975,0.0,0.0,0.3025,-3.1818478512061006,-25.34400152972437,4.383002211351809,400
weights_previous,Weights SG-TD3 June 6,weights,reference,21,9.224549780424027,0.17263460420005547,0.0015565534269740315,0.25,0.2625,0.7375,0.0,0.0,0.2625,-2.9443492416080286,-21.195851121525713,3.664957318111148,400
weights_previous,Weights SG-TD3 June 6,weights,reference,22,11.493191058177421,0.16387495274836872,0.0014286101937665463,0.24,0.245,0.755,0.0,0.0,0.245,-3.4990916810374983,-31.433153498077886,2.8846985257213977,400
weights_previous,Weights SG-TD3 June 6,weights,reference,23,12.491463921192098,0.16046677846010554,0.001370957068767043,0.2425,0.2625,0.7375,0.0,0.0,0.2625,-2.674310550465893,-27.697049480062446,3.968415452956778,400
weights_previous,Weights SG-TD3 June 6,weights,reference,24,12.29140660038159,0.1619059147813624,0.0014238534568808282,0.2375,0.2725,0.7275,0.0,0.0,0.2725,-3.1014655667245563,-24.67785416722195,2.7219440901352185,400
weights_previous,Weights SG-TD3 June 6,weights,reference,25,12.968155912424711,0.16121768303374304,0.0013782332655090173,0.2225,0.235,0.765,0.0,0.0,0.235,-4.302491258430642,-31.810926722480097,2.4099464590552677,400
weights_previous,Weights SG-TD3 June 6,weights,reference,26,12.512669063543829,0.1608183812705617,0.001463302128559867,0.23,0.2575,0.7425,0.0,0.0,0.2575,-3.2765441267610775,-32.475496790420245,3.467510642190963,400
weights_previous,Weights SG-TD3 June 6,weights,reference,27,12.406051016661234,0.16023390671422788,0.0015153976935958651,0.2475,0.26,0.74,0.0,0.0,0.26,-2.5736539261575047,-33.970529061536666,4.4312300425791085,400
weights_previous,Weights SG-TD3 June 6,weights,reference,28,11.716839808258314,0.1620557867452499,0.0015938239679568606,0.25,0.2925,0.7075,0.0,0.0,0.2925,-2.5298277487530534,-22.70902586702248,6.484503956674747,400
weights_previous,Weights SG-TD3 June 6,weights,reference,29,11.74885471139672,0.1583295755197315,0.0015676227760867273,0.2475,0.3375,0.6625,0.0,0.0,0.3375,-2.1282591148805565,-25.578489906993877,6.832059064124847,400
weights_previous,Weights SG-TD3 June 6,weights,reference,30,11.322527870325796,0.15985603499769624,0.0016108880419986298,0.2375,0.335,0.665,0.0,0.0,0.335,-2.259348803135559,-30.085532086089575,5.761284787967964,400
weights_previous,Weights SG-TD3 June 6,weights,reference,31,13.336137915796092,0.15537810318459447,0.001438912789799597,0.22,0.3475,0.6525,0.0,0.0,0.3475,-1.976801972370545,-36.1137274144796,4.808846302871248,400
weights_previous,Weights SG-TD3 June 6,weights,reference,32,12.608616652870685,0.15574464902296614,0.0014681748832745401,0.2325,0.325,0.675,0.0,0.0,0.325,-2.525025074447015,-26.38994959977599,4.6838639464114715,400
weights_previous,Weights SG-TD3 June 6,weights,reference,33,12.633565386217278,0.15761555467362004,0.0014454778205002187,0.2275,0.3275,0.6725,0.0,0.0,0.3275,-2.689143929574275,-26.165968587069322,5.495805124008839,400
weights_previous,Weights SG-TD3 June 6,weights,reference,34,12.416279163824804,0.16083329621312956,0.0014557455879918779,0.24,0.38,0.62,0.0,0.0,0.38,-1.638521523000648,-24.99330898393768,5.9345610404254385,400
weights_previous,Weights SG-TD3 June 6,weights,reference,35,12.35789548751907,0.1641087618703275,0.0013936040685968458,0.2425,0.4125,0.5875,0.0,0.0,0.4125,-1.0760972883479951,-25.456463345737255,6.8005712697713845,400
weights_previous,Weights SG-TD3 June 6,weights,reference,36,12.41723269872206,0.1640666074780642,0.0014737812445046593,0.255,0.47,0.53,0.0,0.0,0.47,-0.2743039240860554,-15.007913590805977,8.747428454112947,400
weights_previous,Weights SG-TD3 June 6,weights,reference,37,11.608653103946825,0.1686275001480357,0.0015684607445753574,0.265,0.495,0.505,0.0,0.0,0.495,-0.1173811892543597,-17.85977481273062,12.12445977078817,400
weights_previous,Weights SG-TD3 June 6,weights,reference,38,11.96753190472073,0.17023613827283957,0.0015223193653339411,0.275,0.53,0.47,0.0,0.0,0.53,0.81352302114324,-16.334602434764474,13.39539374691633,400
weights_previous,Weights SG-TD3 June 6,weights,reference,39,11.886136416572763,0.17334127101601532,0.00149724489524783,0.2675,0.6125,0.3875,0.0,0.0,0.6125,2.0295003610082603,-9.294026735204215,17.240026602066475,400
weights_previous,Weights SG-TD3 June 6,weights,reference,40,11.628476417132152,0.17462867766329765,0.001524779819044921,0.28,0.6575,0.3425,0.0,0.0,0.6575,3.8351627920047573,-14.594411311772546,20.613031783306866,400
weights_previous,Weights SG-TD3 June 6,weights,reference,41,11.278487735574965,0.17813240634680944,0.0013810639184530294,0.25,0.7225,0.2775,0.0,0.0,0.7225,5.7114913736903645,-11.685090930957964,33.231736567864914,400
weights_previous,Weights SG-TD3 June 6,weights,reference,42,11.874764815307794,0.1780934107601869,0.0014532567554781037,0.265,0.64,0.36,0.0,0.0,0.64,4.6875528464235,-16.16465775047566,43.29981699441719,400
weights_previous,Weights SG-TD3 June 6,weights,reference,43,11.552236020517533,0.1815872195975002,0.0014704020364904652,0.26,0.79,0.21,0.0,0.0,0.79,10.473558458101223,-5.494603043810683,55.41319856745327,400
weights_previous,Weights SG-TD3 June 6,weights,reference,44,11.545852848775885,0.1817262031963369,0.0014667274688562432,0.25,0.83,0.17,0.0,0.0,0.83,12.115403258389598,-3.5459689607444704,55.144553767653406,400
weights_previous,Weights SG-TD3 June 6,weights,reference,45,12.159680847111135,0.17811964049655807,0.0014363838733687123,0.245,0.915,0.085,0.0,0.0,0.915,15.889383028265586,1.1620411812540712,58.55731121346553,400
weights_previous,Weights SG-TD3 June 6,weights,reference,46,11.700001684800931,0.1755889040695969,0.0015507598777654303,0.26,0.9125,0.0875,0.0,0.0,0.9125,16.22414553009635,0.6763863894066875,65.90972685051112,400
weights_previous,Weights SG-TD3 June 6,weights,reference,47,11.29004605062044,0.17613397658541893,0.0015691327979260854,0.2575,0.91,0.09,0.0,0.0,0.91,20.333604158902176,1.2812346125493497,64.2752474351624,400
weights_previous,Weights SG-TD3 June 6,weights,reference,48,10.917631888904147,0.17954025302001214,0.0016071421271400949,0.26,0.9225,0.0775,0.0,0.0,0.9225,20.390824626365102,1.7602116675480275,74.32978425611296,400
weights_previous,Weights SG-TD3 June 6,weights,reference,49,12.602799509954009,0.17390051098503817,0.0015784762728043814,0.2475,0.9125,0.0875,0.0,0.0,0.9125,20.822783742720155,1.4970730141440332,72.2483589860087,400
weights_previous,Weights SG-TD3 June 6,weights,reference,50,14.067321476775568,0.16659645018351177,0.0015514833579642854,0.245,0.7625,0.2375,0.0,0.0,0.7625,12.901432055496286,-13.386991269513658,53.340962733363135,400
weights_previous,Weights SG-TD3 June 6,weights,reference,51,11.532685951233457,0.17269388128855961,0.0015530121279523185,0.2325,0.635,0.365,0.0,0.0,0.635,4.868111253698885,-12.657705812709263,64.67928421439821,400
weights_previous,Weights SG-TD3 June 6,weights,reference,52,13.681801740850526,0.16998883843189058,0.001539594664458735,0.2575,0.565,0.435,0.0,0.0,0.565,2.997153519117063,-22.772250179586408,39.52773286593981,400
weights_previous,Weights SG-TD3 June 6,weights,reference,53,12.872001628537749,0.174986645354254,0.0015176464285229653,0.2425,0.5725,0.4275,0.0,0.0,0.5725,1.9375066097344131,-18.04285179550709,58.903149145199286,400
weights_previous,Weights SG-TD3 June 6,weights,reference,54,12.64416772784419,0.17717290985819542,0.0015148046855978348,0.2475,0.5075,0.4925,0.0,0.0,0.5075,0.25047191178907724,-20.420718175784145,49.41593616322792,400
weights_previous,Weights SG-TD3 June 6,weights,reference,55,12.065523029158431,0.17798932548001337,0.0015188788746701835,0.25,0.5425,0.4575,0.0,0.0,0.5425,1.1202872362304106,-16.89878600039303,63.038131966176536,400
weights_previous,Weights SG-TD3 June 6,weights,reference,56,13.15035304159785,0.17325913282230446,0.0015458540207090859,0.2575,0.4775,0.5225,0.0,0.0,0.4775,-0.3118573146597896,-16.804031638837838,31.792457706247635,400
weights_previous,Weights SG-TD3 June 6,weights,reference,57,12.190693302832477,0.1737758524674106,0.0015038358589353354,0.255,0.5375,0.4625,0.0,0.0,0.5375,0.9533420861244508,-15.012484582299177,50.87295594163695,400
weights_previous,Weights SG-TD3 June 6,weights,reference,58,13.068154765869304,0.17311276069521087,0.0015277100970969937,0.2575,0.5525,0.4475,0.0,0.0,0.5525,0.727922243050898,-18.820993095258654,31.14523309804077,400
weights_previous,Weights SG-TD3 June 6,weights,reference,59,13.015386972534962,0.17307149172175407,0.0015000581470768304,0.255,0.4925,0.5075,0.0,0.0,0.4925,-0.10391691232527833,-15.800501781581685,46.400521606190004,400
weights_previous,Weights SG-TD3 June 6,weights,reference,60,13.563376616989508,0.16848546514691026,0.001439377178418238,0.25,0.505,0.495,0.0,0.0,0.505,0.1864520752521912,-16.50112712184772,33.72955222710552,400
weights_previous,Weights SG-TD3 June 6,weights,reference,61,14.242452986279085,0.1658655110218695,0.0014610210950297656,0.2525,0.49,0.51,0.0,0.0,0.49,-0.14739315777615047,-13.971302422114967,14.790150153869824,400
weights_previous,Weights SG-TD3 June 6,weights,reference,62,13.00736016290046,0.1707367428316564,0.0014885253432151265,0.255,0.4975,0.5025,0.0,0.0,0.4975,-0.10814036693391671,-15.168196149497145,39.91544581561405,400
weights_previous,Weights SG-TD3 June 6,weights,reference,63,13.0346284302446,0.16906816226109897,0.0013902125551265216,0.245,0.485,0.515,0.0,0.0,0.485,-0.19221379755981616,-10.955326529074226,49.026144678718936,400
weights_previous,Weights SG-TD3 June 6,weights,reference,64,13.094962000382566,0.16957038123631224,0.0014764344973960176,0.2575,0.5275,0.4725,0.0,0.0,0.5275,0.46300618709045693,-13.236915773058564,32.211844832372165,400
weights_previous,Weights SG-TD3 June 6,weights,reference,65,13.603023552003222,0.16732225123694733,0.0014176198240391869,0.255,0.4725,0.5275,0.0,0.0,0.4725,-0.4574808640968655,-13.711353168327433,15.014615234274192,400
weights_previous,Weights SG-TD3 June 6,weights,reference,66,12.766257582044496,0.16657829782781522,0.0013814243193998824,0.2475,0.525,0.475,0.0,0.0,0.525,0.47997754580859464,-10.975202555920385,39.33125335819089,400
weights_previous,Weights SG-TD3 June 6,weights,reference,67,14.134182621880804,0.16650427325596007,0.001460019878894146,0.26,0.4925,0.5075,0.0,0.0,0.4925,-0.08233390459326984,-12.036789189825946,12.482502714915883,400
weights_previous,Weights SG-TD3 June 6,weights,reference,68,13.187106895855267,0.1711823040605881,0.0015090202280307967,0.2625,0.6075,0.3925,0.0,0.0,0.6075,1.757407921183372,-8.132702291396253,22.06749733188508,400
weights_previous,Weights SG-TD3 June 6,weights,reference,69,13.02674423735777,0.17284799112024923,0.0014341173247064902,0.2525,0.5025,0.4975,0.0,0.0,0.5025,0.0787564632818345,-11.087057735008047,37.77265150647799,400
weights_previous,Weights SG-TD3 June 6,weights,reference,70,14.309502876244322,0.1667243161208788,0.0014465304113068511,0.2625,0.4475,0.5525,0.0,0.0,0.4475,-0.896228596595904,-16.195488419539696,11.230441949940301,400
weights_previous,Weights SG-TD3 June 6,weights,reference,71,16.445079067606866,0.16728740965640274,0.0012717107886606705,0.2725,0.4825,0.5175,0.0,0.0,0.4825,-0.2926936744556201,-19.383376416819267,18.627357330803353,400
weights_previous,Weights SG-TD3 June 6,weights,reference,72,16.02975983145972,0.1636073551188742,0.0013779326902190986,0.2625,0.4325,0.5675,0.0,0.0,0.4325,-1.1789988538507714,-13.80301665007291,14.184416629725618,400
weights_previous,Weights SG-TD3 June 6,weights,reference,73,14.998932282806015,0.1703558326022269,0.0013768665990679268,0.2525,0.4575,0.5425,0.0,0.0,0.4575,-0.49403791474577474,-11.148057640480168,13.870391291305516,400
weights_previous,Weights SG-TD3 June 6,weights,reference,74,14.978281011605088,0.16513844904838249,0.0014235125819676382,0.25,0.395,0.605,0.0,0.0,0.395,-1.833886136614268,-15.568001860639558,10.670845255149745,400
weights_previous,Weights SG-TD3 June 6,weights,reference,75,14.28127082520124,0.16931662428753885,0.001413752113405804,0.245,0.4675,0.5325,0.0,0.0,0.4675,-0.7026930413669561,-12.53527186520046,14.823608715230298,400
weights_previous,Weights SG-TD3 June 6,weights,reference,76,15.34030855047071,0.17006910953760068,0.0013101731721695026,0.2575,0.36,0.64,0.0,0.0,0.36,-2.280262500946833,-14.111476567805713,12.874507283358126,400
weights_previous,Weights SG-TD3 June 6,weights,reference,77,14.611154937115172,0.1706811187579541,0.0013566781756072076,0.2525,0.4275,0.5725,0.0,0.0,0.4275,-1.1592388644798177,-15.407097216998272,24.111759839872022,400
weights_previous,Weights SG-TD3 June 6,weights,reference,78,14.280262812475208,0.17288721718540428,0.001415343331539098,0.2525,0.47,0.53,0.0,0.0,0.47,-0.5252323516361344,-12.136151032546817,19.18659164097043,400
weights_previous,Weights SG-TD3 June 6,weights,reference,79,12.427129724190912,0.17624889864824225,0.0014598526006176415,0.255,0.4675,0.5325,0.0,0.0,0.4675,-0.3751445886463216,-11.737775192404387,73.185205349135,400
weights_previous,Weights SG-TD3 June 6,weights,reference,80,14.254714585128529,0.16883289767491486,0.0014769133949881108,0.255,0.4825,0.5175,0.0,0.0,0.4825,-0.41161033036792105,-12.489576737488777,21.43729593565936,400
weights_previous,Weights SG-TD3 June 6,weights,reference,81,14.759749692232408,0.17009627973469882,0.0014635424580118639,0.255,0.4925,0.5075,0.0,0.0,0.4925,-0.11845679701397671,-12.762570674301273,18.15765691444358,400
weights_previous,Weights SG-TD3 June 6,weights,reference,82,14.54370045644078,0.17254943030918757,0.0014417935650390219,0.2525,0.485,0.515,0.0,0.0,0.485,-0.1637510407423406,-12.124869776716247,20.0885808244153,400
weights_previous,Weights SG-TD3 June 6,weights,reference,83,14.89514769361273,0.17011258132349347,0.0014622015644202146,0.2525,0.4425,0.5575,0.0,0.0,0.4425,-1.3547791749891402,-14.254120180874473,16.69858817538817,400
weights_previous,Weights SG-TD3 June 6,weights,reference,84,14.070858912295703,0.16868072880350876,0.0014713605921869528,0.2475,0.4925,0.5075,0.0,0.0,0.4925,-0.1549322666115529,-11.916152918199941,26.646531977403225,400
weights_previous,Weights SG-TD3 June 6,weights,reference,85,14.031812157817926,0.16856786591923295,0.0015120807312549818,0.2525,0.38,0.62,0.0,0.0,0.38,-2.314333289002821,-16.6771995123431,23.06841816424539,400
weights_previous,Weights SG-TD3 June 6,weights,reference,86,14.139166217718603,0.1684634897452137,0.0014784483599190057,0.2475,0.55,0.45,0.0,0.0,0.55,0.6757868256809729,-10.129289392458075,27.181895672439268,400
weights_previous,Weights SG-TD3 June 6,weights,reference,87,13.343410159862271,0.17259505567974207,0.001471240622679405,0.2475,0.45,0.55,0.0,0.0,0.45,-0.9013576962789784,-15.660840629665962,32.941369472713646,400
weights_previous,Weights SG-TD3 June 6,weights,reference,88,14.165537387758977,0.16875099566555826,0.0014774752312256717,0.2475,0.5025,0.4975,0.0,0.0,0.5025,0.03976658065857919,-10.566365512155835,23.584611417766645,400
weights_previous,Weights SG-TD3 June 6,weights,reference,89,14.163885290979806,0.16809393753031165,0.0014608781962696788,0.245,0.5225,0.4775,0.0,0.0,0.5225,0.5347657808002566,-10.126598953388191,36.531674175812675,400
weights_previous,Weights SG-TD3 June 6,weights,reference,90,14.061844238488945,0.16912339009699673,0.0014958065351678529,0.245,0.445,0.555,0.0,0.0,0.445,-0.7660272096730978,-14.802744754046488,34.95338506388995,400
weights_previous,Weights SG-TD3 June 6,weights,reference,91,13.61459342063426,0.16966731971010224,0.001535207854793813,0.25,0.495,0.505,0.0,0.0,0.495,-0.07944425917742137,-10.912361314740473,17.041235205320692,400
weights_previous,Weights SG-TD3 June 6,weights,reference,92,12.673323795243526,0.174930256706831,0.001509857267404842,0.2525,0.5075,0.4925,0.0,0.0,0.5075,0.2673056983127253,-11.840781696204521,45.458732494331535,400
weights_previous,Weights SG-TD3 June 6,weights,reference,93,14.871994252757531,0.16882911445574209,0.001421709097608781,0.245,0.4675,0.5325,0.0,0.0,0.4675,-0.814311295920902,-11.32260632027637,15.219014125250952,400
weights_previous,Weights SG-TD3 June 6,weights,reference,94,14.691955066170642,0.17007874641519635,0.0014509550342097085,0.2575,0.47,0.53,0.0,0.0,0.47,-0.8922638153508444,-11.135943554182402,17.275045248384888,400
weights_previous,Weights SG-TD3 June 6,weights,reference,95,14.245212002101358,0.1708189999418646,0.0014083088931664681,0.245,0.4475,0.5525,0.0,0.0,0.4475,-0.3721843398516419,-12.018789311146518,15.566941783908307,400
weights_previous,Weights SG-TD3 June 6,weights,reference,96,13.88604056406426,0.1680943473715115,0.0014986265294831456,0.2575,0.515,0.485,0.0,0.0,0.515,0.29828987948832264,-8.330889377355662,37.336123444952484,400
weights_previous,Weights SG-TD3 June 6,weights,reference,97,14.72050770029567,0.16445261468972447,0.0014273379480635134,0.255,0.48,0.52,0.0,0.0,0.48,-0.3043951829007483,-9.067260971596077,19.261183315298066,400
weights_previous,Weights SG-TD3 June 6,weights,reference,98,14.998125110989271,0.15932299190306054,0.0013671326871080053,0.2375,0.4825,0.5175,0.0,0.0,0.4825,-0.1572635491522476,-8.553596357707283,21.2638219789771,400
weights_previous,Weights SG-TD3 June 6,weights,reference,99,14.147272593964814,0.15905631355920336,0.0014408777748584356,0.245,0.4725,0.5275,0.0,0.0,0.4725,-0.6209601987864062,-7.975208084904679,17.517914441275643,400
weights_previous,Weights SG-TD3 June 6,weights,reference,100,14.312931592349317,0.15563921730785793,0.001391595052378342,0.24,0.5125,0.4875,0.0,0.0,0.5125,0.20856222933451818,-9.078327573523232,11.181115616402746,400
weights_previous,Weights SG-TD3 June 6,weights,reference,101,14.04588630960949,0.15814387538469152,0.0013080192145187356,0.235,0.54,0.46,0.0,0.0,0.54,0.45490672599908066,-9.165935840298605,20.095489536173318,400
weights_previous,Weights SG-TD3 June 6,weights,reference,102,15.03833617659337,0.15280299270616987,0.0012761526226253471,0.23,0.47,0.53,0.0,0.0,0.47,-0.3859928766904943,-10.663747126756787,10.40488882608207,400
weights_previous,Weights SG-TD3 June 6,weights,reference,103,14.96172656437059,0.15157947739249353,0.001234182955513228,0.215,0.5075,0.4925,0.0,0.0,0.5075,0.09849331661547467,-10.151082203890404,17.072955994108195,400
weights_previous,Weights SG-TD3 June 6,weights,reference,104,14.840396448285544,0.14467991020308588,0.0013163482109177999,0.21,0.5275,0.4725,0.0,0.0,0.5275,0.3483539978594212,-11.704201938049618,13.098782482694546,400
weights_previous,Weights SG-TD3 June 6,weights,reference,105,15.010439005408852,0.1411661789627183,0.0012157138155273056,0.195,0.5625,0.4375,0.0,0.0,0.5625,1.589000263343877,-18.574024594282672,16.656358148833032,400
weights_previous,Weights SG-TD3 June 6,weights,reference,106,14.922712879055583,0.1386089515876213,0.0012957282273818396,0.195,0.6425,0.3575,0.0,0.0,0.6425,2.5032496646802116,-10.298462957363608,24.50156068541799,400
weights_previous,Weights SG-TD3 June 6,weights,reference,107,15.528958359458874,0.13569162499183532,0.001153089288280619,0.13,0.67,0.33,0.0,0.0,0.67,3.2449784041303324,-8.428970647230608,28.29590697310932,400
weights_previous,Weights SG-TD3 June 6,weights,reference,108,16.3349848609568,0.13451605465163094,0.0010991081096901984,0.105,0.725,0.275,0.0,0.0,0.725,5.49099778758648,-4.203160228973502,41.20187452824096,400
weights_previous,Weights SG-TD3 June 6,weights,reference,109,15.711153569260645,0.13924150798538892,0.0010701221298717437,0.1075,0.725,0.275,0.0,0.0,0.725,3.548394282902848,-3.093975470428364,58.66190135723782,400
weights_previous,Weights SG-TD3 June 6,weights,reference,110,16.1525336791685,0.1394646184036954,0.0011549221027434878,0.1575,0.63,0.37,0.0,0.0,0.63,1.3203977314375948,-6.71938895610192,14.99780633442916,400
weights_previous,Weights SG-TD3 June 6,weights,reference,111,15.963346948660636,0.14290391247542036,0.0011730771980641636,0.1875,0.5875,0.4125,0.0,0.0,0.5875,0.989093120519243,-7.671604304503436,25.546380297964504,400
weights_previous,Weights SG-TD3 June 6,weights,reference,112,15.666840024548327,0.14370917384639767,0.001205164448903443,0.1925,0.57,0.43,0.0,0.0,0.57,0.6809944811087405,-5.884523683063343,16.12355179522012,400
weights_previous,Weights SG-TD3 June 6,weights,reference,113,15.734282387947268,0.14561847473623213,0.0012174858981610626,0.2075,0.5975,0.4025,0.0,0.0,0.5975,1.0919735717964159,-7.815145263152408,19.60391217621685,400
weights_previous,Weights SG-TD3 June 6,weights,reference,114,17.01302299055947,0.15285150368248934,0.0011180102175156973,0.2475,0.425,0.575,0.0,0.0,0.425,-1.1618841890658587,-15.732221337477084,11.218672939239772,400
weights_previous,Weights SG-TD3 June 6,weights,reference,115,17.249286386781733,0.1536548190551317,0.0011188468147130903,0.295,0.4625,0.5375,0.0,0.0,0.4625,-0.7623780590074887,-13.578476981142554,12.028936821823828,400
weights_previous,Weights SG-TD3 June 6,weights,reference,116,16.65545119922674,0.1529354747190778,0.0011388869895489996,0.2875,0.5725,0.4275,0.0,0.0,0.5725,1.0220154338163638,-10.807039225314153,19.531063734197904,400
weights_previous,Weights SG-TD3 June 6,weights,reference,117,15.53841988689976,0.15654493325914576,0.0012651074723466482,0.28,0.5775,0.4225,0.0,0.0,0.5775,1.5385601924831462,-9.572765138085652,20.836843450941796,400
weights_previous,Weights SG-TD3 June 6,weights,reference,118,14.439259797612186,0.1561820680059579,0.0013614497365472056,0.2725,0.595,0.405,0.0,0.0,0.595,1.1311414803180648,-8.759922018271936,12.752528236345864,400
weights_previous,Weights SG-TD3 June 6,weights,reference,119,15.312124901816855,0.15716629698732174,0.0013141397205092007,0.28,0.4725,0.5275,0.0,0.0,0.4725,-0.4734723014215376,-16.14657162992294,13.137155522273043,400
weights_previous,Weights SG-TD3 June 6,weights,reference,120,16.252932488078933,0.15865083803740318,0.0012421877900229122,0.275,0.5625,0.4375,0.0,0.0,0.5625,1.1152173457945196,-11.3066820964008,16.26999648867714,400
weights_previous,Weights SG-TD3 June 6,weights,reference,121,15.501665908552217,0.16222611823358796,0.00125256817362459,0.2675,0.5775,0.4225,0.0,0.0,0.5775,1.028549385154065,-8.391766249977604,36.53300711174776,400
weights_previous,Weights SG-TD3 June 6,weights,reference,122,16.394093707401215,0.16285307471080251,0.0011906437149638335,0.285,0.5575,0.4425,0.0,0.0,0.5575,1.2794220954603048,-11.614191110641373,39.33152731844157,400
weights_previous,Weights SG-TD3 June 6,weights,reference,123,16.446491092494092,0.16314704236463776,0.001179987087331071,0.28,0.5925,0.4075,0.0,0.0,0.5925,3.014385799557431,-11.234847956981772,56.139080664044386,400
weights_previous,Weights SG-TD3 June 6,weights,reference,124,16.13638612656488,0.1638871054467461,0.0012748754257638315,0.2875,0.56,0.44,0.0,0.0,0.56,0.9837539750799351,-10.583227478170691,31.15382652658466,400
weights_previous,Weights SG-TD3 June 6,weights,reference,125,15.963370168344374,0.16077278260459632,0.0012655259214272435,0.285,0.59,0.41,0.0,0.0,0.59,1.8696653064625366,-11.33846981258225,39.36568559062153,400
weights_previous,Weights SG-TD3 June 6,weights,reference,126,15.721997243621718,0.16431392545681342,0.0012016531115435027,0.285,0.525,0.475,0.0,0.0,0.525,0.7652990501911745,-14.489381042574035,38.45367432928785,400
weights_previous,Weights SG-TD3 June 6,weights,reference,127,16.041367955753103,0.16583100750368196,0.0013077894318746376,0.3025,0.6525,0.3475,0.0,0.0,0.6525,3.576402443799907,-7.067771676995016,37.492114077777124,400
weights_previous,Weights SG-TD3 June 6,weights,reference,128,15.653192641409667,0.16720933393689846,0.0013406992720666673,0.3025,0.6475,0.3525,0.0,0.0,0.6475,2.48840969992483,-7.910470577348177,45.94772367216268,400
weights_previous,Weights SG-TD3 June 6,weights,reference,129,16.536910765411843,0.16118277080998605,0.0013170807246241127,0.29,0.725,0.275,0.0,0.0,0.725,5.534149974779837,-5.723965986273423,40.69165316115246,400
weights_previous,Weights SG-TD3 June 6,weights,reference,130,15.165357605539166,0.16666835646064249,0.0013353349581113332,0.29,0.7275,0.2725,0.0,0.0,0.7275,5.394037071194035,-8.154488285657452,70.81216455290364,400
weights_previous,Weights SG-TD3 June 6,weights,reference,131,16.67238579027363,0.16247742007063803,0.0012919900983509951,0.28,0.685,0.315,0.0,0.0,0.685,4.433612971356183,-10.010881966963368,52.36411019168195,400
weights_previous,Weights SG-TD3 June 6,weights,reference,132,17.384969326190816,0.16415596244199557,0.0012946739287150873,0.2875,0.7125,0.2875,0.0,0.0,0.7125,6.119057767586,-4.917918124731114,78.07909340653403,400
weights_previous,Weights SG-TD3 June 6,weights,reference,133,18.912999669679692,0.16139158624065333,0.0013055259690978693,0.2875,0.765,0.235,0.0,0.0,0.765,9.902574065211866,-5.4391437962164675,72.35317905804622,400
weights_previous,Weights SG-TD3 June 6,weights,reference,134,19.741500956097088,0.1605256362194208,0.0012349322493594897,0.285,0.7125,0.2875,0.0,0.0,0.7125,7.975844762177303,-6.335494795439627,77.07565914411461,400
weights_previous,Weights SG-TD3 June 6,weights,reference,135,18.693792369486633,0.16288891380463635,0.0013490540320148278,0.295,0.7075,0.2925,0.0,0.0,0.7075,4.695339116976356,-5.77688945516536,65.82897065121625,400
weights_previous,Weights SG-TD3 June 6,weights,reference,136,17.845745757341042,0.16598940501636456,0.0013309636052415764,0.2975,0.765,0.235,0.0,0.0,0.765,7.289290650347766,-4.625798494111313,71.31055468571265,400
weights_previous,Weights SG-TD3 June 6,weights,reference,137,18.865456397469398,0.1627733571954728,0.0012615629677302182,0.29,0.735,0.265,0.0,0.0,0.735,6.943645848307824,-4.19509174926543,73.40398341286853,400
weights_previous,Weights SG-TD3 June 6,weights,reference,138,18.047059831528795,0.16726253928392662,0.0012687510791958446,0.2925,0.75,0.25,0.0,0.0,0.75,10.292638665236154,-5.1270706796848105,98.36640664134615,400
weights_previous,Weights SG-TD3 June 6,weights,reference,139,18.128363346831737,0.16537532531196653,0.0012446193681952815,0.2875,0.7925,0.2075,0.0,0.0,0.7925,8.546794581490545,-3.9803619849803167,111.23631009390527,400
weights_previous,Weights SG-TD3 June 6,weights,reference,140,17.53394751650805,0.16685013729490586,0.001246674318175272,0.2825,0.785,0.215,0.0,0.0,0.785,9.480233496569411,-5.211537062887302,111.87083532163464,400
weights_previous,Weights SG-TD3 June 6,weights,reference,141,17.612354354130037,0.16468209044108967,0.0012588099761740145,0.285,0.73,0.27,0.0,0.0,0.73,8.385087070626014,-5.32965258192375,118.00417801635307,400
weights_previous,Weights SG-TD3 June 6,weights,reference,142,17.490140345087372,0.16898529985645616,0.0013353200000065576,0.3025,0.6725,0.3275,0.0,0.0,0.6725,7.152965299772859,-10.233135651474436,64.70813341874239,400
weights_previous,Weights SG-TD3 June 6,weights,reference,143,17.549052764062154,0.16750228485406013,0.0012567799528468082,0.29,0.6875,0.3125,0.0,0.0,0.6875,7.36192557078266,-8.356456837360291,82.29097815190586,400
weights_previous,Weights SG-TD3 June 6,weights,reference,144,17.298007470192363,0.17067751040601592,0.0012431389843356934,0.29,0.705,0.295,0.0,0.0,0.705,6.167217134134489,-9.151945002401316,98.50283452226637,400
weights_previous,Weights SG-TD3 June 6,weights,reference,145,17.141724741283543,0.16777818741557227,0.001157360854095314,0.275,0.725,0.275,0.0,0.0,0.725,6.260341581793682,-8.44624885138728,130.19016009146964,400
weights_previous,Weights SG-TD3 June 6,weights,reference,146,17.478580072166768,0.17021457992672986,0.0011816562989274357,0.2775,0.72,0.28,0.0,0.0,0.72,8.14731377827502,-7.714598687303533,139.8832134025463,400
weights_previous,Weights SG-TD3 June 6,weights,reference,147,17.278648442107073,0.16665164288253512,0.00116539788261132,0.2775,0.7625,0.2375,0.0,0.0,0.7625,5.289782038469866,-4.124436286923719,109.8350744323312,400
weights_previous,Weights SG-TD3 June 6,weights,reference,148,18.63668185255858,0.1664778027924346,0.0011455853588678187,0.2775,0.755,0.245,0.0,0.0,0.755,10.155391924494666,-4.1185715738636635,118.42407942226849,400
weights_previous,Weights SG-TD3 June 6,weights,reference,149,18.49148406663564,0.16601236407620726,0.0011878488046059186,0.2875,0.7075,0.2925,0.0,0.0,0.7075,5.705101214050288,-4.950443025038975,101.99616053996125,400
weights_previous,Weights SG-TD3 June 6,weights,reference,150,17.076935384502278,0.16632890400397626,0.0011691242751205363,0.27,0.71,0.29,0.0,0.0,0.71,4.811410369817622,-6.686293266967368,95.8683414552343,400
weights_previous,Weights SG-TD3 June 6,weights,reference,151,18.998965358680202,0.16328899846698655,0.0011551236726531126,0.2825,0.67,0.33,0.0,0.0,0.67,5.603455152909191,-9.13509618181997,94.72335648131961,400
weights_previous,Weights SG-TD3 June 6,weights,reference,152,18.83871065947099,0.1621636532296877,0.0011276823988041048,0.275,0.6375,0.3625,0.0,0.0,0.6375,2.468603286916732,-7.552866213639118,116.82862959374967,400
weights_previous,Weights SG-TD3 June 6,weights,reference,153,19.48636796761096,0.16323348285692302,0.0011275634093618361,0.275,0.7025,0.2975,0.0,0.0,0.7025,3.574088221550255,-4.888640369922222,129.19679871596043,400
weights_previous,Weights SG-TD3 June 6,weights,reference,154,18.56012806099709,0.1649458996990675,0.0010853082478877532,0.265,0.675,0.325,0.0,0.0,0.675,3.233162042410811,-5.383561392441288,103.31970554899645,400
weights_previous,Weights SG-TD3 June 6,weights,reference,155,19.1539897313805,0.16337009863367138,0.0010062548134707372,0.26,0.675,0.325,0.0,0.0,0.675,3.2953152032154094,-6.1487206718230025,110.36543022501353,400
weights_previous,Weights SG-TD3 June 6,weights,reference,156,19.378245286717558,0.16326946186637697,0.0010983715089728382,0.275,0.6825,0.3175,0.0,0.0,0.6825,3.8188388125927304,-7.923432978886239,44.21691062639014,400
weights_previous,Weights SG-TD3 June 6,weights,reference,157,18.810211864171436,0.16400629626992214,0.0010312033374119706,0.265,0.6625,0.3375,0.0,0.0,0.6625,3.781466372726129,-9.543881449917352,74.17472524777617,400
weights_previous,Weights SG-TD3 June 6,weights,reference,158,19.390526637954405,0.1618183077881609,0.0009642486299166409,0.255,0.655,0.345,0.0,0.0,0.655,3.6982350450219883,-9.30851963509159,102.41596689884564,400
weights_previous,Weights SG-TD3 June 6,weights,reference,159,19.162416554749573,0.16295476730397435,0.001003576821813498,0.26,0.59,0.41,0.0,0.0,0.59,1.9639284835861872,-8.642823690246768,84.21433628410868,400
weights_previous,Weights SG-TD3 June 6,weights,reference,160,18.389521106526452,0.1624022487100697,0.0010759767640594214,0.27,0.595,0.405,0.0,0.0,0.595,1.5953362543895082,-6.427728695374529,54.24987447312919,400
weights_previous,Weights SG-TD3 June 6,weights,reference,161,19.109337647663583,0.16049532767952754,0.0010411273573439775,0.2725,0.6375,0.3625,0.0,0.0,0.6375,2.563136292745071,-6.9555722143566525,41.97318202578462,400
weights_previous,Weights SG-TD3 June 6,weights,reference,162,15.10920182937907,0.1605607080546492,0.001212112662845369,0.2275,0.5625,0.4375,0.0,0.0,0.5625,1.8248156861175175,-65.18974903849059,25.55472905961161,400
weights_previous,Weights SG-TD3 June 6,weights,reference,163,15.049704550349563,0.15932846351169228,0.0012476068966873594,0.2325,0.5175,0.4825,0.0,0.0,0.5175,0.8680712820679446,-59.05763907553581,34.130085039481685,400
weights_previous,Weights SG-TD3 June 6,weights,reference,164,14.570827351856988,0.160117277357552,0.0012415367379800307,0.2325,0.535,0.465,0.0,0.0,0.535,0.6830938009802594,-50.63784770141504,75.6220907691054,400
weights_previous,Weights SG-TD3 June 6,weights,reference,165,14.89096870469222,0.15977576591936382,0.0013082900386531338,0.2425,0.4525,0.5475,0.0,0.0,0.4525,-1.3240126028184704,-41.072755962205804,29.02115135816892,400
weights_previous,Weights SG-TD3 June 6,weights,reference,166,16.488067796869956,0.1618824766875668,0.0011961588446769528,0.24,0.5025,0.4975,0.0,0.0,0.5025,0.030885658718744935,-25.05213346920933,41.361303866094126,400
weights_previous,Weights SG-TD3 June 6,weights,reference,167,19.020287811762252,0.1634255407608885,0.0009715608770679752,0.275,0.6225,0.3775,0.0,0.0,0.6225,3.205032280076921,-7.577183499000239,63.45702394388428,400
weights_previous,Weights SG-TD3 June 6,weights,reference,168,16.6364696756119,0.16122844951601928,0.001162409004391021,0.29,0.57,0.43,0.0,0.0,0.57,1.9675697906818073,-8.513583341823596,34.50416968434908,400
weights_previous,Weights SG-TD3 June 6,weights,reference,169,19.40554836976214,0.15534835671283223,0.0009926455399665774,0.27,0.715,0.285,0.0,0.0,0.715,3.667999678567867,-4.868139769216872,50.19658039891362,400
weights_previous,Weights SG-TD3 June 6,weights,reference,170,18.381013286877252,0.15556622004228296,0.0009625394674909442,0.2575,0.6125,0.3875,0.0,0.0,0.6125,2.153981493940705,-7.164047984170565,45.09660253042798,400
weights_previous,Weights SG-TD3 June 6,weights,reference,171,19.30960240423946,0.15262976500507713,0.0009078558766739675,0.26,0.59,0.41,0.0,0.0,0.59,1.8505260226531846,-7.084019745727028,52.01109417149253,400
weights_previous,Weights SG-TD3 June 6,weights,reference,172,18.223298435815728,0.15642084396799752,0.0010554534631485952,0.285,0.6125,0.3875,0.0,0.0,0.6125,2.1133049602594838,-8.033211826338354,45.14736772621356,400
weights_previous,Weights SG-TD3 June 6,weights,reference,173,19.599594685998532,0.15361150128133352,0.000889149354191865,0.265,0.5575,0.4425,0.0,0.0,0.5575,1.3745374663855046,-10.943575722257036,48.016164414777045,400
weights_previous,Weights SG-TD3 June 6,weights,reference,174,19.798646570789078,0.1515585476826023,0.000887510295252397,0.2675,0.5825,0.4175,0.0,0.0,0.5825,1.7595216190766223,-10.40256049120685,52.66063870255512,400
weights_previous,Weights SG-TD3 June 6,weights,reference,175,19.539953100408002,0.1504272390298793,0.0008531093905325321,0.265,0.5325,0.4675,0.0,0.0,0.5325,1.1303704040376488,-12.959340767268714,48.52588073284302,400
weights_previous,Weights SG-TD3 June 6,weights,reference,176,19.709310988560027,0.1513599618228362,0.0008496615241480588,0.265,0.6125,0.3875,0.0,0.0,0.6125,2.0521198194401506,-7.539857555118577,54.89765751241634,400
weights_previous,Weights SG-TD3 June 6,weights,reference,177,17.288671372030976,0.15437477898694493,0.0008234869179380046,0.23,0.5325,0.4675,0.0,0.0,0.5325,0.9895172807628114,-8.898305569545135,56.27248629954084,400
weights_previous,Weights SG-TD3 June 6,weights,reference,178,19.43571937711347,0.15378762139189683,0.0007648733596871309,0.2475,0.53,0.47,0.0,0.0,0.53,0.8319477100952781,-9.855224719868055,70.20189157104993,400
weights_previous,Weights SG-TD3 June 6,weights,reference,179,19.501251933060193,0.15797102182787245,0.0007942283398815298,0.25,0.6725,0.3275,0.0,0.0,0.6725,3.436830670274844,-5.042873627250446,88.73879796386953,400
weights_previous,Weights SG-TD3 June 6,weights,reference,180,19.7921195677588,0.15314437923393512,0.0007980027688382341,0.245,0.5875,0.4125,0.0,0.0,0.5875,1.9886562508059171,-9.05895561497873,77.59131673588524,400
weights_previous,Weights SG-TD3 June 6,weights,reference,181,18.95008708851354,0.15281895447105012,0.0008769235175688674,0.23,0.6225,0.3775,0.0,0.0,0.6225,2.4078383317860244,-8.291882205423962,31.44373206996343,400
weights_previous,Weights SG-TD3 June 6,weights,reference,182,21.019079974996593,0.15270330434735527,0.0008536326744654159,0.2475,0.6975,0.3025,0.0,0.0,0.6975,4.267271041268714,-7.755303345174468,47.735503598223055,400
weights_previous,Weights SG-TD3 June 6,weights,reference,183,20.32178426788723,0.15515204176956437,0.0008278133458315644,0.245,0.765,0.235,0.0,0.0,0.765,9.10289355032694,-3.810919265320274,66.89246714226692,400
weights_previous,Weights SG-TD3 June 6,weights,reference,184,20.817062491669095,0.1535304390766739,0.0008974846829208323,0.2525,0.785,0.215,0.0,0.0,0.785,10.812537456511564,-4.97923467053065,60.88199421108972,400
weights_previous,Weights SG-TD3 June 6,weights,reference,185,19.876795951066455,0.15550218115746714,0.0009046631243026626,0.2475,0.79,0.21,0.0,0.0,0.79,7.319963379584806,-3.9492758541401485,55.45685566211549,400
weights_previous,Weights SG-TD3 June 6,weights,reference,186,19.360874374129853,0.15827342370701086,0.0009667839132017958,0.255,0.705,0.295,0.0,0.0,0.705,7.522851633028722,-8.529050754609852,59.86670393801452,400
weights_previous,Weights SG-TD3 June 6,weights,reference,187,18.916432199258278,0.15883545259114892,0.000957464625347176,0.2575,0.665,0.335,0.0,0.0,0.665,3.887301034155016,-8.849105880754722,81.31161093152669,400
weights_previous,Weights SG-TD3 June 6,weights,reference,188,19.566845976383046,0.15636263005825252,0.000921807613297103,0.2425,0.835,0.165,0.0,0.0,0.835,10.113717285377447,-3.519188472571659,64.0744723208907,400
weights_previous,Weights SG-TD3 June 6,weights,reference,189,19.399606080189773,0.15743920807073886,0.0010416833599506952,0.2575,0.6375,0.3625,0.0,0.0,0.6375,2.5512056755374033,-7.8669447730151205,55.015827794319385,400
weights_previous,Weights SG-TD3 June 6,weights,reference,190,19.721187372752762,0.15505020658149932,0.0010007303999817099,0.2475,0.755,0.245,0.0,0.0,0.755,4.296416993967796,-4.545822479040179,77.62239007032784,400
weights_previous,Weights SG-TD3 June 6,weights,reference,191,19.249502123886383,0.1582820567144114,0.0009749062816014248,0.2375,0.765,0.235,0.0,0.0,0.765,5.644652460531688,-4.7620293173768715,71.69881241030157,400
weights_previous,Weights SG-TD3 June 6,weights,reference,192,17.9032449573037,0.16710692472546973,0.001070586170218199,0.25,0.7225,0.2775,0.0,0.0,0.7225,4.003774200566568,-7.185961331148597,76.24890407699972,400
weights_previous,Weights SG-TD3 June 6,weights,reference,193,18.947927928331367,0.15826854993777242,0.0009661462422350667,0.23,0.7825,0.2175,0.0,0.0,0.7825,7.495330471035231,-4.326666646280408,87.4717838843303,400
weights_previous,Weights SG-TD3 June 6,weights,reference,194,17.180201000326697,0.15989024719957196,0.000966993327638389,0.2275,0.7175,0.2825,0.0,0.0,0.7175,11.294177103033462,-12.144955834961362,110.47577282409445,400
weights_previous,Weights SG-TD3 June 6,weights,reference,195,17.62799445460046,0.15726611803481882,0.0010685157572995036,0.24,0.715,0.285,0.0,0.0,0.715,8.041369226074721,-6.444574522607125,88.0039052850406,400
weights_previous,Weights SG-TD3 June 6,weights,reference,196,18.056015791759418,0.1548681966826583,0.0009418366309522905,0.225,0.8125,0.1875,0.0,0.0,0.8125,6.426946396432868,-3.788854854001874,120.29683238983995,400
weights_previous,Weights SG-TD3 June 6,weights,reference,197,18.559980504881686,0.15101344713169212,0.0009441455879527082,0.2375,0.54,0.46,0.0,0.0,0.54,1.299195428022358,-10.056112956277957,94.17586665888554,400
weights_previous,Weights SG-TD3 June 6,weights,reference,198,18.641524380577074,0.1527901196763876,0.00094604203513808,0.2425,0.6675,0.3325,0.0,0.0,0.6675,4.990592642032539,-7.251811915857979,113.40846542060791,400
weights_previous,Weights SG-TD3 June 6,weights,reference,199,18.36081541812676,0.15329249989909616,0.0010441761097196242,0.265,0.67,0.33,0.0,0.0,0.67,4.124796911523163,-5.931938637818544,40.33322747424483,400
weights_previous,Weights SG-TD3 June 6,weights,reference,200,18.450635444769574,0.15050886426012627,0.0009758486469940504,0.2625,0.625,0.375,0.0,0.0,0.625,2.130097308088466,-5.600583467129035,42.763043064521874,400
residual_current,Residual SG-TD3 param-noise replay40k,residual,current,1,-2.475463115745954,0.2927706401858373,0.0026223177021771865,0.4425,0.0,0.0,0.0,0.0,nan,nan,nan,nan,0
residual_current,Residual SG-TD3 param-noise replay40k,residual,current,2,7.874010893845127,0.18594178333833639,0.0015049683573207361,0.2525,0.0,0.0,0.0,0.0,nan,nan,nan,nan,0
residual_current,Residual SG-TD3 param-noise replay40k,residual,current,3,7.984692406601336,0.18505932937001168,0.0014994051015581027,0.2525,0.0,0.0,0.0,0.0,nan,nan,nan,nan,0
residual_current,Residual SG-TD3 param-noise replay40k,residual,current,4,8.105861238562058,0.1841020657455247,0.0014935434553698503,0.2525,0.0,0.0,0.0,0.0,nan,nan,nan,nan,0
residual_current,Residual SG-TD3 param-noise replay40k,residual,current,5,8.225751087395833,0.18307175951326818,0.0014873750083868498,0.255,0.0,0.0,0.0,0.0,nan,nan,nan,nan,0
residual_current,Residual SG-TD3 param-noise replay40k,residual,current,6,8.349040538526186,0.18196550985806736,0.001480928696848447,0.25,0.0,0.0,0.0,0.0,nan,nan,nan,nan,0
residual_current,Residual SG-TD3 param-noise replay40k,residual,current,7,8.48203890090931,0.18077219647381912,0.0014741684335295396,0.25,0.0,0.0,0.0,0.0,nan,nan,nan,nan,0
residual_current,Residual SG-TD3 param-noise replay40k,residual,current,8,8.646030864361617,0.17952055136780726,0.0014670556034361666,0.2525,0.0,0.0,0.0,0.0,nan,nan,nan,nan,0
residual_current,Residual SG-TD3 param-noise replay40k,residual,current,9,8.806049896434699,0.17844642803999952,0.0014595874684215548,0.2475,0.0,0.0,0.0,0.0,nan,nan,nan,nan,0
residual_current,Residual SG-TD3 param-noise replay40k,residual,current,10,8.921949093624567,0.17753203477088633,0.0014515436935976767,0.2475,0.0,0.0,0.0,0.0,nan,nan,nan,nan,0
residual_current,Residual SG-TD3 param-noise replay40k,residual,current,11,9.070040135753617,0.17651791590726362,0.001443245649421826,0.245,0.0,0.9975,0.0,0.0,0.0,nan,nan,nan,399
residual_current,Residual SG-TD3 param-noise replay40k,residual,current,12,9.243794819209684,0.17539661429877662,0.0014346139093514949,0.2425,0.0,1.0,0.0,0.0,0.0,nan,nan,nan,400
residual_current,Residual SG-TD3 param-noise replay40k,residual,current,13,9.454507113939478,0.1741993588824333,0.001425552107496523,0.2375,0.0,1.0,0.0,0.0,0.0,nan,nan,nan,400
residual_current,Residual SG-TD3 param-noise replay40k,residual,current,14,-16.515674611847878,0.2955686901821904,0.002968141828838537,0.5025,0.0975,0.9025,0.0,0.0,0.0975,-66.80654365470396,-162.71125409266426,-0.7198786518082154,400
residual_current,Residual SG-TD3 param-noise replay40k,residual,current,15,9.865554788037585,0.16794313779647144,0.0017639940545683302,0.26,0.0275,0.9725,0.0,0.0,0.0275,-153.41077940548814,-304.4272579328732,-38.39552394274378,400
residual_current,Residual SG-TD3 param-noise replay40k,residual,current,16,9.036332932163345,0.18060771590855404,0.00202045526072477,0.2875,0.0375,0.9625,0.0,0.0,0.0375,-154.6602797185299,-381.2992869424851,-44.06238222451694,400
residual_current,Residual SG-TD3 param-noise replay40k,residual,current,17,4.830318776783035,0.1839742944557571,0.002519031930751394,0.3125,0.055,0.945,0.0,0.0,0.055,-142.5817112966726,-369.90733613067,-41.48139663080086,400
residual_current,Residual SG-TD3 param-noise replay40k,residual,current,18,8.27674643261587,0.1829352962151671,0.001553602411701222,0.2525,0.0125,0.9875,0.0,0.0,0.0125,-165.26786483169604,-407.02581435925606,-47.60631571254156,400
residual_current,Residual SG-TD3 param-noise replay40k,residual,current,19,10.58276336641508,0.16882429627449683,0.001919957590171454,0.2875,0.0275,0.9725,0.0,0.0,0.0275,-158.62351306025943,-417.81086191545256,-49.92843955553893,400
residual_current,Residual SG-TD3 param-noise replay40k,residual,current,20,11.495906120670968,0.16363513248392494,0.0015812429313372877,0.26,0.015,0.985,0.0,0.0,0.015,-174.57978762130676,-444.83962945223874,-57.57236174443546,400
residual_current,Residual SG-TD3 param-noise replay40k,residual,current,21,8.572658304874638,0.1798012046667883,0.0019414492218602386,0.2825,0.0275,0.9725,0.0,0.0,0.0275,-158.39949517501123,-443.3706332719633,-52.860460943988976,400
residual_current,Residual SG-TD3 param-noise replay40k,residual,current,22,10.462211223031437,0.17149604514797853,0.0016516020386839498,0.25,0.025,0.975,0.0,0.0,0.025,-151.8241990983654,-447.95449129074746,-39.18003386598116,400
residual_current,Residual SG-TD3 param-noise replay40k,residual,current,23,5.780821593390794,0.1748957039906433,0.002486031992370489,0.3125,0.0575,0.9425,0.0,0.0,0.0575,-125.22510042676191,-419.40904697358326,-18.367446045463414,400
residual_current,Residual SG-TD3 param-noise replay40k,residual,current,24,1.4681718169198137,0.17936818714339908,0.002341724707018219,0.29,0.055,0.945,0.0,0.0,0.055,-130.22583335420978,-463.12657737266085,-24.59875960398061,400
residual_current,Residual SG-TD3 param-noise replay40k,residual,current,25,1.6669775081551927,0.19688780137055759,0.0023396124852782412,0.2625,0.0625,0.9375,0.0,0.0,0.0625,-131.863506355232,-474.0006120470918,-34.967137300840996,400
residual_current,Residual SG-TD3 param-noise replay40k,residual,current,26,8.236504744921021,0.17372401952582764,0.0019230620505811427,0.2675,0.0325,0.9675,0.0,0.0,0.0325,-160.03348049190598,-486.2488368642011,-47.21575457573653,400
residual_current,Residual SG-TD3 param-noise replay40k,residual,current,27,8.088922424575907,0.168322694960124,0.0022260481480217698,0.2925,0.0475,0.9525,0.0,0.0,0.0475,-143.8858667477969,-441.6374579116439,-40.126485193139345,400
residual_current,Residual SG-TD3 param-noise replay40k,residual,current,28,9.772503635190807,0.16124898842028723,0.0018857619544771448,0.255,0.0275,0.9725,0.0,0.0,0.0275,-120.49011280809678,-541.322713820166,-22.47726825521833,400
residual_current,Residual SG-TD3 param-noise replay40k,residual,current,29,10.55978893863455,0.16133298044747268,0.0018612560744765434,0.2675,0.025,0.975,0.0,0.0,0.025,-131.29085419311397,-488.1002752169054,-45.75711891242138,400
residual_current,Residual SG-TD3 param-noise replay40k,residual,current,30,12.730745529669258,0.15010456991956786,0.00142526235577344,0.22,0.0325,0.9675,0.0,0.0,0.0325,-140.95967295388598,-497.6550552922286,-36.140450522426754,400
residual_current,Residual SG-TD3 param-noise replay40k,residual,current,31,9.179876426937184,0.1614947091291673,0.002011523154481815,0.255,0.04,0.96,0.0,0.0,0.04,-106.78337104706527,-484.2679320188754,-33.4983550259303,400
residual_current,Residual SG-TD3 param-noise replay40k,residual,current,32,11.689933174247416,0.16533005077487153,0.0016690431616715156,0.23,0.0225,0.9775,0.0,0.0,0.0225,-154.13269313757456,-456.3497733888011,-33.607716474857924,400
residual_current,Residual SG-TD3 param-noise replay40k,residual,current,33,13.207851908408825,0.15121767421958318,0.0012091939529517664,0.2075,0.02,0.98,0.0,0.0,0.02,-172.7249037424662,-508.5464627383058,-41.64562538699736,400
residual_current,Residual SG-TD3 param-noise replay40k,residual,current,34,11.078107772074816,0.17117821771112868,0.0017494961396122039,0.27,0.025,0.975,0.0,0.0,0.025,-109.8482619796628,-387.1760676922638,-42.42652735507915,400
residual_current,Residual SG-TD3 param-noise replay40k,residual,current,35,9.607137577205606,0.16740624060423637,0.001952726534830887,0.2875,0.045,0.955,0.0,0.0,0.045,-104.18665766558017,-352.0176249626656,-28.54254442478225,400
residual_current,Residual SG-TD3 param-noise replay40k,residual,current,36,7.816579584793559,0.16941002324857948,0.0025477130694583185,0.3525,0.055,0.945,0.0,0.0,0.055,-127.36647178461145,-399.3302170357967,-28.234530892157462,400
residual_current,Residual SG-TD3 param-noise replay40k,residual,current,37,9.209371330481668,0.17132335830624604,0.0020212023264568955,0.3025,0.0325,0.9675,0.0,0.0,0.0325,-111.84601404927857,-385.89087328973704,-30.441249362784447,400
residual_current,Residual SG-TD3 param-noise replay40k,residual,current,38,6.01290635197282,0.20178656586539837,0.0021154327478307027,0.31,0.0375,0.9625,0.0,0.0,0.0375,-129.69774469436823,-420.48026451438324,-31.04564370327777,400
residual_current,Residual SG-TD3 param-noise replay40k,residual,current,39,12.128849697273795,0.1716681655604993,0.0017211921882890225,0.285,0.0275,0.9725,0.0,0.0,0.0275,-134.60497951740336,-382.7926938925098,-38.88229902375607,400
residual_current,Residual SG-TD3 param-noise replay40k,residual,current,40,10.726213606607386,0.1783679148649539,0.00193630607215245,0.2875,0.03,0.97,0.0,0.0,0.03,-122.54595807087917,-374.9924170326815,-16.099754721075044,400
residual_current,Residual SG-TD3 param-noise replay40k,residual,current,41,9.869508794847574,0.17289888568126563,0.0017971915857578644,0.2875,0.0425,0.9575,0.0,0.0,0.0425,-127.22193164117496,-397.30200151601986,-28.770241849716808,400
residual_current,Residual SG-TD3 param-noise replay40k,residual,current,42,8.188115166890716,0.18109870663894753,0.0017117768628709396,0.285,0.04,0.96,0.0,0.0,0.04,-112.14012442881382,-334.89560386734104,-11.13277904121946,400
residual_current,Residual SG-TD3 param-noise replay40k,residual,current,43,12.265755032021493,0.17417974059102806,0.0016820118633967245,0.265,0.0325,0.9675,0.0,0.0,0.0325,-120.80164828979203,-294.7449686381854,-13.985172272713996,400
residual_current,Residual SG-TD3 param-noise replay40k,residual,current,44,11.994293491446669,0.17701505409302698,0.0017476311464108395,0.2825,0.0275,0.9725,0.0,0.0,0.0275,-89.9687481624444,-317.2618372231731,-27.516213291653635,400
residual_current,Residual SG-TD3 param-noise replay40k,residual,current,45,7.142481421577199,0.18714655218169798,0.0021121795218293237,0.3025,0.0625,0.9375,0.0,0.0,0.0625,-79.27360437239005,-285.64046617655407,-8.486198394844225,400
residual_current,Residual SG-TD3 param-noise replay40k,residual,current,46,9.05746098215065,0.18189438616380899,0.0022724359399540744,0.28,0.0675,0.9325,0.0,0.0,0.0675,-92.39635296899426,-331.1135348589253,-9.281468342631191,400
residual_current,Residual SG-TD3 param-noise replay40k,residual,current,47,9.996522141533505,0.18038405696665716,0.0020563725042623718,0.2725,0.03,0.97,0.0,0.0,0.03,-88.68579540266256,-297.4004314406452,-16.44974725721033,400
residual_current,Residual SG-TD3 param-noise replay40k,residual,current,48,10.967670850650967,0.1780962870824175,0.002140341077171194,0.27,0.0475,0.9525,0.0,0.0,0.0475,-85.2460630216681,-285.8871684552415,-17.525813516039083,400
residual_current,Residual SG-TD3 param-noise replay40k,residual,current,49,9.74816525093791,0.1796066194265731,0.0022419013875226834,0.285,0.0675,0.9325,0.0,0.0,0.0675,-79.35894781352559,-212.40992074547003,-6.492522054786614,400
residual_current,Residual SG-TD3 param-noise replay40k,residual,current,50,10.226444842265094,0.1725740605585332,0.0022317344601262812,0.29,0.07,0.93,0.0,0.0,0.07,-82.0517836790889,-239.9111005000915,-5.802943815387775,400
residual_current,Residual SG-TD3 param-noise replay40k,residual,current,51,11.221805964778186,0.1781736060994799,0.002085022490194764,0.275,0.07,0.93,0.0,0.0,0.07,-65.45733515624931,-169.30247290333506,-9.788695916795467,400
residual_current,Residual SG-TD3 param-noise replay40k,residual,current,52,11.491338966643571,0.174661343912634,0.002143542008581084,0.29,0.0725,0.9275,0.0,0.0,0.0725,-70.23124442267576,-221.54460395542236,-5.300486746618152,400
residual_current,Residual SG-TD3 param-noise replay40k,residual,current,53,11.072185816362921,0.17664683150186783,0.00209848654664492,0.295,0.055,0.945,0.0,0.0,0.055,-72.84759697038731,-202.2641628756624,-10.817506326924404,400
residual_current,Residual SG-TD3 param-noise replay40k,residual,current,54,10.168299543811221,0.18076611310049873,0.0020966658220751655,0.2825,0.0675,0.9325,0.0,0.0,0.0675,-60.218709065254416,-185.500606325012,-4.412687568667226,400
residual_current,Residual SG-TD3 param-noise replay40k,residual,current,55,10.603863219979214,0.17779718804793568,0.0021551171475029454,0.3,0.065,0.935,0.0,0.0,0.065,-60.64380662491254,-202.11397250135872,-5.396954465976675,400
residual_current,Residual SG-TD3 param-noise replay40k,residual,current,56,9.761284320597172,0.17804183740110419,0.002221974514878462,0.3075,0.075,0.925,0.0,0.0,0.075,-56.832363660972476,-191.97665397208726,-4.2195137379788,400
residual_current,Residual SG-TD3 param-noise replay40k,residual,current,57,12.577900384952274,0.17144215946305202,0.0018432895880812336,0.2775,0.0475,0.9525,0.0,0.0,0.0475,-63.001087435864406,-192.0125886843011,-9.140620373205945,400
residual_current,Residual SG-TD3 param-noise replay40k,residual,current,58,10.218073271358339,0.17022947612976716,0.0021697418557671834,0.275,0.0925,0.9075,0.0,0.0,0.0925,-46.45584911188001,-147.26235176822476,-0.5385670071492835,400
residual_current,Residual SG-TD3 param-noise replay40k,residual,current,59,14.195957272522223,0.15571821136303066,0.0017838488501784884,0.2675,0.085,0.915,0.0,0.0,0.085,-48.318007689424775,-133.81282306371696,-3.5026412960483544,400
residual_current,Residual SG-TD3 param-noise replay40k,residual,current,60,12.418216114434383,0.17028319837029898,0.002114684839193867,0.2825,0.0975,0.9025,0.0,0.0,0.0975,-36.25235703482508,-131.01043398588908,0.015859182879630007,400
residual_current,Residual SG-TD3 param-noise replay40k,residual,current,61,13.204835629254545,0.17218370000945796,0.0018238943641247227,0.2875,0.0625,0.9375,0.0,0.0,0.0625,-51.79033521985488,-124.40785529709557,-4.020579960104302,400
residual_current,Residual SG-TD3 param-noise replay40k,residual,current,62,14.660739364981701,0.16154436617664739,0.0017817472282373882,0.27,0.105,0.895,0.0,0.0,0.105,-37.493815963444945,-106.96752560384425,0.9606728771729196,400
residual_current,Residual SG-TD3 param-noise replay40k,residual,current,63,12.32755730750268,0.1664904303387311,0.0015307467873591578,0.2575,0.0625,0.9375,0.0,0.0,0.0625,-32.39287993308136,-103.49301092641427,-2.2449426586066137,400
residual_current,Residual SG-TD3 param-noise replay40k,residual,current,64,13.188799193150915,0.1760980366077558,0.001767796231231557,0.2975,0.08,0.92,0.0,0.0,0.08,-23.97644147504826,-106.2353377222314,-0.9292890539504465,400
residual_current,Residual SG-TD3 param-noise replay40k,residual,current,65,14.986549821077455,0.15289490768452055,0.0017567261884331047,0.2875,0.09,0.91,0.0,0.0,0.09,-26.111116831275694,-88.2214692091703,-0.6685801263153797,400
residual_current,Residual SG-TD3 param-noise replay40k,residual,current,66,14.52577769331529,0.1618903156605031,0.0016665923979738248,0.265,0.105,0.895,0.0,0.0,0.105,-20.494306302064558,-83.24991770609807,1.471488021713355,400
residual_current,Residual SG-TD3 param-noise replay40k,residual,current,67,12.825466937456927,0.1612228822117251,0.0016737997351115397,0.2625,0.1225,0.8775,0.0,0.0,0.1225,-25.185245131121093,-76.26210102382265,1.540688995700908,400
residual_current,Residual SG-TD3 param-noise replay40k,residual,current,68,13.331549974536047,0.15235602661357261,0.001981711208034405,0.28,0.145,0.855,0.0,0.0,0.145,-18.503728022768883,-54.466065035797826,3.0685650853483435,400
residual_current,Residual SG-TD3 param-noise replay40k,residual,current,69,14.738028128302686,0.15829172192922825,0.0017974325278615564,0.26,0.105,0.895,0.0,0.0,0.105,-24.428377339730957,-76.76177744246547,0.8516815019317773,400
residual_current,Residual SG-TD3 param-noise replay40k,residual,current,70,15.582518814738615,0.15218616193303955,0.0017358045263485505,0.2625,0.0925,0.9075,0.0,0.0,0.0925,-18.379069281056246,-70.2434572534047,-0.34481989242751704,400
residual_current,Residual SG-TD3 param-noise replay40k,residual,current,71,10.090250531249872,0.1599363432478172,0.0017131115206383326,0.2575,0.1375,0.8625,0.0,0.0,0.1375,-17.962272000306257,-73.78622261645333,2.8251643151585957,400
residual_current,Residual SG-TD3 param-noise replay40k,residual,current,72,16.23523297452566,0.1478953962978948,0.0016013994577105406,0.22,0.1325,0.8675,0.0,0.0,0.1325,-15.245766266355815,-68.51259002551642,5.006372853023529,400
residual_current,Residual SG-TD3 param-noise replay40k,residual,current,73,11.980693460466302,0.15843585631522308,0.0015635623571713453,0.23,0.155,0.845,0.0,0.0,0.155,-11.259181479467145,-67.34787725032109,4.1869305068092,400
residual_current,Residual SG-TD3 param-noise replay40k,residual,current,74,14.706547951523357,0.14818730149364176,0.0015201535164161833,0.24,0.155,0.845,0.0,0.0,0.155,-11.91728939768052,-59.327809445564355,3.5722824941867493,400
residual_current,Residual SG-TD3 param-noise replay40k,residual,current,75,11.34972246963335,0.16217362830120988,0.0017377325559569084,0.24,0.1725,0.8275,0.0,0.0,0.1725,-12.268193771176556,-65.68947525231481,3.346649359413762,400
residual_current,Residual SG-TD3 param-noise replay40k,residual,current,76,11.215504659202209,0.17460436147318417,0.0015491674113231285,0.2825,0.135,0.865,0.0,0.0,0.135,-16.8274723239266,-59.88268723234846,2.9390073287570244,400
residual_current,Residual SG-TD3 param-noise replay40k,residual,current,77,17.520984618318888,0.14013498371549735,0.0013435249030889962,0.215,0.16,0.84,0.0,0.0,0.16,-7.748941206520556,-40.068066503443724,4.649132817115964,400
residual_current,Residual SG-TD3 param-noise replay40k,residual,current,78,9.945128687752163,0.1465841971946567,0.0017880285158146146,0.2125,0.2225,0.7775,0.0,0.0,0.2225,-9.124580915617372,-34.63784541580056,6.757613883525102,400
residual_current,Residual SG-TD3 param-noise replay40k,residual,current,79,16.158767472306817,0.14499237174829882,0.0016636592348145168,0.2525,0.15,0.85,0.0,0.0,0.15,-10.517847526439681,-51.10874254923437,4.477253276445325,400
residual_current,Residual SG-TD3 param-noise replay40k,residual,current,80,14.52273963532231,0.14562810354141983,0.0014983159536952953,0.2225,0.2175,0.7825,0.0,0.0,0.2175,-7.350324975746844,-42.282189914885386,6.39313636874264,400
residual_current,Residual SG-TD3 param-noise replay40k,residual,current,81,14.96355611047693,0.14355576074442958,0.0015758523830400634,0.2175,0.205,0.795,0.0,0.0,0.205,-13.3433440741656,-72.6645202552909,6.344252504169562,400
residual_current,Residual SG-TD3 param-noise replay40k,residual,current,82,18.422219733774185,0.1380129992670856,0.001529578210594912,0.245,0.225,0.775,0.0,0.0,0.225,-7.936069496536504,-43.10328050757975,5.871020119187591,400
residual_current,Residual SG-TD3 param-noise replay40k,residual,current,83,15.739661217452198,0.15329530714527306,0.0017136445168391202,0.255,0.1875,0.8125,0.0,0.0,0.1875,-11.01697903270582,-51.39476105548315,4.678299749613641,400
residual_current,Residual SG-TD3 param-noise replay40k,residual,current,84,18.290202252206644,0.13293140583293808,0.0016432975900646614,0.2275,0.2525,0.7475,0.0,0.0,0.2525,-5.562484971088054,-37.385752996992686,10.147431032848106,400
residual_current,Residual SG-TD3 param-noise replay40k,residual,current,85,11.283842368866084,0.13963908305668807,0.001925116936976383,0.2075,0.3275,0.6725,0.0,0.0,0.3275,-4.478909368043276,-28.167402434503725,11.105632678197418,400
residual_current,Residual SG-TD3 param-noise replay40k,residual,current,86,6.122360694085369,0.1452298852373861,0.001853965866203051,0.2025,0.35,0.65,0.0,0.0,0.35,-4.662990015198375,-42.855887404111805,13.424823499892454,400
residual_current,Residual SG-TD3 param-noise replay40k,residual,current,87,17.823993019983142,0.13130975970644815,0.0014082441864644018,0.19,0.3225,0.6775,0.0,0.0,0.3225,-4.116113303343241,-34.330676965859396,9.666995662760632,400
residual_current,Residual SG-TD3 param-noise replay40k,residual,current,88,14.785187123866505,0.13981123657101857,0.0015613811701091934,0.195,0.3525,0.6475,0.0,0.0,0.3525,-3.390480109796698,-41.550826375269345,12.534295542278441,400
residual_current,Residual SG-TD3 param-noise replay40k,residual,current,89,16.874229403643827,0.13677010732904782,0.0017696864124950853,0.215,0.285,0.715,0.0,0.0,0.285,-5.214045278779255,-35.48214303442516,10.324871214206217,400
residual_current,Residual SG-TD3 param-noise replay40k,residual,current,90,14.733959471177446,0.14641404681585535,0.0017219461116048213,0.245,0.2825,0.7175,0.0,0.0,0.2825,-5.743548450915341,-49.266381821789665,10.3537745800845,400
residual_current,Residual SG-TD3 param-noise replay40k,residual,current,91,19.023950191511698,0.130212060158478,0.0015510368968088906,0.2,0.35,0.65,0.0,0.0,0.35,-4.070448101578563,-40.7846050561011,17.167027548885414,400
residual_current,Residual SG-TD3 param-noise replay40k,residual,current,92,16.98823010912733,0.1329835821557505,0.0016162907575430923,0.2075,0.31,0.69,0.0,0.0,0.31,-5.31394503330057,-28.569025487854468,15.083917261985825,400
residual_current,Residual SG-TD3 param-noise replay40k,residual,current,93,17.797361293781343,0.13551927611290893,0.0013499374067344305,0.21,0.31,0.69,0.0,0.0,0.31,-7.2655923497652,-30.886459733132824,17.627269777946047,400
residual_current,Residual SG-TD3 param-noise replay40k,residual,current,94,21.14370436816655,0.12088379852983305,0.0013691937869201559,0.2075,0.32,0.68,0.0,0.0,0.32,-3.8523722618830334,-27.45739778140803,15.996461394982537,400
residual_current,Residual SG-TD3 param-noise replay40k,residual,current,95,19.135076342967803,0.12255792145364851,0.0013255048363180705,0.19,0.3025,0.6975,0.0,0.0,0.3025,-5.261555646657058,-22.675081722256188,19.11283430894814,400
residual_current,Residual SG-TD3 param-noise replay40k,residual,current,96,17.609618873333353,0.12098273771534167,0.001341053414109168,0.1775,0.3475,0.6525,0.0,0.0,0.3475,-2.149818208140431,-21.44171921950127,26.895141337765903,400
residual_current,Residual SG-TD3 param-noise replay40k,residual,current,97,22.078545586027918,0.11052900899091057,0.0013370565338405465,0.195,0.375,0.625,0.0,0.0,0.375,-3.069171743055165,-19.34193696864274,20.328208401101776,400
residual_current,Residual SG-TD3 param-noise replay40k,residual,current,98,21.136238952451585,0.10444810361616814,0.0013285711115868235,0.18,0.375,0.625,0.0,0.0,0.375,-1.828553234323465,-16.395598638141564,21.137823824834868,400
residual_current,Residual SG-TD3 param-noise replay40k,residual,current,99,20.91571277678624,0.10292357069594313,0.0012219244112411946,0.145,0.365,0.635,0.0,0.0,0.365,-2.4613772153003595,-18.44338317301077,21.79102307392294,400
residual_current,Residual SG-TD3 param-noise replay40k,residual,current,100,20.96618736620734,0.09582986350009978,0.0012775800704361692,0.1625,0.4475,0.5525,0.0,0.0,0.4475,-0.46936504160584036,-17.775874350242358,20.55031864536781,400
residual_current,Residual SG-TD3 param-noise replay40k,residual,current,101,22.046334421575207,0.09614392969643451,0.0012968232613884544,0.1625,0.39,0.61,0.0,0.0,0.39,-1.7299428506757408,-20.05854980037003,23.450560293390474,400
residual_current,Residual SG-TD3 param-noise replay40k,residual,current,102,22.963995891697504,0.08825842302048689,0.001262885708850453,0.17,0.4325,0.5675,0.0,0.0,0.4325,-1.6307377140549875,-17.149558138465228,27.63442146558697,400
residual_current,Residual SG-TD3 param-noise replay40k,residual,current,103,22.455472408386928,0.09630518617976534,0.0009475364896526415,0.1625,0.365,0.635,0.0,0.0,0.365,-2.9971370029327318,-20.567447196980925,23.85076703378372,400
residual_current,Residual SG-TD3 param-noise replay40k,residual,current,104,22.95105477732339,0.08605938804818361,0.0010372282220888387,0.1425,0.415,0.585,0.0,0.0,0.415,-0.7733870704670949,-24.349125435421808,28.69238862097319,400
residual_current,Residual SG-TD3 param-noise replay40k,residual,current,105,23.33110141253638,0.06995123124365965,0.0011721267560429142,0.125,0.46,0.54,0.0,0.0,0.46,-0.30555233341664234,-21.970118258792127,32.09302877843676,400
residual_current,Residual SG-TD3 param-noise replay40k,residual,current,106,24.37166077309406,0.07188351917157834,0.0008657622839524812,0.075,0.395,0.605,0.0,0.0,0.395,-1.6280863403718513,-19.525287863169115,36.67299854442732,400
residual_current,Residual SG-TD3 param-noise replay40k,residual,current,107,26.609459954337545,0.06578171105795418,0.0008436624281827807,0.09,0.3825,0.6175,0.0,0.0,0.3825,-2.6642776762976723,-22.04635500427447,31.60808371842091,400
residual_current,Residual SG-TD3 param-noise replay40k,residual,current,108,25.527949430398866,0.07081834982930378,0.0008346952866022715,0.0875,0.37,0.63,0.0,0.0,0.37,-2.0711138099335926,-22.28713212061807,51.0514165888302,400
residual_current,Residual SG-TD3 param-noise replay40k,residual,current,109,26.73944524749774,0.06654548839478303,0.0007102308855087172,0.065,0.325,0.675,0.0,0.0,0.325,-2.117291348141407,-16.02473519656919,38.01172705449182,400
residual_current,Residual SG-TD3 param-noise replay40k,residual,current,110,25.68498492031537,0.06721017774589542,0.0009120053109678947,0.0975,0.4,0.6,0.0,0.0,0.4,-0.8186125845529659,-12.71384375032776,38.96099035627611,400
residual_current,Residual SG-TD3 param-noise replay40k,residual,current,111,26.933398505220584,0.07384562157987667,0.000766797550586754,0.085,0.36,0.64,0.0,0.0,0.36,-1.551751812199825,-19.70715091699426,48.094685581403276,400
residual_current,Residual SG-TD3 param-noise replay40k,residual,current,112,25.711487071264138,0.07295047123989958,0.0009234694080330809,0.0925,0.3325,0.6675,0.0,0.0,0.3325,-2.885463858756111,-23.287782952102418,49.695264423548345,400
residual_current,Residual SG-TD3 param-noise replay40k,residual,current,113,27.007082987800587,0.075912952353593,0.0007119445437058365,0.08,0.37,0.63,0.0,0.0,0.37,-1.6801412646011613,-17.902170419201045,44.307083891971764,400
residual_current,Residual SG-TD3 param-noise replay40k,residual,current,114,27.65478698495137,0.07669336790810749,0.000777672778309933,0.09,0.3025,0.6975,0.0,0.0,0.3025,-1.962733111647026,-19.471897088911373,38.29169166065657,400
residual_current,Residual SG-TD3 param-noise replay40k,residual,current,115,27.149451912128836,0.07546414087883654,0.000896308265250117,0.1,0.355,0.645,0.0,0.0,0.355,-1.3435433755048507,-10.396065833008924,42.00986433563768,400
residual_current,Residual SG-TD3 param-noise replay40k,residual,current,116,28.482256840232726,0.07026157921122668,0.0009326785854761262,0.1075,0.3175,0.6825,0.0,0.0,0.3175,-2.2024590641859163,-18.016001288476136,34.83701355742897,400
residual_current,Residual SG-TD3 param-noise replay40k,residual,current,117,27.12730996282159,0.07711428656375896,0.0008376608798867469,0.0975,0.34,0.66,0.0,0.0,0.34,-2.057070506245452,-15.892197002948047,52.61270673462505,400
residual_current,Residual SG-TD3 param-noise replay40k,residual,current,118,26.11399142347568,0.07396861119916665,0.0009170951441044323,0.095,0.365,0.635,0.0,0.0,0.365,-0.8148340764689692,-12.39149065963926,41.99132657713396,400
residual_current,Residual SG-TD3 param-noise replay40k,residual,current,119,29.192231800095072,0.07674751380758583,0.0008540287630680093,0.105,0.2775,0.7225,0.0,0.0,0.2775,-2.3291049974209272,-15.67232253856531,35.34891785857443,400
residual_current,Residual SG-TD3 param-noise replay40k,residual,current,120,25.151200962159272,0.07995987710132887,0.0011349548734985268,0.135,0.355,0.645,0.0,0.0,0.355,-1.4877750906301799,-14.028621293429206,30.76621907913414,400
residual_current,Residual SG-TD3 param-noise replay40k,residual,current,121,28.52530915994259,0.07789201009615225,0.0008503753061730308,0.1075,0.31,0.69,0.0,0.0,0.31,-2.418857179502993,-14.937275567824917,34.05597923144137,400
residual_current,Residual SG-TD3 param-noise replay40k,residual,current,122,27.82649538644513,0.08867668377528139,0.0007532462688498359,0.1325,0.3175,0.6825,0.0,0.0,0.3175,-2.471958118259181,-17.11850680935173,32.82202636758042,400
residual_current,Residual SG-TD3 param-noise replay40k,residual,current,123,25.932343537083863,0.0778759429433194,0.0010460457953993033,0.125,0.3425,0.6575,0.0,0.0,0.3425,-1.9346477418771428,-13.73319052763145,32.92991616645982,400
residual_current,Residual SG-TD3 param-noise replay40k,residual,current,124,27.057477508144288,0.08184313674184052,0.0009334128145746914,0.1175,0.32,0.68,0.0,0.0,0.32,-1.9795817959238775,-13.358964120917971,40.15074953081536,400
residual_current,Residual SG-TD3 param-noise replay40k,residual,current,125,25.044778327163385,0.09067276663251005,0.0007912741760303158,0.1175,0.3075,0.6925,0.0,0.0,0.3075,-3.297783080832801,-15.964910686587142,32.50021961341697,400
residual_current,Residual SG-TD3 param-noise replay40k,residual,current,126,24.38155337190171,0.08644716244507546,0.0009604495139925663,0.1325,0.32,0.68,0.0,0.0,0.32,-2.9698066102134817,-16.848945375942467,42.0147846203759,400
residual_current,Residual SG-TD3 param-noise replay40k,residual,current,127,28.292460225435562,0.07969904515222077,0.001017818553584376,0.1425,0.29,0.71,0.0,0.0,0.29,-2.1441876275435447,-14.767123788354706,30.070527201212755,400
residual_current,Residual SG-TD3 param-noise replay40k,residual,current,128,25.20008580900027,0.08766720453536812,0.0010613665749099066,0.155,0.375,0.625,0.0,0.0,0.375,-1.6284189784717569,-11.694114864645645,40.106225981711944,400
residual_current,Residual SG-TD3 param-noise replay40k,residual,current,129,26.25489915915152,0.08005159738781144,0.001072205091912632,0.1375,0.3925,0.6075,0.0,0.0,0.3925,-1.582468621612577,-13.207793185226047,34.77312359157842,400
residual_current,Residual SG-TD3 param-noise replay40k,residual,current,130,26.751910202301183,0.08524911094508501,0.0010315437866710718,0.145,0.3675,0.6325,0.0,0.0,0.3675,-1.2110257440930923,-13.99415713896153,26.92040986174311,400
residual_current,Residual SG-TD3 param-noise replay40k,residual,current,131,26.861282262406565,0.08890727372895071,0.0009416129731546908,0.135,0.3725,0.6275,0.0,0.0,0.3725,-1.0468394007965003,-11.33521989769083,27.763540654548272,400
residual_current,Residual SG-TD3 param-noise replay40k,residual,current,132,25.153349316641687,0.0834056837953447,0.0010845083323320142,0.135,0.4725,0.5275,0.0,0.0,0.4725,0.2328675058643057,-10.997685799666215,28.686520217987333,400
residual_current,Residual SG-TD3 param-noise replay40k,residual,current,133,24.09733745996301,0.0951793690521082,0.0010012211761741155,0.13,0.4975,0.5025,0.0,0.0,0.4975,0.4902336007606891,-9.304884307891689,32.13665439136061,400
residual_current,Residual SG-TD3 param-noise replay40k,residual,current,134,26.286453925024276,0.08794058568262583,0.0010782492328999902,0.14,0.4,0.6,0.0,0.0,0.4,-1.3966733671975362,-15.028505568486525,31.751390073442465,400
residual_current,Residual SG-TD3 param-noise replay40k,residual,current,135,23.9469121379544,0.08515518081787558,0.0011453153387359948,0.135,0.515,0.485,0.0,0.0,0.515,0.5748445563397127,-8.439514631030216,27.867252927248213,400
residual_current,Residual SG-TD3 param-noise replay40k,residual,current,136,26.929915787527896,0.08586723007840832,0.0010834615670919942,0.135,0.3675,0.6325,0.0,0.0,0.3675,-1.09511209596576,-9.771807610903737,29.906367146742063,400
residual_current,Residual SG-TD3 param-noise replay40k,residual,current,137,28.344213823631463,0.06877612850360769,0.0012015658822020056,0.145,0.4175,0.5825,0.0,0.0,0.4175,-0.7981264782763446,-10.416160566342068,27.748511573081267,400
residual_current,Residual SG-TD3 param-noise replay40k,residual,current,138,26.336240922296252,0.06901401326571531,0.0011858317633502789,0.1375,0.515,0.485,0.0,0.0,0.515,0.657109509253246,-5.245713170660201,33.88570724412812,400
residual_current,Residual SG-TD3 param-noise replay40k,residual,current,139,28.19066688203282,0.07507811572827963,0.0010781671185279653,0.1225,0.355,0.645,0.0,0.0,0.355,-1.7032015645910406,-12.598741362864189,32.62390618674978,400
residual_current,Residual SG-TD3 param-noise replay40k,residual,current,140,28.421094024912026,0.07235890325671117,0.0010949209077864988,0.1325,0.4425,0.5575,0.0,0.0,0.4425,-0.013074263440103095,-8.028352831552274,32.92353899309128,400
residual_current,Residual SG-TD3 param-noise replay40k,residual,current,141,27.816129605945072,0.07334720949722619,0.0013289369121882218,0.155,0.395,0.605,0.0,0.0,0.395,-0.47708432589047334,-9.237214110961348,30.68862417829643,400
residual_current,Residual SG-TD3 param-noise replay40k,residual,current,142,27.9663587975685,0.07041370881998281,0.001241838035116919,0.15,0.3875,0.6125,0.0,0.0,0.3875,-1.016858499140426,-10.063624069264302,29.64143779066407,400
residual_current,Residual SG-TD3 param-noise replay40k,residual,current,143,28.952346660606327,0.0707292447450016,0.0013093200995854784,0.1575,0.3675,0.6325,0.0,0.0,0.3675,-1.1429099202700854,-9.82260869482734,32.18502610923659,400
residual_current,Residual SG-TD3 param-noise replay40k,residual,current,144,29.011125218427306,0.0807059307468845,0.0010851789355502705,0.1375,0.3075,0.6925,0.0,0.0,0.3075,-1.7886941303836466,-11.946294685375824,30.9214256329807,400
residual_current,Residual SG-TD3 param-noise replay40k,residual,current,145,29.20931398675581,0.06820427287351521,0.0012792397303146652,0.155,0.3575,0.6425,0.0,0.0,0.3575,-1.501870044518796,-10.793147450197965,33.39243867878402,400
residual_current,Residual SG-TD3 param-noise replay40k,residual,current,146,29.366180068409513,0.08205030400039114,0.0010853690242311517,0.14,0.3125,0.6875,0.0,0.0,0.3125,-2.0969215776613055,-10.710244981482173,32.99530725691135,400
residual_current,Residual SG-TD3 param-noise replay40k,residual,current,147,30.352502149728316,0.07229647098681903,0.001142640957633,0.15,0.3075,0.6925,0.0,0.0,0.3075,-2.470740850417087,-9.954910282343143,32.20170249869525,400
residual_current,Residual SG-TD3 param-noise replay40k,residual,current,148,26.790959981406456,0.08821234455854665,0.0009528216307186619,0.125,0.41,0.59,0.0,0.0,0.41,-0.26383737135677165,-6.3048348091084785,38.966210070433206,400
residual_current,Residual SG-TD3 param-noise replay40k,residual,current,149,30.513583119799037,0.07550821986270971,0.0010732590529239064,0.1375,0.305,0.695,0.0,0.0,0.305,-2.686726813112273,-12.00005901529771,37.48569858342451,400
residual_current,Residual SG-TD3 param-noise replay40k,residual,current,150,29.40701101502342,0.06868312847570639,0.0011104847576279236,0.1225,0.3175,0.6825,0.0,0.0,0.3175,-1.788144571265775,-11.001709774425489,38.890322039805895,400
residual_current,Residual SG-TD3 param-noise replay40k,residual,current,151,27.665468240318095,0.07509673828064055,0.0010850294359778976,0.135,0.3775,0.6225,0.0,0.0,0.3775,-0.6341084663451966,-9.773187262718963,33.3250405028165,400
residual_current,Residual SG-TD3 param-noise replay40k,residual,current,152,27.6050624926036,0.079604665872294,0.0011568249085979186,0.1425,0.3675,0.6325,0.0,0.0,0.3675,-1.0569985159824,-11.256617809399698,37.89022040882733,400
residual_current,Residual SG-TD3 param-noise replay40k,residual,current,153,30.42463740003599,0.07195972771550709,0.0010761108310599812,0.13,0.32,0.68,0.0,0.0,0.32,-2.121201718453676,-9.502295754268424,37.36345694945923,400
residual_current,Residual SG-TD3 param-noise replay40k,residual,current,154,28.726587536518796,0.07697392482811986,0.0011367056269162344,0.135,0.3825,0.6175,0.0,0.0,0.3825,-1.1326475758529568,-8.129202057727706,35.9294341860416,400
residual_current,Residual SG-TD3 param-noise replay40k,residual,current,155,30.985041345792723,0.06575440947430312,0.0012203925976235668,0.145,0.2925,0.7075,0.0,0.0,0.2925,-2.2280060674793276,-9.628331825045985,35.70253814088322,400
residual_current,Residual SG-TD3 param-noise replay40k,residual,current,156,30.22675191841933,0.07452726026759972,0.001104618601755774,0.1325,0.38,0.62,0.0,0.0,0.38,-1.1871328969027672,-10.605713038960744,36.73464670412101,400
residual_current,Residual SG-TD3 param-noise replay40k,residual,current,157,30.11037279264137,0.07191606480306159,0.0010520839792134246,0.1275,0.3575,0.6425,0.0,0.0,0.3575,-0.834377267132254,-7.571490149705187,36.69572827828039,400
residual_current,Residual SG-TD3 param-noise replay40k,residual,current,158,30.79996627755634,0.08018023610489443,0.0009453431522357649,0.13,0.33,0.67,0.0,0.0,0.33,-1.2270199448363428,-8.24198554263694,37.681844608145305,400
residual_current,Residual SG-TD3 param-noise replay40k,residual,current,159,28.792147813880778,0.07218459594536322,0.001096541461203935,0.1375,0.4125,0.5875,0.0,0.0,0.4125,-0.6195190941617739,-7.359507605922635,39.58876384994604,400
residual_current,Residual SG-TD3 param-noise replay40k,residual,current,160,31.332276197366614,0.06255482596008516,0.0010705371957405875,0.12,0.33,0.67,0.0,0.0,0.33,-1.1138130922790879,-7.988551245523013,37.02853025218761,400
residual_current,Residual SG-TD3 param-noise replay40k,residual,current,161,30.946038747155963,0.06813629963099065,0.0011064010730305002,0.1325,0.3175,0.6825,0.0,0.0,0.3175,-0.7816210232848562,-7.809719517177768,37.39846877503855,400
residual_current,Residual SG-TD3 param-noise replay40k,residual,current,162,30.17833100818167,0.07381975520479792,0.0010435454564832987,0.125,0.325,0.675,0.0,0.0,0.325,-0.9773679242360913,-9.554932256595032,31.4969099837809,400
residual_current,Residual SG-TD3 param-noise replay40k,residual,current,163,29.67818548290339,0.07372607352453757,0.0010194932920820693,0.135,0.3925,0.6075,0.0,0.0,0.3925,-0.6049388123583412,-6.087124418523149,33.79730054394487,400
residual_current,Residual SG-TD3 param-noise replay40k,residual,current,164,31.08007979629735,0.07117577118311952,0.0009725089043138092,0.1175,0.39,0.61,0.0,0.0,0.39,-0.8976115238153852,-6.86515796094327,33.502475060227376,400
residual_current,Residual SG-TD3 param-noise replay40k,residual,current,165,31.71087710224007,0.07151955406353,0.0009197926671532005,0.1225,0.3075,0.6925,0.0,0.0,0.3075,-1.7990647698238718,-7.62556394395724,33.236695413222726,400
residual_current,Residual SG-TD3 param-noise replay40k,residual,current,166,30.852765004889992,0.0719006011889141,0.0009963571730796355,0.1325,0.32,0.68,0.0,0.0,0.32,-0.9888504935620404,-8.60119029917289,33.911511710479836,400
residual_current,Residual SG-TD3 param-noise replay40k,residual,current,167,31.42840869077603,0.06683185309937416,0.0009422424761498108,0.1125,0.305,0.695,0.0,0.0,0.305,-0.7423557546496795,-6.508913738681735,34.641189671763776,400
residual_current,Residual SG-TD3 param-noise replay40k,residual,current,168,30.574727303001332,0.06498725226319739,0.001007188509978014,0.13,0.35,0.65,0.0,0.0,0.35,-0.7147064893662218,-7.300120803427102,37.39910248037104,400
residual_current,Residual SG-TD3 param-noise replay40k,residual,current,169,31.020359008185643,0.07157326188247974,0.0008868584249312905,0.1075,0.3625,0.6375,0.0,0.0,0.3625,-0.3196491310723104,-4.956072396853051,34.399890079061926,400
residual_current,Residual SG-TD3 param-noise replay40k,residual,current,170,31.194481997518015,0.07181007248787154,0.0009383673064016035,0.125,0.34,0.66,0.0,0.0,0.34,-1.116530334839581,-7.1630119417446165,33.351635852615686,400
residual_current,Residual SG-TD3 param-noise replay40k,residual,current,171,31.7253945688037,0.0688554201510633,0.0009063119988755858,0.1125,0.335,0.665,0.0,0.0,0.335,-1.052475091140991,-9.16674899486161,34.021059564273585,400
residual_current,Residual SG-TD3 param-noise replay40k,residual,current,172,30.656012714300363,0.06635280032155018,0.000977118836715017,0.115,0.3775,0.6225,0.0,0.0,0.3775,-0.25218411526213913,-5.7274695218445,29.718661325901692,400
residual_current,Residual SG-TD3 param-noise replay40k,residual,current,173,31.71667443434443,0.06679987836088644,0.0008392247977189429,0.0975,0.3175,0.6825,0.0,0.0,0.3175,-1.1563244995320474,-6.047999223452188,37.890743349484985,400
residual_current,Residual SG-TD3 param-noise replay40k,residual,current,174,30.97712993285407,0.06553080083516287,0.0008942392338920657,0.115,0.3825,0.6175,0.0,0.0,0.3825,-0.4950249176227999,-7.911335943802805,35.7447660934736,400
residual_current,Residual SG-TD3 param-noise replay40k,residual,current,175,31.545973431839524,0.0650092325912384,0.0008532437160286424,0.1075,0.3025,0.6975,0.0,0.0,0.3025,-1.050627557948701,-6.633713712178769,33.08893108056195,400
residual_current,Residual SG-TD3 param-noise replay40k,residual,current,176,32.10031722752005,0.06718856573038688,0.0008587150638148304,0.1025,0.2925,0.7075,0.0,0.0,0.2925,-1.1960834935074445,-6.677492391298119,35.75936438010577,400
residual_current,Residual SG-TD3 param-noise replay40k,residual,current,177,32.03154381715876,0.0650994259928552,0.0008817154293791935,0.1,0.325,0.675,0.0,0.0,0.325,-1.0751702887248484,-6.750592283561309,37.62727773778534,400
residual_current,Residual SG-TD3 param-noise replay40k,residual,current,178,31.269846114506027,0.06641557580710074,0.0009659053667375666,0.125,0.365,0.635,0.0,0.0,0.365,-0.5222209548635419,-7.593614986403918,32.886183418300035,400
residual_current,Residual SG-TD3 param-noise replay40k,residual,current,179,31.371499373095904,0.06763290250191961,0.0008606595904794671,0.1125,0.3575,0.6425,0.0,0.0,0.3575,-0.3556170339450091,-6.527088388040238,31.52886433061583,400
residual_current,Residual SG-TD3 param-noise replay40k,residual,current,180,31.1837032756555,0.07365203682746055,0.0008585629022167981,0.1125,0.3575,0.6425,0.0,0.0,0.3575,-0.49058572189096594,-6.555295177434232,33.01599512984855,400
residual_current,Residual SG-TD3 param-noise replay40k,residual,current,181,32.15251129435966,0.06746162420683469,0.0009651007405683065,0.1225,0.3375,0.6625,0.0,0.0,0.3375,-0.7212116036782845,-6.635507873337041,35.285659733221486,400
residual_current,Residual SG-TD3 param-noise replay40k,residual,current,182,30.50971129234543,0.07400304932647064,0.0009311515701103225,0.12,0.3375,0.6625,0.0,0.0,0.3375,-0.8305143156991335,-6.479706038115318,32.82818967826964,400
residual_current,Residual SG-TD3 param-noise replay40k,residual,current,183,31.91691700451408,0.06734164887551894,0.0009258194658988462,0.12,0.365,0.635,0.0,0.0,0.365,-0.4571377648011321,-6.024516700802473,36.07944050185098,400
residual_current,Residual SG-TD3 param-noise replay40k,residual,current,184,31.407792027966273,0.06328385258199588,0.0010127941894566826,0.1175,0.3825,0.6175,0.0,0.0,0.3825,-0.3716550684152935,-6.634396547485903,39.12338261314536,400
residual_current,Residual SG-TD3 param-noise replay40k,residual,current,185,30.779095855823,0.0706544881431325,0.0009657929250661278,0.1275,0.3775,0.6225,0.0,0.0,0.3775,-0.5228369641464496,-4.563085015194633,35.7930977194056,400
residual_current,Residual SG-TD3 param-noise replay40k,residual,current,186,30.732048335636065,0.0690039872209562,0.0010418210385646518,0.13,0.4425,0.5575,0.0,0.0,0.4425,0.20472219540613423,-4.700365689703494,37.462812284154325,400
residual_current,Residual SG-TD3 param-noise replay40k,residual,current,187,29.270560541768717,0.07840819489879218,0.0009716048189791708,0.1325,0.465,0.535,0.0,0.0,0.465,0.3740617133739761,-5.7374836067214785,32.825054794482924,400
residual_current,Residual SG-TD3 param-noise replay40k,residual,current,188,30.391090600620497,0.07614354028665464,0.000977437580650967,0.1325,0.38,0.62,0.0,0.0,0.38,-0.40070148380527826,-5.803003221748326,36.00598815226608,400
residual_current,Residual SG-TD3 param-noise replay40k,residual,current,189,29.511453298154716,0.07537204076429295,0.0010159297258387626,0.1325,0.44,0.56,0.0,0.0,0.44,0.033498534558702886,-6.201080975647346,34.468093054728584,400
residual_current,Residual SG-TD3 param-noise replay40k,residual,current,190,29.115715664264343,0.0735288362089927,0.0011441072661915437,0.1375,0.505,0.495,0.0,0.0,0.505,0.5626801424145924,-3.4986111772582484,37.63847624372877,400
residual_current,Residual SG-TD3 param-noise replay40k,residual,current,191,29.1830618193427,0.06908543043496147,0.0012060430596256156,0.14,0.4475,0.5525,0.0,0.0,0.4475,0.18095951532711751,-4.984682224142125,36.699471705423775,400
residual_current,Residual SG-TD3 param-noise replay40k,residual,current,192,27.17633516374539,0.08043813869424586,0.0011380990369837065,0.1475,0.5675,0.4325,0.0,0.0,0.5675,1.0522333450916221,-4.911249304927332,29.855503812342096,400
residual_current,Residual SG-TD3 param-noise replay40k,residual,current,193,27.56841186181844,0.07659959167076925,0.0012137387075876053,0.145,0.545,0.455,0.0,0.0,0.545,0.7991037134261205,-5.851677390821123,31.33284236875765,400
residual_current,Residual SG-TD3 param-noise replay40k,residual,current,194,27.567851223062462,0.07620932374940444,0.0012383967346946195,0.145,0.485,0.515,0.0,0.0,0.485,0.3356926980688968,-4.250528755064579,34.144598968237304,400
residual_current,Residual SG-TD3 param-noise replay40k,residual,current,195,28.611476873475567,0.0776602447500864,0.0011105357875309662,0.1425,0.4925,0.5075,0.0,0.0,0.4925,0.40504176477884357,-5.146830410928941,35.236440150553925,400
residual_current,Residual SG-TD3 param-noise replay40k,residual,current,196,28.120141166340225,0.07690030397752708,0.0010855373327143436,0.135,0.48,0.52,0.0,0.0,0.48,0.2695129270209691,-4.49785619178374,32.08359145235752,400
residual_current,Residual SG-TD3 param-noise replay40k,residual,current,197,28.980467546511395,0.07213085127097137,0.0011112253074909708,0.14,0.455,0.545,0.0,0.0,0.455,0.003329016373527338,-3.904900707841989,35.06449402990902,400
residual_current,Residual SG-TD3 param-noise replay40k,residual,current,198,30.104672884705966,0.06916798676433988,0.001021666589865193,0.1225,0.4425,0.5575,0.0,0.0,0.4425,0.12569155611970473,-4.261037858910026,36.4553291604685,400
residual_current,Residual SG-TD3 param-noise replay40k,residual,current,199,30.01417724665305,0.07084548605924841,0.0009545403589678006,0.115,0.445,0.555,0.0,0.0,0.445,0.038705201332277284,-4.518922945624672,35.614670607651036,400
residual_current,Residual SG-TD3 param-noise replay40k,residual,current,200,32.905019885790374,0.0705617442126122,0.0008363153188743241,0.11,0.58,0.42,0.0,0.0,0.58,0.6000937953327821,-0.09136547371140294,38.32838042876709,400
residual_previous,Residual SG-TD3 June 6 no-param-noise,residual,reference,1,-2.475463115745954,0.2927706401858373,0.0026223177021771865,0.4425,0.0,0.0,0.0,0.0,nan,nan,nan,nan,0
residual_previous,Residual SG-TD3 June 6 no-param-noise,residual,reference,2,7.874010893845127,0.18594178333833639,0.0015049683573207361,0.2525,0.0,0.0,0.0,0.0,nan,nan,nan,nan,0
residual_previous,Residual SG-TD3 June 6 no-param-noise,residual,reference,3,7.984692406601336,0.18505932937001168,0.0014994051015581027,0.2525,0.0,0.0,0.0,0.0,nan,nan,nan,nan,0
residual_previous,Residual SG-TD3 June 6 no-param-noise,residual,reference,4,8.105861238562058,0.1841020657455247,0.0014935434553698503,0.2525,0.0,0.0,0.0,0.0,nan,nan,nan,nan,0
residual_previous,Residual SG-TD3 June 6 no-param-noise,residual,reference,5,8.225751087395833,0.18307175951326818,0.0014873750083868498,0.255,0.0,0.0,0.0,0.0,nan,nan,nan,nan,0
residual_previous,Residual SG-TD3 June 6 no-param-noise,residual,reference,6,8.349040538526186,0.18196550985806736,0.001480928696848447,0.25,0.0,0.0,0.0,0.0,nan,nan,nan,nan,0
residual_previous,Residual SG-TD3 June 6 no-param-noise,residual,reference,7,8.48203890090931,0.18077219647381912,0.0014741684335295396,0.25,0.0,0.0,0.0,0.0,nan,nan,nan,nan,0
residual_previous,Residual SG-TD3 June 6 no-param-noise,residual,reference,8,8.646030864361617,0.17952055136780726,0.0014670556034361666,0.2525,0.0,0.0,0.0,0.0,nan,nan,nan,nan,0
residual_previous,Residual SG-TD3 June 6 no-param-noise,residual,reference,9,8.806049896434699,0.17844642803999952,0.0014595874684215548,0.2475,0.0,0.0,0.0,0.0,nan,nan,nan,nan,0
residual_previous,Residual SG-TD3 June 6 no-param-noise,residual,reference,10,8.921949093624567,0.17753203477088633,0.0014515436935976767,0.2475,0.0,0.0,0.0,0.0,nan,nan,nan,nan,0
residual_previous,Residual SG-TD3 June 6 no-param-noise,residual,reference,11,9.070040135753617,0.17651791590726362,0.001443245649421826,0.245,0.0,0.9975,0.0,0.0,0.0,nan,nan,nan,399
residual_previous,Residual SG-TD3 June 6 no-param-noise,residual,reference,12,9.243794819209684,0.17539661429877662,0.0014346139093514949,0.2425,0.0,1.0,0.0,0.0,0.0,nan,nan,nan,400
residual_previous,Residual SG-TD3 June 6 no-param-noise,residual,reference,13,9.454507113939478,0.1741993588824333,0.001425552107496523,0.2375,0.0,1.0,0.0,0.0,0.0,nan,nan,nan,400
residual_previous,Residual SG-TD3 June 6 no-param-noise,residual,reference,14,7.9166425114502434,0.17861882733692078,0.0015595769487837662,0.2225,0.085,0.915,0.0,0.0,0.085,-9.683334736989117,-33.67969329801137,0.10250978306578053,400
residual_previous,Residual SG-TD3 June 6 no-param-noise,residual,reference,15,4.155472615808355,0.1871227726012198,0.0017351164158116734,0.2575,0.1325,0.8675,0.0,0.0,0.1325,-7.727082882328698,-44.283067579289444,1.680326760636948,400
residual_previous,Residual SG-TD3 June 6 no-param-noise,residual,reference,16,10.027566837654906,0.16103413791130936,0.001696371143192428,0.24,0.1675,0.8325,0.0,0.0,0.1675,-10.3108572748373,-51.54026755923086,4.687955573944797,400
residual_previous,Residual SG-TD3 June 6 no-param-noise,residual,reference,17,-10.483225845662625,0.17089281242419435,0.003133651666249134,0.28,0.2875,0.7125,0.0,0.0,0.2875,-5.340524452863078,-33.01453826637433,27.17529871846262,400
residual_previous,Residual SG-TD3 June 6 no-param-noise,residual,reference,18,-15.99714812677589,0.19515832046353435,0.00571157099430582,0.5725,0.4025,0.5975,0.0,0.0,0.4025,-2.713395857857374,-28.99014834497121,47.78641572567669,400
residual_previous,Residual SG-TD3 June 6 no-param-noise,residual,reference,19,-3.3087293655613985,0.1624435666522107,0.004093601313919401,0.4075,0.36,0.64,0.0,0.0,0.36,-4.789142074208167,-42.70174777236007,39.03797885938694,400
residual_previous,Residual SG-TD3 June 6 no-param-noise,residual,reference,20,-6.69075810964835,0.1958955843281393,0.003434915440163985,0.3525,0.4225,0.5775,0.0,0.0,0.4225,-0.6104569719048811,-13.439681078449196,15.484465273194209,400
residual_previous,Residual SG-TD3 June 6 no-param-noise,residual,reference,21,-4.040474464871002,0.19350950837556702,0.003095610988455346,0.4,0.3675,0.6325,0.0,0.0,0.3675,-0.8493496369115903,-17.6967313754764,15.325928150499124,400
residual_previous,Residual SG-TD3 June 6 no-param-noise,residual,reference,22,5.186580617238279,0.17060368332588915,0.0024231787207337914,0.35,0.3025,0.6975,0.0,0.0,0.3025,-2.17448397725542,-39.45346640463552,6.863518658321065,400
residual_previous,Residual SG-TD3 June 6 no-param-noise,residual,reference,23,9.59413321820834,0.144062995663854,0.0021917063134261543,0.255,0.255,0.745,0.0,0.0,0.255,-3.248237828762857,-58.88251037306874,5.904041457221971,400
residual_previous,Residual SG-TD3 June 6 no-param-noise,residual,reference,24,9.725152448019522,0.133948684077778,0.002216942416971142,0.2325,0.2975,0.7025,0.0,0.0,0.2975,-2.7382521274271134,-61.639114760534646,7.731744202549105,400
residual_previous,Residual SG-TD3 June 6 no-param-noise,residual,reference,25,8.309578003030843,0.1341902576639917,0.0022749694944538645,0.24,0.325,0.675,0.0,0.0,0.325,-2.0496890096993408,-40.27529833793162,9.481523097293785,400
residual_previous,Residual SG-TD3 June 6 no-param-noise,residual,reference,26,6.921439275673174,0.12576394200524477,0.002238682279931468,0.2425,0.3525,0.6475,0.0,0.0,0.3525,-1.6594384936730293,-34.077817865288665,11.714933642303508,400
residual_previous,Residual SG-TD3 June 6 no-param-noise,residual,reference,27,12.238212593707626,0.12757061249189267,0.0022044278129938837,0.245,0.34,0.66,0.0,0.0,0.34,-3.2309253566304434,-53.19903547131685,12.688531590631005,400
residual_previous,Residual SG-TD3 June 6 no-param-noise,residual,reference,28,12.496886675995006,0.11811399186015943,0.0022140879033207233,0.26,0.355,0.645,0.0,0.0,0.355,-1.9340810950769054,-55.085769277484566,12.109898723298812,400
residual_previous,Residual SG-TD3 June 6 no-param-noise,residual,reference,29,15.957837860608516,0.11470054636693573,0.002063495465445653,0.25,0.3375,0.6625,0.0,0.0,0.3375,-4.21134160760387,-71.41838267257145,13.578665850449882,400
residual_previous,Residual SG-TD3 June 6 no-param-noise,residual,reference,30,17.455830662896254,0.11018820420979526,0.0019192907155282605,0.2325,0.33,0.67,0.0,0.0,0.33,-3.9923474717944245,-59.6155754024408,13.387425307753315,400
residual_previous,Residual SG-TD3 June 6 no-param-noise,residual,reference,31,17.88669374074722,0.10987347188678215,0.0017990942318582806,0.235,0.3525,0.6475,0.0,0.0,0.3525,-3.6033064046782926,-60.74561616951187,14.589556631302715,400
residual_previous,Residual SG-TD3 June 6 no-param-noise,residual,reference,32,13.897082819366045,0.11141195353651677,0.0018309829116496216,0.2275,0.3925,0.6075,0.0,0.0,0.3925,-1.9183862228358066,-36.51793979141816,15.114355845653007,400
residual_previous,Residual SG-TD3 June 6 no-param-noise,residual,reference,33,17.44814593985529,0.10800326618543349,0.0017665528906200677,0.225,0.37,0.63,0.0,0.0,0.37,-2.5051536914867825,-47.75548021768183,17.420504970165936,400
residual_previous,Residual SG-TD3 June 6 no-param-noise,residual,reference,34,19.94583943226376,0.10222359357779212,0.0018246987982173668,0.2475,0.3375,0.6625,0.0,0.0,0.3375,-5.146178330828178,-46.53432230699512,16.913134692778314,400
residual_previous,Residual SG-TD3 June 6 no-param-noise,residual,reference,35,16.51680358881672,0.11113682237671103,0.0017046339280530445,0.245,0.4025,0.5975,0.0,0.0,0.4025,-1.9973394919303793,-35.86818565231639,22.546629862828937,400
residual_previous,Residual SG-TD3 June 6 no-param-noise,residual,reference,36,17.548736290238327,0.10598088368577613,0.0016863170055891263,0.245,0.36,0.64,0.0,0.0,0.36,-3.638327301202878,-39.23493391012528,25.90928506088405,400
residual_previous,Residual SG-TD3 June 6 no-param-noise,residual,reference,37,16.010601854743744,0.10666598265507003,0.0017730069298960802,0.225,0.4125,0.5875,0.0,0.0,0.4125,-2.109877854664859,-33.16902371335607,22.685125110252013,400
residual_previous,Residual SG-TD3 June 6 no-param-noise,residual,reference,38,17.16957449926446,0.09764832266419841,0.0019016183214028998,0.225,0.4275,0.5725,0.0,0.0,0.4275,-1.2451468980531217,-33.982501188740244,27.119100182889994,400
residual_previous,Residual SG-TD3 June 6 no-param-noise,residual,reference,39,16.15981516820692,0.09092241656618862,0.0017064670344346389,0.21,0.4875,0.5125,0.0,0.0,0.4875,0.22023782145910786,-27.142742620832014,27.61549654830399,400
residual_previous,Residual SG-TD3 June 6 no-param-noise,residual,reference,40,16.63859220016559,0.09809123205872121,0.0016160735159662452,0.205,0.495,0.505,0.0,0.0,0.495,0.3157785430127831,-23.025010794491024,32.64270990408403,400
residual_previous,Residual SG-TD3 June 6 no-param-noise,residual,reference,41,18.25812443124918,0.0981280665459454,0.0016576352493639296,0.2075,0.515,0.485,0.0,0.0,0.515,0.817647615826985,-23.328306635556917,33.29995397674737,400
residual_previous,Residual SG-TD3 June 6 no-param-noise,residual,reference,42,21.00334921887298,0.09216629887560775,0.0016272781664904373,0.2075,0.385,0.615,0.0,0.0,0.385,-2.770184638118792,-32.19535619998844,36.6640385389146,400
residual_previous,Residual SG-TD3 June 6 no-param-noise,residual,reference,43,18.434407572166077,0.10105838080188694,0.0016771386368746987,0.2075,0.53,0.47,0.0,0.0,0.53,1.1554962865817515,-18.994019819869287,39.30428374089726,400
residual_previous,Residual SG-TD3 June 6 no-param-noise,residual,reference,44,21.38924649634844,0.09850638315148967,0.0016183585922139177,0.205,0.4125,0.5875,0.0,0.0,0.4125,-1.501948428322521,-33.25396901001553,45.775805679255335,400
residual_previous,Residual SG-TD3 June 6 no-param-noise,residual,reference,45,20.707552609223317,0.09466572078353724,0.0016904232847048978,0.215,0.4125,0.5875,0.0,0.0,0.4125,-0.710266709421262,-27.891675035599835,42.507855336228545,400
residual_previous,Residual SG-TD3 June 6 no-param-noise,residual,reference,46,20.87993031701561,0.09493428988268945,0.001703704479721927,0.21,0.3975,0.6025,0.0,0.0,0.3975,-1.5597409796546344,-25.161009631085175,45.18408649034307,400
residual_previous,Residual SG-TD3 June 6 no-param-noise,residual,reference,47,23.66169945346148,0.08913625576951567,0.001741507801749565,0.2125,0.33,0.67,0.0,0.0,0.33,-3.0687566308031364,-27.430952012125523,49.579832612869566,400
residual_previous,Residual SG-TD3 June 6 no-param-noise,residual,reference,48,19.20598710774893,0.09374949269858057,0.0016791492471414037,0.2025,0.465,0.535,0.0,0.0,0.465,-0.3103703147733654,-20.276407323976823,49.25574470559608,400
residual_previous,Residual SG-TD3 June 6 no-param-noise,residual,reference,49,19.830270323216933,0.09089791485577997,0.0017579389571962473,0.2175,0.455,0.545,0.0,0.0,0.455,-0.5936439822037869,-19.40936328901897,50.062102611002935,400
residual_previous,Residual SG-TD3 June 6 no-param-noise,residual,reference,50,22.696510682305746,0.08492694162016783,0.0017510069493466226,0.2,0.4575,0.5425,0.0,0.0,0.4575,-0.39713559076244564,-26.483370100011935,53.828520131411544,400
residual_previous,Residual SG-TD3 June 6 no-param-noise,residual,reference,51,22.578475616164653,0.08848003027878855,0.0016847662861991962,0.205,0.3875,0.6125,0.0,0.0,0.3875,-2.4152283304347293,-22.41824527461072,48.44034314986501,400
residual_previous,Residual SG-TD3 June 6 no-param-noise,residual,reference,52,16.9769286330514,0.0921780688635134,0.0018740622081817276,0.215,0.4625,0.5375,0.0,0.0,0.4625,-0.2749531192092718,-18.394302860101863,51.13747175168658,400
residual_previous,Residual SG-TD3 June 6 no-param-noise,residual,reference,53,24.562231618266047,0.0799651031667045,0.0016293549298225778,0.2025,0.4075,0.5925,0.0,0.0,0.4075,-2.550693883257452,-25.717279003049768,48.581936591407406,400
residual_previous,Residual SG-TD3 June 6 no-param-noise,residual,reference,54,25.64294226812097,0.07933416709667135,0.0016369617874062367,0.1925,0.3375,0.6625,0.0,0.0,0.3375,-3.6848580267164266,-25.014769894521184,50.28290420303309,400
residual_previous,Residual SG-TD3 June 6 no-param-noise,residual,reference,55,25.557371541867678,0.07684773742085929,0.001595831009574262,0.1975,0.3725,0.6275,0.0,0.0,0.3725,-2.0020929075532194,-29.55524772569936,42.71629063476153,400
residual_previous,Residual SG-TD3 June 6 no-param-noise,residual,reference,56,27.12683864479952,0.0757546763191059,0.0015748219335323954,0.19,0.3225,0.6775,0.0,0.0,0.3225,-2.7976961011677304,-26.536324105487914,53.6875342784136,400
residual_previous,Residual SG-TD3 June 6 no-param-noise,residual,reference,57,28.306099180975345,0.07033070234282504,0.0014707596462482586,0.18,0.3375,0.6625,0.0,0.0,0.3375,-3.902598296353176,-24.105467771133203,50.454675712028816,400
residual_previous,Residual SG-TD3 June 6 no-param-noise,residual,reference,58,26.791137629959454,0.07174471879226442,0.0014499636773792953,0.1775,0.4075,0.5925,0.0,0.0,0.4075,-2.941300657910972,-28.861935732272897,52.25554126510037,400
residual_previous,Residual SG-TD3 June 6 no-param-noise,residual,reference,59,27.988170859678284,0.07102011501452633,0.001372312455048098,0.175,0.365,0.635,0.0,0.0,0.365,-2.3951468665570133,-22.611564610974348,46.20298934951007,400
residual_previous,Residual SG-TD3 June 6 no-param-noise,residual,reference,60,27.22335280818397,0.07242395969433199,0.001322630394419418,0.17,0.3725,0.6275,0.0,0.0,0.3725,-2.959259096411074,-25.515809639748543,49.572069116837355,400
residual_previous,Residual SG-TD3 June 6 no-param-noise,residual,reference,61,27.617979756603763,0.07078847341020404,0.0012826325484051328,0.1625,0.4075,0.5925,0.0,0.0,0.4075,-1.7444837350332705,-22.78907963964675,44.06501426729794,400
residual_previous,Residual SG-TD3 June 6 no-param-noise,residual,reference,62,28.203859915522862,0.07017537455011731,0.0012589494509295431,0.16,0.36,0.64,0.0,0.0,0.36,-3.449251432957169,-27.09036406617158,44.68150906869014,400
residual_previous,Residual SG-TD3 June 6 no-param-noise,residual,reference,63,28.797796393522784,0.06931307013740957,0.0012652722991804588,0.1625,0.365,0.635,0.0,0.0,0.365,-3.978489879990036,-29.80819490090647,43.674602196197014,400
residual_previous,Residual SG-TD3 June 6 no-param-noise,residual,reference,64,27.07667089606757,0.07357242561737248,0.0012525494452607184,0.1675,0.4275,0.5725,0.0,0.0,0.4275,-1.319546485639023,-21.088501370433363,41.62070868339669,400
residual_previous,Residual SG-TD3 June 6 no-param-noise,residual,reference,65,26.749311140781728,0.07359678974495522,0.0011654952901595191,0.155,0.395,0.605,0.0,0.0,0.395,-1.1718210362728314,-19.509515324092252,45.22001994578546,400
residual_previous,Residual SG-TD3 June 6 no-param-noise,residual,reference,66,27.866775968725833,0.07403860597256512,0.001135405595626543,0.145,0.3925,0.6075,0.0,0.0,0.3925,-1.7084511817329258,-17.05277164957672,42.859855412061606,400
residual_previous,Residual SG-TD3 June 6 no-param-noise,residual,reference,67,28.201040815146822,0.06992376931354143,0.0011214893351035116,0.1425,0.3825,0.6175,0.0,0.0,0.3825,-1.648189265006522,-19.180632091779145,37.58055835243274,400
residual_previous,Residual SG-TD3 June 6 no-param-noise,residual,reference,68,29.34386200440248,0.07291928660500174,0.0011247223533248374,0.145,0.345,0.655,0.0,0.0,0.345,-2.414166157156501,-18.069139174951577,45.17528372409124,400
residual_previous,Residual SG-TD3 June 6 no-param-noise,residual,reference,69,30.027104843895977,0.072110742463467,0.0011195592069698562,0.15,0.3425,0.6575,0.0,0.0,0.3425,-2.3517053158220733,-21.755310103087663,39.48981880690103,400
residual_previous,Residual SG-TD3 June 6 no-param-noise,residual,reference,70,27.996577956749274,0.07619866923143047,0.0011679430419883952,0.1475,0.375,0.625,0.0,0.0,0.375,-1.616436436059189,-19.285256366240493,37.43338505078015,400
residual_previous,Residual SG-TD3 June 6 no-param-noise,residual,reference,71,29.23797780788245,0.07506224482206687,0.0011528958751537968,0.1475,0.3125,0.6875,0.0,0.0,0.3125,-3.893625254148901,-22.938200396182854,43.61091373078931,400
residual_previous,Residual SG-TD3 June 6 no-param-noise,residual,reference,72,30.364173503229992,0.07224440998629542,0.00115169282234996,0.1475,0.3175,0.6825,0.0,0.0,0.3175,-3.090525875845117,-19.659290272175987,42.64603686030794,400
residual_previous,Residual SG-TD3 June 6 no-param-noise,residual,reference,73,28.06088491062981,0.07372817496087614,0.00116197035061916,0.145,0.395,0.605,0.0,0.0,0.395,-2.3271190946557567,-16.901413862847722,41.53645191129705,400
residual_previous,Residual SG-TD3 June 6 no-param-noise,residual,reference,74,30.188826014288566,0.07187078330001706,0.0011752630431686231,0.15,0.37,0.63,0.0,0.0,0.37,-2.062992953347134,-19.33295622784435,40.080836052133016,400
residual_previous,Residual SG-TD3 June 6 no-param-noise,residual,reference,75,29.856046531731618,0.07025260642054305,0.0011638221007676025,0.1475,0.4,0.6,0.0,0.0,0.4,-1.489547326167667,-17.914486570051302,41.85693988107059,400
residual_previous,Residual SG-TD3 June 6 no-param-noise,residual,reference,76,28.293173483161237,0.07544984475511231,0.0012081392487746573,0.15,0.41,0.59,0.0,0.0,0.41,-0.8507188179346485,-16.771873457585205,48.92359414554172,400
residual_previous,Residual SG-TD3 June 6 no-param-noise,residual,reference,77,29.497226292194256,0.06968655937988964,0.0012122785314725396,0.15,0.4275,0.5725,0.0,0.0,0.4275,-1.0893938606903362,-16.238443587603864,38.0739354453682,400
residual_previous,Residual SG-TD3 June 6 no-param-noise,residual,reference,78,29.19062843630877,0.07103914664749418,0.0011918301850610386,0.145,0.4125,0.5875,0.0,0.0,0.4125,-0.7945516657323992,-14.473995541513522,45.319249513313466,400
residual_previous,Residual SG-TD3 June 6 no-param-noise,residual,reference,79,28.99478015398032,0.06986402645713347,0.001188084602525191,0.1475,0.4425,0.5575,0.0,0.0,0.4425,-0.41251828166946325,-14.874363495620544,46.95672905913306,400
residual_previous,Residual SG-TD3 June 6 no-param-noise,residual,reference,80,30.00140892521407,0.07081551838607013,0.00120807414400893,0.15,0.405,0.595,0.0,0.0,0.405,-0.7436346405344239,-15.186827405050837,43.98997893961794,400
residual_previous,Residual SG-TD3 June 6 no-param-noise,residual,reference,81,30.293481217240895,0.06793964026241034,0.0012148677559980434,0.15,0.385,0.615,0.0,0.0,0.385,-1.3291699537427348,-13.005642880944686,54.217200326152465,400
residual_previous,Residual SG-TD3 June 6 no-param-noise,residual,reference,82,30.398703785434936,0.0686829226244985,0.0012346800198346634,0.155,0.4025,0.5975,0.0,0.0,0.4025,-1.5075383196639223,-15.270583229253461,46.4372435670861,400
residual_previous,Residual SG-TD3 June 6 no-param-noise,residual,reference,83,29.831399255741626,0.06934043367547348,0.0012365181350851096,0.1525,0.4275,0.5725,0.0,0.0,0.4275,-0.8383316516492414,-14.927086354314497,44.48241425693383,400
residual_previous,Residual SG-TD3 June 6 no-param-noise,residual,reference,84,29.96647969822058,0.07083752870990172,0.0012053757265382552,0.1475,0.4075,0.5925,0.0,0.0,0.4075,-1.0852885879492078,-13.546093844361847,39.14113576111242,400
residual_previous,Residual SG-TD3 June 6 no-param-noise,residual,reference,85,30.076914702665633,0.06835317581743944,0.001259713296494208,0.145,0.405,0.595,0.0,0.0,0.405,-0.8928302853360037,-13.879506290824974,46.98820271598423,400
residual_previous,Residual SG-TD3 June 6 no-param-noise,residual,reference,86,28.88401085329458,0.07048547526848449,0.001278841215984057,0.155,0.485,0.515,0.0,0.0,0.485,0.057998596388756596,-11.79786318743145,48.12859602265795,400
residual_previous,Residual SG-TD3 June 6 no-param-noise,residual,reference,87,29.44030681738316,0.07011437133810251,0.0012569511656992138,0.1525,0.44,0.56,0.0,0.0,0.44,-0.4142687871608359,-12.472567785969568,44.91565552977618,400
residual_previous,Residual SG-TD3 June 6 no-param-noise,residual,reference,88,31.078914737608667,0.06611891305994677,0.0012784319406267774,0.155,0.345,0.655,0.0,0.0,0.345,-1.9596277987695885,-12.653374312207756,48.42738593472101,400
residual_previous,Residual SG-TD3 June 6 no-param-noise,residual,reference,89,28.59689841098184,0.07289512210207169,0.001298315777657002,0.15,0.5075,0.4925,0.0,0.0,0.5075,0.6400277349214321,-9.694022333156955,47.112362130407796,400
residual_previous,Residual SG-TD3 June 6 no-param-noise,residual,reference,90,28.070717397205193,0.06748090521163384,0.0013267314299165085,0.15,0.56,0.44,0.0,0.0,0.56,1.6491759473652792,-7.275622245703513,47.2572353930112,400
residual_previous,Residual SG-TD3 June 6 no-param-noise,residual,reference,91,28.824856299015693,0.06805031691446536,0.0012849200929381482,0.16,0.545,0.455,0.0,0.0,0.545,1.1179916320827488,-8.194272213298564,44.99777769849538,400
residual_previous,Residual SG-TD3 June 6 no-param-noise,residual,reference,92,28.236460884627814,0.07012013634109246,0.0012957766074645348,0.1575,0.53,0.47,0.0,0.0,0.53,1.1436908865507576,-8.45246544761237,47.47146380277741,400
residual_previous,Residual SG-TD3 June 6 no-param-noise,residual,reference,93,29.525460668636303,0.06835287181917211,0.001287207664579722,0.155,0.4425,0.5575,0.0,0.0,0.4425,-0.30848906077847005,-11.303635140275832,42.77301527921098,400
residual_previous,Residual SG-TD3 June 6 no-param-noise,residual,reference,94,29.347349217671976,0.06800021367561791,0.0012757279699139035,0.155,0.47,0.53,0.0,0.0,0.47,0.05593223769733413,-8.579024456858837,48.66379951606658,400
residual_previous,Residual SG-TD3 June 6 no-param-noise,residual,reference,95,29.38070868113182,0.06503857381074743,0.001234165270163612,0.15,0.4525,0.5475,0.0,0.0,0.4525,-0.0037492523726996296,-8.895714115678674,45.393757066241264,400
residual_previous,Residual SG-TD3 June 6 no-param-noise,residual,reference,96,30.177438432899695,0.06350007813738907,0.0011659829819736969,0.1475,0.4375,0.5625,0.0,0.0,0.4375,-0.43460612523801956,-9.323125414776268,44.80360934308324,400
residual_previous,Residual SG-TD3 June 6 no-param-noise,residual,reference,97,29.708314775250347,0.06498948068906714,0.0011642730050007424,0.1425,0.445,0.555,0.0,0.0,0.445,-0.2765464374399471,-9.971259800867665,50.9306982353547,400
residual_previous,Residual SG-TD3 June 6 no-param-noise,residual,reference,98,30.092729996027956,0.06950093454209448,0.001022023962782293,0.13,0.3825,0.6175,0.0,0.0,0.3825,-0.6528740283253001,-8.706704688075297,41.63827848876876,400
residual_previous,Residual SG-TD3 June 6 no-param-noise,residual,reference,99,28.870399411073908,0.0694784925253462,0.0010310396347612209,0.1325,0.4825,0.5175,0.0,0.0,0.4825,0.23539227635637872,-8.865165596804149,43.73996634420259,400
residual_previous,Residual SG-TD3 June 6 no-param-noise,residual,reference,100,30.19608123403114,0.06632341090896951,0.0009854862272516876,0.125,0.4175,0.5825,0.0,0.0,0.4175,-0.3387630449918788,-10.51846790480813,41.61427843965428,400
residual_previous,Residual SG-TD3 June 6 no-param-noise,residual,reference,101,29.291424757950804,0.06903096468077377,0.0010550617492571437,0.135,0.445,0.555,0.0,0.0,0.445,0.02377027227112194,-9.107731503440482,42.60081761409662,400
residual_previous,Residual SG-TD3 June 6 no-param-noise,residual,reference,102,31.08429711107996,0.06365532411954455,0.0009115227972302098,0.115,0.37,0.63,0.0,0.0,0.37,-1.202498928570435,-9.974699722537206,36.20332049936119,400
residual_previous,Residual SG-TD3 June 6 no-param-noise,residual,reference,103,30.021637469826054,0.06720993504504695,0.0008895243987637617,0.1175,0.3725,0.6275,0.0,0.0,0.3725,-0.8535331462323938,-11.48416098108496,41.699245528172476,400
residual_previous,Residual SG-TD3 June 6 no-param-noise,residual,reference,104,31.241334532943245,0.06195387960165491,0.0008641700440052177,0.1075,0.3275,0.6725,0.0,0.0,0.3275,-0.941558895261096,-12.235001301064582,38.81804372705803,400
residual_previous,Residual SG-TD3 June 6 no-param-noise,residual,reference,105,30.062801294399556,0.06481969567859644,0.0009142175863633431,0.1075,0.395,0.605,0.0,0.0,0.395,-0.7132506937117569,-12.278520970431236,38.11337322043548,400
residual_previous,Residual SG-TD3 June 6 no-param-noise,residual,reference,106,29.635224368632997,0.06569010898949461,0.0008445587804830298,0.09,0.4225,0.5775,0.0,0.0,0.4225,-0.4221684071802656,-9.665148885516077,43.53182696561268,400
residual_previous,Residual SG-TD3 June 6 no-param-noise,residual,reference,107,29.63871360154042,0.0645863251402065,0.0008930262777599124,0.105,0.405,0.595,0.0,0.0,0.405,-0.6844655387104694,-12.913974578065151,42.74276330980307,400
residual_previous,Residual SG-TD3 June 6 no-param-noise,residual,reference,108,29.390514243354477,0.06408534664577199,0.0008287258819045315,0.0825,0.4625,0.5375,0.0,0.0,0.4625,0.08003210017000129,-11.059122840087047,45.245643031404974,400
residual_previous,Residual SG-TD3 June 6 no-param-noise,residual,reference,109,30.468914271245957,0.05898804582781057,0.0008940160766326567,0.09,0.44,0.56,0.0,0.0,0.44,-0.3365308231543622,-10.816244990626682,46.23996115233651,400
residual_previous,Residual SG-TD3 June 6 no-param-noise,residual,reference,110,29.708347347646004,0.06463577455589817,0.0008942554252722606,0.0875,0.455,0.545,0.0,0.0,0.455,0.06877791719216475,-10.290800211459642,48.51567722144001,400
residual_previous,Residual SG-TD3 June 6 no-param-noise,residual,reference,111,30.137214476391218,0.067421947863461,0.0008701152241903026,0.085,0.3725,0.6275,0.0,0.0,0.3725,-0.906408300320777,-11.150186799001585,43.79699294959935,400
residual_previous,Residual SG-TD3 June 6 no-param-noise,residual,reference,112,31.345466259949863,0.06400691566880908,0.0008905788493037558,0.0925,0.3825,0.6175,0.0,0.0,0.3825,-0.7880234298213509,-9.410865541126348,45.64256892712093,400
residual_previous,Residual SG-TD3 June 6 no-param-noise,residual,reference,113,29.843778706658597,0.06996675089593556,0.0008583856258368422,0.0875,0.41,0.59,0.0,0.0,0.41,-0.4595302214466983,-7.717547647709489,45.04536531444661,400
residual_previous,Residual SG-TD3 June 6 no-param-noise,residual,reference,114,31.33979912198252,0.06417112774624088,0.0009495254153637555,0.0975,0.3825,0.6175,0.0,0.0,0.3825,-0.7114135643747659,-9.556059728446144,44.98846370440233,400
residual_previous,Residual SG-TD3 June 6 no-param-noise,residual,reference,115,30.776484012932425,0.06896302156809994,0.0009670491661826153,0.105,0.4,0.6,0.0,0.0,0.4,-0.6982789502612832,-9.501125432090202,50.09774054918938,400
residual_previous,Residual SG-TD3 June 6 no-param-noise,residual,reference,116,30.902560116867306,0.07148852310877744,0.0009368641455111098,0.105,0.385,0.615,0.0,0.0,0.385,-0.5546355623328054,-7.619810990089035,46.92910836166561,400
residual_previous,Residual SG-TD3 June 6 no-param-noise,residual,reference,117,30.647020735367917,0.07126009208798707,0.0010047376583901667,0.12,0.4375,0.5625,0.0,0.0,0.4375,-0.11246524391697221,-6.931125521980585,48.13827135735947,400
residual_previous,Residual SG-TD3 June 6 no-param-noise,residual,reference,118,31.23352953140942,0.06557120145240071,0.0009522111594037822,0.1225,0.46,0.54,0.0,0.0,0.46,0.09601955688901853,-5.562715530603553,42.58981275204098,400
residual_previous,Residual SG-TD3 June 6 no-param-noise,residual,reference,119,30.403078414975838,0.07175143840048699,0.0008988428461580967,0.105,0.5,0.5,0.0,0.0,0.5,0.4971645591217566,-6.4724664333112285,48.741626602080196,400
residual_previous,Residual SG-TD3 June 6 no-param-noise,residual,reference,120,30.263748701909513,0.06700449470589408,0.0009753900234535907,0.1275,0.5175,0.4825,0.0,0.0,0.5175,0.7536473247245112,-5.775572226348867,47.5787515640098,400
residual_previous,Residual SG-TD3 June 6 no-param-noise,residual,reference,121,29.817135013160946,0.07247264855123434,0.0009500302397361934,0.115,0.565,0.435,0.0,0.0,0.565,1.2374639106444647,-4.804073075181758,43.523828746814445,400
residual_previous,Residual SG-TD3 June 6 no-param-noise,residual,reference,122,30.442569046533677,0.07356252317304217,0.0009591450341385893,0.1275,0.5125,0.4875,0.0,0.0,0.5125,0.6492271608497049,-6.3761869927215455,40.4262443647071,400
residual_previous,Residual SG-TD3 June 6 no-param-noise,residual,reference,123,31.035663464203534,0.07149162307322378,0.0009581814966214269,0.125,0.4575,0.5425,0.0,0.0,0.4575,0.1287405901961165,-6.459728710678974,48.19067593496782,400
residual_previous,Residual SG-TD3 June 6 no-param-noise,residual,reference,124,30.205714553865093,0.0722328343751245,0.0009742439897891648,0.125,0.5075,0.4925,0.0,0.0,0.5075,0.5988297321277969,-5.3364864183583895,47.218989646916995,400
residual_previous,Residual SG-TD3 June 6 no-param-noise,residual,reference,125,29.968232774062646,0.07652585020773978,0.0009642137069998249,0.1275,0.4775,0.5225,0.0,0.0,0.4775,0.30800514345582997,-5.207143639429523,45.2258202825388,400
residual_previous,Residual SG-TD3 June 6 no-param-noise,residual,reference,126,30.470151701930362,0.07537149718327134,0.0009792242990166423,0.135,0.44,0.56,0.0,0.0,0.44,-0.056581205186603256,-6.103885615394845,46.31701713982102,400
residual_previous,Residual SG-TD3 June 6 no-param-noise,residual,reference,127,29.679448625119402,0.07877020422822417,0.0009972877823180772,0.1325,0.485,0.515,0.0,0.0,0.485,0.34893339815130275,-5.050049011780175,44.31894737366119,400
residual_previous,Residual SG-TD3 June 6 no-param-noise,residual,reference,128,31.404879851534897,0.07782210333994842,0.0009451217764737177,0.1275,0.4025,0.5975,0.0,0.0,0.4025,-0.45618556313684167,-7.439922210440044,47.69824113270405,400
residual_previous,Residual SG-TD3 June 6 no-param-noise,residual,reference,129,30.81119994879622,0.07402213078767247,0.0010127601585573035,0.1375,0.425,0.575,0.0,0.0,0.425,-0.08741711829497945,-6.0213999494530075,48.9048802663409,400
residual_previous,Residual SG-TD3 June 6 no-param-noise,residual,reference,130,29.676112109739268,0.08320073228957106,0.0009231650085371035,0.1275,0.445,0.555,0.0,0.0,0.445,0.014989928058980695,-5.213024702744359,48.26458369517291,400
residual_previous,Residual SG-TD3 June 6 no-param-noise,residual,reference,131,30.125121247340935,0.07820520943896372,0.000990545695700424,0.1275,0.4675,0.5325,0.0,0.0,0.4675,0.2925919943240842,-5.953224748520756,45.791615841983415,400
residual_previous,Residual SG-TD3 June 6 no-param-noise,residual,reference,132,30.787532525722487,0.08147667993638837,0.0009659841857954821,0.1275,0.455,0.545,0.0,0.0,0.455,0.13867153154524203,-5.008244032456897,41.725146689695684,400
residual_previous,Residual SG-TD3 June 6 no-param-noise,residual,reference,133,31.044816821450258,0.078859068889071,0.0009282303839527353,0.1225,0.3775,0.6225,0.0,0.0,0.3775,-0.43399379901177326,-5.559029316175087,43.06712933698332,400
residual_previous,Residual SG-TD3 June 6 no-param-noise,residual,reference,134,31.274845392725247,0.07754966547249867,0.001012750610151235,0.1275,0.37,0.63,0.0,0.0,0.37,-0.3542070883834185,-5.9705632204533226,41.118647062004584,400
residual_previous,Residual SG-TD3 June 6 no-param-noise,residual,reference,135,30.802045154114438,0.08198537086694717,0.000981176377566372,0.13,0.3975,0.6025,0.0,0.0,0.3975,-0.31880196564748076,-5.176916483687364,48.90527426496841,400
residual_previous,Residual SG-TD3 June 6 no-param-noise,residual,reference,136,31.309141023637824,0.0744009906487635,0.0010820715918328685,0.1325,0.4525,0.5475,0.0,0.0,0.4525,0.11227338073274495,-5.987854663467486,46.04316882469979,400
residual_previous,Residual SG-TD3 June 6 no-param-noise,residual,reference,137,30.46459064614467,0.0736201184318951,0.0010821953662483305,0.1375,0.49,0.51,0.0,0.0,0.49,0.39540814636143296,-4.301277914401816,42.69660614629396,400
residual_previous,Residual SG-TD3 June 6 no-param-noise,residual,reference,138,31.469617295290863,0.07150508147071766,0.0011322669208450745,0.1475,0.355,0.645,0.0,0.0,0.355,-0.6237123245377916,-7.027046965888917,47.55546735413263,400
residual_previous,Residual SG-TD3 June 6 no-param-noise,residual,reference,139,31.15958416240207,0.06828669365894843,0.0012206362147555478,0.1525,0.435,0.565,0.0,0.0,0.435,-0.12000911294251182,-6.8785260624175395,41.495716213117575,400
residual_previous,Residual SG-TD3 June 6 no-param-noise,residual,reference,140,32.08967799508859,0.0707678923377991,0.0011226708843274837,0.14,0.385,0.615,0.0,0.0,0.385,-0.4328980224612451,-6.448108732029982,45.75302698189335,400
residual_previous,Residual SG-TD3 June 6 no-param-noise,residual,reference,141,32.12693054588027,0.07471397929408936,0.0010502751109379047,0.14,0.355,0.645,0.0,0.0,0.355,-0.46198632903963244,-6.407967124889863,45.9087465792162,400
residual_previous,Residual SG-TD3 June 6 no-param-noise,residual,reference,142,31.575375534045357,0.07531616471687523,0.001024945962508793,0.135,0.3725,0.6275,0.0,0.0,0.3725,-0.44725197898674196,-5.4182315328696395,46.92327350511776,400
residual_previous,Residual SG-TD3 June 6 no-param-noise,residual,reference,143,32.351790269359206,0.0718433784012161,0.0010081134679558272,0.13,0.37,0.63,0.0,0.0,0.37,-0.5485143327774722,-6.510078454761423,43.809490797107095,400
residual_previous,Residual SG-TD3 June 6 no-param-noise,residual,reference,144,31.88638820138096,0.07206444404916654,0.0010628301194827278,0.1275,0.42,0.58,0.0,0.0,0.42,-0.2022486458287176,-6.371919509207782,42.95073542258831,400
residual_previous,Residual SG-TD3 June 6 no-param-noise,residual,reference,145,31.641435620809343,0.07467459331210087,0.0010175876703462986,0.1225,0.3925,0.6075,0.0,0.0,0.3925,-0.3044081046436986,-5.225736223245144,40.75794283284174,400
residual_previous,Residual SG-TD3 June 6 no-param-noise,residual,reference,146,32.065487326239875,0.07053371075274457,0.0009979760811265508,0.13,0.41,0.59,0.0,0.0,0.41,-0.33801747642587543,-6.065802842076526,46.1914551873797,400
residual_previous,Residual SG-TD3 June 6 no-param-noise,residual,reference,147,32.20855836225993,0.07795859703577544,0.0009150980531800909,0.125,0.3325,0.6675,0.0,0.0,0.3325,-1.0102824992766273,-6.82937802875324,38.92639050378448,400
residual_previous,Residual SG-TD3 June 6 no-param-noise,residual,reference,148,32.81998721122843,0.07266661203089642,0.001036542097255607,0.1375,0.3175,0.6825,0.0,0.0,0.3175,-1.0162950477143795,-6.389089258178865,43.09990563262522,400
residual_previous,Residual SG-TD3 June 6 no-param-noise,residual,reference,149,30.781893298262357,0.07142111201612476,0.0010603534517577787,0.135,0.4525,0.5475,0.0,0.0,0.4525,-0.0017566935451895915,-3.724981350729967,42.687971264097115,400
residual_previous,Residual SG-TD3 June 6 no-param-noise,residual,reference,150,31.68751751605508,0.07028424795822291,0.0010706063649341246,0.1375,0.4025,0.5975,0.0,0.0,0.4025,-0.34331681105754797,-4.676020280386842,43.07796006649382,400
residual_previous,Residual SG-TD3 June 6 no-param-noise,residual,reference,151,32.48396647992885,0.07451405991433636,0.0009093792665726234,0.12,0.41,0.59,0.0,0.0,0.41,-0.29964632293933846,-6.221067812227193,41.607450221388206,400
residual_previous,Residual SG-TD3 June 6 no-param-noise,residual,reference,152,31.23034745205606,0.07132648050293015,0.000982225699829398,0.1275,0.4675,0.5325,0.0,0.0,0.4675,0.11536243341925001,-4.894065642133318,43.854626856767645,400
residual_previous,Residual SG-TD3 June 6 no-param-noise,residual,reference,153,31.430988388033835,0.07508059869246904,0.001005701610758772,0.1275,0.42,0.58,0.0,0.0,0.42,-0.06332693706644932,-4.777494718499565,43.3243812444022,400
residual_previous,Residual SG-TD3 June 6 no-param-noise,residual,reference,154,31.169850498451552,0.0734486627865214,0.0010435766057330386,0.1325,0.53,0.47,0.0,0.0,0.53,0.773434239214339,-4.207623944456099,44.6397095571133,400
residual_previous,Residual SG-TD3 June 6 no-param-noise,residual,reference,155,32.16580157912048,0.07249968757359766,0.0009692832808078278,0.13,0.3925,0.6075,0.0,0.0,0.3925,-0.6731400015606823,-4.574434258975884,46.278836209696415,400
residual_previous,Residual SG-TD3 June 6 no-param-noise,residual,reference,156,31.681256899913677,0.07252953220753937,0.0009534937150135175,0.115,0.42,0.58,0.0,0.0,0.42,-0.16887092993147235,-4.38943541665908,36.891962657729536,400
residual_previous,Residual SG-TD3 June 6 no-param-noise,residual,reference,157,31.98932509494195,0.07585084783308117,0.0008980156800289943,0.1225,0.395,0.605,0.0,0.0,0.395,-0.2079926999364261,-5.052914042616112,40.49210691291083,400
residual_previous,Residual SG-TD3 June 6 no-param-noise,residual,reference,158,31.523772531421354,0.0733209782574712,0.0009868777498283673,0.135,0.3575,0.6425,0.0,0.0,0.3575,-0.4179383614045946,-5.76873221090318,44.55104358536309,400
residual_previous,Residual SG-TD3 June 6 no-param-noise,residual,reference,159,30.59230588322016,0.07291823661090985,0.0009463149889075938,0.1225,0.45,0.55,0.0,0.0,0.45,0.0060516336509408575,-4.6030933335513495,40.981900159924734,400
residual_previous,Residual SG-TD3 June 6 no-param-noise,residual,reference,160,31.459486513172575,0.07269445035079883,0.00091821129251277,0.1225,0.3975,0.6025,0.0,0.0,0.3975,-0.2777965995614977,-5.384270730111619,46.31304038337084,400
residual_previous,Residual SG-TD3 June 6 no-param-noise,residual,reference,161,31.02018635693172,0.07464243391333354,0.000878813720544637,0.105,0.445,0.555,0.0,0.0,0.445,0.04311966153591129,-4.191941723599712,49.56121984723905,400
residual_previous,Residual SG-TD3 June 6 no-param-noise,residual,reference,162,31.341183471084904,0.06533801645471674,0.0009583918491273,0.1275,0.485,0.515,0.0,0.0,0.485,0.42139945884548524,-4.965083416847528,44.90395546209883,400
residual_previous,Residual SG-TD3 June 6 no-param-noise,residual,reference,163,30.974005219577666,0.06820087740103457,0.0009290917606539667,0.115,0.5,0.5,0.0,0.0,0.5,0.4994911611272528,-3.7838262035051224,43.74602936487699,400
residual_previous,Residual SG-TD3 June 6 no-param-noise,residual,reference,164,30.9772605180801,0.06315394714261538,0.001056077875987392,0.13,0.5,0.5,0.0,0.0,0.5,0.483330402587967,-4.0207472042223795,39.59324549441997,400
residual_previous,Residual SG-TD3 June 6 no-param-noise,residual,reference,165,31.443568118426853,0.06396651061278702,0.0010386300933378837,0.1275,0.5375,0.4625,0.0,0.0,0.5375,0.7939851547240551,-5.028118985927767,41.56913430398943,400
residual_previous,Residual SG-TD3 June 6 no-param-noise,residual,reference,166,30.77473790014432,0.06040789559035118,0.0010696749102764376,0.13,0.5475,0.4525,0.0,0.0,0.5475,0.9045900413755135,-2.5447951601867995,43.60800046621843,400
residual_previous,Residual SG-TD3 June 6 no-param-noise,residual,reference,167,31.575632177504172,0.0647404155500067,0.0010383435724639612,0.1275,0.4975,0.5025,0.0,0.0,0.4975,0.45558380823126754,-3.538507421694588,42.53229954013124,400
residual_previous,Residual SG-TD3 June 6 no-param-noise,residual,reference,168,31.89209465743461,0.06473051020597709,0.0010360242630156969,0.135,0.4575,0.5425,0.0,0.0,0.4575,0.25000642002532913,-3.684138218089583,44.89030088233099,400
residual_previous,Residual SG-TD3 June 6 no-param-noise,residual,reference,169,31.407569274924512,0.06350603711325893,0.0010122488934095578,0.13,0.4575,0.5425,0.0,0.0,0.4575,0.3541974492165991,-4.241640462860664,43.513310766193456,400
residual_previous,Residual SG-TD3 June 6 no-param-noise,residual,reference,170,32.75444486436362,0.060697699932461935,0.0010219844663950403,0.1275,0.4075,0.5925,0.0,0.0,0.4075,-0.0009740952363017641,-4.619549449489796,43.24341178370137,400
residual_previous,Residual SG-TD3 June 6 no-param-noise,residual,reference,171,32.87702734453129,0.061393493509580004,0.00099813403327312,0.12,0.4,0.6,0.0,0.0,0.4,-0.18747698515596767,-5.305432485749997,47.60310549496529,400
residual_previous,Residual SG-TD3 June 6 no-param-noise,residual,reference,172,33.29486077386469,0.06409080574462796,0.000947167517218077,0.1175,0.3725,0.6275,0.0,0.0,0.3725,-0.3829911499157106,-6.11764885359639,48.45093958564363,400
residual_previous,Residual SG-TD3 June 6 no-param-noise,residual,reference,173,33.610656054163954,0.06381813875042336,0.0009313589406642986,0.1125,0.32,0.68,0.0,0.0,0.32,-0.6600390867961323,-5.152698405751083,52.47678354333756,400
residual_previous,Residual SG-TD3 June 6 no-param-noise,residual,reference,174,33.43571838430505,0.060192657498243936,0.0009590633369007332,0.115,0.3375,0.6625,0.0,0.0,0.3375,-0.5016335049230065,-6.460931236814348,45.6974755556609,400
residual_previous,Residual SG-TD3 June 6 no-param-noise,residual,reference,175,33.31941135876134,0.06008479916617526,0.0009675033909073659,0.115,0.42,0.58,0.0,0.0,0.42,-0.04874218177394596,-5.0060066681521675,51.240616137420176,400
residual_previous,Residual SG-TD3 June 6 no-param-noise,residual,reference,176,32.899366321853755,0.059334120762335726,0.0010031428507483217,0.13,0.4625,0.5375,0.0,0.0,0.4625,0.1405584885128519,-4.420495782733178,47.86358336544921,400
residual_previous,Residual SG-TD3 June 6 no-param-noise,residual,reference,177,32.5779522728208,0.060444619396352234,0.0009881286270539823,0.1175,0.45,0.55,0.0,0.0,0.45,0.2036604902957606,-3.2416098105333275,47.99904784534499,400
residual_previous,Residual SG-TD3 June 6 no-param-noise,residual,reference,178,32.63471102743547,0.06261019255361272,0.0009947094134443147,0.1275,0.4725,0.5275,0.0,0.0,0.4725,0.19813222164361832,-4.207412197036569,53.22461188068639,400
residual_previous,Residual SG-TD3 June 6 no-param-noise,residual,reference,179,32.02805352317121,0.0635329228727081,0.001010105906215913,0.13,0.515,0.485,0.0,0.0,0.515,0.6813306835097137,-3.417539488358488,46.98890203171925,400
residual_previous,Residual SG-TD3 June 6 no-param-noise,residual,reference,180,30.77732804444795,0.06913145225074004,0.0009486829763907678,0.12,0.5075,0.4925,0.0,0.0,0.5075,0.5687554760819467,-2.400852165709466,44.555179814777055,400
residual_previous,Residual SG-TD3 June 6 no-param-noise,residual,reference,181,31.879241713072915,0.06566475854006047,0.0010387966721035343,0.135,0.5425,0.4575,0.0,0.0,0.5425,0.7513672601372718,-2.3694227863012656,46.79550310696855,400
residual_previous,Residual SG-TD3 June 6 no-param-noise,residual,reference,182,31.45566371460487,0.0684777294857364,0.0009424012030503655,0.12,0.505,0.495,0.0,0.0,0.505,0.5602869494979359,-3.3916409787682364,45.786944998988155,400
residual_previous,Residual SG-TD3 June 6 no-param-noise,residual,reference,183,32.18496206389823,0.06630594374101904,0.0010317575111729205,0.1275,0.475,0.525,0.0,0.0,0.475,0.33776623240294157,-3.515606565741359,44.98545520145668,400
residual_previous,Residual SG-TD3 June 6 no-param-noise,residual,reference,184,32.1332435392586,0.06479080973891355,0.0010800621367302663,0.135,0.51,0.49,0.0,0.0,0.51,0.5380222791415008,-3.3555569180298783,44.529886894486715,400
residual_previous,Residual SG-TD3 June 6 no-param-noise,residual,reference,185,31.260681607254,0.0711434618421033,0.0010473662515451882,0.1325,0.5525,0.4475,0.0,0.0,0.5525,0.8288270887452427,-3.2163978477495445,42.91002836170331,400
residual_previous,Residual SG-TD3 June 6 no-param-noise,residual,reference,186,31.537599411026303,0.06772103902069385,0.0010753844161735598,0.135,0.5425,0.4575,0.0,0.0,0.5425,0.826175029668434,-2.812157090140544,39.89463921410024,400
residual_previous,Residual SG-TD3 June 6 no-param-noise,residual,reference,187,31.284959665517864,0.07023123336630732,0.0010958718839032882,0.1325,0.54,0.46,0.0,0.0,0.54,0.7825911462874728,-2.4885839551488744,47.80560509201057,400
residual_previous,Residual SG-TD3 June 6 no-param-noise,residual,reference,188,32.052228893433856,0.06683299135755866,0.0011180632317585272,0.1375,0.475,0.525,0.0,0.0,0.475,0.30319175831323264,-2.8728556180961276,43.21452913778965,400
residual_previous,Residual SG-TD3 June 6 no-param-noise,residual,reference,189,30.96870045217768,0.07200031181321301,0.0010839128799511135,0.1325,0.5175,0.4825,0.0,0.0,0.5175,0.5890904750336858,-2.509329192170162,41.478323829880615,400
residual_previous,Residual SG-TD3 June 6 no-param-noise,residual,reference,190,31.09079153111249,0.0704303613881057,0.001122542727540786,0.1375,0.53,0.47,0.0,0.0,0.53,0.7838722084186429,-2.8098829267217296,46.78663235541054,400
residual_previous,Residual SG-TD3 June 6 no-param-noise,residual,reference,191,31.01978596808215,0.07006531589183261,0.0011395226665072192,0.1425,0.4925,0.5075,0.0,0.0,0.4925,0.4354544546285979,-2.8014507426226825,46.1541327377472,400
residual_previous,Residual SG-TD3 June 6 no-param-noise,residual,reference,192,30.9875480986263,0.07468747439349384,0.0011015605115774166,0.14,0.505,0.495,0.0,0.0,0.505,0.569020710539121,-2.3640752765287285,43.99219972007784,400
residual_previous,Residual SG-TD3 June 6 no-param-noise,residual,reference,193,31.004627002261465,0.07230385002172747,0.001041545440881335,0.135,0.495,0.505,0.0,0.0,0.495,0.4691858221788152,-2.2575616356194814,41.286360446398746,400
residual_previous,Residual SG-TD3 June 6 no-param-noise,residual,reference,194,30.16025632508292,0.07366475708670273,0.0011325599711671567,0.14,0.5575,0.4425,0.0,0.0,0.5575,0.951117731181057,-2.332604466484554,42.595975300605424,400
residual_previous,Residual SG-TD3 June 6 no-param-noise,residual,reference,195,30.205182739293004,0.07478240526081653,0.001078658071341897,0.135,0.555,0.445,0.0,0.0,0.555,1.0877763939985243,-2.0395101510972378,39.093247084968866,400
residual_previous,Residual SG-TD3 June 6 no-param-noise,residual,reference,196,30.245606423399224,0.07340277390577173,0.0009929616739919047,0.125,0.5275,0.4725,0.0,0.0,0.5275,0.7311560812657945,-2.395341589123745,42.792490064598894,400
residual_previous,Residual SG-TD3 June 6 no-param-noise,residual,reference,197,29.484669046942145,0.07255696648122295,0.0009969920984835123,0.1275,0.5675,0.4325,0.0,0.0,0.5675,0.9133316238945781,-3.1478080062088334,39.75302926727512,400
residual_previous,Residual SG-TD3 June 6 no-param-noise,residual,reference,198,29.70610105712442,0.06942157308055635,0.0009945088859809805,0.125,0.5175,0.4825,0.0,0.0,0.5175,0.740413258780336,-3.1245823331305016,40.693846447949326,400
residual_previous,Residual SG-TD3 June 6 no-param-noise,residual,reference,199,31.65049872951153,0.06240151540067859,0.0010315624972258499,0.1275,0.4475,0.5525,0.0,0.0,0.4475,0.24243280706275527,-2.5969427249371617,43.617405423025694,400
residual_previous,Residual SG-TD3 June 6 no-param-noise,residual,reference,200,33.11587441619503,0.06388966167725088,0.0009403529387619078,0.1175,0.5425,0.4575,0.0,0.0,0.5425,0.5767128958690364,-0.2651955667344282,49.8644916626928,400
markov_current,Markov SG-TD3 margin0.5 replay40k,markov,current,1,-3.153276147617337,0.2943526700821088,0.002592509105932414,0.44,0.0,0.0,0.0,0.0,nan,nan,nan,nan,0
markov_current,Markov SG-TD3 margin0.5 replay40k,markov,current,2,8.079282593020153,0.18433812649371306,0.0014378097675925494,0.2475,0.0,0.0,0.0,0.0,nan,nan,nan,nan,0
markov_current,Markov SG-TD3 margin0.5 replay40k,markov,current,3,8.056081543431276,0.18376230095153168,0.0014306740924397837,0.2425,0.0,0.0,0.0,0.0,nan,nan,nan,nan,0
markov_current,Markov SG-TD3 margin0.5 replay40k,markov,current,4,8.163216493473662,0.1827134018598649,0.001423871356645352,0.245,0.0,0.0,0.0,0.0,nan,nan,nan,nan,0
markov_current,Markov SG-TD3 margin0.5 replay40k,markov,current,5,8.255229283710428,0.18164576871935928,0.0014175075958855103,0.245,0.0,0.0,0.0,0.0,nan,nan,nan,nan,0
markov_current,Markov SG-TD3 margin0.5 replay40k,markov,current,6,8.341568968193357,0.18065818261499647,0.001410813699239523,0.2425,0.0,0.0,0.0,0.0,nan,nan,nan,nan,0
markov_current,Markov SG-TD3 margin0.5 replay40k,markov,current,7,8.465322286161005,0.17951088238328394,0.001403307767530644,0.2425,0.0,0.0,0.0,0.0,nan,nan,nan,nan,0
markov_current,Markov SG-TD3 margin0.5 replay40k,markov,current,8,8.578620344626094,0.17840595759721622,0.0013960747643973785,0.24,0.0,0.0,0.0,0.0,nan,nan,nan,nan,0
markov_current,Markov SG-TD3 margin0.5 replay40k,markov,current,9,8.696080878906907,0.17713459871800705,0.0013897546666196208,0.235,0.0,0.0,0.0,0.0,nan,nan,nan,nan,0
markov_current,Markov SG-TD3 margin0.5 replay40k,markov,current,10,8.938793305979319,0.1751456084120554,0.001377111258935993,0.23,0.0,0.0,0.0,0.0,nan,nan,nan,nan,0
markov_current,Markov SG-TD3 margin0.5 replay40k,markov,current,11,8.920519101797026,0.17503837051453275,0.0013753174492112136,0.2325,0.0,0.9975,0.0,0.0,0.0,nan,nan,nan,399
markov_current,Markov SG-TD3 margin0.5 replay40k,markov,current,12,9.091506618395393,0.1737625509772885,0.0013656724561479183,0.23,0.0,1.0,0.0,0.0,0.0,nan,nan,nan,400
markov_current,Markov SG-TD3 margin0.5 replay40k,markov,current,13,9.114003180981626,0.17325665246805572,0.0013564630676638429,0.2275,0.0,1.0,0.0,0.0,0.0,nan,nan,nan,400
markov_current,Markov SG-TD3 margin0.5 replay40k,markov,current,14,8.63311188449172,0.1689531752382657,0.0010902796923310523,0.2075,0.04,0.96,0.0,0.0,0.04,-120.82080464676133,-282.91045577406646,-20.097794768686974,400
markov_current,Markov SG-TD3 margin0.5 replay40k,markov,current,15,13.9875842830582,0.16482490203711278,0.0016407399717003523,0.26,0.03,0.97,0.0,0.0,0.03,-90.18523256379808,-318.2953574537122,-11.804369151473043,400
markov_current,Markov SG-TD3 margin0.5 replay40k,markov,current,16,14.929000511493095,0.15304610674776295,0.001249936440153713,0.205,0.05,0.95,0.0,0.0,0.05,-122.4371187184645,-308.263464866288,-13.264177350253709,400
markov_current,Markov SG-TD3 margin0.5 replay40k,markov,current,17,3.067372534266698,0.1974928153441277,0.002367519502101404,0.3475,0.1225,0.8775,0.0,0.0,0.1225,-108.12791546596024,-286.42686045635486,7.0018006420135945,400
markov_current,Markov SG-TD3 margin0.5 replay40k,markov,current,18,8.594624273420706,0.18086251519830956,0.0013322589601985901,0.255,0.06,0.94,0.0,0.0,0.06,-140.87937364451125,-324.9308122385102,-8.423100059683625,400
markov_current,Markov SG-TD3 margin0.5 replay40k,markov,current,19,-13.022329062922834,0.28491746178009775,0.0029174441594947624,0.375,0.1275,0.8725,0.0,0.0,0.1275,-109.22743680746308,-274.4934994745693,10.138067995543441,400
markov_current,Markov SG-TD3 margin0.5 replay40k,markov,current,20,-0.8311608490570609,0.19696382199362916,0.00136989814705622,0.2275,0.0575,0.9425,0.0,0.0,0.0575,-168.79616400553553,-382.2822929716747,-21.953088710217504,400
markov_current,Markov SG-TD3 margin0.5 replay40k,markov,current,21,10.149246853016596,0.1720003892475215,0.0013663515651236016,0.225,0.02,0.98,0.0,0.0,0.02,-180.344192162255,-375.89768765591305,-33.38346339499949,400
markov_current,Markov SG-TD3 margin0.5 replay40k,markov,current,22,14.331162824960069,0.14993340864873578,0.001552517971258536,0.265,0.0575,0.9425,0.0,0.0,0.0575,-151.01622840272307,-370.3993991653242,-19.78525697919739,400
markov_current,Markov SG-TD3 margin0.5 replay40k,markov,current,23,6.348516737353744,0.18387417152532654,0.0012852701259691518,0.31,0.0975,0.9025,0.0,0.0,0.0975,-167.44845008682285,-396.0562236787303,-1.7679330703909681,400
markov_current,Markov SG-TD3 margin0.5 replay40k,markov,current,24,23.35394056852733,0.11206298445974143,0.0010923905887068837,0.1925,0.0725,0.9275,0.0,0.0,0.0725,-218.31230114689725,-422.73744156998976,-32.92341580201637,400
markov_current,Markov SG-TD3 margin0.5 replay40k,markov,current,25,13.429284314842349,0.16097062278555754,0.0013098935593402316,0.215,0.065,0.935,0.0,0.0,0.065,-193.261657244909,-432.9422266199571,-25.104336284746598,400
markov_current,Markov SG-TD3 margin0.5 replay40k,markov,current,26,15.688770084261163,0.15140906004191151,0.0011595296004401096,0.2325,0.0625,0.9375,0.0,0.0,0.0625,-223.9930606667744,-435.7390351486185,-17.59504093242434,400
markov_current,Markov SG-TD3 margin0.5 replay40k,markov,current,27,14.355386714303878,0.1472363697678108,0.001363485922232983,0.1675,0.095,0.905,0.0,0.0,0.095,-183.1950505230685,-418.13764002555575,-8.120643823342062,400
markov_current,Markov SG-TD3 margin0.5 replay40k,markov,current,28,16.28236313231867,0.14131558115262385,0.0013439569856377271,0.2425,0.05,0.95,0.0,0.0,0.05,-181.34598078805382,-395.7189782623989,-26.46849068288335,400
markov_current,Markov SG-TD3 margin0.5 replay40k,markov,current,29,13.076946633122256,0.15963358189606608,0.001468936517871687,0.2475,0.0725,0.9275,0.0,0.0,0.0725,-175.74563009242564,-366.54176761861936,-20.572640506057706,400
markov_current,Markov SG-TD3 margin0.5 replay40k,markov,current,30,14.224577847876912,0.14330782506470918,0.0015824947544121524,0.26,0.0975,0.9025,0.0,0.0,0.0975,-151.34607069676727,-412.0319671399745,-0.3631781070828919,400
markov_current,Markov SG-TD3 margin0.5 replay40k,markov,current,31,17.208859838298842,0.14047002577814452,0.0012532413716055918,0.2375,0.0625,0.9375,0.0,0.0,0.0625,-157.57924830425662,-384.03895606239,-28.125964648605287,400
markov_current,Markov SG-TD3 margin0.5 replay40k,markov,current,32,14.205902009919368,0.13532924944770058,0.0013855649551449741,0.2075,0.075,0.925,0.0,0.0,0.075,-174.88981840632516,-358.82754471462516,-12.665073557747151,400
markov_current,Markov SG-TD3 margin0.5 replay40k,markov,current,33,12.383393194003334,0.1284221948710754,0.0016066532244855152,0.235,0.07,0.93,0.0,0.0,0.07,-153.44262440967722,-343.26223573878383,-13.735430614516366,400
markov_current,Markov SG-TD3 margin0.5 replay40k,markov,current,34,17.75691152593937,0.12707515491188104,0.0013339360212659573,0.2275,0.1075,0.8925,0.0,0.0,0.1075,-138.5009248732959,-276.16602984580885,4.041420905061814,400
markov_current,Markov SG-TD3 margin0.5 replay40k,markov,current,35,-0.02910917952797007,0.21425318715127875,0.001952844365767158,0.2975,0.185,0.815,0.0,0.0,0.185,-148.71097868281993,-324.28682523599934,49.21758544606579,400
markov_current,Markov SG-TD3 margin0.5 replay40k,markov,current,36,16.251620777506297,0.14069774912040656,0.0011965458070493076,0.22,0.0825,0.9175,0.0,0.0,0.0825,-161.8022388513054,-306.1872834118211,-14.577229991885469,400
markov_current,Markov SG-TD3 margin0.5 replay40k,markov,current,37,17.135922416101383,0.14152686845608126,0.0013493462683399381,0.27,0.06,0.94,0.0,0.0,0.06,-139.77972543983273,-248.99982221862442,-11.540861029921356,400
markov_current,Markov SG-TD3 margin0.5 replay40k,markov,current,38,17.012746532890265,0.12465399319438995,0.0016613840818025093,0.2475,0.0975,0.9025,0.0,0.0,0.0975,-134.49682428868056,-283.08097842175425,-13.626411944766483,400
markov_current,Markov SG-TD3 margin0.5 replay40k,markov,current,39,14.177350905788598,0.13753573499855098,0.0016453303005595549,0.22,0.1125,0.8875,0.0,0.0,0.1125,-132.57467886738075,-258.5841360191113,7.3013166659059685,400
markov_current,Markov SG-TD3 margin0.5 replay40k,markov,current,40,18.903495826266404,0.12932039490027503,0.0013734729483249996,0.235,0.0775,0.9225,0.0,0.0,0.0775,-138.92648889354376,-251.7871574182102,-23.097485669293288,400
markov_current,Markov SG-TD3 margin0.5 replay40k,markov,current,41,18.210721049680167,0.11729897764382066,0.0015247408727105134,0.2175,0.0875,0.9125,0.0,0.0,0.0875,-128.83423234578692,-256.793092075523,-7.925767110682273,400
markov_current,Markov SG-TD3 margin0.5 replay40k,markov,current,42,12.967350550389229,0.16309628281093097,0.0014679830271585555,0.2625,0.08,0.92,0.0,0.0,0.08,-121.77739824428119,-230.6307620393805,-8.858239919692554,400
markov_current,Markov SG-TD3 margin0.5 replay40k,markov,current,43,18.639651981454183,0.14577531699324425,0.0015543965363313044,0.2875,0.0725,0.9275,0.0,0.0,0.0725,-106.5233133138766,-202.87163789045277,-6.0831162116667645,400
markov_current,Markov SG-TD3 margin0.5 replay40k,markov,current,44,17.478667716547992,0.14688464955378314,0.0014151055435420625,0.245,0.11,0.89,0.0,0.0,0.11,-105.68535746610576,-214.9196733669369,4.2327564097027865,400
markov_current,Markov SG-TD3 margin0.5 replay40k,markov,current,45,14.50589005096479,0.17112342354955382,0.0014812199597875402,0.2525,0.085,0.915,0.0,0.0,0.085,-110.31153048396561,-207.7766789494145,-13.15526355707378,400
markov_current,Markov SG-TD3 margin0.5 replay40k,markov,current,46,15.864421213818883,0.1567302055544068,0.001297635700352974,0.255,0.1325,0.8675,0.0,0.0,0.1325,-104.85637119835417,-217.70030639786756,14.19989485914876,400
markov_current,Markov SG-TD3 margin0.5 replay40k,markov,current,47,18.509470165515605,0.12729547895236412,0.0016283769439805584,0.24,0.1175,0.8825,0.0,0.0,0.1175,-111.92845708172831,-229.57013884607534,3.1293345552457206,400
markov_current,Markov SG-TD3 margin0.5 replay40k,markov,current,48,16.855022083014113,0.14779217391741079,0.0014943959406729798,0.2625,0.1075,0.8925,0.0,0.0,0.1075,-119.9229342111056,-260.83470256001306,9.317475916215013,400
markov_current,Markov SG-TD3 margin0.5 replay40k,markov,current,49,20.8409571451183,0.13045574337266916,0.0012599409784038874,0.21,0.1075,0.8925,0.0,0.0,0.1075,-119.37161144361119,-239.19274619753025,4.171466432592848,400
markov_current,Markov SG-TD3 margin0.5 replay40k,markov,current,50,18.97037638459829,0.1418813747764415,0.0010790578574242141,0.2,0.1125,0.8875,0.0,0.0,0.1125,-100.8016443492995,-205.27711743651284,3.677755294064971,400
markov_current,Markov SG-TD3 margin0.5 replay40k,markov,current,51,21.101510012618455,0.12603533302756845,0.0014877524360948984,0.2425,0.115,0.885,0.0,0.0,0.115,-99.48364208750957,-205.05607788917123,3.752930261110289,400
markov_current,Markov SG-TD3 margin0.5 replay40k,markov,current,52,11.565779946226547,0.17814669812472853,0.0014623381153502856,0.29,0.135,0.865,0.0,0.0,0.135,-98.73657781702616,-206.25119736062584,8.47531308691552,400
markov_current,Markov SG-TD3 margin0.5 replay40k,markov,current,53,16.076950160920205,0.15938502108815092,0.0010918096683287346,0.2025,0.085,0.915,0.0,0.0,0.085,-92.50922235900072,-189.82645777374137,-2.0289862210973983,400
markov_current,Markov SG-TD3 margin0.5 replay40k,markov,current,54,19.28253776329124,0.1472415098947824,0.001264266106221606,0.25,0.085,0.915,0.0,0.0,0.085,-82.50967664262248,-181.51152546521087,-5.512894939139682,400
markov_current,Markov SG-TD3 margin0.5 replay40k,markov,current,55,18.4209695321171,0.13523566612189428,0.001446100153881139,0.215,0.0875,0.9125,0.0,0.0,0.0875,-99.1343559918117,-222.46407257554043,-1.7756298316184786,400
markov_current,Markov SG-TD3 margin0.5 replay40k,markov,current,56,17.825271768926015,0.14749918462195402,0.0011678564059887334,0.2225,0.09,0.91,0.0,0.0,0.09,-77.03773304058372,-189.64405782713845,-0.9290637376554236,400
markov_current,Markov SG-TD3 margin0.5 replay40k,markov,current,57,15.468016473508095,0.1474308062872481,0.0012570618715822652,0.21,0.07,0.93,0.0,0.0,0.07,-71.48363132244623,-147.1141617325422,-9.419509037081204,400
markov_current,Markov SG-TD3 margin0.5 replay40k,markov,current,58,17.542832951734354,0.13396207429308565,0.001428476856397984,0.2025,0.075,0.925,0.0,0.0,0.075,-73.92454979445563,-161.6665573318894,-4.6098874111968735,400
markov_current,Markov SG-TD3 margin0.5 replay40k,markov,current,59,17.20426265031611,0.12473477267294186,0.0015573118649296466,0.2425,0.09,0.91,0.0,0.0,0.09,-63.023441344986736,-142.46901025397517,-3.9480666967561793,400
markov_current,Markov SG-TD3 margin0.5 replay40k,markov,current,60,14.464387826656717,0.14980218680347174,0.001621838201858526,0.2475,0.0825,0.9175,0.0,0.0,0.0825,-59.32477468636796,-137.30950355297435,-4.006577365531413,400
markov_current,Markov SG-TD3 margin0.5 replay40k,markov,current,61,22.98675674804919,0.11332800963943976,0.0010681357900996211,0.18,0.095,0.905,0.0,0.0,0.095,-64.53138671511374,-144.76884706564087,-0.8634624168269716,400
markov_current,Markov SG-TD3 margin0.5 replay40k,markov,current,62,17.624434681764857,0.12079464020214437,0.00128339213339334,0.21,0.1175,0.8825,0.0,0.0,0.1175,-52.51958524020898,-147.90844948322507,6.337791202003012,400
markov_current,Markov SG-TD3 margin0.5 replay40k,markov,current,63,21.98267145343902,0.10168714318126738,0.0012421541521812859,0.2,0.11,0.89,0.0,0.0,0.11,-71.87379085966433,-143.48294586206615,2.5307055429965093,400
markov_current,Markov SG-TD3 margin0.5 replay40k,markov,current,64,21.808681271533615,0.11081745516525235,0.0011295173430750725,0.1975,0.095,0.905,0.0,0.0,0.095,-55.18001441080571,-123.92550355058454,-0.5245207670071435,400
markov_current,Markov SG-TD3 margin0.5 replay40k,markov,current,65,20.54228096552324,0.10436179801291147,0.0012619132897575415,0.2025,0.1275,0.8725,0.0,0.0,0.1275,-45.982229893048384,-128.8560937815979,8.422971836085798,400
markov_current,Markov SG-TD3 margin0.5 replay40k,markov,current,66,19.12720656584099,0.09713039925941835,0.0015183632165620986,0.165,0.1375,0.8625,0.0,0.0,0.1375,-31.337721602217584,-101.7127973163795,9.614391442136107,400
markov_current,Markov SG-TD3 margin0.5 replay40k,markov,current,67,19.52912471290383,0.10840443723246432,0.001229052863396695,0.165,0.16,0.84,0.0,0.0,0.16,-38.80957898694942,-87.44994953572072,13.953518530370955,400
markov_current,Markov SG-TD3 margin0.5 replay40k,markov,current,68,22.29534639469097,0.09191951282040325,0.0012390068427572912,0.1625,0.1375,0.8625,0.0,0.0,0.1375,-40.641337000049134,-98.00918532621534,7.496602813601669,400
markov_current,Markov SG-TD3 margin0.5 replay40k,markov,current,69,23.112783465923076,0.10116674644959897,0.0011608797163878155,0.1575,0.1225,0.8775,0.0,0.0,0.1225,-39.101441187435626,-134.12477293256305,7.1731203050962185,400
markov_current,Markov SG-TD3 margin0.5 replay40k,markov,current,70,21.04049295023758,0.12201731826496662,0.0010148567318002952,0.2075,0.1525,0.8475,0.0,0.0,0.1525,-31.652162376115996,-108.18093572195276,13.286728836545315,400
markov_current,Markov SG-TD3 margin0.5 replay40k,markov,current,71,17.81492105734287,0.11157039321836412,0.0014177034553806134,0.2075,0.1525,0.8475,0.0,0.0,0.1525,-30.983774330662413,-88.13864101002865,5.9243449334526845,400
markov_current,Markov SG-TD3 margin0.5 replay40k,markov,current,72,20.212007024510882,0.12473994740516697,0.0011560492932860993,0.225,0.14,0.86,0.0,0.0,0.14,-32.82736797461365,-86.67019820506478,10.270401697177155,400
markov_current,Markov SG-TD3 margin0.5 replay40k,markov,current,73,20.636747365209928,0.09842801488641,0.001253728876497192,0.175,0.16,0.84,0.0,0.0,0.16,-25.997452439003496,-70.32575997728067,11.15577330568606,400
markov_current,Markov SG-TD3 margin0.5 replay40k,markov,current,74,21.008175061126302,0.10535788655784627,0.0011827274670510146,0.1775,0.1825,0.8175,0.0,0.0,0.1825,-29.04899697739006,-82.98990062580376,19.86758718127383,400
markov_current,Markov SG-TD3 margin0.5 replay40k,markov,current,75,22.57475373918339,0.10430409155009063,0.0013395858591205981,0.1825,0.1475,0.8525,0.0,0.0,0.1475,-33.235750440452875,-90.71930830261013,9.834186165852252,400
markov_current,Markov SG-TD3 margin0.5 replay40k,markov,current,76,25.569112128514035,0.09834781143860186,0.0011032260113809575,0.1825,0.1275,0.8725,0.0,0.0,0.1275,-33.0786498560754,-122.54072599694527,3.417575270456727,400
markov_current,Markov SG-TD3 margin0.5 replay40k,markov,current,77,20.91152847771931,0.11695790157584458,0.001166848051260978,0.22,0.1475,0.8525,0.0,0.0,0.1475,-31.774214226415438,-96.34408247433579,11.726913346134083,400
markov_current,Markov SG-TD3 margin0.5 replay40k,markov,current,78,0.35173041492763674,0.16491804507416352,0.0021478442859902817,0.3175,0.3775,0.6225,0.0,0.0,0.3775,-27.440408817234243,-126.64449052594362,79.39828985781111,400
markov_current,Markov SG-TD3 margin0.5 replay40k,markov,current,79,-5.828928455949133,0.21467654008953904,0.002420381109234724,0.3875,0.37,0.63,0.0,0.0,0.37,-14.28313818842986,-92.75455973748078,97.07676964054981,400
markov_current,Markov SG-TD3 margin0.5 replay40k,markov,current,80,-3.034585963368644,0.20114925870354078,0.0022992799052105077,0.385,0.395,0.605,0.0,0.0,0.395,-16.79686258688446,-102.52891462876154,115.40776147151617,400
markov_current,Markov SG-TD3 margin0.5 replay40k,markov,current,81,22.414836246379995,0.10812120489882986,0.0010909872458763038,0.215,0.155,0.845,0.0,0.0,0.155,-33.991167994404236,-101.23225776564313,12.021115093529668,400
markov_current,Markov SG-TD3 margin0.5 replay40k,markov,current,82,16.3597623127624,0.14826122102738157,0.0012618564900355273,0.2525,0.19,0.81,0.0,0.0,0.19,-23.84000401404478,-65.68923273799626,20.439069912597102,400
markov_current,Markov SG-TD3 margin0.5 replay40k,markov,current,83,25.189226201710166,0.09759848227246479,0.0013745203791891692,0.205,0.1675,0.8325,0.0,0.0,0.1675,-23.587835264151977,-71.42324628093313,16.701381143804106,400
markov_current,Markov SG-TD3 margin0.5 replay40k,markov,current,84,25.468022415844615,0.10258966163243845,0.0010162080307225562,0.1925,0.16,0.84,0.0,0.0,0.16,-21.69058176999846,-81.10623608603123,14.560059832357613,400
markov_current,Markov SG-TD3 margin0.5 replay40k,markov,current,85,24.826815882537648,0.08402571974720204,0.0011329005357013384,0.16,0.18,0.82,0.0,0.0,0.18,-25.804841876591354,-71.38679859699592,21.75403136686047,400
markov_current,Markov SG-TD3 margin0.5 replay40k,markov,current,86,23.97788831117061,0.09681840411213943,0.0012158799310298622,0.2025,0.1825,0.8175,0.0,0.0,0.1825,-24.53173685755212,-60.48015211786221,14.200654596873893,400
markov_current,Markov SG-TD3 margin0.5 replay40k,markov,current,87,20.65356100765062,0.10957514039211938,0.0013051494819504377,0.18,0.2025,0.7975,0.0,0.0,0.2025,-17.741619431663366,-89.81517410941788,27.321030886377866,400
markov_current,Markov SG-TD3 margin0.5 replay40k,markov,current,88,28.20690784445837,0.0819482344040103,0.0011862082396820032,0.165,0.1475,0.8525,0.0,0.0,0.1475,-32.99223885305787,-88.19531020182735,8.729448973372053,400
markov_current,Markov SG-TD3 margin0.5 replay40k,markov,current,89,21.726838123776634,0.09996503256447908,0.001040046276765324,0.175,0.21,0.79,0.0,0.0,0.21,-24.175884798600123,-67.35377387754194,16.50655989881162,400
markov_current,Markov SG-TD3 margin0.5 replay40k,markov,current,90,21.68626426944124,0.09599878308301396,0.00111609207747373,0.16,0.215,0.785,0.0,0.0,0.215,-22.305124579100777,-65.49442506150635,28.505978507199675,400
markov_current,Markov SG-TD3 margin0.5 replay40k,markov,current,91,21.705565278592022,0.10448092842629705,0.0011851844681561906,0.18,0.2075,0.7925,0.0,0.0,0.2075,-20.797805201551256,-64.9189028198224,20.20852502074764,400
markov_current,Markov SG-TD3 margin0.5 replay40k,markov,current,92,17.713900191718473,0.10282872395162355,0.0014067444634730702,0.1725,0.24,0.76,0.0,0.0,0.24,-12.254621612854521,-53.79818693731854,12.629826071427473,400
markov_current,Markov SG-TD3 margin0.5 replay40k,markov,current,93,16.488071478011776,0.10682504206853377,0.0012540502660121308,0.185,0.24,0.76,0.0,0.0,0.24,-20.0416116396907,-60.71141761478555,18.508134685668537,400
markov_current,Markov SG-TD3 margin0.5 replay40k,markov,current,94,25.463261483514966,0.08390276219981864,0.0010476014319207988,0.17,0.21,0.79,0.0,0.0,0.21,-15.084610117080842,-55.156765577452994,13.316654510118768,400
markov_current,Markov SG-TD3 margin0.5 replay40k,markov,current,95,20.16115672959623,0.10076489730841733,0.0011944900545327456,0.1675,0.19,0.81,0.0,0.0,0.19,-19.374688849237373,-51.88148313104476,14.632607621189008,400
markov_current,Markov SG-TD3 margin0.5 replay40k,markov,current,96,24.09580839298208,0.08711603099662842,0.0012782353971017785,0.1675,0.215,0.785,0.0,0.0,0.215,-15.884766825525617,-45.82162415323562,13.605654000324122,400
markov_current,Markov SG-TD3 margin0.5 replay40k,markov,current,97,24.64678593465425,0.08845523667182303,0.0010604101470566563,0.15,0.19,0.81,0.0,0.0,0.19,-18.745677348019655,-51.62657559071947,15.445440271971526,400
markov_current,Markov SG-TD3 margin0.5 replay40k,markov,current,98,26.892020230866095,0.09827539264591958,0.0008359558142950963,0.1425,0.15,0.85,0.0,0.0,0.15,-14.515828692438276,-42.43686470761858,6.490076728132727,400
markov_current,Markov SG-TD3 margin0.5 replay40k,markov,current,99,27.142639129302143,0.06828867912488285,0.0010677131907200555,0.135,0.23,0.77,0.0,0.0,0.23,-14.859015836338415,-54.97566773796516,18.156331331797492,400
markov_current,Markov SG-TD3 margin0.5 replay40k,markov,current,100,26.207092039212444,0.07865045752716635,0.0009699166119123354,0.135,0.2075,0.7925,0.0,0.0,0.2075,-15.205852998185492,-47.41787799159525,10.845142885574765,400
markov_current,Markov SG-TD3 margin0.5 replay40k,markov,current,101,28.284525197570524,0.08293692688893563,0.000981177950627474,0.16,0.18,0.82,0.0,0.0,0.18,-15.897538974093834,-42.553401874193035,10.285765739475288,400
markov_current,Markov SG-TD3 margin0.5 replay40k,markov,current,102,20.55639043731643,0.10056143860828985,0.0009524715608070333,0.175,0.2075,0.7925,0.0,0.0,0.2075,-12.864817465588544,-44.9362207879602,18.645825440614992,400
markov_current,Markov SG-TD3 margin0.5 replay40k,markov,current,103,25.612380058369318,0.08837586965645208,0.0008875061223566763,0.1725,0.215,0.785,0.0,0.0,0.215,-10.804115350216819,-34.76239895490919,13.383559453211005,400
markov_current,Markov SG-TD3 margin0.5 replay40k,markov,current,104,21.909034875191246,0.09172106030069824,0.0009988309786116427,0.15,0.2475,0.7525,0.0,0.0,0.2475,-9.796241777133218,-38.68964997926363,26.737930655683147,400
markov_current,Markov SG-TD3 margin0.5 replay40k,markov,current,105,26.411423802903084,0.07750199795357533,0.0009091310398101477,0.1175,0.22,0.78,0.0,0.0,0.22,-14.708914263822749,-36.51633284713357,17.32663405589576,400
markov_current,Markov SG-TD3 margin0.5 replay40k,markov,current,106,26.577453051290018,0.07318563728122401,0.0007319244212913072,0.1425,0.225,0.775,0.0,0.0,0.225,-11.052153376223487,-28.513023094674224,17.91283973087371,400
markov_current,Markov SG-TD3 margin0.5 replay40k,markov,current,107,21.01913403139164,0.0939750058465419,0.0007666226901945604,0.145,0.28,0.72,0.0,0.0,0.28,-10.58637835606305,-29.587845178056035,30.316671736899703,400
markov_current,Markov SG-TD3 margin0.5 replay40k,markov,current,108,25.596370652843905,0.0754235743378079,0.0006670510129045364,0.13,0.2025,0.7975,0.0,0.0,0.2025,-12.276063387405316,-39.008745609368546,14.613595089380954,400
markov_current,Markov SG-TD3 margin0.5 replay40k,markov,current,109,24.1722033747594,0.08000222739737438,0.0007603855236127957,0.12,0.23,0.77,0.0,0.0,0.23,-6.91384357568748,-27.479837433975565,12.819463127166927,400
markov_current,Markov SG-TD3 margin0.5 replay40k,markov,current,110,23.5628016575662,0.08674715082260132,0.0006775229516891168,0.14,0.22,0.78,0.0,0.0,0.22,-10.137672209095399,-33.61587031708979,27.191142762584754,400
markov_current,Markov SG-TD3 margin0.5 replay40k,markov,current,111,25.221652910400653,0.08362324691504128,0.0007684351744827452,0.1325,0.21,0.79,0.0,0.0,0.21,-10.47160825847692,-33.73909400826322,17.424278288949814,400
markov_current,Markov SG-TD3 margin0.5 replay40k,markov,current,112,24.724011298765554,0.07904447172847599,0.0008217080967584973,0.1125,0.2325,0.7675,0.0,0.0,0.2325,-8.993247370058157,-27.11531096246274,10.015221329266518,400
markov_current,Markov SG-TD3 margin0.5 replay40k,markov,current,113,28.44497777826139,0.0724003612665856,0.0008089113967970717,0.125,0.21,0.79,0.0,0.0,0.21,-9.855605234603956,-24.81239699353989,16.037651364513945,400
markov_current,Markov SG-TD3 margin0.5 replay40k,markov,current,114,27.316339258418555,0.07110262306239581,0.0007156773180332608,0.11,0.2475,0.7525,0.0,0.0,0.2475,-8.945792485567779,-23.058986579571055,16.47773693704009,400
markov_current,Markov SG-TD3 margin0.5 replay40k,markov,current,115,28.212024812815603,0.08380864349791466,0.0007414351772713057,0.1575,0.22,0.78,0.0,0.0,0.22,-7.959921100248948,-23.897535224863073,20.21601670224389,400
markov_current,Markov SG-TD3 margin0.5 replay40k,markov,current,116,27.961992751094325,0.08506023978370506,0.0007525952110743335,0.15,0.2225,0.7775,0.0,0.0,0.2225,-9.247066847390329,-27.317624370801195,11.251097351297455,400
markov_current,Markov SG-TD3 margin0.5 replay40k,markov,current,117,29.318964499878977,0.07648679712024753,0.0007560318646741713,0.1225,0.245,0.755,0.0,0.0,0.245,-8.7255938337413,-29.62234724245809,15.172509778686067,400
markov_current,Markov SG-TD3 margin0.5 replay40k,markov,current,118,28.133510019159043,0.08036941907006699,0.0007449958572257004,0.1425,0.25,0.75,0.0,0.0,0.25,-4.850907701390952,-18.611601756784342,17.333732169563202,400
markov_current,Markov SG-TD3 margin0.5 replay40k,markov,current,119,28.822267421701277,0.07285567960462458,0.0007325954991033969,0.125,0.2325,0.7675,0.0,0.0,0.2325,-7.629999010393874,-23.115016261744405,20.41077188127688,400
markov_current,Markov SG-TD3 margin0.5 replay40k,markov,current,120,28.358861114872912,0.06995428933801635,0.0008572366339524315,0.14,0.31,0.69,0.0,0.0,0.31,-5.741697270192674,-30.217536064062788,27.283670245950884,400
markov_current,Markov SG-TD3 margin0.5 replay40k,markov,current,121,27.28446661800679,0.07247675871487029,0.0008864935523448581,0.155,0.25,0.75,0.0,0.0,0.25,-7.8377577398507015,-31.667683245661596,17.754801570638335,400
markov_current,Markov SG-TD3 margin0.5 replay40k,markov,current,122,29.73460596546715,0.06904384749183072,0.00079858133323918,0.1325,0.285,0.715,0.0,0.0,0.285,-5.940928179011507,-27.408129758299783,21.15423143894932,400
markov_current,Markov SG-TD3 margin0.5 replay40k,markov,current,123,25.336753202316896,0.07542116902016224,0.0009817641299770263,0.14,0.2425,0.7575,0.0,0.0,0.2425,-7.451019369355663,-46.616539753885434,23.999424921725097,400
markov_current,Markov SG-TD3 margin0.5 replay40k,markov,current,124,28.63729497896699,0.07556708030403583,0.0009583774145194933,0.165,0.2375,0.7625,0.0,0.0,0.2375,-7.07961152666951,-24.29499455337551,23.77646034841306,400
markov_current,Markov SG-TD3 margin0.5 replay40k,markov,current,125,25.418395327975688,0.08409836051723957,0.0009882959128450954,0.1675,0.3075,0.6925,0.0,0.0,0.3075,-5.779776635265591,-25.685309716496583,30.756262424731613,400
markov_current,Markov SG-TD3 margin0.5 replay40k,markov,current,126,26.17154423364239,0.07715987336169414,0.0008875045818799171,0.1425,0.3125,0.6875,0.0,0.0,0.3125,-4.447489183755636,-17.2043917564853,24.56361858036885,400
markov_current,Markov SG-TD3 margin0.5 replay40k,markov,current,127,25.175251041827273,0.0838856084437466,0.0009019443605297164,0.1475,0.35,0.65,0.0,0.0,0.35,-3.4906621611246464,-20.19562447643651,27.971674022352527,400
markov_current,Markov SG-TD3 margin0.5 replay40k,markov,current,128,24.669406845677305,0.09266887037177779,0.00086813127594344,0.1725,0.3225,0.6775,0.0,0.0,0.3225,-4.078290241360776,-19.341854382564005,25.207527283892787,400
markov_current,Markov SG-TD3 margin0.5 replay40k,markov,current,129,26.787874001162365,0.08546866354071467,0.0008408345716092235,0.17,0.31,0.69,0.0,0.0,0.31,-4.350714892332348,-17.753557666270467,26.791633835741475,400
markov_current,Markov SG-TD3 margin0.5 replay40k,markov,current,130,27.275363276288868,0.08155749872821369,0.0008996567475486145,0.1575,0.295,0.705,0.0,0.0,0.295,-4.6660080413431615,-19.934248653472377,27.00008708608729,400
markov_current,Markov SG-TD3 margin0.5 replay40k,markov,current,131,25.659355939518413,0.08929007046182341,0.000901351573750778,0.165,0.35,0.65,0.0,0.0,0.35,-2.6755878010077367,-17.392793647691132,31.081536802825593,400
markov_current,Markov SG-TD3 margin0.5 replay40k,markov,current,132,25.702791505121617,0.08756426110286618,0.0009337837226121831,0.1625,0.305,0.695,0.0,0.0,0.305,-3.088575890672473,-15.926376099611115,34.11376468345929,400
markov_current,Markov SG-TD3 margin0.5 replay40k,markov,current,133,23.971279543188512,0.0970947864498994,0.0009699581462847165,0.185,0.3125,0.6875,0.0,0.0,0.3125,-3.6232138639791174,-21.421150495683104,32.49349756689779,400
markov_current,Markov SG-TD3 margin0.5 replay40k,markov,current,134,28.592410054149823,0.08598016005500567,0.0009693145344004735,0.1525,0.275,0.725,0.0,0.0,0.275,-5.048637816569908,-18.618359591452997,25.47784750043472,400
markov_current,Markov SG-TD3 margin0.5 replay40k,markov,current,135,27.880050945082633,0.08925926333123187,0.0009283489404354349,0.1575,0.295,0.705,0.0,0.0,0.295,-4.85015709722154,-22.034343213715545,28.08611904693618,400
markov_current,Markov SG-TD3 margin0.5 replay40k,markov,current,136,26.709687508638417,0.08096434921491234,0.0010869585772251042,0.185,0.315,0.685,0.0,0.0,0.315,-3.2001189155163274,-22.448428470689258,21.787262176272602,400
markov_current,Markov SG-TD3 margin0.5 replay40k,markov,current,137,28.563896696652428,0.08371062549178805,0.0009165107405697253,0.1625,0.2775,0.7225,0.0,0.0,0.2775,-4.264986925873131,-17.44524470118994,31.786055720512312,400
markov_current,Markov SG-TD3 margin0.5 replay40k,markov,current,138,28.71963265506362,0.07470642667285488,0.0010710859319488528,0.1675,0.2875,0.7125,0.0,0.0,0.2875,-5.15865337719174,-16.497184718643403,24.81292643603903,400
markov_current,Markov SG-TD3 margin0.5 replay40k,markov,current,139,27.73001823881655,0.08672034578676943,0.0009209508474714758,0.175,0.3125,0.6875,0.0,0.0,0.3125,-4.106385570923749,-16.86299417620231,27.66755109909571,400
markov_current,Markov SG-TD3 margin0.5 replay40k,markov,current,140,29.45250719148099,0.08043625030179881,0.000845259381981613,0.14,0.26,0.74,0.0,0.0,0.26,-4.373789297450344,-17.272672278767846,30.197115686095657,400
markov_current,Markov SG-TD3 margin0.5 replay40k,markov,current,141,25.93600068207984,0.08208365580670154,0.0010051125881649758,0.16,0.3325,0.6675,0.0,0.0,0.3325,-3.316205025910449,-14.119099337453974,29.62733496187047,400
markov_current,Markov SG-TD3 margin0.5 replay40k,markov,current,142,26.4346558067659,0.07801772596636805,0.001037674933401662,0.185,0.305,0.695,0.0,0.0,0.305,-3.3129937748736893,-15.936743890491805,25.423090929149943,400
markov_current,Markov SG-TD3 margin0.5 replay40k,markov,current,143,28.2598113896541,0.07898570157760931,0.0009971026565078168,0.1775,0.3225,0.6775,0.0,0.0,0.3225,-2.7101297231366175,-14.450595744213889,24.031462657203402,400
markov_current,Markov SG-TD3 margin0.5 replay40k,markov,current,144,27.04813564338596,0.0741876361218485,0.0009757940800178164,0.15,0.365,0.635,0.0,0.0,0.365,-2.5502042249185592,-14.394165592947285,26.804090507697484,400
markov_current,Markov SG-TD3 margin0.5 replay40k,markov,current,145,26.94321273696194,0.08343939705203737,0.0009339713109025772,0.165,0.3925,0.6075,0.0,0.0,0.3925,-2.0689169875965945,-12.96424446241774,24.250201069701514,400
markov_current,Markov SG-TD3 margin0.5 replay40k,markov,current,146,28.003912103091444,0.08376360768105555,0.0009378172876052425,0.1525,0.27,0.73,0.0,0.0,0.27,-4.0815902852689305,-15.177487458357131,21.644384963345,400
markov_current,Markov SG-TD3 margin0.5 replay40k,markov,current,147,29.574185346276103,0.06322406979402488,0.0011535897351724292,0.1625,0.3,0.7,0.0,0.0,0.3,-3.3941605662951133,-13.669855582562365,26.918035157325505,400
markov_current,Markov SG-TD3 margin0.5 replay40k,markov,current,148,26.713271909879953,0.06930689894665089,0.0011189928628943526,0.1475,0.315,0.685,0.0,0.0,0.315,-3.468532957812158,-16.93709324356316,28.27032396144261,400
markov_current,Markov SG-TD3 margin0.5 replay40k,markov,current,149,28.365227729999788,0.08606179591377677,0.0008838411046300014,0.1675,0.2725,0.7275,0.0,0.0,0.2725,-4.341721460773442,-15.814154044977977,29.9788161946105,400
markov_current,Markov SG-TD3 margin0.5 replay40k,markov,current,150,32.519853126384284,0.06643747737386954,0.0009294323876214561,0.1425,0.2725,0.7275,0.0,0.0,0.2725,-4.346499706428176,-13.708111684382676,23.196928074244344,400
markov_current,Markov SG-TD3 margin0.5 replay40k,markov,current,151,29.045526095623472,0.06414291586894284,0.0009639295170541387,0.14,0.2875,0.7125,0.0,0.0,0.2875,-2.707475001548005,-13.165084922885626,26.893919766084565,400
markov_current,Markov SG-TD3 margin0.5 replay40k,markov,current,152,27.09285262617214,0.07862490863352446,0.0009498371150936141,0.16,0.4025,0.5975,0.0,0.0,0.4025,-1.1018866115798573,-10.383914017120105,28.332357136121928,400
markov_current,Markov SG-TD3 margin0.5 replay40k,markov,current,153,28.521439223877927,0.06814155470170805,0.0010292334780955003,0.16,0.36,0.64,0.0,0.0,0.36,-2.5547994737790987,-14.124034039190747,22.855966809062195,400
markov_current,Markov SG-TD3 margin0.5 replay40k,markov,current,154,30.94710804140417,0.060893429403784116,0.0009377299259675617,0.14,0.335,0.665,0.0,0.0,0.335,-2.6659154157846388,-12.253016760055198,26.902366489222963,400
markov_current,Markov SG-TD3 margin0.5 replay40k,markov,current,155,28.013783679377845,0.0737357072802613,0.0008917358781329258,0.1475,0.33,0.67,0.0,0.0,0.33,-2.273069309708717,-13.326671155488429,18.110551323802888,400
markov_current,Markov SG-TD3 margin0.5 replay40k,markov,current,156,29.261131544253615,0.06496553296928638,0.001068643199813318,0.155,0.34,0.66,0.0,0.0,0.34,-2.323619505077886,-14.720402870578845,23.713825080347945,400
markov_current,Markov SG-TD3 margin0.5 replay40k,markov,current,157,30.391599085808107,0.06458961311600032,0.0009512219469816118,0.145,0.3525,0.6475,0.0,0.0,0.3525,-2.126786224206171,-11.070125962910629,25.682659425500553,400
markov_current,Markov SG-TD3 margin0.5 replay40k,markov,current,158,29.073350795601705,0.0686702404661648,0.0009430075571092815,0.155,0.3275,0.6725,0.0,0.0,0.3275,-1.601203098186943,-9.36327308650267,22.987832071763574,400
markov_current,Markov SG-TD3 margin0.5 replay40k,markov,current,159,32.15368676495314,0.06608796979080579,0.0008157390180293722,0.1425,0.325,0.675,0.0,0.0,0.325,-3.097855398923002,-10.768549296669471,22.57551462187254,400
markov_current,Markov SG-TD3 margin0.5 replay40k,markov,current,160,31.608146897448012,0.06247284837410347,0.0008681824261328537,0.13,0.3375,0.6625,0.0,0.0,0.3375,-1.955519273444338,-9.91665931989794,19.919602641816393,400
markov_current,Markov SG-TD3 margin0.5 replay40k,markov,current,161,28.945116763234918,0.07213101621766727,0.0008964983333535408,0.145,0.3525,0.6475,0.0,0.0,0.3525,-1.8610838252749318,-10.906792632679252,22.213208550878473,400
markov_current,Markov SG-TD3 margin0.5 replay40k,markov,current,162,30.752130549787452,0.06024108392035735,0.0009508709712432456,0.1325,0.3225,0.6775,0.0,0.0,0.3225,-1.9504609713893615,-9.95430610671884,20.082359096711173,400
markov_current,Markov SG-TD3 margin0.5 replay40k,markov,current,163,30.65556979803216,0.06643493296346076,0.0008753374168502481,0.1375,0.3325,0.6675,0.0,0.0,0.3325,-2.6724079258601705,-9.928867119415509,25.530394539096438,400
markov_current,Markov SG-TD3 margin0.5 replay40k,markov,current,164,31.64148545825861,0.06864129897332451,0.0007717294179399438,0.1225,0.3,0.7,0.0,0.0,0.3,-2.7981293454593015,-11.287209721948077,24.631776535499142,400
markov_current,Markov SG-TD3 margin0.5 replay40k,markov,current,165,29.92221955974429,0.06509043257364965,0.0009018115589887303,0.1275,0.39,0.61,0.0,0.0,0.39,-1.3678999757986503,-9.070614806692719,24.404963109407696,400
markov_current,Markov SG-TD3 margin0.5 replay40k,markov,current,166,30.375719512829892,0.062030165487411325,0.0009443978788686054,0.125,0.3175,0.6825,0.0,0.0,0.3175,-2.1253812828277887,-8.755071846541158,21.180061086532604,400
markov_current,Markov SG-TD3 margin0.5 replay40k,markov,current,167,31.29047120133081,0.06178398218231465,0.0008086735924028404,0.13,0.33,0.67,0.0,0.0,0.33,-1.8200734077818197,-11.017733876927513,20.796435831564725,400
markov_current,Markov SG-TD3 margin0.5 replay40k,markov,current,168,31.62051915676558,0.0652102967201339,0.0007439278582911054,0.1225,0.3375,0.6625,0.0,0.0,0.3375,-2.062794588271686,-9.559873023292539,16.18764006366624,400
markov_current,Markov SG-TD3 margin0.5 replay40k,markov,current,169,29.833518200995705,0.062439051808143464,0.0008413107294724699,0.1175,0.3225,0.6775,0.0,0.0,0.3225,-2.0019084378983507,-10.884141201116016,19.95132753265632,400
markov_current,Markov SG-TD3 margin0.5 replay40k,markov,current,170,30.219314332904187,0.07046033976794416,0.0007804955554052387,0.1125,0.315,0.685,0.0,0.0,0.315,-2.2977091213549556,-10.889191801924698,23.186910979339807,400
markov_current,Markov SG-TD3 margin0.5 replay40k,markov,current,171,29.910253539136047,0.06472240316389548,0.0008102731852487352,0.1325,0.325,0.675,0.0,0.0,0.325,-2.4242283288105,-11.230145004569021,17.222357933855267,400
markov_current,Markov SG-TD3 margin0.5 replay40k,markov,current,172,31.661484146643613,0.058856761369832616,0.0008217899194963448,0.1075,0.325,0.675,0.0,0.0,0.325,-1.7881742165363903,-9.072941783209194,21.507345579271135,400
markov_current,Markov SG-TD3 margin0.5 replay40k,markov,current,173,32.27911784481768,0.06383258361670295,0.0007441506518390157,0.115,0.2875,0.7125,0.0,0.0,0.2875,-2.7048965693828677,-8.636738885628482,16.52480999215414,400
markov_current,Markov SG-TD3 margin0.5 replay40k,markov,current,174,32.81329036998633,0.060004807151402995,0.000733297029319922,0.135,0.305,0.695,0.0,0.0,0.305,-1.7394389344954106,-8.213703006833066,19.10530377169821,400
markov_current,Markov SG-TD3 margin0.5 replay40k,markov,current,175,31.90947755325608,0.06265340276521324,0.0007162412110598371,0.125,0.3025,0.6975,0.0,0.0,0.3025,-2.8802530631515992,-9.464013877584785,21.86615308890505,400
markov_current,Markov SG-TD3 margin0.5 replay40k,markov,current,176,31.956700234773283,0.056655984577552755,0.0007749690883779108,0.1125,0.345,0.655,0.0,0.0,0.345,-1.3655408420917183,-7.219812582421263,22.379764615740225,400
markov_current,Markov SG-TD3 margin0.5 replay40k,markov,current,177,31.412796569415324,0.056282538326834344,0.0008456722367223646,0.1325,0.3775,0.6225,0.0,0.0,0.3775,-0.8513674669475222,-6.034834238039662,20.133349556711547,400
markov_current,Markov SG-TD3 margin0.5 replay40k,markov,current,178,32.0196445112305,0.059648028744056975,0.0007707974097464914,0.1175,0.3275,0.6725,0.0,0.0,0.3275,-1.3361534938371733,-7.872790831364045,25.445843491555472,400
markov_current,Markov SG-TD3 margin0.5 replay40k,markov,current,179,30.526030772272176,0.07125292660214018,0.0007245706210462222,0.12,0.3325,0.6675,0.0,0.0,0.3325,-1.2396657489274503,-6.904135634598083,22.517536188264238,400
markov_current,Markov SG-TD3 margin0.5 replay40k,markov,current,180,31.081341936338564,0.06703613940263621,0.000722464681069676,0.135,0.335,0.665,0.0,0.0,0.335,-1.2626198331323621,-8.273193174315246,22.930727468455668,400
markov_current,Markov SG-TD3 margin0.5 replay40k,markov,current,181,29.029936355485514,0.0772090237371615,0.0007530746589049905,0.1475,0.3525,0.6475,0.0,0.0,0.3525,-1.2530138590152546,-7.753164935948097,28.75376562595387,400
markov_current,Markov SG-TD3 margin0.5 replay40k,markov,current,182,29.26351496076376,0.06535772222889849,0.0008406582684680585,0.1375,0.3875,0.6125,0.0,0.0,0.3875,-1.4633466342729662,-9.254132038961776,28.69355099308733,400
markov_current,Markov SG-TD3 margin0.5 replay40k,markov,current,183,31.859011902743656,0.057288120180887366,0.0008585061700117155,0.1325,0.36,0.64,0.0,0.0,0.36,-1.3495877501675295,-8.56389565147747,26.42275611539691,400
markov_current,Markov SG-TD3 margin0.5 replay40k,markov,current,184,33.14095678848732,0.06901263203145844,0.0006819100435326263,0.125,0.2675,0.7325,0.0,0.0,0.2675,-2.002540603716625,-7.8865220270505905,24.98760620917772,400
markov_current,Markov SG-TD3 margin0.5 replay40k,markov,current,185,29.92127712148158,0.06526238142372508,0.0008216766713827548,0.13,0.39,0.61,0.0,0.0,0.39,-1.0049582060205466,-8.249343039473432,28.064694943164017,400
markov_current,Markov SG-TD3 margin0.5 replay40k,markov,current,186,30.797717706604057,0.06203135758399738,0.0008902317910973735,0.1475,0.445,0.555,0.0,0.0,0.445,-0.38563203891476405,-6.822161626230127,24.89398078339465,400
markov_current,Markov SG-TD3 margin0.5 replay40k,markov,current,187,30.8617918132165,0.06170053028541381,0.0009252316608281502,0.155,0.4125,0.5875,0.0,0.0,0.4125,-0.5934376805303145,-6.957136959974331,25.14727155898994,400
markov_current,Markov SG-TD3 margin0.5 replay40k,markov,current,188,27.4862876201241,0.07276276607143194,0.0009934170653380142,0.17,0.44,0.56,0.0,0.0,0.44,-0.7115797946757993,-8.914666110947564,33.680783164215136,400
markov_current,Markov SG-TD3 margin0.5 replay40k,markov,current,189,29.790176985438837,0.057930091148860136,0.0010491518610472297,0.1425,0.4525,0.5475,0.0,0.0,0.4525,-0.11830552427898056,-6.227280717096618,28.05610513283303,400
markov_current,Markov SG-TD3 margin0.5 replay40k,markov,current,190,30.73256922230855,0.05873391466307404,0.0009363768758184059,0.1325,0.42,0.58,0.0,0.0,0.42,-0.8053552586119395,-9.085167059877584,31.800787481060617,400
markov_current,Markov SG-TD3 margin0.5 replay40k,markov,current,191,29.93055374641522,0.07556056016559748,0.0007945076088701575,0.1375,0.4275,0.5725,0.0,0.0,0.4275,-0.486857467955474,-7.126757661722284,21.453201668297954,400
markov_current,Markov SG-TD3 margin0.5 replay40k,markov,current,192,28.714070373332433,0.07392243702500827,0.0010361684501595675,0.1575,0.3725,0.6275,0.0,0.0,0.3725,-0.8807294291293033,-8.31187357503327,24.314814195760093,400
markov_current,Markov SG-TD3 margin0.5 replay40k,markov,current,193,30.263737829215085,0.06563718988396064,0.0009801337222595551,0.145,0.36,0.64,0.0,0.0,0.36,-1.477663156120343,-7.497284605774849,25.07707390018767,400
markov_current,Markov SG-TD3 margin0.5 replay40k,markov,current,194,28.08609511363932,0.07016778059213809,0.000981868939523615,0.1475,0.4325,0.5675,0.0,0.0,0.4325,-0.4751294552206673,-6.906752619945792,28.422789153925674,400
markov_current,Markov SG-TD3 margin0.5 replay40k,markov,current,195,30.64821059903548,0.062100614518583314,0.0008934039927819071,0.135,0.44,0.56,0.0,0.0,0.44,-0.31976581927369807,-7.350563252103779,32.75195639792237,400
markov_current,Markov SG-TD3 margin0.5 replay40k,markov,current,196,29.63292770349738,0.0635874047832578,0.0008916289210444768,0.1325,0.415,0.585,0.0,0.0,0.415,-0.31536758352478955,-5.805681280144858,24.996068120388735,400
markov_current,Markov SG-TD3 margin0.5 replay40k,markov,current,197,29.30774373161519,0.06093423776212617,0.0009229520108040616,0.1225,0.4225,0.5775,0.0,0.0,0.4225,-0.199633302736288,-6.412520660077006,25.853597667121267,400
markov_current,Markov SG-TD3 margin0.5 replay40k,markov,current,198,27.686045117127115,0.07313798055844284,0.000917094584859538,0.165,0.4575,0.5425,0.0,0.0,0.4575,-0.16295468610610442,-7.427767854651756,24.17672387435586,400
markov_current,Markov SG-TD3 margin0.5 replay40k,markov,current,199,29.637991281993532,0.06875756211713503,0.0007885611053219462,0.145,0.3525,0.6475,0.0,0.0,0.3525,-1.1976446754910057,-7.612245191681631,22.09875632868321,400
markov_current,Markov SG-TD3 margin0.5 replay40k,markov,current,200,31.81950238456854,0.05582809555517423,0.0007822615951618363,0.1125,0.47,0.53,0.0,0.0,0.47,0.4104860020727301,-0.9457049576575628,29.78773722280641,400
markov_previous,Markov SG-TD3 June 6 margin0,markov,reference,1,-3.153276147617337,0.2943526700821088,0.002592509105932414,0.44,0.0,0.0,0.0,0.0,nan,nan,nan,nan,0
markov_previous,Markov SG-TD3 June 6 margin0,markov,reference,2,8.079282593020153,0.18433812649371306,0.0014378097675925494,0.2475,0.0,0.0,0.0,0.0,nan,nan,nan,nan,0
markov_previous,Markov SG-TD3 June 6 margin0,markov,reference,3,8.056081543431276,0.18376230095153168,0.0014306740924397837,0.2425,0.0,0.0,0.0,0.0,nan,nan,nan,nan,0
markov_previous,Markov SG-TD3 June 6 margin0,markov,reference,4,8.163216493473662,0.1827134018598649,0.001423871356645352,0.245,0.0,0.0,0.0,0.0,nan,nan,nan,nan,0
markov_previous,Markov SG-TD3 June 6 margin0,markov,reference,5,8.255229283710428,0.18164576871935928,0.0014175075958855103,0.245,0.0,0.0,0.0,0.0,nan,nan,nan,nan,0
markov_previous,Markov SG-TD3 June 6 margin0,markov,reference,6,8.341568968193357,0.18065818261499647,0.001410813699239523,0.2425,0.0,0.0,0.0,0.0,nan,nan,nan,nan,0
markov_previous,Markov SG-TD3 June 6 margin0,markov,reference,7,8.465322286161005,0.17951088238328394,0.001403307767530644,0.2425,0.0,0.0,0.0,0.0,nan,nan,nan,nan,0
markov_previous,Markov SG-TD3 June 6 margin0,markov,reference,8,8.578620344626094,0.17840595759721622,0.0013960747643973785,0.24,0.0,0.0,0.0,0.0,nan,nan,nan,nan,0
markov_previous,Markov SG-TD3 June 6 margin0,markov,reference,9,8.696080878906907,0.17713459871800705,0.0013897546666196208,0.235,0.0,0.0,0.0,0.0,nan,nan,nan,nan,0
markov_previous,Markov SG-TD3 June 6 margin0,markov,reference,10,8.938793305979319,0.1751456084120554,0.001377111258935993,0.23,0.0,0.0,0.0,0.0,nan,nan,nan,nan,0
markov_previous,Markov SG-TD3 June 6 margin0,markov,reference,11,8.920519101797026,0.17503837051453275,0.0013753174492112136,0.2325,0.0,0.9975,0.0,0.0,0.0,nan,nan,nan,399
markov_previous,Markov SG-TD3 June 6 margin0,markov,reference,12,9.091506618395393,0.1737625509772885,0.0013656724561479183,0.23,0.0,1.0,0.0,0.0,0.0,nan,nan,nan,400
markov_previous,Markov SG-TD3 June 6 margin0,markov,reference,13,9.114003180981626,0.17325665246805572,0.0013564630676638429,0.2275,0.0,1.0,0.0,0.0,0.0,nan,nan,nan,400
markov_previous,Markov SG-TD3 June 6 margin0,markov,reference,14,3.9939661452706074,0.1998922000386294,0.0016656942423665271,0.255,0.0475,0.9525,0.0,0.0,0.0475,-102.55173217773438,-254.15634486654037,-31.848235054016115,400
markov_previous,Markov SG-TD3 June 6 margin0,markov,reference,15,7.275739161135991,0.18457637600697305,0.001586665945526805,0.2325,0.035,0.965,0.0,0.0,0.035,-123.22519409179688,-279.1847248805014,-27.65136262893674,400
markov_previous,Markov SG-TD3 June 6 margin0,markov,reference,16,13.107101570984023,0.15690716576494834,0.0014561729651621474,0.23,0.04,0.96,0.0,0.0,0.04,-133.15293228149415,-369.8545759064462,-26.773032875061038,400
markov_previous,Markov SG-TD3 June 6 margin0,markov,reference,17,11.318537384025467,0.17170725731082817,0.001561344482248257,0.255,0.025,0.975,0.0,0.0,0.025,-157.34931861877442,-344.85315007686614,-18.096303005218502,400
markov_previous,Markov SG-TD3 June 6 margin0,markov,reference,18,12.775850352665415,0.161461629552443,0.0014273923144055023,0.24,0.0325,0.9675,0.0,0.0,0.0325,-173.17954360961915,-381.7958102416992,-31.743271497469376,400
markov_previous,Markov SG-TD3 June 6 margin0,markov,reference,19,14.046371241399221,0.15363405666183097,0.0012734268051431041,0.23,0.0225,0.9775,0.0,0.0,0.0225,-210.49577852272415,-419.1470311832428,-44.00532428741455,400
markov_previous,Markov SG-TD3 June 6 margin0,markov,reference,20,14.577022903518234,0.16279917711520195,0.00144615241631924,0.2975,0.045,0.955,0.0,0.0,0.045,-218.94073330879212,-458.23374810979004,-49.35286406397819,400
markov_previous,Markov SG-TD3 June 6 margin0,markov,reference,21,14.830940672442534,0.14908835645786706,0.001233589010355695,0.235,0.025,0.975,0.0,0.0,0.025,-214.78390731975713,-493.72426740646364,-41.39329092279286,400
markov_previous,Markov SG-TD3 June 6 margin0,markov,reference,22,11.726413255662749,0.15873836123241966,0.0014110518113367315,0.225,0.0675,0.9325,0.0,0.0,0.0675,-242.2754336440563,-553.0922352027893,-29.402066127419467,400
markov_previous,Markov SG-TD3 June 6 margin0,markov,reference,23,14.406590630385187,0.15199675166307525,0.0012114576971198304,0.2075,0.0525,0.9475,0.0,0.0,0.0525,-245.32791339874268,-543.1188096987105,-48.809791965484536,400
markov_previous,Markov SG-TD3 June 6 margin0,markov,reference,24,14.401123636304755,0.14814644100341512,0.0010654725077241926,0.1975,0.0275,0.9725,0.0,0.0,0.0275,-252.69166545124423,-506.69830505371095,-43.93781143300938,400
markov_previous,Markov SG-TD3 June 6 margin0,markov,reference,25,12.796752401897795,0.15005888796652073,0.0010232797837648041,0.1825,0.02,0.98,0.0,0.0,0.02,-271.80070264441736,-599.7492156219482,-58.53878672994575,400
markov_previous,Markov SG-TD3 June 6 margin0,markov,reference,26,15.502076649417397,0.13829972657243134,0.0012271561565530137,0.17,0.0425,0.9575,0.0,0.0,0.0425,-270.69834417095876,-575.0350867462158,-38.345449149310575,400
markov_previous,Markov SG-TD3 June 6 margin0,markov,reference,27,9.885078921232749,0.16057137095410037,0.0014410041616931444,0.2,0.0375,0.9625,0.0,0.0,0.0375,-254.54038917541504,-629.0246517542358,-43.94227796678195,400
markov_previous,Markov SG-TD3 June 6 margin0,markov,reference,28,15.656662422150932,0.14416082703377797,0.0012521183443369454,0.215,0.0325,0.9675,0.0,0.0,0.0325,-257.5321008534131,-608.539361114502,-46.84241694927213,400
markov_previous,Markov SG-TD3 June 6 margin0,markov,reference,29,16.24597270335276,0.1347090864785866,0.0011861399873782435,0.2075,0.035,0.965,0.0,0.0,0.035,-297.60919769346714,-679.7587200541885,-60.96636658734046,400
markov_previous,Markov SG-TD3 June 6 margin0,markov,reference,30,14.975504431167476,0.15675768211036986,0.0011993384014680182,0.2525,0.055,0.945,0.0,0.0,0.055,-258.7376100914192,-663.8824198704995,-30.289523533470785,400
markov_previous,Markov SG-TD3 June 6 margin0,markov,reference,31,15.974255525280952,0.14536302791767666,0.0013633053041265714,0.2175,0.03,0.97,0.0,0.0,0.03,-276.89253913879395,-660.6540249943761,-69.36311230182645,400
markov_previous,Markov SG-TD3 June 6 margin0,markov,reference,32,15.905917458966531,0.13704666209298624,0.0012695700286680792,0.2025,0.0325,0.9675,0.0,0.0,0.0325,-233.34032070159913,-656.0930388641356,-24.44132891845703,400
markov_previous,Markov SG-TD3 June 6 margin0,markov,reference,33,14.577065442349134,0.13731148969146223,0.0015635775726112091,0.23,0.04,0.96,0.0,0.0,0.04,-257.8922673416138,-600.4611224154235,-51.15734476566311,400
markov_previous,Markov SG-TD3 June 6 margin0,markov,reference,34,8.64938071580221,0.16704199810972412,0.0011502626088134482,0.2225,0.04,0.96,0.0,0.0,0.04,-255.11193561077118,-689.5038453641673,-39.4858862833776,400
markov_previous,Markov SG-TD3 June 6 margin0,markov,reference,35,4.813549170123611,0.19278614360315774,0.0014424363499404166,0.2575,0.0625,0.9375,0.0,0.0,0.0625,-227.97376337111032,-644.8944615961188,-51.26144554794646,400
markov_previous,Markov SG-TD3 June 6 margin0,markov,reference,36,16.141950720940756,0.14330515816114192,0.0014102554183299226,0.2475,0.0625,0.9375,0.0,0.0,0.0625,-234.39694626212253,-692.7103629541714,-10.708752841098866,400
markov_previous,Markov SG-TD3 June 6 margin0,markov,reference,37,8.941889561098206,0.183717868938649,0.0013522194064554721,0.2425,0.0225,0.9775,0.0,0.0,0.0225,-237.3200959998371,-681.0948851441376,-42.866037292480435,400
markov_previous,Markov SG-TD3 June 6 margin0,markov,reference,38,11.87727863136175,0.16160937380555304,0.001292166679888393,0.24,0.0425,0.9575,0.0,0.0,0.0425,-194.13890418523584,-657.2397349923964,-28.716404948099232,400
markov_previous,Markov SG-TD3 June 6 margin0,markov,reference,39,13.978121756423702,0.15950821532836235,0.0012563501691600098,0.2525,0.0475,0.9525,0.0,0.0,0.0475,-248.77451756031633,-675.9900379605822,-37.6089404296875,400
markov_previous,Markov SG-TD3 June 6 margin0,markov,reference,40,11.57258344305457,0.16973386285542638,0.00160814640889986,0.2475,0.0525,0.9475,0.0,0.0,0.0525,-215.04827222764493,-680.0682727846569,-18.207835569273254,400
markov_previous,Markov SG-TD3 June 6 margin0,markov,reference,41,8.805502590436738,0.19270147441795266,0.001397118265764803,0.2525,0.06,0.94,0.0,0.0,0.06,-247.96726885429382,-665.848952029567,-31.70927471183471,400
markov_previous,Markov SG-TD3 June 6 margin0,markov,reference,42,12.019202024246745,0.1770199028114794,0.0012435754378027574,0.24,0.0425,0.9575,0.0,0.0,0.0425,-212.59168394029143,-778.2582629047967,-27.625368496361254,400
markov_previous,Markov SG-TD3 June 6 margin0,markov,reference,43,14.564574582416396,0.15996956863127373,0.001520705038081095,0.255,0.0625,0.9375,0.0,0.0,0.0625,-210.9786828042063,-709.2659132264456,-36.173447818944986,400
markov_previous,Markov SG-TD3 June 6 margin0,markov,reference,44,10.952216662667833,0.1844517820249326,0.0014895897541889248,0.2675,0.045,0.955,0.0,0.0,0.045,-203.2274130312052,-717.1834000360221,-29.69808531749246,400
markov_previous,Markov SG-TD3 June 6 margin0,markov,reference,45,8.256076342829793,0.19049478956107674,0.0016564718480406816,0.2675,0.0525,0.9475,0.0,0.0,0.0525,-170.0662476569725,-826.7854797167859,-34.87929810406703,400
markov_previous,Markov SG-TD3 June 6 margin0,markov,reference,46,7.939115471816406,0.18916715166243273,0.0013712282114812203,0.235,0.0325,0.9675,0.0,0.0,0.0325,-257.7269242578376,-747.7189098851343,-39.904767624063766,400
markov_previous,Markov SG-TD3 June 6 margin0,markov,reference,47,10.305418915618427,0.20466493701860478,0.001848019035008633,0.255,0.08,0.92,0.0,0.0,0.08,-193.30032384366916,-788.2334286072212,-14.051180835204091,400
markov_previous,Markov SG-TD3 June 6 margin0,markov,reference,48,10.16051434500254,0.18829714033874054,0.0017259648871965495,0.26,0.0475,0.9525,0.0,0.0,0.0475,-265.39028972012306,-679.7391053791347,-23.943081770924433,400
markov_previous,Markov SG-TD3 June 6 margin0,markov,reference,49,13.576699593552526,0.1797707762922974,0.0014847897368440322,0.305,0.095,0.905,0.0,0.0,0.095,-212.82169763225642,-738.7017971080172,-1.7725579512623457,400
markov_previous,Markov SG-TD3 June 6 margin0,markov,reference,50,4.176397876603421,0.22778131140769667,0.0014654092583212574,0.26,0.1075,0.8925,0.0,0.0,0.1075,-234.15374675295175,-747.6385923188682,5.254075271486834,400
markov_previous,Markov SG-TD3 June 6 margin0,markov,reference,51,3.6338179910252983,0.20960082386592607,0.0013376077521756941,0.245,0.11,0.89,0.0,0.0,0.11,-229.16849374208596,-652.3366309888064,1.4913058609353576,400
markov_previous,Markov SG-TD3 June 6 margin0,markov,reference,52,6.5540038291079235,0.21306140210192898,0.0018087508065044353,0.3125,0.105,0.895,0.0,0.0,0.105,-165.9026057739609,-623.7880932208972,0.30428727690146284,400
markov_previous,Markov SG-TD3 June 6 margin0,markov,reference,53,-1.869602445459592,0.2326743435698103,0.002378335800178036,0.4375,0.115,0.885,0.0,0.0,0.115,-137.7587598373873,-556.314555143333,8.824932199053814,400
markov_previous,Markov SG-TD3 June 6 margin0,markov,reference,54,-1.971924846964039,0.23762215231901737,0.0014856037770147664,0.2925,0.12,0.88,0.0,0.0,0.12,-140.2261087575382,-566.514568690719,4.7405675723826,400
markov_previous,Markov SG-TD3 June 6 margin0,markov,reference,55,10.781172216965517,0.18791704237163614,0.0017105920652872686,0.2725,0.1025,0.8975,0.0,0.0,0.1025,-119.83994072568572,-513.3501782211207,7.368537886506769,400
markov_previous,Markov SG-TD3 June 6 margin0,markov,reference,56,4.765910105088124,0.22317174814545881,0.0016403033997918848,0.345,0.1425,0.8575,0.0,0.0,0.1425,-108.98404124180624,-413.6053380800509,9.389091990820749,400
markov_previous,Markov SG-TD3 June 6 margin0,markov,reference,57,13.563300562361565,0.1688652879494067,0.0011381575083883322,0.22,0.0975,0.9025,0.0,0.0,0.0975,-118.48711976519814,-410.6463306952328,-5.970146567514662,400
markov_previous,Markov SG-TD3 June 6 margin0,markov,reference,58,10.92999889897075,0.18131454537263827,0.0013962041284235893,0.25,0.07,0.93,0.0,0.0,0.07,-125.0841830245493,-474.7308408326348,-7.644543428913562,400
markov_previous,Markov SG-TD3 June 6 margin0,markov,reference,59,11.476643753980229,0.1815827994676249,0.0017903049954258764,0.275,0.0875,0.9125,0.0,0.0,0.0875,-135.6256930526732,-426.755770670194,-1.3283181948628602,400
markov_previous,Markov SG-TD3 June 6 margin0,markov,reference,60,14.968112383198543,0.15734609026693577,0.0015828308276321147,0.245,0.07,0.93,0.0,0.0,0.07,-117.9403578855256,-495.85586962108283,-12.73514394414424,400
markov_previous,Markov SG-TD3 June 6 margin0,markov,reference,61,12.311241180525982,0.163516478712708,0.0015415742168465186,0.245,0.0525,0.9475,0.0,0.0,0.0525,-112.11118312894524,-491.2369006598951,-10.27553320648763,400
markov_previous,Markov SG-TD3 June 6 margin0,markov,reference,62,15.428415689426286,0.1485749914908464,0.0016245174513400621,0.25,0.06,0.94,0.0,0.0,0.06,-106.83621955633501,-486.0124792103802,-6.446958233103092,400
markov_previous,Markov SG-TD3 June 6 margin0,markov,reference,63,11.938481212834203,0.16275456064369792,0.0013729708214356782,0.24,0.0525,0.9475,0.0,0.0,0.0525,-127.97796184888921,-412.57073790578977,-11.215810929697442,400
markov_previous,Markov SG-TD3 June 6 margin0,markov,reference,64,12.09067239027328,0.16697221882712066,0.0014686569794848314,0.23,0.035,0.965,0.0,0.0,0.035,-144.95743381160477,-422.4115874772537,-16.825394331628605,400
markov_previous,Markov SG-TD3 June 6 margin0,markov,reference,65,11.416962169708214,0.16458173147176292,0.001331295405848461,0.2375,0.045,0.955,0.0,0.0,0.045,-102.15202240496475,-429.5316938063702,-17.578087641512283,400
markov_previous,Markov SG-TD3 June 6 margin0,markov,reference,66,11.338222312214938,0.1701044372887142,0.0015257986829893167,0.255,0.055,0.945,0.0,0.0,0.055,-100.17809043029706,-443.71407502141125,-19.32744448468744,400
markov_previous,Markov SG-TD3 June 6 margin0,markov,reference,67,13.122494100331666,0.15578021953378482,0.0014867531825615483,0.24,0.06,0.94,0.0,0.0,0.06,-119.13196817533549,-461.1925451085017,-11.492838259026366,400
markov_previous,Markov SG-TD3 June 6 margin0,markov,reference,68,13.45450144524124,0.1548991185232948,0.0014355084449393862,0.2175,0.065,0.935,0.0,0.0,0.065,-133.41717644574402,-395.5813954459673,-8.481259981423603,400
markov_previous,Markov SG-TD3 June 6 margin0,markov,reference,69,14.83906870962237,0.15528665607784142,0.0015040769841053515,0.2475,0.045,0.955,0.0,0.0,0.045,-127.75963512975017,-410.2611076197575,-12.504388965823486,400
markov_previous,Markov SG-TD3 June 6 margin0,markov,reference,70,12.217610606108035,0.16855010363417297,0.0015796534017714515,0.265,0.0475,0.9525,0.0,0.0,0.0475,-105.40589320910027,-371.3346424707149,-12.787656715556157,400
markov_previous,Markov SG-TD3 June 6 margin0,markov,reference,71,13.13130954389584,0.16434726605302574,0.0013982801869415749,0.2375,0.0375,0.9625,0.0,0.0,0.0375,-103.73102045236806,-436.27319586882845,-14.045074759611872,400
markov_previous,Markov SG-TD3 June 6 margin0,markov,reference,72,17.069301761375993,0.13761226953567016,0.0015380475899571073,0.2475,0.065,0.935,0.0,0.0,0.065,-88.55452856647332,-334.11318219218214,-11.678596816019718,400
markov_previous,Markov SG-TD3 June 6 margin0,markov,reference,73,14.757022589932463,0.1462663753323699,0.001429642912806283,0.2375,0.0575,0.9425,0.0,0.0,0.0575,-103.82061035522094,-354.84542170636735,-14.8657388189109,400
markov_previous,Markov SG-TD3 June 6 margin0,markov,reference,74,14.671698405185566,0.14667591252358642,0.0016324429885841796,0.2525,0.055,0.945,0.0,0.0,0.055,-101.84819349425572,-382.0645384884132,-13.607767296564052,400
markov_previous,Markov SG-TD3 June 6 margin0,markov,reference,75,15.069698359229292,0.14649817790471467,0.0013041587883156846,0.2025,0.0575,0.9425,0.0,0.0,0.0575,-99.59405607523806,-346.4025088113457,-10.913253486792243,400
markov_previous,Markov SG-TD3 June 6 margin0,markov,reference,76,16.233721175795225,0.14835197159122704,0.0014183333634934909,0.2375,0.0525,0.9475,0.0,0.0,0.0525,-94.4908794921495,-354.53293298844284,-10.185979955281438,400
markov_previous,Markov SG-TD3 June 6 margin0,markov,reference,77,15.95392247695046,0.13616558776290139,0.001392650760445705,0.225,0.11,0.89,0.0,0.0,0.11,-85.92329940442295,-324.28307928188167,5.0623255786971875,400
markov_previous,Markov SG-TD3 June 6 margin0,markov,reference,78,16.716181902741177,0.14291184216798367,0.0013593914492762548,0.2325,0.0875,0.9125,0.0,0.0,0.0875,-109.47192537318867,-330.4028471592231,-1.9733913895471225,400
markov_previous,Markov SG-TD3 June 6 margin0,markov,reference,79,16.122502853596124,0.13437693426437047,0.0015413214410162684,0.1825,0.0975,0.9025,0.0,0.0,0.0975,-83.7673304034733,-301.46626153493855,-5.4077196827178655,400
markov_previous,Markov SG-TD3 June 6 margin0,markov,reference,80,14.973691296270328,0.148937052892672,0.0017291578804505669,0.2525,0.0775,0.9225,0.0,0.0,0.0775,-77.57130729915082,-311.00868183416094,-6.670621844227322,400
markov_previous,Markov SG-TD3 June 6 margin0,markov,reference,81,13.721935150536405,0.1552129256218824,0.0017169540131555595,0.2525,0.06,0.94,0.0,0.0,0.06,-65.68741748360009,-254.7231394576516,-6.480622770175147,400
markov_previous,Markov SG-TD3 June 6 margin0,markov,reference,82,18.30690582948741,0.14938834464340167,0.0014886163504777019,0.2575,0.0775,0.9225,0.0,0.0,0.0775,-65.15526846233303,-242.19261170957174,-12.437451251904628,400
markov_previous,Markov SG-TD3 June 6 margin0,markov,reference,83,14.0885048397741,0.1632141477103091,0.0017203820034230885,0.275,0.0675,0.9325,0.0,0.0,0.0675,-99.1610169635863,-287.2592507640626,-13.330159203372034,400
markov_previous,Markov SG-TD3 June 6 margin0,markov,reference,84,17.377987660567236,0.14753917238751188,0.001556285673128689,0.26,0.0875,0.9125,0.0,0.0,0.0875,-119.7510542945995,-286.733797033955,-5.782029458903738,400
markov_previous,Markov SG-TD3 June 6 margin0,markov,reference,85,14.238523898104061,0.1639390187122899,0.001708665124391723,0.2825,0.105,0.895,0.0,0.0,0.105,-83.60580382098487,-237.47343937532676,1.8997249316080398,400
markov_previous,Markov SG-TD3 June 6 margin0,markov,reference,86,16.02525007994179,0.1534188108063932,0.0014800425185371824,0.2225,0.0925,0.9075,0.0,0.0,0.0925,-93.96940661797413,-293.52813542544055,-1.5013157207136385,400
markov_previous,Markov SG-TD3 June 6 margin0,markov,reference,87,18.056613494583438,0.14558161609182294,0.001299704154810746,0.2375,0.085,0.915,0.0,0.0,0.085,-80.80267382328131,-264.4363778207027,-4.885821739804113,400
markov_previous,Markov SG-TD3 June 6 margin0,markov,reference,88,17.04370821643808,0.14739189612009768,0.0016474823281319036,0.2675,0.1025,0.8975,0.0,0.0,0.1025,-73.68983778918334,-223.10672883998453,1.07147145111039,400
markov_previous,Markov SG-TD3 June 6 margin0,markov,reference,89,19.023442666906,0.14466723718190036,0.0016144992636694547,0.27,0.0525,0.9475,0.0,0.0,0.0525,-77.69608706600292,-234.36336798681197,-11.486831693156134,400
markov_previous,Markov SG-TD3 June 6 margin0,markov,reference,90,17.948565919182858,0.14537082353921385,0.0015507155474599882,0.2475,0.075,0.925,0.0,0.0,0.075,-73.55748511778194,-210.69646506343568,-10.172888981249653,400
markov_previous,Markov SG-TD3 June 6 margin0,markov,reference,91,18.472386914062902,0.1354095906102156,0.001434693167950324,0.22,0.0725,0.9275,0.0,0.0,0.0725,-78.02099638536862,-200.73648378883968,-8.72667913385229,400
markov_previous,Markov SG-TD3 June 6 margin0,markov,reference,92,20.10633832250711,0.134883932591353,0.0012347223045681875,0.2425,0.07,0.93,0.0,0.0,0.07,-79.24213648493583,-173.39689707937208,-10.716569265040077,400
markov_previous,Markov SG-TD3 June 6 margin0,markov,reference,93,16.18496276482902,0.13831535054809524,0.0013859434986296796,0.2,0.0875,0.9125,0.0,0.0,0.0875,-75.72852669744793,-191.67241837925684,-2.361155705019797,400
markov_previous,Markov SG-TD3 June 6 margin0,markov,reference,94,21.51986625861148,0.12030640178071784,0.0014658168600678518,0.2425,0.075,0.925,0.0,0.0,0.075,-69.5387638250553,-149.4590989664683,-4.186133042984995,400
markov_previous,Markov SG-TD3 June 6 margin0,markov,reference,95,16.07678896140253,0.1351533623076418,0.0015138540872621257,0.23,0.07,0.93,0.0,0.0,0.07,-59.84551713613928,-176.72447969316232,-6.425479389166451,400
markov_previous,Markov SG-TD3 June 6 margin0,markov,reference,96,18.82181549575691,0.12181416706096555,0.0014656764108473997,0.24,0.08,0.92,0.0,0.0,0.08,-56.28304231433128,-158.71398954039074,-4.703948691646191,400
markov_previous,Markov SG-TD3 June 6 margin0,markov,reference,97,17.03555279330495,0.12359328276714673,0.0015804724613214232,0.23,0.0875,0.9125,0.0,0.0,0.0875,-51.25312486406142,-145.38902294907376,-4.194772410381719,400
markov_previous,Markov SG-TD3 June 6 margin0,markov,reference,98,15.40157608766526,0.13111876796729946,0.0015236947885153217,0.2125,0.1175,0.8825,0.0,0.0,0.1175,-47.01245068540652,-139.73626533465168,4.442091345512048,400
markov_previous,Markov SG-TD3 June 6 margin0,markov,reference,99,17.31826275776682,0.12823387504615533,0.0013290857492744277,0.215,0.075,0.925,0.0,0.0,0.075,-42.2383159157871,-118.41474080440656,-9.092224481817661,400
markov_previous,Markov SG-TD3 June 6 margin0,markov,reference,100,18.532010177169916,0.13182476655051423,0.0013837536210055729,0.2475,0.065,0.935,0.0,0.0,0.065,-47.742010429205095,-110.41617613028916,-9.23095836991668,400
markov_previous,Markov SG-TD3 June 6 margin0,markov,reference,101,17.319003185931706,0.13638316973483403,0.001393482205854181,0.2375,0.0575,0.9425,0.0,0.0,0.0575,-39.14458709698283,-96.22493245559524,-6.248853058257702,400
markov_previous,Markov SG-TD3 June 6 margin0,markov,reference,102,15.515465532639974,0.1384042794162047,0.001530649440224392,0.225,0.1375,0.8625,0.0,0.0,0.1375,-38.431770725106844,-115.60388675917761,6.776021662365383,400
markov_previous,Markov SG-TD3 June 6 margin0,markov,reference,103,18.436077196131134,0.12239299517672723,0.0013276340581485895,0.23,0.075,0.925,0.0,0.0,0.075,-39.37376666277487,-115.35858436089667,-3.4591847430831044,400
markov_previous,Markov SG-TD3 June 6 margin0,markov,reference,104,19.123170594384295,0.110729826113307,0.00156733588226749,0.21,0.12,0.88,0.0,0.0,0.12,-47.787523684732406,-116.4931572187159,3.666255029633503,400
markov_previous,Markov SG-TD3 June 6 margin0,markov,reference,105,20.633528833843062,0.10531960713353815,0.0013071084966296258,0.1725,0.0875,0.9125,0.0,0.0,0.0875,-40.236936428914646,-84.4639112552239,-3.939082051385442,400
markov_previous,Markov SG-TD3 June 6 margin0,markov,reference,106,18.047833774246854,0.11816384176574583,0.0013272774920488734,0.1625,0.0775,0.9225,0.0,0.0,0.0775,-30.421929186843897,-88.25936266279618,-2.44685950899994,400
markov_previous,Markov SG-TD3 June 6 margin0,markov,reference,107,16.538934320483055,0.12625061765828435,0.0011425957348821397,0.1125,0.1,0.9,0.0,0.0,0.1,-28.5595665597601,-95.09607881488945,-0.005759317220267396,400
markov_previous,Markov SG-TD3 June 6 margin0,markov,reference,108,20.04981335773105,0.09449563200821647,0.0012141349844017836,0.0875,0.1225,0.8775,0.0,0.0,0.1225,-32.5257020848145,-90.42457137330311,3.0319916040734918,400
markov_previous,Markov SG-TD3 June 6 margin0,markov,reference,109,18.139758908884417,0.10807767977076456,0.001452498274978628,0.1325,0.1575,0.8425,0.0,0.0,0.1575,-34.54458117919907,-74.54915482757335,21.015551276415543,400
markov_previous,Markov SG-TD3 June 6 margin0,markov,reference,110,19.278216788034698,0.0993515656331709,0.001474987087684187,0.1425,0.1,0.9,0.0,0.0,0.1,-30.691617551704894,-82.38121709917932,-0.9133700611563262,400
markov_previous,Markov SG-TD3 June 6 margin0,markov,reference,111,20.19078130027061,0.08646354080395399,0.0015526908499819015,0.1075,0.1325,0.8675,0.0,0.0,0.1325,-26.33896062589949,-82.96563452159123,4.538821247642705,400
markov_previous,Markov SG-TD3 June 6 margin0,markov,reference,112,20.539694625913288,0.11521157084514509,0.0011550145542533461,0.145,0.095,0.905,0.0,0.0,0.095,-23.880825220337073,-67.74563659119653,-0.4721665845431582,400
markov_previous,Markov SG-TD3 June 6 margin0,markov,reference,113,19.25501082935968,0.10737696882391055,0.0015972743530552219,0.1925,0.11,0.89,0.0,0.0,0.11,-21.73113043276757,-62.95426606001733,1.2698538597687021,400
markov_previous,Markov SG-TD3 June 6 margin0,markov,reference,114,20.232772335770896,0.09631145394131826,0.001418522124282902,0.1725,0.1625,0.8375,0.0,0.0,0.1625,-20.143032835523314,-61.38639714025667,9.03191347645657,400
markov_previous,Markov SG-TD3 June 6 margin0,markov,reference,115,15.473657388990928,0.11377273941740532,0.0018277021443513868,0.1625,0.2125,0.7875,0.0,0.0,0.2125,-15.331548529288966,-51.21325687486277,12.142141065249701,400
markov_previous,Markov SG-TD3 June 6 margin0,markov,reference,116,16.32798464088309,0.132241013181666,0.0018142258645704496,0.255,0.1975,0.8025,0.0,0.0,0.1975,-18.07788433974983,-51.42176869212579,11.92509966349523,400
markov_previous,Markov SG-TD3 June 6 margin0,markov,reference,117,17.96563193971207,0.1096653066878352,0.0016256392408594423,0.195,0.1975,0.8025,0.0,0.0,0.1975,-16.763201249791564,-58.442746538791184,8.61957468950966,400
markov_previous,Markov SG-TD3 June 6 margin0,markov,reference,118,24.368657206498046,0.09863431714937565,0.001186849697136361,0.17,0.155,0.845,0.0,0.0,0.155,-16.676746106058715,-45.94915129545429,7.410339080126484,400
markov_previous,Markov SG-TD3 June 6 margin0,markov,reference,119,18.463743173599617,0.08899318644194733,0.0018731491023720598,0.1625,0.1875,0.8125,0.0,0.0,0.1875,-17.514188429291835,-64.35552131363002,11.317177656898016,400
markov_previous,Markov SG-TD3 June 6 margin0,markov,reference,120,18.335391444598027,0.0835290624013162,0.0017909015914096833,0.1675,0.2025,0.7975,0.0,0.0,0.2025,-21.87498611437246,-64.50518805081909,12.596999361574998,400
markov_previous,Markov SG-TD3 June 6 margin0,markov,reference,121,17.051813520570263,0.09766578002694795,0.0016746426223945832,0.165,0.1675,0.8325,0.0,0.0,0.1675,-23.6773878839997,-65.85669559028574,9.39078932439677,400
markov_previous,Markov SG-TD3 June 6 margin0,markov,reference,122,18.29102468224729,0.09555715692018744,0.0017859395743567055,0.1825,0.17,0.83,0.0,0.0,0.17,-17.13745879766617,-54.81144940633578,5.791169483851118,400
markov_previous,Markov SG-TD3 June 6 margin0,markov,reference,123,25.17972423697574,0.08336128569455795,0.0013831311399542762,0.1725,0.1875,0.8125,0.0,0.0,0.1875,-25.897628640096343,-66.97449414132117,11.33236249150407,400
markov_previous,Markov SG-TD3 June 6 margin0,markov,reference,124,22.94666312606941,0.09515144377631886,0.0014208573900280246,0.1875,0.175,0.825,0.0,0.0,0.175,-18.41814791984075,-54.38541810093432,10.364407908503994,400
markov_previous,Markov SG-TD3 June 6 margin0,markov,reference,125,15.88694191133682,0.10830561131033814,0.001455928564128549,0.1925,0.2625,0.7375,0.0,0.0,0.2625,-21.885007708886178,-81.8749612205781,29.650277326849412,400
markov_previous,Markov SG-TD3 June 6 margin0,markov,reference,126,21.434465024564833,0.09004055870419064,0.0015391595965309627,0.1875,0.2225,0.7775,0.0,0.0,0.2225,-22.903594084751376,-75.97661221833643,16.912449291263123,400
markov_previous,Markov SG-TD3 June 6 margin0,markov,reference,127,19.51315227911091,0.09360507675917475,0.0019858967332843074,0.245,0.24,0.76,0.0,0.0,0.24,-18.41485960182891,-60.664829558098745,14.626352667737399,400
markov_previous,Markov SG-TD3 June 6 margin0,markov,reference,128,22.14964216855205,0.09555864880459346,0.0016312796402181092,0.1925,0.215,0.785,0.0,0.0,0.215,-18.479637523508927,-59.804169591143285,14.676068565339445,400
markov_previous,Markov SG-TD3 June 6 margin0,markov,reference,129,16.514163914912427,0.1021522490709112,0.0018632258327675804,0.23,0.26,0.74,0.0,0.0,0.26,-13.565546669012463,-44.55920915007358,26.744245171311597,400
markov_previous,Markov SG-TD3 June 6 margin0,markov,reference,130,19.30157307928227,0.09031811133305659,0.0019616243848634475,0.24,0.215,0.785,0.0,0.0,0.215,-21.7388680457359,-60.68372742300339,12.253177933749704,400
markov_previous,Markov SG-TD3 June 6 margin0,markov,reference,131,20.94518906713279,0.0918928460701464,0.0016204795317397286,0.1925,0.26,0.74,0.0,0.0,0.26,-18.589727177375465,-64.99488315497301,14.248531889043257,400
markov_previous,Markov SG-TD3 June 6 margin0,markov,reference,132,17.536351965239504,0.09036621420197992,0.0021760461079112716,0.245,0.2475,0.7525,0.0,0.0,0.2475,-14.922209187568399,-46.690871155701096,19.9515106738967,400
markov_previous,Markov SG-TD3 June 6 margin0,markov,reference,133,18.045026998751265,0.08602318735192468,0.0022054283404980297,0.245,0.2775,0.7225,0.0,0.0,0.2775,-9.409917160324454,-45.38099985674833,20.259024740838466,400
markov_previous,Markov SG-TD3 June 6 margin0,markov,reference,134,26.15380241726257,0.08105098170318997,0.0015871363709707965,0.1925,0.2,0.8,0.0,0.0,0.2,-22.466963604444345,-63.12456186062355,14.768362908011289,400
markov_previous,Markov SG-TD3 June 6 margin0,markov,reference,135,21.46454320970124,0.07598949967780366,0.0017173181594695305,0.1925,0.24,0.76,0.0,0.0,0.24,-14.089283547292098,-42.22456505179974,16.017330011824573,400
markov_previous,Markov SG-TD3 June 6 margin0,markov,reference,136,17.734967849191698,0.08313951881103669,0.0018150968420526826,0.21,0.2425,0.7575,0.0,0.0,0.2425,-14.819095419492498,-54.25365146047233,18.330414476597177,400
markov_previous,Markov SG-TD3 June 6 margin0,markov,reference,137,25.970580609641516,0.0685259400893808,0.0015577349650769956,0.1775,0.2225,0.7775,0.0,0.0,0.2225,-18.960455714312616,-60.19754626913012,17.23316867042422,400
markov_previous,Markov SG-TD3 June 6 margin0,markov,reference,138,22.156938715529442,0.08858218531584074,0.0016898721657019064,0.225,0.1925,0.8075,0.0,0.0,0.1925,-16.869549654028674,-48.00778441882828,16.56222329433277,400
markov_previous,Markov SG-TD3 June 6 margin0,markov,reference,139,24.195585970741796,0.07710430263533895,0.001505477148917862,0.175,0.2075,0.7925,0.0,0.0,0.2075,-13.634173952464607,-50.32837224123332,16.28481940238522,400
markov_previous,Markov SG-TD3 June 6 margin0,markov,reference,140,23.983126232919712,0.07907776201989712,0.0015123649261656236,0.2,0.235,0.765,0.0,0.0,0.235,-15.430217895371129,-49.06888859453246,24.58678165308093,400
markov_previous,Markov SG-TD3 June 6 margin0,markov,reference,141,25.516397276227302,0.06964844798753579,0.0015372699919369937,0.185,0.21,0.79,0.0,0.0,0.21,-12.22743667008453,-38.823387038850086,14.522209812646084,400
markov_previous,Markov SG-TD3 June 6 margin0,markov,reference,142,20.692930582675686,0.08153122872605803,0.0014949676927904023,0.2025,0.29,0.71,0.0,0.0,0.29,-12.249314824132341,-38.61773118202257,26.901538583866802,400
markov_previous,Markov SG-TD3 June 6 margin0,markov,reference,143,24.0198543689308,0.07328838245237952,0.0013942245796105144,0.1525,0.2575,0.7425,0.0,0.0,0.2575,-10.797594214811113,-33.6298462843691,20.42487503664611,400
markov_previous,Markov SG-TD3 June 6 margin0,markov,reference,144,25.219866650781373,0.07496187109847675,0.001244625482815411,0.135,0.2475,0.7525,0.0,0.0,0.2475,-11.583622231963489,-39.26599238808556,14.898618611854667,400
markov_previous,Markov SG-TD3 June 6 margin0,markov,reference,145,26.575041125689737,0.06994042701716262,0.0011560970055427308,0.125,0.2575,0.7425,0.0,0.0,0.2575,-14.184124647123099,-37.22776711467584,20.28923700200813,400
markov_previous,Markov SG-TD3 June 6 margin0,markov,reference,146,26.15622537452353,0.07555248128632036,0.001368285930892031,0.1825,0.2175,0.7825,0.0,0.0,0.2175,-14.508384909487177,-38.25399805988889,16.567840437951737,400
markov_previous,Markov SG-TD3 June 6 margin0,markov,reference,147,26.73989029696335,0.07377107334137993,0.0012666070373710515,0.16,0.2575,0.7425,0.0,0.0,0.2575,-12.715867967194356,-34.21154355720125,23.47176783113764,400
markov_previous,Markov SG-TD3 June 6 margin0,markov,reference,148,27.09321079497874,0.07815443231745048,0.0012019938089687565,0.1575,0.205,0.795,0.0,0.0,0.205,-12.243774237618936,-38.271552971597735,19.59224976451831,400
markov_previous,Markov SG-TD3 June 6 margin0,markov,reference,149,22.20708278694136,0.07510866663975321,0.001578753966138215,0.1675,0.27,0.73,0.0,0.0,0.27,-12.682299927996212,-35.68038836197502,18.506693974651238,400
markov_previous,Markov SG-TD3 June 6 margin0,markov,reference,150,25.991438172449506,0.06836344545968663,0.0011677082249003767,0.1475,0.225,0.775,0.0,0.0,0.225,-10.966757419572332,-29.693143255809932,21.772035738067128,400
markov_previous,Markov SG-TD3 June 6 margin0,markov,reference,151,24.435937348419642,0.07030273528329883,0.0013562091107516493,0.1525,0.25,0.75,0.0,0.0,0.25,-9.106906002436887,-25.14518755245722,17.342635186989206,400
markov_previous,Markov SG-TD3 June 6 margin0,markov,reference,152,27.44583614379251,0.07280097515705436,0.0012964491131805384,0.1775,0.1925,0.8075,0.0,0.0,0.1925,-12.18818376363214,-33.429761829177025,17.807651983546,400
markov_previous,Markov SG-TD3 June 6 margin0,markov,reference,153,25.209651237332444,0.07891652956453211,0.0011436388123615736,0.155,0.265,0.735,0.0,0.0,0.265,-8.25855022490623,-28.424814777759934,26.80106442425677,400
markov_previous,Markov SG-TD3 June 6 margin0,markov,reference,154,27.64423154142401,0.06169094830812847,0.001364744230120626,0.15,0.2375,0.7625,0.0,0.0,0.2375,-11.065663249904276,-34.94339301166639,20.069390329747275,400
markov_previous,Markov SG-TD3 June 6 margin0,markov,reference,155,26.206345185922114,0.06487819318293536,0.0013609304867011052,0.165,0.2475,0.7525,0.0,0.0,0.2475,-11.225640604967793,-35.35888425282146,17.903535985766048,400
markov_previous,Markov SG-TD3 June 6 margin0,markov,reference,156,27.35285391767151,0.07473294738668324,0.0012058045404719573,0.1725,0.2275,0.7725,0.0,0.0,0.2275,-12.440709144302673,-35.6274619428754,20.533999564581087,400
markov_previous,Markov SG-TD3 June 6 margin0,markov,reference,157,29.585598713152898,0.06320946351549234,0.0011526089631254245,0.1575,0.245,0.755,0.0,0.0,0.245,-9.524277533276972,-30.04462791362764,19.224273984053315,400
markov_previous,Markov SG-TD3 June 6 margin0,markov,reference,158,24.512539498702623,0.07081563874443501,0.0013094223244943981,0.1725,0.265,0.735,0.0,0.0,0.265,-7.2819670888230235,-28.97521796608813,17.76373987647751,400
markov_previous,Markov SG-TD3 June 6 margin0,markov,reference,159,28.615947832942535,0.06285712327400302,0.0011771781669867672,0.1325,0.265,0.735,0.0,0.0,0.265,-9.604491421321981,-34.17141895291409,22.09132362038943,400
markov_previous,Markov SG-TD3 June 6 margin0,markov,reference,160,26.100256037027233,0.06655904509622575,0.0012742477946990885,0.145,0.295,0.705,0.0,0.0,0.295,-9.015725176106969,-34.95820983611358,24.290008856714735,400
markov_previous,Markov SG-TD3 June 6 margin0,markov,reference,161,27.284675697883067,0.06530635737399137,0.0011923633669979788,0.14,0.2275,0.7725,0.0,0.0,0.2275,-8.128041370522567,-22.67139490104313,18.2765614319301,400
markov_previous,Markov SG-TD3 June 6 margin0,markov,reference,162,26.625739557066062,0.07509904742401088,0.0011273301628826823,0.1475,0.235,0.765,0.0,0.0,0.235,-8.053280268930394,-32.534802179514564,21.670996676764585,400
markov_previous,Markov SG-TD3 June 6 margin0,markov,reference,163,27.7264903124208,0.062174159853917395,0.00122597761054327,0.1475,0.28,0.72,0.0,0.0,0.28,-7.047587173187139,-27.699177972896106,24.210900627223857,400
markov_previous,Markov SG-TD3 June 6 margin0,markov,reference,164,25.253860232584206,0.062095530638736275,0.0012465999433748686,0.14,0.2975,0.7025,0.0,0.0,0.2975,-6.870902420143295,-28.58393085489515,21.79296792053281,400
markov_previous,Markov SG-TD3 June 6 margin0,markov,reference,165,26.826901029755078,0.06902640414436818,0.0012203378543281206,0.155,0.245,0.755,0.0,0.0,0.245,-7.659520347505122,-32.15505284294762,18.071152486063397,400
markov_previous,Markov SG-TD3 June 6 margin0,markov,reference,166,26.811220020060436,0.0664202173033472,0.001126221536201612,0.14,0.2625,0.7375,0.0,0.0,0.2625,-7.210804177823775,-22.086935346049813,22.601379214272438,400
markov_previous,Markov SG-TD3 June 6 margin0,markov,reference,167,28.173712258426978,0.06059926590127283,0.001071381126545379,0.1475,0.2875,0.7125,0.0,0.0,0.2875,-5.316620393007952,-25.727470144030075,19.019425671399404,400
markov_previous,Markov SG-TD3 June 6 margin0,markov,reference,168,27.67230938734726,0.04974178339804,0.0013388254307210717,0.135,0.275,0.725,0.0,0.0,0.275,-5.130635735379656,-23.344908577229475,20.59284029015142,400
markov_previous,Markov SG-TD3 June 6 margin0,markov,reference,169,27.591917934879394,0.07296178946761411,0.0010008593816665644,0.1625,0.27,0.73,0.0,0.0,0.27,-8.684348194527274,-27.077731516415074,26.314375819837476,400
markov_previous,Markov SG-TD3 June 6 margin0,markov,reference,170,28.46374774431117,0.06494921480510661,0.0010725587781384997,0.1475,0.255,0.745,0.0,0.0,0.255,-5.65421956943328,-25.1191547384713,22.103839228330898,400
markov_previous,Markov SG-TD3 June 6 margin0,markov,reference,171,29.47830669793902,0.068619011493284,0.000896228975602788,0.1275,0.2475,0.7525,0.0,0.0,0.2475,-7.1030968321383625,-27.847499562591157,21.501962035732834,400
markov_previous,Markov SG-TD3 June 6 margin0,markov,reference,172,27.888857855955166,0.0590758817442296,0.0010731504259893505,0.13,0.26,0.74,0.0,0.0,0.26,-6.24127487049941,-22.23712735278509,22.587811767907585,400
markov_previous,Markov SG-TD3 June 6 margin0,markov,reference,173,30.654079752762726,0.05470481145807067,0.0010019508898308624,0.11,0.245,0.755,0.0,0.0,0.245,-7.337405151566145,-20.6789138077037,17.1820939466368,400
markov_previous,Markov SG-TD3 June 6 margin0,markov,reference,174,30.55770800794267,0.05256623492573146,0.0008994311302994934,0.0975,0.26,0.74,0.0,0.0,0.26,-7.0473145199958935,-18.53422079645818,17.726392807763514,400
markov_previous,Markov SG-TD3 June 6 margin0,markov,reference,175,30.42776286103167,0.055690645816318815,0.0010022266432487598,0.1175,0.27,0.73,0.0,0.0,0.27,-5.9548486548981145,-20.209193646111636,22.54504546349026,400
markov_previous,Markov SG-TD3 June 6 margin0,markov,reference,176,29.747012347298302,0.05546135885815323,0.000988145194254716,0.1125,0.2675,0.7325,0.0,0.0,0.2675,-5.120609416856439,-22.621657479621373,20.121920464475924,400
markov_previous,Markov SG-TD3 June 6 margin0,markov,reference,177,31.426551352910497,0.050348395807851505,0.0009028893240589309,0.0975,0.255,0.745,0.0,0.0,0.255,-6.035456203358876,-19.855820095930017,23.6156026531071,400
markov_previous,Markov SG-TD3 June 6 margin0,markov,reference,178,28.018058951512163,0.060701751440167276,0.0009856425482494856,0.115,0.2825,0.7175,0.0,0.0,0.2825,-5.523593704832365,-18.701583095361617,19.670884218183247,400
markov_previous,Markov SG-TD3 June 6 margin0,markov,reference,179,29.882640757532027,0.05000238794577844,0.0011023410134175938,0.1175,0.3125,0.6875,0.0,0.0,0.3125,-4.408651179809681,-15.992198991270538,22.01788078881523,400
markov_previous,Markov SG-TD3 June 6 margin0,markov,reference,180,30.29696092641123,0.0511843512749552,0.0010148992408341134,0.115,0.2675,0.7325,0.0,0.0,0.2675,-5.580313766178051,-16.942615763741035,22.563627242139752,400
markov_previous,Markov SG-TD3 June 6 margin0,markov,reference,181,25.286850654861134,0.06556173713332863,0.0011355318075745055,0.1375,0.3775,0.6225,0.0,0.0,0.3775,-1.993657368248364,-15.500840786120762,18.99852522965086,400
markov_previous,Markov SG-TD3 June 6 margin0,markov,reference,182,27.21096905245562,0.06490491817215824,0.0010700428693014715,0.13,0.3375,0.6625,0.0,0.0,0.3375,-5.457706433251474,-17.587518002132537,21.519411244972286,400
markov_previous,Markov SG-TD3 June 6 margin0,markov,reference,183,25.772127290623086,0.07452128958404733,0.0010448296063225013,0.1175,0.2775,0.7225,0.0,0.0,0.2775,-4.174649359093792,-17.809939237094135,21.852356876712346,400
markov_previous,Markov SG-TD3 June 6 margin0,markov,reference,184,28.724157603534,0.05937155490794309,0.0010740044581517897,0.12,0.3175,0.6825,0.0,0.0,0.3175,-3.7386219374202483,-14.704008445116596,24.219091127951174,400
markov_previous,Markov SG-TD3 June 6 margin0,markov,reference,185,26.755336942747473,0.06520294089266693,0.0010304522090750015,0.125,0.345,0.655,0.0,0.0,0.345,-3.5206292061504882,-15.893642024431141,22.53082101009486,400
markov_previous,Markov SG-TD3 June 6 margin0,markov,reference,186,27.682549631810726,0.05757491411763204,0.0011926470501557596,0.135,0.41,0.59,0.0,0.0,0.41,-2.115613339050924,-12.134915209605674,24.62207806929552,400
markov_previous,Markov SG-TD3 June 6 margin0,markov,reference,187,27.192363759844767,0.055093869760519124,0.0012820349373337454,0.145,0.3425,0.6575,0.0,0.0,0.3425,-3.3625898598593267,-14.092131160466783,21.42816653294082,400
markov_previous,Markov SG-TD3 June 6 margin0,markov,reference,188,28.84223725082037,0.049216987356720414,0.001272153982612024,0.12,0.3175,0.6825,0.0,0.0,0.3175,-3.3258400507133956,-16.63802717632654,24.059370596721926,400
markov_previous,Markov SG-TD3 June 6 margin0,markov,reference,189,26.610346938005772,0.05905952769683867,0.0012396113065519588,0.14,0.36,0.64,0.0,0.0,0.36,-2.2897323699060053,-14.867418815321253,21.420875989916247,400
markov_previous,Markov SG-TD3 June 6 margin0,markov,reference,190,28.32429845400109,0.06357174929778285,0.0010317258074077516,0.1225,0.33,0.67,0.0,0.0,0.33,-3.690235341314178,-16.918267444665364,28.306913055647946,400
markov_previous,Markov SG-TD3 June 6 margin0,markov,reference,191,28.583494933156498,0.06442168454844238,0.0010420969651261424,0.135,0.32,0.68,0.0,0.0,0.32,-2.2353147593928497,-11.629477216088663,23.207185631786732,400
markov_previous,Markov SG-TD3 June 6 margin0,markov,reference,192,27.7622219208821,0.06300151035675623,0.001384236335648393,0.1575,0.325,0.675,0.0,0.0,0.325,-5.017697637914466,-15.399817147299176,22.843050534061927,400
markov_previous,Markov SG-TD3 June 6 margin0,markov,reference,193,27.177714351279743,0.06062590047381209,0.0013791451368869467,0.1475,0.345,0.655,0.0,0.0,0.345,-3.144561783890822,-13.702137080307988,23.117803353473565,400
markov_previous,Markov SG-TD3 June 6 margin0,markov,reference,194,24.94563274075209,0.07087604919565714,0.0011975049247983502,0.145,0.365,0.635,0.0,0.0,0.365,-2.612389525831304,-15.134926509640849,24.151731408353218,400
markov_previous,Markov SG-TD3 June 6 margin0,markov,reference,195,23.723788037954733,0.07932398957072526,0.0012404078964364006,0.1875,0.38,0.62,0.0,0.0,0.38,-2.665379103826126,-15.68952827368932,26.722275974187962,400
markov_previous,Markov SG-TD3 June 6 margin0,markov,reference,196,26.460297607478516,0.066733854309662,0.0011927368487538233,0.15,0.3775,0.6225,0.0,0.0,0.3775,-2.4587127948203715,-12.577500841911228,23.949706029233734,400
markov_previous,Markov SG-TD3 June 6 margin0,markov,reference,197,28.38171401310535,0.05525596285410811,0.0011377742590005719,0.1375,0.335,0.665,0.0,0.0,0.335,-2.8231088919937974,-11.191993181592125,24.374411882276917,400
markov_previous,Markov SG-TD3 June 6 margin0,markov,reference,198,27.58020192146447,0.06147462019402659,0.0010762204939012273,0.135,0.355,0.645,0.0,0.0,0.355,-2.85468825774376,-10.658445598273032,20.06866731724304,400
markov_previous,Markov SG-TD3 June 6 margin0,markov,reference,199,28.717635429102756,0.052636508008128635,0.0010990513976754856,0.135,0.2975,0.7025,0.0,0.0,0.2975,-3.586974209859818,-12.556191245782566,20.827078846375745,400
markov_previous,Markov SG-TD3 June 6 margin0,markov,reference,200,31.216995871600112,0.04884794365978094,0.0009328075584841144,0.1125,0.8075,0.1925,0.0,0.0,0.8075,0.7436471913028981,-0.49182947450401565,23.14708519083995,400
horizon_current,Horizon SG-DQN replay40k,horizon,current,1,-2.4757971343220584,0.2927707191778444,0.002622321657885212,0.4425,0.0,0.0,0.0,0.0,nan,nan,nan,nan,0
horizon_current,Horizon SG-DQN replay40k,horizon,current,2,7.874069683245648,0.18594152231035466,0.0015049713189922193,0.2525,0.0,0.0,0.0,0.0,nan,nan,nan,nan,0
horizon_current,Horizon SG-DQN replay40k,horizon,current,3,7.9847975595233605,0.18505905208111023,0.00149940613132385,0.2525,0.0,0.0,0.0,0.0,nan,nan,nan,nan,0
horizon_current,Horizon SG-DQN replay40k,horizon,current,4,8.105924556201765,0.18410211055489434,0.0014935419865018456,0.2525,0.0,0.0,0.0,0.0,nan,nan,nan,nan,0
horizon_current,Horizon SG-DQN replay40k,horizon,current,5,8.225657526245664,0.18307196649804552,0.0014873741488288144,0.255,0.0,0.0,0.0,0.0,nan,nan,nan,nan,0
horizon_current,Horizon SG-DQN replay40k,horizon,current,6,8.348965000563991,0.18196566273979833,0.0014809316486112634,0.25,0.0,0.0,0.0,0.0,nan,nan,nan,nan,0
horizon_current,Horizon SG-DQN replay40k,horizon,current,7,8.481938704380315,0.18077234278615023,0.0014741697172206752,0.25,0.0,0.0,0.0,0.0,nan,nan,nan,nan,0
horizon_current,Horizon SG-DQN replay40k,horizon,current,8,8.646113114652538,0.17952075608766044,0.0014670518705704732,0.2525,0.0,0.0,0.0,0.0,nan,nan,nan,nan,0
horizon_current,Horizon SG-DQN replay40k,horizon,current,9,8.806242397490184,0.1784467768279042,0.0014595864385182817,0.2475,0.0,0.0,0.0,0.0,nan,nan,nan,nan,0
horizon_current,Horizon SG-DQN replay40k,horizon,current,10,8.921790762841676,0.17753237362988525,0.0014515408397545338,0.2475,0.0,0.0,0.0,0.0,nan,nan,nan,nan,0
horizon_current,Horizon SG-DQN replay40k,horizon,current,11,9.070162947450875,0.1765178214087376,0.0014432441652684016,0.245,0.0,0.9975,0.0,0.0,0.0,nan,nan,nan,399
horizon_current,Horizon SG-DQN replay40k,horizon,current,12,9.243795266627322,0.17539656692687244,0.0014346148404482768,0.2425,0.0,1.0,0.0,0.0,0.0,nan,nan,nan,400
horizon_current,Horizon SG-DQN replay40k,horizon,current,13,9.454461497921823,0.17419942079565698,0.001425550484335849,0.2375,0.0,1.0,0.0,0.0,0.0,nan,nan,nan,400
horizon_current,Horizon SG-DQN replay40k,horizon,current,14,10.859697000308895,0.17027548959196626,0.0011584630504084261,0.2325,0.0475,0.205,0.7475,0.0,0.18811881188118812,0.0,-72.23723134994505,21.134509366750724,101
horizon_current,Horizon SG-DQN replay40k,horizon,current,15,6.242390830885072,0.18010781993453215,0.0010941718813326817,0.2075,0.0575,0.1925,0.75,0.0,0.23,0.0,-272.043272590637,17.6011775970459,100
horizon_current,Horizon SG-DQN replay40k,horizon,current,16,10.267623830893932,0.17487357693769273,0.0014147964902076848,0.27,0.0625,0.1875,0.75,0.0,0.25,0.0,-13.935313606262202,17.091093778610247,100
horizon_current,Horizon SG-DQN replay40k,horizon,current,17,7.200571341699113,0.17691979444226646,0.0009899416196736846,0.2125,0.05,0.2,0.75,0.0,0.2,0.0,-824.6304626464841,19.822407245636,100
horizon_current,Horizon SG-DQN replay40k,horizon,current,18,11.619409395896446,0.16263864342974854,0.0009968974287825891,0.215,0.045,0.205,0.75,0.0,0.18,0.0,-310.21675491333,14.028280067443859,100
horizon_current,Horizon SG-DQN replay40k,horizon,current,19,10.984158126326058,0.16332138751141848,0.001155025358674558,0.2275,0.0475,0.2025,0.75,0.0,0.19,0.0,-90.46898269653319,15.062356948852557,100
horizon_current,Horizon SG-DQN replay40k,horizon,current,20,11.747088579468597,0.1645306886467241,0.0011123351810070493,0.2325,0.045,0.205,0.75,0.0,0.18,0.0,-172.0129091262817,14.51127433776857,100
horizon_current,Horizon SG-DQN replay40k,horizon,current,21,11.8538916609393,0.16328335376157818,0.0011281500928386789,0.225,0.045,0.205,0.75,0.0,0.18,0.0,-301.7399314880371,8.816041564941424,100
horizon_current,Horizon SG-DQN replay40k,horizon,current,22,12.251115648806474,0.16495082427720598,0.0012098058238739534,0.2475,0.0525,0.1975,0.75,0.0,0.21,0.0,-295.77864837646473,13.077058792114258,100
horizon_current,Horizon SG-DQN replay40k,horizon,current,23,10.98722718510098,0.16281271978859885,0.0010773800627045806,0.22,0.055,0.195,0.75,0.0,0.22,0.0,-519.1070838928223,10.625056457519543,100
horizon_current,Horizon SG-DQN replay40k,horizon,current,24,11.759344184761153,0.1635829642513682,0.001145158805010315,0.2175,0.04,0.21,0.75,0.0,0.16,0.0,-17.453514099121094,17.151273345947267,100
horizon_current,Horizon SG-DQN replay40k,horizon,current,25,11.241406334220652,0.16291794312039612,0.0009859433797070078,0.2075,0.0425,0.2075,0.75,0.0,0.17,0.0,-115.85001754760742,15.948834228515652,100
horizon_current,Horizon SG-DQN replay40k,horizon,current,26,10.914871480279803,0.1661112954677939,0.0009904283794387387,0.2275,0.055,0.195,0.75,0.0,0.22,0.0,-292.92746582031236,12.15772323608399,100
horizon_current,Horizon SG-DQN replay40k,horizon,current,27,11.390215606079947,0.16476981930187656,0.0011103648592062228,0.245,0.065,0.185,0.75,0.0,0.26,0.0,-294.87544631957996,16.297003173828138,100
horizon_current,Horizon SG-DQN replay40k,horizon,current,28,11.557412710708686,0.16310947545857726,0.0009948723895293332,0.23,0.06,0.19,0.75,0.0,0.24,0.0,0.0,24.845253753662124,100
horizon_current,Horizon SG-DQN replay40k,horizon,current,29,11.4320358116493,0.16893690250815335,0.0010727715972575227,0.2375,0.06,0.19,0.75,0.0,0.24,0.0,-503.0520751953124,24.977220153808613,100
horizon_current,Horizon SG-DQN replay40k,horizon,current,30,12.378710904781329,0.16408707495421132,0.0011556962817633758,0.23,0.0575,0.1925,0.75,0.0,0.23,0.0,-1430.5218353271484,15.786959075927745,100
horizon_current,Horizon SG-DQN replay40k,horizon,current,31,11.487688313093825,0.1640133776716207,0.0010539812953231462,0.2375,0.0625,0.1875,0.75,0.0,0.25,0.0,-678.5755218505859,22.826405715942396,100
horizon_current,Horizon SG-DQN replay40k,horizon,current,32,11.558435341892295,0.16287124531713024,0.001100969208717591,0.23,0.0725,0.1775,0.75,0.0,0.29,0.0,-1294.78828125,22.142658233642585,100
horizon_current,Horizon SG-DQN replay40k,horizon,current,33,10.996680153268748,0.16661433283346383,0.0010464419249400672,0.23,0.0675,0.1825,0.75,0.0,0.27,0.0,-502.7528607249259,18.540872955322264,100
horizon_current,Horizon SG-DQN replay40k,horizon,current,34,8.991178419499331,0.17675928925877293,0.0011202990009283476,0.2475,0.0675,0.1825,0.75,0.0,0.27,0.0,-134.99392089843738,13.92046890258789,100
horizon_current,Horizon SG-DQN replay40k,horizon,current,35,9.935321039015498,0.1764507872606224,0.0011861471380369968,0.24,0.0675,0.1825,0.75,0.0,0.27,0.0,-887.0283889770508,17.80176162719727,100
horizon_current,Horizon SG-DQN replay40k,horizon,current,36,6.376240133598467,0.1815462742041673,0.000886307982284821,0.23,0.06,0.19,0.75,0.0,0.24,0.0,-457.40160522460934,16.934794235229514,100
horizon_current,Horizon SG-DQN replay40k,horizon,current,37,7.060711867394284,0.18904147681274922,0.0011413812010533937,0.2525,0.0675,0.1825,0.75,0.0,0.27,0.0,-48.713830566406244,27.4681838989258,100
horizon_current,Horizon SG-DQN replay40k,horizon,current,38,8.192363198487744,0.1878061201458261,0.0010823953129789551,0.235,0.06,0.19,0.75,0.0,0.24,0.0,-464.2900268554687,13.614774322509781,100
horizon_current,Horizon SG-DQN replay40k,horizon,current,39,8.687308550881832,0.17801092973578692,0.0010025898140851974,0.2325,0.0625,0.1875,0.75,0.0,0.25,0.0,-518.9511474609374,16.93438110351564,100
horizon_current,Horizon SG-DQN replay40k,horizon,current,40,8.723540773106462,0.189914357143543,0.001262508062444997,0.2725,0.065,0.185,0.75,0.0,0.26,0.0,-286.8365844726561,18.0153678894043,100
horizon_current,Horizon SG-DQN replay40k,horizon,current,41,10.122228854648814,0.17997665299407445,0.0009246741151977469,0.23,0.055,0.195,0.75,0.0,0.22,0.0,-1125.3976684570312,17.091503906250033,100
horizon_current,Horizon SG-DQN replay40k,horizon,current,42,9.822470298922584,0.18415084885279356,0.0009601805412760042,0.23,0.0425,0.2075,0.75,0.0,0.17,0.0,-1211.3413513183593,12.219368743896503,100
horizon_current,Horizon SG-DQN replay40k,horizon,current,43,10.82275225363784,0.17934634242256528,0.0011709281462738952,0.2375,0.05,0.2,0.75,0.0,0.2,0.0,-790.8743286132812,9.102374267578126,100
horizon_current,Horizon SG-DQN replay40k,horizon,current,44,11.877054294734664,0.1888252132449569,0.0011151300645223783,0.25,0.0475,0.2025,0.75,0.0,0.19,0.0,-155.2859375,23.441375732421875,100
horizon_current,Horizon SG-DQN replay40k,horizon,current,45,10.833710634279525,0.18006173136783793,0.0008953789236592917,0.2125,0.045,0.205,0.75,0.0,0.18,0.0,-990.8038330078125,10.28437805175784,100
horizon_current,Horizon SG-DQN replay40k,horizon,current,46,7.19121513239369,0.18472027378913672,0.0011382402310955767,0.2275,0.0475,0.2025,0.75,0.0,0.19,0.0,-564.9645019531249,13.77772216796875,100
horizon_current,Horizon SG-DQN replay40k,horizon,current,47,10.605453538497015,0.1824188705143299,0.0010009181754727908,0.2225,0.045,0.205,0.75,0.0,0.18,0.0,-615.4198913574219,17.017602539062555,100
horizon_current,Horizon SG-DQN replay40k,horizon,current,48,11.617279245728078,0.19215329583028862,0.0013240556540691705,0.2475,0.05,0.2,0.75,0.0,0.2,0.0,-723.0257080078125,21.783392333984384,100
horizon_current,Horizon SG-DQN replay40k,horizon,current,49,14.07994432338127,0.1819042158698707,0.0011985560701627037,0.2375,0.0475,0.2025,0.75,0.0,0.19,0.0,-771.45986328125,25.84965515136723,100
horizon_current,Horizon SG-DQN replay40k,horizon,current,50,13.455615499843532,0.17840959104931786,0.0010052336536157727,0.215,0.04,0.21,0.75,0.0,0.16,0.0,-756.743115234375,23.625679016113285,100
horizon_current,Horizon SG-DQN replay40k,horizon,current,51,10.950473826742542,0.18806915248471992,0.0009520655068018466,0.215,0.0525,0.1975,0.75,0.0,0.21,0.0,-264.5446044921875,28.71546325683594,100
horizon_current,Horizon SG-DQN replay40k,horizon,current,52,11.69450731788374,0.18682622668955048,0.0009957646363020775,0.2125,0.0525,0.1975,0.75,0.0,0.21,0.0,-218.84265136718747,29.878955078125006,100
horizon_current,Horizon SG-DQN replay40k,horizon,current,53,10.466585259282335,0.1871367371154251,0.0011917069225724868,0.235,0.0575,0.1925,0.75,0.0,0.23,0.0,-0.5407318115234355,22.61803588867188,100
horizon_current,Horizon SG-DQN replay40k,horizon,current,54,11.386362892948814,0.18548979568495397,0.0009876133805108197,0.2225,0.045,0.205,0.75,0.0,0.18,0.0,-862.24404296875,22.168392944335938,100
horizon_current,Horizon SG-DQN replay40k,horizon,current,55,9.106940651825989,0.18291340580223678,0.0010911834807715841,0.21,0.07,0.18,0.75,0.0,0.28,0.0,-264.9578491210936,34.80793399810793,100
horizon_current,Horizon SG-DQN replay40k,horizon,current,56,8.276935387101691,0.19265888648022383,0.001195162584324149,0.2425,0.065,0.185,0.75,0.0,0.26,0.0,-239.44221191406248,22.26665802001955,100
horizon_current,Horizon SG-DQN replay40k,horizon,current,57,11.64928769429297,0.18073251657248263,0.001004643031786429,0.2275,0.0825,0.1675,0.75,0.0,0.33,0.0,-31.630761718749966,18.95408935546875,100
horizon_current,Horizon SG-DQN replay40k,horizon,current,58,12.376859916059193,0.17621153550181545,0.0009573778640561252,0.23,0.0825,0.1675,0.75,0.0,0.33,0.0,-97.8275146484375,19.538803482055677,100
horizon_current,Horizon SG-DQN replay40k,horizon,current,59,10.09196092114493,0.19057807236351024,0.0010907213249695253,0.2525,0.0875,0.1625,0.75,0.0,0.35,0.0,-118.06859130859374,30.453460693359382,100
horizon_current,Horizon SG-DQN replay40k,horizon,current,60,14.314467920706134,0.1753286701870647,0.0008520724593343572,0.2075,0.1025,0.1475,0.75,0.0,0.41,0.0,-367.08771972656245,18.46086120605469,100
horizon_current,Horizon SG-DQN replay40k,horizon,current,61,14.640315263253406,0.17564361859717806,0.0009171335350298445,0.2175,0.0925,0.1575,0.75,0.0,0.37,0.0,-2.0824096679687427,25.65172729492188,100
horizon_current,Horizon SG-DQN replay40k,horizon,current,62,12.61155156123382,0.1789744544644258,0.0009845546579086916,0.2325,0.105,0.145,0.75,0.0,0.42,0.0,-142.8250732421875,22.88738403320313,100
horizon_current,Horizon SG-DQN replay40k,horizon,current,63,12.438140032236007,0.1763179209394828,0.0009262689427271731,0.2275,0.1125,0.1375,0.75,0.0,0.45,0.0,-134.355078125,23.61605224609377,100
horizon_current,Horizon SG-DQN replay40k,horizon,current,64,14.162890948168696,0.1766718180632961,0.001077658131911382,0.27,0.1075,0.1425,0.75,0.0,0.43,0.0,-0.5223907470703106,27.059960937500033,100
horizon_current,Horizon SG-DQN replay40k,horizon,current,65,12.930168075981417,0.17523809735926638,0.0009900077670314542,0.25,0.1275,0.1225,0.75,0.0,0.51,0.2132568359375,-100.21071777343745,25.393298339843753,100
horizon_current,Horizon SG-DQN replay40k,horizon,current,66,14.490650528402481,0.17359723938427357,0.0010643215595455306,0.2375,0.1,0.15,0.75,0.0,0.4,0.0,-80.58577880859374,20.860913085937522,100
horizon_current,Horizon SG-DQN replay40k,horizon,current,67,13.607923782875933,0.17591490697132275,0.0010530361704354267,0.2425,0.1075,0.1425,0.75,0.0,0.43,0.0,-2.1102539062499925,27.45775146484376,100
horizon_current,Horizon SG-DQN replay40k,horizon,current,68,14.449566423648848,0.17783815638777412,0.001047541461658491,0.2575,0.095,0.155,0.75,0.0,0.38,0.0,-48.90763549804687,19.005712890625002,100
horizon_current,Horizon SG-DQN replay40k,horizon,current,69,13.61072258987574,0.18503358901278755,0.001211178985770395,0.265,0.105,0.145,0.75,0.0,0.42,0.0,-11.861196899414061,23.780810546875003,100
horizon_current,Horizon SG-DQN replay40k,horizon,current,70,15.004153418292503,0.1746166309468336,0.0009145814472807781,0.23,0.1175,0.1325,0.75,0.0,0.47,0.0,-32.99799499511717,22.680078125,100
horizon_current,Horizon SG-DQN replay40k,horizon,current,71,14.180983811539852,0.1748761468771117,0.0008403545137856325,0.2375,0.1125,0.1375,0.75,0.0,0.45,0.0,-79.88681640624999,27.392456054687507,100
horizon_current,Horizon SG-DQN replay40k,horizon,current,72,12.095527504351894,0.179288766281011,0.0008516601546603919,0.24,0.1275,0.1225,0.75,0.0,0.51,4.77490234375,0.0,37.264746093750034,100
horizon_current,Horizon SG-DQN replay40k,horizon,current,73,14.948226380933487,0.1753570297013374,0.0009761926745629082,0.225,0.11,0.14,0.75,0.0,0.44,0.0,-106.01152343749999,24.63911132812501,100
horizon_current,Horizon SG-DQN replay40k,horizon,current,74,12.653144033619387,0.18067238824241674,0.0010423462625742449,0.2625,0.13,0.12,0.75,0.0,0.52,1.0533981323242188,0.0,27.021350097656253,100
horizon_current,Horizon SG-DQN replay40k,horizon,current,75,12.768260977753094,0.1879088694254229,0.001024058035100529,0.2575,0.1175,0.1325,0.75,0.0,0.47,0.0,0.0,24.6496826171875,100
horizon_current,Horizon SG-DQN replay40k,horizon,current,76,11.604018281056668,0.18579074871050047,0.0009461546240836753,0.2375,0.1175,0.1325,0.75,0.0,0.47,0.0,0.0,23.607531738281253,100
horizon_current,Horizon SG-DQN replay40k,horizon,current,77,11.37218980449642,0.18220767296815119,0.0012364168060526486,0.245,0.1225,0.1275,0.75,0.0,0.49,0.0,-2.0596191406249926,21.227008056640635,100
horizon_current,Horizon SG-DQN replay40k,horizon,current,78,12.642666475508731,0.180371237695677,0.001045573959953117,0.2425,0.1225,0.1275,0.75,0.0,0.49,0.0,-44.83714008331299,27.46900024414063,100
horizon_current,Horizon SG-DQN replay40k,horizon,current,79,13.22582863077523,0.18194257643541445,0.0010439944986742882,0.25,0.1125,0.1375,0.75,0.0,0.45,0.0,-37.9025634765625,20.210522460937533,100
horizon_current,Horizon SG-DQN replay40k,horizon,current,80,15.37525249655379,0.17838879588756448,0.0009934392558399751,0.2475,0.1275,0.1225,0.75,0.0,0.51,2.257568359375,-9.189990234374967,22.288732910156256,100
horizon_current,Horizon SG-DQN replay40k,horizon,current,81,11.694502531231883,0.18807982329095543,0.0011063964075491075,0.26,0.13,0.12,0.75,0.0,0.52,1.3089599609375,-53.107348632812496,26.368609619140624,100
horizon_current,Horizon SG-DQN replay40k,horizon,current,82,11.583394176620418,0.18745403533478502,0.0010885098531008613,0.25,0.12,0.13,0.75,0.0,0.48,0.0,-31.56162109375,24.9095703125,100
horizon_current,Horizon SG-DQN replay40k,horizon,current,83,11.979540592999006,0.1852361069468481,0.001006751777469112,0.22,0.125,0.125,0.75,0.0,0.5,0.4931640625,-436.10751953125,29.238208007812503,100
horizon_current,Horizon SG-DQN replay40k,horizon,current,84,13.905918741151556,0.1791530055018851,0.0009969933463041664,0.24,0.125,0.125,0.75,0.0,0.5,0.6223907470703125,-0.5260498046874982,28.70195312500001,100
horizon_current,Horizon SG-DQN replay40k,horizon,current,85,12.386414221277851,0.18833596796116203,0.0010394915152587155,0.25,0.13,0.12,0.75,0.0,0.52,3.5458984375,0.0,25.861999511718757,100
horizon_current,Horizon SG-DQN replay40k,horizon,current,86,10.73854654955788,0.1918052209554671,0.001118768993513091,0.255,0.125,0.125,0.75,0.0,0.5,0.102783203125,0.0,23.27796020507815,100
horizon_current,Horizon SG-DQN replay40k,horizon,current,87,11.51317936069696,0.18306947463321863,0.0008633444552719294,0.2025,0.13,0.12,0.75,0.0,0.52,2.3499755859375,-396.04970703125,25.717114257812504,100
horizon_current,Horizon SG-DQN replay40k,horizon,current,88,13.252292959099872,0.18283583217927785,0.0009367440988408981,0.225,0.1275,0.1225,0.75,0.0,0.51,3.482177734375,-1.400927734374995,21.72677001953125,100
horizon_current,Horizon SG-DQN replay40k,horizon,current,89,13.559142317682603,0.18198783374242375,0.0009801901382884108,0.235,0.12,0.13,0.75,0.0,0.48,0.0,0.0,25.35242919921876,100
horizon_current,Horizon SG-DQN replay40k,horizon,current,90,13.209617117163166,0.18119081330140957,0.0010100817510667417,0.235,0.13,0.12,0.75,0.0,0.52,1.90478515625,0.0,31.40555419921877,100
horizon_current,Horizon SG-DQN replay40k,horizon,current,91,13.65293087790074,0.1821943209108672,0.0010560624857393086,0.23,0.13,0.12,0.75,0.0,0.52,0.843994140625,0.0,20.205902099609382,100
horizon_current,Horizon SG-DQN replay40k,horizon,current,92,13.274051788289245,0.17819319900277694,0.0009848472663556785,0.2325,0.13,0.12,0.75,0.0,0.52,0.8778076171875,0.0,25.7021728515625,100
horizon_current,Horizon SG-DQN replay40k,horizon,current,93,13.262633627461973,0.18039735415201935,0.0011243979276382688,0.2525,0.1225,0.1275,0.75,0.0,0.49,0.0,-4.3345703124999995,19.382543945312502,100
horizon_current,Horizon SG-DQN replay40k,horizon,current,94,13.01778431425462,0.182892804153152,0.0011764744587061827,0.2475,0.13,0.12,0.75,0.0,0.52,1.227783203125,-0.3497314453124988,19.482824707031256,100
horizon_current,Horizon SG-DQN replay40k,horizon,current,95,12.680611463030651,0.18100926164377407,0.000982719353904865,0.24,0.13,0.12,0.75,0.0,0.52,2.036773681640625,-12.387377929687492,21.30765380859376,100
horizon_current,Horizon SG-DQN replay40k,horizon,current,96,10.537378285249412,0.19221368354573687,0.0011762171622989037,0.28,0.135,0.115,0.75,0.0,0.54,4.341796875,0.0,22.720117187500005,100
horizon_current,Horizon SG-DQN replay40k,horizon,current,97,11.892138205418055,0.18206270861558255,0.0009585300590394432,0.255,0.1275,0.1225,0.75,0.0,0.51,1.0565185546875,-2.584924316406246,25.690576171875005,100
horizon_current,Horizon SG-DQN replay40k,horizon,current,98,15.09533472627195,0.17385241571191315,0.0009527583458996808,0.25,0.1175,0.1325,0.75,0.0,0.47,0.0,0.0,22.780273437500004,100
horizon_current,Horizon SG-DQN replay40k,horizon,current,99,15.022804943692114,0.1704978106405224,0.0008482465162917316,0.2475,0.125,0.125,0.75,0.0,0.5,1.11102294921875,-22.026220703124995,20.04241943359375,100
horizon_current,Horizon SG-DQN replay40k,horizon,current,100,11.609019290380648,0.17600239456511665,0.0010495569367978282,0.245,0.13,0.12,0.75,0.0,0.52,4.11322021484375,-0.14885253906249948,16.304858398437503,100
horizon_current,Horizon SG-DQN replay40k,horizon,current,101,11.666930269011567,0.1798633922403661,0.0009826907786272925,0.24,0.12,0.13,0.75,0.0,0.48,0.0,0.0,17.096701049804693,100
horizon_current,Horizon SG-DQN replay40k,horizon,current,102,13.207012183736815,0.17320692428813136,0.0010369266437385905,0.2425,0.13,0.12,0.75,0.0,0.52,2.3519287109375,-0.9112548828124968,15.550292968750004,100
horizon_current,Horizon SG-DQN replay40k,horizon,current,103,13.58274692101144,0.16894757748455394,0.0008351241612573479,0.2425,0.12,0.13,0.75,0.0,0.48,0.0,0.0,17.179541015625002,100
horizon_current,Horizon SG-DQN replay40k,horizon,current,104,12.414113773955899,0.17086724176909054,0.0011724814169789962,0.265,0.135,0.115,0.75,0.0,0.54,2.58203125,0.0,20.957861328125002,100
horizon_current,Horizon SG-DQN replay40k,horizon,current,105,14.31227723865728,0.1686715203406721,0.0010342832840103359,0.27,0.125,0.125,0.75,0.0,0.5,0.662109375,0.0,14.426403808593758,100
horizon_current,Horizon SG-DQN replay40k,horizon,current,106,13.798190554881003,0.16365233824236194,0.0009781936008093372,0.2475,0.1275,0.1225,0.75,0.0,0.51,2.1634521484375,0.0,14.947900390625003,100
horizon_current,Horizon SG-DQN replay40k,horizon,current,107,14.572312357783646,0.16039690673676585,0.0010064153169826303,0.25,0.1325,0.1175,0.75,0.0,0.53,5.269683837890625,-1.6374633789062496,17.865466308593753,100
horizon_current,Horizon SG-DQN replay40k,horizon,current,108,14.415457525005886,0.15820479671454823,0.0009160653911562514,0.215,0.135,0.115,0.75,0.0,0.54,3.1275634765625,0.0,18.10238037109375,100
horizon_current,Horizon SG-DQN replay40k,horizon,current,109,15.107536439175615,0.15973884148797265,0.0009561624365546495,0.225,0.1325,0.1175,0.75,0.0,0.53,1.828216552734375,0.0,15.939477539062503,100
horizon_current,Horizon SG-DQN replay40k,horizon,current,110,14.668782509671221,0.16257585039077355,0.0009695133186726757,0.2425,0.13,0.12,0.75,0.0,0.52,2.8299560546875,0.0,19.249951171875,100
horizon_current,Horizon SG-DQN replay40k,horizon,current,111,14.847312863164943,0.16528928711968008,0.0009610467892506621,0.255,0.135,0.115,0.75,0.0,0.54,3.3963623046875,0.0,15.794531250000002,100
horizon_current,Horizon SG-DQN replay40k,horizon,current,112,13.8728315617954,0.17017265101558557,0.0010674826220840596,0.2775,0.1375,0.1125,0.75,0.0,0.55,5.78369140625,0.0,16.021118164062507,100
horizon_current,Horizon SG-DQN replay40k,horizon,current,113,14.349102540863369,0.16929792212449665,0.0009659177742227748,0.2625,0.1225,0.1275,0.75,0.0,0.49,0.0,-0.07996368408203097,17.287854003906254,100
horizon_current,Horizon SG-DQN replay40k,horizon,current,114,13.193529153659917,0.1721779954486846,0.0010356434508247735,0.245,0.13,0.12,0.75,0.0,0.52,2.65069580078125,0.0,15.09967041015625,100
horizon_current,Horizon SG-DQN replay40k,horizon,current,115,11.987471330274383,0.17485923208525578,0.0010253414148519654,0.245,0.13,0.12,0.75,0.0,0.52,6.3656005859375,0.0,20.49556884765625,100
horizon_current,Horizon SG-DQN replay40k,horizon,current,116,12.968511264911056,0.17582218569992225,0.0010292408186663934,0.26,0.13,0.12,0.75,0.0,0.52,2.25439453125,0.0,17.07003173828126,100
horizon_current,Horizon SG-DQN replay40k,horizon,current,117,14.168892587712426,0.17827197949246795,0.0010720091573238138,0.2675,0.135,0.115,0.75,0.0,0.54,5.049324035644531,0.0,18.044042968750002,100
horizon_current,Horizon SG-DQN replay40k,horizon,current,118,13.435519132009487,0.17855532614070974,0.0010460880350181587,0.2675,0.14,0.11,0.75,0.0,0.56,5.6868896484375,0.0,16.16414794921875,100
horizon_current,Horizon SG-DQN replay40k,horizon,current,119,13.062318322558003,0.17867002482376976,0.001030044311003311,0.255,0.1275,0.1225,0.75,0.0,0.51,4.08837890625,0.0,17.762988281250006,100
horizon_current,Horizon SG-DQN replay40k,horizon,current,120,12.149195227817625,0.1849000611043685,0.0009521447021878327,0.2425,0.1325,0.1175,0.75,0.0,0.53,6.798675537109375,0.0,26.257690429687504,100
horizon_current,Horizon SG-DQN replay40k,horizon,current,121,13.365725144825685,0.18007883000479616,0.0010762189752473955,0.27,0.125,0.125,0.75,0.0,0.5,1.9381103515625,-1.6073242187499988,19.245166015625017,100
horizon_current,Horizon SG-DQN replay40k,horizon,current,122,13.00413392232398,0.18351391353852983,0.0010242554175075055,0.255,0.13,0.12,0.75,0.0,0.52,4.0202789306640625,-4.0281005859375,17.073413085937506,100
horizon_current,Horizon SG-DQN replay40k,horizon,current,123,13.064735238718615,0.18283810849688945,0.001078571059087147,0.265,0.1225,0.1275,0.75,0.0,0.49,0.0,-34.6621337890625,20.981542968750002,100
horizon_current,Horizon SG-DQN replay40k,horizon,current,124,10.818056684802658,0.18992271041841272,0.0011648899791865338,0.285,0.1375,0.1125,0.75,0.0,0.55,9.205078125,0.0,19.996374511718752,100
horizon_current,Horizon SG-DQN replay40k,horizon,current,125,11.312867684077382,0.1872920350455447,0.001067105759214185,0.255,0.1375,0.1125,0.75,0.0,0.55,5.9496612548828125,0.0,21.7289306640625,100
horizon_current,Horizon SG-DQN replay40k,horizon,current,126,10.329267750068926,0.18739292890294457,0.0010304617245750975,0.2425,0.1375,0.1125,0.75,0.0,0.55,5.519386291503906,0.0,19.52832031250001,100
horizon_current,Horizon SG-DQN replay40k,horizon,current,127,11.358657705652927,0.1843903641864074,0.0009685041356553114,0.2425,0.125,0.125,0.75,0.0,0.5,0.01171875,0.0,17.53447265625,100
horizon_current,Horizon SG-DQN replay40k,horizon,current,128,12.582954377522919,0.18146919676723186,0.0010183716882674056,0.2475,0.135,0.115,0.75,0.0,0.54,5.3472900390625,0.0,16.953771972656252,100
horizon_current,Horizon SG-DQN replay40k,horizon,current,129,12.425346312697863,0.1822160250751888,0.0010660324884289934,0.205,0.1325,0.1175,0.75,0.0,0.53,4.018798828125,0.0,20.32314453125,100
horizon_current,Horizon SG-DQN replay40k,horizon,current,130,13.339766931329455,0.179969055860719,0.0009644226972455377,0.235,0.135,0.115,0.75,0.0,0.54,2.4767913818359375,0.0,16.51168212890625,100
horizon_current,Horizon SG-DQN replay40k,horizon,current,131,13.984002052628696,0.17825412637588667,0.001034432119152965,0.23,0.1325,0.1175,0.75,0.0,0.53,2.596923828125,0.0,21.932470703125002,100
horizon_current,Horizon SG-DQN replay40k,horizon,current,132,10.364074292714655,0.19049796982152514,0.001063898306635547,0.245,0.1325,0.1175,0.75,0.0,0.53,2.1303253173828125,0.0,15.597998046875002,100
horizon_current,Horizon SG-DQN replay40k,horizon,current,133,13.5778773055491,0.1802767889012951,0.0010054629375364586,0.23,0.1325,0.1175,0.75,0.0,0.53,2.6253662109375,0.0,18.20664062500001,100
horizon_current,Horizon SG-DQN replay40k,horizon,current,134,12.452072506714453,0.18808484156743902,0.0010393556260796493,0.2275,0.1375,0.1125,0.75,0.0,0.55,5.8958740234375,0.0,17.68671875,100
horizon_current,Horizon SG-DQN replay40k,horizon,current,135,11.692960914182969,0.19301671625856026,0.0010657867417333939,0.2325,0.135,0.115,0.75,0.0,0.54,5.2932281494140625,0.0,21.39072265625001,100
horizon_current,Horizon SG-DQN replay40k,horizon,current,136,10.149043723865432,0.19215595008421837,0.0010123286448387218,0.2375,0.135,0.115,0.75,0.0,0.54,6.1513671875,0.0,21.989550781250003,100
horizon_current,Horizon SG-DQN replay40k,horizon,current,137,11.378532083892146,0.18505599275481505,0.000977325830158044,0.23,0.13,0.12,0.75,0.0,0.52,3.479827880859375,0.0,21.262585449218754,100
horizon_current,Horizon SG-DQN replay40k,horizon,current,138,12.165878218757047,0.18312131798950992,0.0009359314447243261,0.2275,0.135,0.115,0.75,0.0,0.54,2.841064453125,0.0,21.08605957031251,100
horizon_current,Horizon SG-DQN replay40k,horizon,current,139,13.581333978243642,0.18149100154995085,0.0009268869798390391,0.2175,0.125,0.125,0.75,0.0,0.5,0.8726806640625,0.0,15.856884765625,100
horizon_current,Horizon SG-DQN replay40k,horizon,current,140,9.974297161964934,0.19439709024230076,0.0010259970945139688,0.2325,0.1375,0.1125,0.75,0.0,0.55,3.2501220703125,0.0,15.242425537109384,100
horizon_current,Horizon SG-DQN replay40k,horizon,current,141,13.870971190826836,0.18346618008351012,0.0009475785959561395,0.2175,0.1275,0.1225,0.75,0.0,0.51,0.91455078125,0.0,17.8751220703125,100
horizon_current,Horizon SG-DQN replay40k,horizon,current,142,14.2289163662825,0.180619136412582,0.0009359082102661884,0.225,0.1325,0.1175,0.75,0.0,0.53,3.33331298828125,0.0,16.479003906250004,100
horizon_current,Horizon SG-DQN replay40k,horizon,current,143,14.400912032602411,0.18182662965176835,0.0009689204709016119,0.225,0.1325,0.1175,0.75,0.0,0.53,1.866943359375,0.0,16.241455078125007,100
horizon_current,Horizon SG-DQN replay40k,horizon,current,144,13.964176423239559,0.18134577090331155,0.0010096302979455065,0.23,0.1375,0.1125,0.75,0.0,0.55,4.2481689453125,0.0,19.76156005859375,100
horizon_current,Horizon SG-DQN replay40k,horizon,current,145,14.314905966362655,0.18314362272339507,0.0009819979981814744,0.2275,0.13,0.12,0.75,0.0,0.52,3.21337890625,0.0,16.2328125,100
horizon_current,Horizon SG-DQN replay40k,horizon,current,146,15.906787621359488,0.17788097539017841,0.0009472674571166375,0.2275,0.1325,0.1175,0.75,0.0,0.53,1.7833251953125,0.0,18.675854492187508,100
horizon_current,Horizon SG-DQN replay40k,horizon,current,147,13.761854441693277,0.1789004608623772,0.0009088501728506536,0.215,0.135,0.115,0.75,0.0,0.54,6.744058609008789,0.0,16.947143554687507,100
horizon_current,Horizon SG-DQN replay40k,horizon,current,148,13.75146648325435,0.17970023368129176,0.0008926137344109267,0.215,0.1325,0.1175,0.75,0.0,0.53,3.15576171875,0.0,15.222094726562501,100
horizon_current,Horizon SG-DQN replay40k,horizon,current,149,13.4140304848587,0.18421751038897152,0.00106699545321006,0.25,0.1375,0.1125,0.75,0.0,0.55,4.498321533203125,0.0,16.5751953125,100
horizon_current,Horizon SG-DQN replay40k,horizon,current,150,12.04290957884462,0.19188267118527996,0.0010813020321170967,0.2475,0.1375,0.1125,0.75,0.0,0.55,6.559814453125,0.0,18.958789062500003,100
horizon_current,Horizon SG-DQN replay40k,horizon,current,151,14.45238564464317,0.17925330006621387,0.0008934986877631382,0.22,0.1325,0.1175,0.75,0.0,0.53,3.1287841796875,0.0,18.283361816406252,100
horizon_current,Horizon SG-DQN replay40k,horizon,current,152,15.930407100799455,0.17821830976350433,0.0009156147394906722,0.2175,0.13,0.12,0.75,0.0,0.52,2.8130340576171875,0.0,19.730957031250007,100
horizon_current,Horizon SG-DQN replay40k,horizon,current,153,13.268223417883776,0.18324303909200718,0.0009143964520774417,0.2275,0.135,0.115,0.75,0.0,0.54,3.3586883544921875,0.0,14.850000000000005,100
horizon_current,Horizon SG-DQN replay40k,horizon,current,154,14.319010996647014,0.1802914951352383,0.0010099844830825707,0.24,0.1275,0.1225,0.75,0.0,0.51,1.2042236328125,0.0,21.518750000000008,100
horizon_current,Horizon SG-DQN replay40k,horizon,current,155,15.513224193759225,0.1750948965759085,0.0009177180313997914,0.235,0.135,0.115,0.75,0.0,0.54,3.877593994140625,0.0,18.366821289062514,100
horizon_current,Horizon SG-DQN replay40k,horizon,current,156,15.546208108741121,0.1774354389569961,0.0008738786927527164,0.22,0.135,0.115,0.75,0.0,0.54,2.448974609375,0.0,16.281958007812502,100
horizon_current,Horizon SG-DQN replay40k,horizon,current,157,14.237326514271999,0.18001623979839254,0.0009300627058387026,0.225,0.1275,0.1225,0.75,0.0,0.51,0.2725830078125,0.0,16.170458984375003,100
horizon_current,Horizon SG-DQN replay40k,horizon,current,158,15.303385726706306,0.1771153398315731,0.0009035944973306833,0.2175,0.1275,0.1225,0.75,0.0,0.51,1.8839111328125,0.0,14.383044433593751,100
horizon_current,Horizon SG-DQN replay40k,horizon,current,159,15.099241214531018,0.177876586120792,0.0008932003531032459,0.215,0.1325,0.1175,0.75,0.0,0.53,2.0637664794921875,0.0,15.610522460937503,100
horizon_current,Horizon SG-DQN replay40k,horizon,current,160,14.245367506566186,0.18131751239701313,0.0009862488440049752,0.2375,0.135,0.115,0.75,0.0,0.54,5.36669921875,0.0,17.94254150390626,100
horizon_current,Horizon SG-DQN replay40k,horizon,current,161,13.1847197240333,0.17850259827784862,0.0008728047315881692,0.23,0.135,0.115,0.75,0.0,0.54,5.7374267578125,0.0,21.547656250000024,100
horizon_current,Horizon SG-DQN replay40k,horizon,current,162,15.816810604134504,0.1753940061581753,0.0009721754117851964,0.2325,0.135,0.115,0.75,0.0,0.54,5.996826171875,0.0,21.42464599609375,100
horizon_current,Horizon SG-DQN replay40k,horizon,current,163,12.352643841337299,0.19008690519804014,0.0012066518516453686,0.285,0.135,0.115,0.75,0.0,0.54,2.032684326171875,0.0,16.36298828125,100
horizon_current,Horizon SG-DQN replay40k,horizon,current,164,14.41687815293077,0.18367796009897921,0.0010626671174841086,0.255,0.1275,0.1225,0.75,0.0,0.51,1.05767822265625,0.0,13.709289550781254,100
horizon_current,Horizon SG-DQN replay40k,horizon,current,165,13.808944365296457,0.18636281884546801,0.001060224471245014,0.2525,0.14,0.11,0.75,0.0,0.56,4.053466796875,0.0,15.981066894531253,100
horizon_current,Horizon SG-DQN replay40k,horizon,current,166,13.587421157703243,0.18268499425295534,0.0010301522279898853,0.2475,0.14,0.11,0.75,0.0,0.56,6.2099609375,0.0,23.95433349609376,100
horizon_current,Horizon SG-DQN replay40k,horizon,current,167,15.766205533198756,0.17135907623791571,0.0008264155348390163,0.2375,0.1325,0.1175,0.75,0.0,0.53,2.2596435546875,0.0,16.95527343750001,100
horizon_current,Horizon SG-DQN replay40k,horizon,current,168,14.013415827451102,0.18205567282892823,0.0010046512448732186,0.26,0.14,0.11,0.75,0.0,0.56,3.67303466796875,0.0,19.11163330078125,100
horizon_current,Horizon SG-DQN replay40k,horizon,current,169,12.433314696222663,0.18247459180850048,0.0009545760595614602,0.2425,0.135,0.115,0.75,0.0,0.54,4.368408203125,0.0,17.567480468750002,100
horizon_current,Horizon SG-DQN replay40k,horizon,current,170,12.891421192896747,0.18114730204805476,0.0009613817729659284,0.2475,0.14,0.11,0.75,0.0,0.56,4.225128173828125,0.0,15.79141845703125,100
horizon_current,Horizon SG-DQN replay40k,horizon,current,171,13.902991847567112,0.18081871129830623,0.0009814215871648269,0.26,0.1375,0.1125,0.75,0.0,0.55,5.034820556640625,0.0,17.445202636718754,100
horizon_current,Horizon SG-DQN replay40k,horizon,current,172,13.15307146469411,0.17945879760815614,0.0009877916845081641,0.255,0.1425,0.1075,0.75,0.0,0.57,6.00970458984375,0.0,21.192028808593754,100
horizon_current,Horizon SG-DQN replay40k,horizon,current,173,14.43501391079469,0.1777436260943159,0.00099806944658887,0.25,0.14,0.11,0.75,0.0,0.56,5.791717529296875,0.0,17.914245605468754,100
horizon_current,Horizon SG-DQN replay40k,horizon,current,174,13.662473305916546,0.18045517077793705,0.0009322562786832558,0.2575,0.1375,0.1125,0.75,0.0,0.55,7.253265380859375,0.0,20.140673828125,100
horizon_current,Horizon SG-DQN replay40k,horizon,current,175,13.974573690883604,0.1769010283871571,0.001005817978801789,0.265,0.13,0.12,0.75,0.0,0.52,1.65606689453125,0.0,12.889599609375,100
horizon_current,Horizon SG-DQN replay40k,horizon,current,176,13.585665089470224,0.1764168918774829,0.0009926221392531933,0.2575,0.135,0.115,0.75,0.0,0.54,1.626220703125,0.0,15.357080078125,100
horizon_current,Horizon SG-DQN replay40k,horizon,current,177,14.05265148824254,0.17430236268966073,0.0008923495970570433,0.2425,0.1425,0.1075,0.75,0.0,0.57,8.173095703125,0.0,17.785888671875004,100
horizon_current,Horizon SG-DQN replay40k,horizon,current,178,14.003382674165566,0.17870986406918246,0.0009819384953480353,0.2575,0.135,0.115,0.75,0.0,0.54,2.200439453125,0.0,15.585693359375002,100
horizon_current,Horizon SG-DQN replay40k,horizon,current,179,13.190046149338043,0.1810922614377323,0.000986754303513337,0.2525,0.1375,0.1125,0.75,0.0,0.55,3.086181640625,0.0,15.126147460937501,100
horizon_current,Horizon SG-DQN replay40k,horizon,current,180,12.83059668589271,0.18364200755511992,0.0009560065041348729,0.2475,0.1425,0.1075,0.75,0.0,0.57,4.862548828125,0.0,15.068920898437504,100
horizon_current,Horizon SG-DQN replay40k,horizon,current,181,15.846643977482758,0.1724335608321422,0.0009000622284268851,0.25,0.1375,0.1125,0.75,0.0,0.55,5.62890625,0.0,16.488500976562502,100
horizon_current,Horizon SG-DQN replay40k,horizon,current,182,14.523960977608432,0.17283914885645185,0.0009196619726451169,0.2125,0.1325,0.1175,0.75,0.0,0.53,3.1156005859375,0.0,17.409918212890627,100
horizon_current,Horizon SG-DQN replay40k,horizon,current,183,14.703067009517758,0.17449313395343083,0.0008652566317251706,0.23,0.1425,0.1075,0.75,0.0,0.57,5.0372314453125,0.0,15.099865722656268,100
horizon_current,Horizon SG-DQN replay40k,horizon,current,184,14.12662922711829,0.17782742177059313,0.0009380890442594758,0.2325,0.1275,0.1225,0.75,0.0,0.51,1.0042724609375,0.0,18.4334716796875,100
horizon_current,Horizon SG-DQN replay40k,horizon,current,185,11.489381585444434,0.18955038478495026,0.0009448170462109482,0.2375,0.1325,0.1175,0.75,0.0,0.53,5.389739990234375,0.0,14.92926025390625,100
horizon_current,Horizon SG-DQN replay40k,horizon,current,186,10.45453526720609,0.1921486009304493,0.0009665468192644475,0.23,0.13,0.12,0.75,0.0,0.52,3.2674560546875,0.0,15.109423828125008,100
horizon_current,Horizon SG-DQN replay40k,horizon,current,187,11.755468444443926,0.1839388685161596,0.0009215620857414981,0.2175,0.1275,0.1225,0.75,0.0,0.51,0.699798583984375,0.0,20.78203125000001,100
horizon_current,Horizon SG-DQN replay40k,horizon,current,188,12.277964604598713,0.1799199883338042,0.0009276161241520227,0.2225,0.1375,0.1125,0.75,0.0,0.55,3.323486328125,0.0,16.012927246093778,100
horizon_current,Horizon SG-DQN replay40k,horizon,current,189,11.431857531925903,0.1931950010558166,0.0010738992376370107,0.2475,0.13,0.12,0.75,0.0,0.52,4.23583984375,0.0,22.531689453125015,100
horizon_current,Horizon SG-DQN replay40k,horizon,current,190,12.546584273985497,0.1832213369054847,0.0009318828756129158,0.205,0.1325,0.1175,0.75,0.0,0.53,4.5819091796875,0.0,17.689208984375,100
horizon_current,Horizon SG-DQN replay40k,horizon,current,191,14.667477253674143,0.17790958984482322,0.0009196231699999546,0.2225,0.1425,0.1075,0.75,0.0,0.57,4.124267578125,0.0,15.437207031250004,100
horizon_current,Horizon SG-DQN replay40k,horizon,current,192,12.814975152011577,0.18427796843115593,0.0009048122915070223,0.2125,0.135,0.115,0.75,0.0,0.54,5.3002471923828125,0.0,23.2108154296875,100
horizon_current,Horizon SG-DQN replay40k,horizon,current,193,12.22695547038937,0.18625485453120177,0.0009447905908707851,0.2175,0.1325,0.1175,0.75,0.0,0.53,3.793701171875,0.0,21.11523437500003,100
horizon_current,Horizon SG-DQN replay40k,horizon,current,194,10.798080869772084,0.18400213609262558,0.0009657945173914257,0.215,0.13,0.12,0.75,0.0,0.52,2.7587890625,0.0,21.58981933593751,100
horizon_current,Horizon SG-DQN replay40k,horizon,current,195,9.912453951854094,0.18810412397088094,0.0009040643922151113,0.21,0.13,0.12,0.75,0.0,0.52,1.9308090209960938,0.0,24.574279785156264,100
horizon_current,Horizon SG-DQN replay40k,horizon,current,196,8.262365775153691,0.1936513306923559,0.0009769129243276562,0.2275,0.1375,0.1125,0.75,0.0,0.55,4.626853942871094,0.0,18.162268066406252,100
horizon_current,Horizon SG-DQN replay40k,horizon,current,197,12.007641237168995,0.17880240517890378,0.0008946534682755321,0.2175,0.13,0.12,0.75,0.0,0.52,1.2784423828125,0.0,19.64970703125,100
horizon_current,Horizon SG-DQN replay40k,horizon,current,198,10.130545977742292,0.18585909535806053,0.0009987542961949016,0.24,0.135,0.115,0.75,0.0,0.54,2.1455078125,0.0,15.303112792968752,100
horizon_current,Horizon SG-DQN replay40k,horizon,current,199,10.775467655196849,0.18216423879852314,0.001057139936903259,0.245,0.1475,0.1025,0.75,0.0,0.59,3.70648193359375,0.0,18.31510009765626,100
horizon_current,Horizon SG-DQN replay40k,horizon,current,200,9.89650687304899,0.18077275390385025,0.0010938058511392335,0.26,0.1425,0.1075,0.75,0.0,0.57,7.968994140625,0.0,19.8450927734375,100
horizon_previous,Horizon SG-DQN June 6,horizon,reference,1,-2.4757971343220584,0.2927707191778444,0.002622321657885212,0.4425,0.0,0.0,0.0,0.0,nan,nan,nan,nan,0
horizon_previous,Horizon SG-DQN June 6,horizon,reference,2,7.874069683245648,0.18594152231035466,0.0015049713189922193,0.2525,0.0,0.0,0.0,0.0,nan,nan,nan,nan,0
horizon_previous,Horizon SG-DQN June 6,horizon,reference,3,7.9847975595233605,0.18505905208111023,0.00149940613132385,0.2525,0.0,0.0,0.0,0.0,nan,nan,nan,nan,0
horizon_previous,Horizon SG-DQN June 6,horizon,reference,4,8.105924556201765,0.18410211055489434,0.0014935419865018456,0.2525,0.0,0.0,0.0,0.0,nan,nan,nan,nan,0
horizon_previous,Horizon SG-DQN June 6,horizon,reference,5,8.225657526245664,0.18307196649804552,0.0014873741488288144,0.255,0.0,0.0,0.0,0.0,nan,nan,nan,nan,0
horizon_previous,Horizon SG-DQN June 6,horizon,reference,6,8.348965000563991,0.18196566273979833,0.0014809316486112634,0.25,0.0,0.0,0.0,0.0,nan,nan,nan,nan,0
horizon_previous,Horizon SG-DQN June 6,horizon,reference,7,8.481938704380315,0.18077234278615023,0.0014741697172206752,0.25,0.0,0.0,0.0,0.0,nan,nan,nan,nan,0
horizon_previous,Horizon SG-DQN June 6,horizon,reference,8,8.646113114652538,0.17952075608766044,0.0014670518705704732,0.2525,0.0,0.0,0.0,0.0,nan,nan,nan,nan,0
horizon_previous,Horizon SG-DQN June 6,horizon,reference,9,8.806242397490184,0.1784467768279042,0.0014595864385182817,0.2475,0.0,0.0,0.0,0.0,nan,nan,nan,nan,0
horizon_previous,Horizon SG-DQN June 6,horizon,reference,10,8.921790762841676,0.17753237362988525,0.0014515408397545338,0.2475,0.0,0.0,0.0,0.0,nan,nan,nan,nan,0
horizon_previous,Horizon SG-DQN June 6,horizon,reference,11,9.070162947450875,0.1765178214087376,0.0014432441652684016,0.245,0.0,0.9975,0.0,0.0,0.0,nan,nan,nan,399
horizon_previous,Horizon SG-DQN June 6,horizon,reference,12,9.243795266627322,0.17539656692687244,0.0014346148404482768,0.2425,0.0,1.0,0.0,0.0,0.0,nan,nan,nan,400
horizon_previous,Horizon SG-DQN June 6,horizon,reference,13,9.454461497921823,0.17419942079565698,0.001425550484335849,0.2375,0.0,1.0,0.0,0.0,0.0,nan,nan,nan,400
horizon_previous,Horizon SG-DQN June 6,horizon,reference,14,9.669164177532316,0.1688258704898741,0.0009140817130320781,0.235,0.065,0.1875,0.7475,0.0,0.25742574257425743,0.0,-197.32610254287715,36.12129182815552,101
horizon_previous,Horizon SG-DQN June 6,horizon,reference,15,10.272896854876276,0.17573819007049768,0.001203066546590752,0.2575,0.0625,0.1875,0.75,0.0,0.25,0.0,-48.29797992706299,18.0031490802765,100
horizon_previous,Horizon SG-DQN June 6,horizon,reference,16,11.286548666432152,0.16911498784942722,0.001009568752389174,0.24,0.0575,0.1925,0.75,0.0,0.23,0.0,-320.0215393066406,27.143767404556286,100
horizon_previous,Horizon SG-DQN June 6,horizon,reference,17,10.093136376643715,0.1700162782332165,0.0009575329398093433,0.23,0.0525,0.1975,0.75,0.0,0.21,0.0,-335.6767696380615,19.160791397094744,100
horizon_previous,Horizon SG-DQN June 6,horizon,reference,18,10.98355445822677,0.16940780605463948,0.0011075137917905405,0.2225,0.0625,0.1875,0.75,0.0,0.25,0.0,-210.84247360229492,23.512514209747323,100
horizon_previous,Horizon SG-DQN June 6,horizon,reference,19,8.180609406297036,0.17635967695172736,0.0011874517899021389,0.235,0.0575,0.1925,0.75,0.0,0.23,0.0,-533.1451469421386,21.057610321044926,100
horizon_previous,Horizon SG-DQN June 6,horizon,reference,20,11.335597550738004,0.16488769314185808,0.0010834432186836809,0.23,0.0525,0.1975,0.75,0.0,0.21,0.0,-9.499414443969723,22.93184471130371,100
horizon_previous,Horizon SG-DQN June 6,horizon,reference,21,10.509831144003588,0.16791366845800737,0.000986189861377532,0.2275,0.045,0.205,0.75,0.0,0.18,0.0,-1760.1168327331543,19.016493225097662,100
horizon_previous,Horizon SG-DQN June 6,horizon,reference,22,11.777999185174048,0.16470969474359465,0.001098615667362276,0.255,0.05,0.2,0.75,0.0,0.2,0.0,-423.99167976379385,15.608742141723635,100
horizon_previous,Horizon SG-DQN June 6,horizon,reference,23,9.877210075304594,0.17119401176961938,0.0010535281240981894,0.23,0.055,0.195,0.75,0.0,0.22,0.0,-109.6568417072296,30.59825668334963,100
horizon_previous,Horizon SG-DQN June 6,horizon,reference,24,11.871100678169284,0.16516501005528142,0.0010187783430389951,0.2475,0.05,0.2,0.75,0.0,0.2,0.0,-622.2964288711547,17.992195129394545,100
horizon_previous,Horizon SG-DQN June 6,horizon,reference,25,11.737018084632753,0.1645007762502093,0.0011366559771491757,0.2425,0.0575,0.1925,0.75,0.0,0.23,0.0,-585.3311687469483,22.79227676391604,100
horizon_previous,Horizon SG-DQN June 6,horizon,reference,26,11.567991861192109,0.15984105309291224,0.001000878078045718,0.1975,0.0525,0.1975,0.75,0.0,0.21,0.0,-235.94803886413573,17.734265518188487,100
horizon_previous,Horizon SG-DQN June 6,horizon,reference,27,11.179673643588734,0.16889333638317383,0.001120895684789915,0.25,0.0575,0.1925,0.75,0.0,0.23,0.0,-1655.336259460449,24.467136383056644,100
horizon_previous,Horizon SG-DQN June 6,horizon,reference,28,13.17790092577368,0.1607926547137746,0.000963998403950527,0.245,0.06,0.19,0.75,0.0,0.24,0.0,-680.8859366416931,19.75272598266602,100
horizon_previous,Horizon SG-DQN June 6,horizon,reference,29,11.900491995404845,0.16245422087085198,0.001026794018087551,0.2525,0.0525,0.1975,0.75,0.0,0.21,0.0,-927.9965209960936,23.467597007751472,100
horizon_previous,Horizon SG-DQN June 6,horizon,reference,30,12.654244902858727,0.1625140818872181,0.001083203228550913,0.255,0.0625,0.1875,0.75,0.0,0.25,0.0,-517.5601119995117,23.411549568176312,100
horizon_previous,Horizon SG-DQN June 6,horizon,reference,31,12.28406667811983,0.1632907813884123,0.0010173468921955294,0.23,0.0575,0.1925,0.75,0.0,0.23,0.0,-109.51775751113891,20.048482704162602,100
horizon_previous,Horizon SG-DQN June 6,horizon,reference,32,10.451774926828984,0.16600898559893856,0.000975048132613949,0.2375,0.0575,0.1925,0.75,0.0,0.23,0.0,-268.37348861694335,27.46279277801514,100
horizon_previous,Horizon SG-DQN June 6,horizon,reference,33,10.875352798116856,0.1708227261457253,0.0010879612362265866,0.2475,0.0675,0.1825,0.75,0.0,0.27,0.0,-1777.6213500976562,25.58209114074708,100
horizon_previous,Horizon SG-DQN June 6,horizon,reference,34,11.422516623715913,0.16646198088380332,0.0010748674269163397,0.2475,0.065,0.185,0.75,0.0,0.26,0.0,-883.547802734375,24.572969436645568,100
horizon_previous,Horizon SG-DQN June 6,horizon,reference,35,7.023701427722889,0.18715413774934234,0.0011856106911975364,0.2525,0.0675,0.1825,0.75,0.0,0.27,0.0,-540.4298385620117,19.188508796691906,100
horizon_previous,Horizon SG-DQN June 6,horizon,reference,36,8.729981064105445,0.18095888759461276,0.0011163404689238344,0.255,0.0625,0.1875,0.75,0.0,0.25,0.0,-833.5868896484375,25.835355377197295,100
horizon_previous,Horizon SG-DQN June 6,horizon,reference,37,8.19750146595053,0.1777829203415883,0.000835337981869384,0.235,0.055,0.195,0.75,0.0,0.22,0.0,-55.18605232238754,18.690322494506855,100
horizon_previous,Horizon SG-DQN June 6,horizon,reference,38,10.724874495811264,0.18365982114379925,0.0010480161850670786,0.2575,0.0575,0.1925,0.75,0.0,0.23,0.0,-318.54974365234375,21.125799179077152,100
horizon_previous,Horizon SG-DQN June 6,horizon,reference,39,10.108345622293948,0.18578637795859718,0.0010748045257067173,0.2525,0.0625,0.1875,0.75,0.0,0.25,0.0,-15.667210388183538,34.66398658752442,100
horizon_previous,Horizon SG-DQN June 6,horizon,reference,40,7.416436546639481,0.1906531510165809,0.0011698177027042425,0.285,0.0575,0.1925,0.75,0.0,0.23,0.0,-985.3788330078124,14.41228485107422,100
horizon_previous,Horizon SG-DQN June 6,horizon,reference,41,12.228683159781538,0.17833125468251498,0.0009214890945522717,0.2375,0.0525,0.1975,0.75,0.0,0.21,0.0,-1356.154443359375,27.781558227539065,100
horizon_previous,Horizon SG-DQN June 6,horizon,reference,42,10.224740422140444,0.18899875550447834,0.0009081189598234121,0.23,0.055,0.195,0.75,0.0,0.22,0.0,-563.2700927734375,33.66734161376955,100
horizon_previous,Horizon SG-DQN June 6,horizon,reference,43,10.685405640488819,0.1824776763764826,0.0010507250115750835,0.2525,0.05,0.2,0.75,0.0,0.2,0.0,-38.59606323242187,25.4575481414795,100
horizon_previous,Horizon SG-DQN June 6,horizon,reference,44,7.639578486833682,0.19166094417650625,0.001129893626733304,0.235,0.0575,0.1925,0.75,0.0,0.23,0.0,-335.1835449218749,31.469205474853528,100
horizon_previous,Horizon SG-DQN June 6,horizon,reference,45,12.078172922371214,0.1882822347102136,0.0011351286577141841,0.245,0.045,0.205,0.75,0.0,0.18,0.0,-258.9578979492187,25.491831970214868,100
horizon_previous,Horizon SG-DQN June 6,horizon,reference,46,9.493291206328681,0.19149334982868305,0.0010491913138829633,0.24,0.0475,0.2025,0.75,0.0,0.19,0.0,-69.66464538574215,35.66979827880859,100
horizon_previous,Horizon SG-DQN June 6,horizon,reference,47,12.557502833283774,0.18162809881245054,0.001084787422687455,0.24,0.0425,0.2075,0.75,0.0,0.17,0.0,-291.06489257812495,30.180804443359378,100
horizon_previous,Horizon SG-DQN June 6,horizon,reference,48,12.680574979332832,0.1836958969312338,0.001162135424854109,0.24,0.05,0.2,0.75,0.0,0.2,0.0,-378.7592895507812,41.29101562500001,100
horizon_previous,Horizon SG-DQN June 6,horizon,reference,49,13.322304094667878,0.18381832955727553,0.001212426756122349,0.24,0.0475,0.2025,0.75,0.0,0.19,0.0,-308.3171142578125,30.666693115234423,100
horizon_previous,Horizon SG-DQN June 6,horizon,reference,50,9.910485370051035,0.18406482282009332,0.001030853595788397,0.205,0.055,0.195,0.75,0.0,0.22,0.0,-6.700085449218726,47.46715240478515,100
horizon_previous,Horizon SG-DQN June 6,horizon,reference,51,11.054052823765085,0.18781255669108218,0.0010406027058393976,0.235,0.0525,0.1975,0.75,0.0,0.21,0.0,-484.6969970703125,40.75504760742188,100
horizon_previous,Horizon SG-DQN June 6,horizon,reference,52,12.57170884203581,0.186790375421776,0.0009643789317163909,0.2225,0.05,0.2,0.75,0.0,0.2,0.0,-249.45854492187487,30.682144165039077,100
horizon_previous,Horizon SG-DQN June 6,horizon,reference,53,10.154694470740264,0.18794195484844858,0.0010544917439688597,0.2275,0.0825,0.1675,0.75,0.0,0.33,0.0,-151.0175048828125,27.373733520507816,100
horizon_previous,Horizon SG-DQN June 6,horizon,reference,54,11.819759012632687,0.1875571958772475,0.0009609132080841034,0.225,0.1075,0.1425,0.75,0.0,0.43,0.0,-58.43620605468749,39.2284408569336,100
horizon_previous,Horizon SG-DQN June 6,horizon,reference,55,7.604985663467743,0.19734664754217376,0.000994731974714576,0.2375,0.0925,0.1575,0.75,0.0,0.37,0.0,-9.452319335937485,30.288000488281256,100
horizon_previous,Horizon SG-DQN June 6,horizon,reference,56,11.669148730078426,0.18472778212184934,0.0010788762112557487,0.2575,0.1225,0.1275,0.75,0.0,0.49,0.0,0.0,39.452392578125,100
horizon_previous,Horizon SG-DQN June 6,horizon,reference,57,11.131817673283349,0.18560422923912528,0.0009895149135881135,0.22,0.1,0.15,0.75,0.0,0.4,0.0,-1.2120361328124958,38.11745605468751,100
horizon_previous,Horizon SG-DQN June 6,horizon,reference,58,11.73244379316993,0.18626771772039938,0.0011453144607972688,0.2575,0.1025,0.1475,0.75,0.0,0.41,0.0,-49.85712890625,29.552392578125,100
horizon_previous,Horizon SG-DQN June 6,horizon,reference,59,11.467584801498989,0.1862902330824785,0.0010347356156060995,0.2475,0.13,0.12,0.75,0.0,0.52,2.088134765625,0.0,28.560815429687505,100
horizon_previous,Horizon SG-DQN June 6,horizon,reference,60,10.770571628498258,0.1846165045798719,0.0009003269418982657,0.24,0.115,0.135,0.75,0.0,0.46,0.0,-10.952441406249996,28.14835205078126,100
horizon_previous,Horizon SG-DQN June 6,horizon,reference,61,12.218328755388908,0.1845754716056775,0.0010041216221792811,0.2475,0.1075,0.1425,0.75,0.0,0.43,0.0,-39.31220703124998,26.953063964843793,100
horizon_previous,Horizon SG-DQN June 6,horizon,reference,62,12.622297351110836,0.17978476462104317,0.0010884910094698145,0.27,0.105,0.145,0.75,0.0,0.42,0.0,0.0,27.920275878906267,100
horizon_previous,Horizon SG-DQN June 6,horizon,reference,63,9.787969460274864,0.19376623454747235,0.0010995316392403084,0.27,0.115,0.135,0.75,0.0,0.46,0.0,0.0,32.813879394531256,100
horizon_previous,Horizon SG-DQN June 6,horizon,reference,64,13.214200366847297,0.17916087775389627,0.0010787336783719351,0.26,0.115,0.135,0.75,0.0,0.46,0.0,0.0,25.874560546875,100
horizon_previous,Horizon SG-DQN June 6,horizon,reference,65,10.54062246941275,0.18987243143343285,0.001231312282167693,0.25,0.125,0.125,0.75,0.0,0.5,0.701416015625,0.0,22.973596191406266,100
horizon_previous,Horizon SG-DQN June 6,horizon,reference,66,14.00053212826528,0.1750691736665876,0.0008279314772488117,0.235,0.1275,0.1225,0.75,0.0,0.51,0.3997802734375,-34.17441406249999,31.75281982421877,100
horizon_previous,Horizon SG-DQN June 6,horizon,reference,67,9.751042880179648,0.1874729752178907,0.0009698521167742095,0.2375,0.1275,0.1225,0.75,0.0,0.51,1.134185791015625,-5.74516601562498,22.915673828125,100
horizon_previous,Horizon SG-DQN June 6,horizon,reference,68,11.54008631452895,0.17985425465102245,0.0008926882766642973,0.2475,0.13,0.12,0.75,0.0,0.52,2.495361328125,0.0,31.813842773437518,100
horizon_previous,Horizon SG-DQN June 6,horizon,reference,69,10.961237827870058,0.18885813378603772,0.0010294927913212224,0.255,0.12,0.13,0.75,0.0,0.48,0.0,-8.3060791015625,26.966467285156252,100
horizon_previous,Horizon SG-DQN June 6,horizon,reference,70,12.940789134388993,0.178637687416659,0.0009342849873210405,0.2425,0.105,0.145,0.75,0.0,0.42,0.0,-52.92531738281249,24.99384765625,100
horizon_previous,Horizon SG-DQN June 6,horizon,reference,71,14.520473161699579,0.17794306060466178,0.0009834127861965936,0.24,0.13,0.12,0.75,0.0,0.52,3.8914794921875,-0.02556152343749991,24.090307617187513,100
horizon_previous,Horizon SG-DQN June 6,horizon,reference,72,12.850899942015298,0.18605545186065847,0.0011671088666947152,0.25,0.125,0.125,0.75,0.0,0.5,0.8717041015625,-0.34577636718749877,24.813220214843756,100
horizon_previous,Horizon SG-DQN June 6,horizon,reference,73,13.404035984070674,0.18126805705782886,0.001091452645413047,0.2475,0.1325,0.1175,0.75,0.0,0.53,2.6192626953125,0.0,20.964282226562503,100
horizon_previous,Horizon SG-DQN June 6,horizon,reference,74,12.834649279520548,0.17916372625889668,0.0009402386365849391,0.2425,0.1325,0.1175,0.75,0.0,0.53,6.153289794921875,0.0,26.20130615234376,100
horizon_previous,Horizon SG-DQN June 6,horizon,reference,75,13.288740890961844,0.18177681566626233,0.0011441458735551562,0.24,0.125,0.125,0.75,0.0,0.5,0.1383056640625,-0.6398193359374977,20.80096435546876,100
horizon_previous,Horizon SG-DQN June 6,horizon,reference,76,13.45890992106535,0.18587435723488302,0.0010641990948065262,0.2625,0.125,0.125,0.75,0.0,0.5,1.334716796875,-1.684399414062494,23.98555908203125,100
horizon_previous,Horizon SG-DQN June 6,horizon,reference,77,10.188317957129254,0.19283003028137613,0.0010111934523891677,0.25,0.125,0.125,0.75,0.0,0.5,0.7432861328125,0.0,25.005847167968756,100
horizon_previous,Horizon SG-DQN June 6,horizon,reference,78,14.987180844630592,0.17777062431702753,0.0010230439328962105,0.2425,0.13,0.12,0.75,0.0,0.52,4.3056640625,-1.0994628906249961,24.298831176757815,100
horizon_previous,Horizon SG-DQN June 6,horizon,reference,79,13.111100289642446,0.17840040311382543,0.0008846379706325332,0.2275,0.1275,0.1225,0.75,0.0,0.51,2.02362060546875,0.0,20.40407714843752,100
horizon_previous,Horizon SG-DQN June 6,horizon,reference,80,12.644486179595603,0.1810761439029683,0.0011351482064396216,0.2575,0.125,0.125,0.75,0.0,0.5,0.0084228515625,0.0,17.73199462890625,100
horizon_previous,Horizon SG-DQN June 6,horizon,reference,81,12.133976852986656,0.1886890603028428,0.0010324688780589267,0.235,0.13,0.12,0.75,0.0,0.52,3.0910491943359375,-4.396704101562497,24.513903808593764,100
horizon_previous,Horizon SG-DQN June 6,horizon,reference,82,9.63139432715161,0.19267649644136958,0.0011471651268112884,0.2425,0.115,0.135,0.75,0.0,0.46,0.0,-12.437829589843748,22.506884765625006,100
horizon_previous,Horizon SG-DQN June 6,horizon,reference,83,14.79312577257213,0.179106563093151,0.0009680370791112278,0.2375,0.13,0.12,0.75,0.0,0.52,5.7672119140625,0.0,27.357958984375003,100
horizon_previous,Horizon SG-DQN June 6,horizon,reference,84,12.160989152402799,0.1868853005309382,0.001072663424520265,0.2625,0.14,0.11,0.75,0.0,0.56,6.6773681640625,0.0,24.230700683593756,100
horizon_previous,Horizon SG-DQN June 6,horizon,reference,85,14.288962268723008,0.18225595536697153,0.0009419471858536887,0.2425,0.1375,0.1125,0.75,0.0,0.55,9.67333984375,0.0,23.288317871093753,100
horizon_previous,Horizon SG-DQN June 6,horizon,reference,86,15.251211781090921,0.17709280717093243,0.0010214858685965562,0.23,0.12,0.13,0.75,0.0,0.48,0.0,-0.4280517578124987,27.86282958984375,100
horizon_previous,Horizon SG-DQN June 6,horizon,reference,87,14.079113617511807,0.18018015195089454,0.001000993480010027,0.2425,0.12,0.13,0.75,0.0,0.48,0.0,-1.8869140624999994,23.26622314453127,100
horizon_previous,Horizon SG-DQN June 6,horizon,reference,88,11.220460730036557,0.18973643267198403,0.001121488782753561,0.26,0.135,0.115,0.75,0.0,0.54,4.74322509765625,0.0,23.364978027343792,100
horizon_previous,Horizon SG-DQN June 6,horizon,reference,89,11.79839575204347,0.18436320249430557,0.0010249893032989066,0.2375,0.1325,0.1175,0.75,0.0,0.53,1.882598876953125,0.0,21.069567871093756,100
horizon_previous,Horizon SG-DQN June 6,horizon,reference,90,13.061570533686528,0.17737339890611387,0.0010703050355643522,0.24,0.115,0.135,0.75,0.0,0.46,0.0,-20.205346679687484,23.658581542968754,100
horizon_previous,Horizon SG-DQN June 6,horizon,reference,91,12.476041937239804,0.1843293858898486,0.0010836690047422146,0.24,0.13,0.12,0.75,0.0,0.52,2.5166015625,0.0,22.810070800781254,100
horizon_previous,Horizon SG-DQN June 6,horizon,reference,92,13.515896061867716,0.18071835762444752,0.0010878462245750948,0.235,0.1325,0.1175,0.75,0.0,0.53,6.2892303466796875,0.0,21.9121337890625,100
horizon_previous,Horizon SG-DQN June 6,horizon,reference,93,14.678297491812987,0.17677159885217392,0.0009957821345707993,0.2225,0.1375,0.1125,0.75,0.0,0.55,5.1439208984375,0.0,23.865490722656258,100
horizon_previous,Horizon SG-DQN June 6,horizon,reference,94,10.928800718131816,0.18907265616429803,0.0010099147920923231,0.2475,0.13,0.12,0.75,0.0,0.52,5.6636505126953125,0.0,22.069177246093762,100
horizon_previous,Horizon SG-DQN June 6,horizon,reference,95,12.010339807784192,0.18563022168114265,0.0010133728308447162,0.2525,0.13,0.12,0.75,0.0,0.52,2.68798828125,-0.7090087890624994,19.53862304687501,100
horizon_previous,Horizon SG-DQN June 6,horizon,reference,96,14.88049285001468,0.175206051627353,0.0009543540338643608,0.2475,0.14,0.11,0.75,0.0,0.56,6.3043212890625,0.0,21.494140625000004,100
horizon_previous,Horizon SG-DQN June 6,horizon,reference,97,13.363333747108367,0.17626966217202664,0.0009510333937156784,0.2475,0.1275,0.1225,0.75,0.0,0.51,1.181884765625,0.0,22.138281250000006,100
horizon_previous,Horizon SG-DQN June 6,horizon,reference,98,12.806674549913511,0.18057093130345145,0.0009777314671198067,0.2525,0.135,0.115,0.75,0.0,0.54,5.34375,-1.7213867187499976,17.3891845703125,100
horizon_previous,Horizon SG-DQN June 6,horizon,reference,99,14.535758441526546,0.17043512417468534,0.0009132749512194193,0.2325,0.14,0.11,0.75,0.0,0.56,4.106414794921875,-0.12058105468749958,17.0818115234375,100
horizon_previous,Horizon SG-DQN June 6,horizon,reference,100,13.423371389858339,0.17162193481538682,0.000844300979824015,0.245,0.13,0.12,0.75,0.0,0.52,2.73779296875,0.0,17.261718750000007,100
horizon_previous,Horizon SG-DQN June 6,horizon,reference,101,13.686663799943418,0.17296646554503703,0.0010244167707249303,0.26,0.125,0.125,0.75,0.0,0.5,0.296539306640625,-0.06823730468749976,19.104504394531258,100
horizon_previous,Horizon SG-DQN June 6,horizon,reference,102,12.574410464929297,0.1704586037374269,0.001024044465948906,0.265,0.135,0.115,0.75,0.0,0.54,4.56591796875,0.0,23.646130371093758,100
horizon_previous,Horizon SG-DQN June 6,horizon,reference,103,12.72571083497211,0.1723170776539955,0.0010296237639262572,0.245,0.1375,0.1125,0.75,0.0,0.55,6.001861572265625,0.0,22.912841796875007,100
horizon_previous,Horizon SG-DQN June 6,horizon,reference,104,12.499160923539696,0.1689472192184233,0.0010982727605086374,0.2325,0.13,0.12,0.75,0.0,0.52,2.77716064453125,0.0,21.508740234375004,100
horizon_previous,Horizon SG-DQN June 6,horizon,reference,105,13.45231635744285,0.16584825004665793,0.001043376284466377,0.255,0.1325,0.1175,0.75,0.0,0.53,2.46075439453125,0.0,20.299340820312505,100
horizon_previous,Horizon SG-DQN June 6,horizon,reference,106,14.127618562069095,0.16322084255248862,0.0009939291275078651,0.2425,0.145,0.105,0.75,0.0,0.58,5.362152099609375,0.0,20.06147460937501,100
horizon_previous,Horizon SG-DQN June 6,horizon,reference,107,13.817177079172383,0.16054956801468215,0.00101057544626284,0.245,0.135,0.115,0.75,0.0,0.54,3.805816650390625,-0.23591308593749916,20.56368408203125,100
horizon_previous,Horizon SG-DQN June 6,horizon,reference,108,15.970339470713457,0.15597384497035172,0.0009372002642264667,0.23,0.135,0.115,0.75,0.0,0.54,5.187103271484375,-0.563293457031248,17.221643066406255,100
horizon_previous,Horizon SG-DQN June 6,horizon,reference,109,14.904663600318266,0.1608082939462101,0.0009332017442529605,0.24,0.1375,0.1125,0.75,0.0,0.55,4.520263671875,0.0,18.669189453125,100
horizon_previous,Horizon SG-DQN June 6,horizon,reference,110,14.298086111216792,0.16439304133070562,0.0009506961951505386,0.2425,0.1425,0.1075,0.75,0.0,0.57,4.750640869140625,0.0,20.054541015625002,100
horizon_previous,Horizon SG-DQN June 6,horizon,reference,111,14.747775900839036,0.1673704518997368,0.0010044384117702263,0.26,0.1325,0.1175,0.75,0.0,0.53,5.03961181640625,-7.166455078124975,19.146447753906255,100
horizon_previous,Horizon SG-DQN June 6,horizon,reference,112,15.266919475205455,0.16614874433590254,0.0009712953693232046,0.2625,0.145,0.105,0.75,0.0,0.58,5.88671875,0.0,19.737011718750004,100
horizon_previous,Horizon SG-DQN June 6,horizon,reference,113,13.779143152219435,0.16921977172972194,0.0009560063041024983,0.245,0.1475,0.1025,0.75,0.0,0.59,5.4112548828125,0.0,19.39207763671875,100
horizon_previous,Horizon SG-DQN June 6,horizon,reference,114,13.705635451450854,0.17178496386083758,0.000996150487387262,0.2475,0.1375,0.1125,0.75,0.0,0.55,5.88262939453125,0.0,21.765686035156254,100
horizon_previous,Horizon SG-DQN June 6,horizon,reference,115,12.093998849628347,0.17619433043402807,0.0009893986996890262,0.25,0.1325,0.1175,0.75,0.0,0.53,6.41998291015625,-2.2688232421875,20.533422851562502,100
horizon_previous,Horizon SG-DQN June 6,horizon,reference,116,11.783481480118406,0.17900246645299198,0.000907585610320562,0.2525,0.135,0.115,0.75,0.0,0.54,5.8381195068359375,0.0,17.403295898437502,100
horizon_previous,Horizon SG-DQN June 6,horizon,reference,117,11.997520892945104,0.17877624285243343,0.0009332971093070517,0.25,0.1375,0.1125,0.75,0.0,0.55,5.8895263671875,0.0,19.389514160156253,100
horizon_previous,Horizon SG-DQN June 6,horizon,reference,118,14.017731458089424,0.17783745181661728,0.0010648105802255343,0.28,0.15,0.1,0.75,0.0,0.6,9.451507568359375,0.0,21.034399414062502,100
horizon_previous,Horizon SG-DQN June 6,horizon,reference,119,9.513474439448876,0.18516337061095747,0.001212298176843749,0.2675,0.14,0.11,0.75,0.0,0.56,5.44854736328125,0.0,20.61322021484375,100
horizon_previous,Horizon SG-DQN June 6,horizon,reference,120,12.97213950430668,0.1814237171386906,0.0010021879359955307,0.245,0.14,0.11,0.75,0.0,0.56,2.94921875,-34.99760742187499,21.17510986328125,100
horizon_previous,Horizon SG-DQN June 6,horizon,reference,121,13.682868082729149,0.17885016676208992,0.0010001035574567772,0.2575,0.15,0.1,0.75,0.0,0.6,5.8343505859375,0.0,17.52601318359375,100
horizon_previous,Horizon SG-DQN June 6,horizon,reference,122,12.837314077753744,0.18424219307729628,0.001146848020027634,0.275,0.14,0.11,0.75,0.0,0.56,8.34423828125,0.0,22.465454101562532,100
horizon_previous,Horizon SG-DQN June 6,horizon,reference,123,13.835594084763256,0.17734472488902994,0.0009666777442364599,0.2525,0.1375,0.1125,0.75,0.0,0.55,8.192352294921875,0.0,22.380859375000007,100
horizon_previous,Horizon SG-DQN June 6,horizon,reference,124,12.44419012427566,0.1887777413724576,0.0011448021953217283,0.265,0.1325,0.1175,0.75,0.0,0.53,1.672149658203125,-0.45986328124999953,23.87353515625,100
horizon_previous,Horizon SG-DQN June 6,horizon,reference,125,11.773000810164538,0.18801590275003946,0.0011718170427387664,0.275,0.165,0.085,0.75,0.0,0.66,7.312408447265625,0.0,21.46173095703125,100
horizon_previous,Horizon SG-DQN June 6,horizon,reference,126,9.697549795142939,0.19418194575377257,0.0010594302923369037,0.2675,0.1925,0.0575,0.75,0.0,0.77,9.67230224609375,0.0,23.247875976562508,100
horizon_previous,Horizon SG-DQN June 6,horizon,reference,127,11.526140818754875,0.19109494588943285,0.0010818804010095493,0.2475,0.175,0.075,0.75,0.0,0.7,7.549285888671875,0.0,24.143066406250014,100
horizon_previous,Horizon SG-DQN June 6,horizon,reference,128,11.843690027732237,0.1882383568587328,0.001033429358151698,0.24,0.1875,0.0625,0.75,0.0,0.75,9.092529296875,0.0,22.652392578125006,100
horizon_previous,Horizon SG-DQN June 6,horizon,reference,129,10.564785817316311,0.19013547879542364,0.0009952610943777982,0.2375,0.1825,0.0675,0.75,0.0,0.73,9.7322998046875,0.0,21.399487304687504,100
horizon_previous,Horizon SG-DQN June 6,horizon,reference,130,12.263596368536763,0.18579793818272117,0.001099415123151999,0.25,0.185,0.065,0.75,0.0,0.74,7.633544921875,0.0,20.046844482421875,100
horizon_previous,Horizon SG-DQN June 6,horizon,reference,131,14.249839263514895,0.1796413808768728,0.0010128908756609392,0.2325,0.155,0.095,0.75,0.0,0.62,3.652587890625,0.0,19.894165039062514,100
horizon_previous,Horizon SG-DQN June 6,horizon,reference,132,14.772894366615228,0.18113229808738784,0.0010227099009566998,0.2375,0.1775,0.0725,0.75,0.0,0.71,6.640625,0.0,21.4949951171875,100
horizon_previous,Horizon SG-DQN June 6,horizon,reference,133,14.95461634206943,0.1789527776909104,0.0010321615413475774,0.2275,0.1875,0.0625,0.75,0.0,0.75,8.068115234375,0.0,19.829687500000006,100
horizon_previous,Horizon SG-DQN June 6,horizon,reference,134,15.07259233443258,0.17979801917094984,0.0009262467162920332,0.22,0.2025,0.0475,0.75,0.0,0.81,8.2154541015625,0.0,19.081225585937503,100
horizon_previous,Horizon SG-DQN June 6,horizon,reference,135,14.32991790896638,0.18157938253741807,0.000963956823787053,0.235,0.195,0.055,0.75,0.0,0.78,6.93414306640625,0.0,19.988012695312516,100
horizon_previous,Horizon SG-DQN June 6,horizon,reference,136,14.648065346585854,0.17999887592878283,0.0009574006752214544,0.2225,0.185,0.065,0.75,0.0,0.74,6.5306396484375,0.0,18.21245117187502,100
horizon_previous,Horizon SG-DQN June 6,horizon,reference,137,14.310666549943962,0.1800419904865304,0.0009684907425648901,0.21,0.19,0.06,0.75,0.0,0.76,7.1024169921875,0.0,19.228051757812526,100
horizon_previous,Horizon SG-DQN June 6,horizon,reference,138,12.980324506380514,0.1864198650273163,0.0010363735197002647,0.2425,0.1975,0.0525,0.75,0.0,0.79,5.97900390625,0.0,20.414697265625012,100
horizon_previous,Horizon SG-DQN June 6,horizon,reference,139,9.80757557792244,0.19447239905126593,0.0009568325062636811,0.23,0.1975,0.0525,0.75,0.0,0.79,7.02081298828125,0.0,20.030053710937516,100
horizon_previous,Horizon SG-DQN June 6,horizon,reference,140,12.653952243388535,0.19175624456421622,0.0010875606810966537,0.25,0.1825,0.0675,0.75,0.0,0.73,8.9674072265625,-0.288720703124999,22.304199218750018,100
horizon_previous,Horizon SG-DQN June 6,horizon,reference,141,14.70969692682622,0.18217956154788964,0.0010031046337225442,0.235,0.1925,0.0575,0.75,0.0,0.77,9.22607421875,0.0,21.19461669921875,100
horizon_previous,Horizon SG-DQN June 6,horizon,reference,142,14.027607804946223,0.18354170137379455,0.001064357349613055,0.2375,0.2,0.05,0.75,0.0,0.8,10.124755859375,0.0,20.231176757812502,100
horizon_previous,Horizon SG-DQN June 6,horizon,reference,143,11.367198115165804,0.19256743609950014,0.0010248377934958329,0.2425,0.2025,0.0475,0.75,0.0,0.81,6.976318359375,0.0,22.383642578125002,100
horizon_previous,Horizon SG-DQN June 6,horizon,reference,144,13.599611019638887,0.18479493030970354,0.0010359723624883616,0.2325,0.1825,0.0675,0.75,0.0,0.73,7.307167053222656,0.0,19.618640136718756,100
horizon_previous,Horizon SG-DQN June 6,horizon,reference,145,12.983367309407171,0.1839480273241304,0.0009470091531933833,0.22,0.1875,0.0625,0.75,0.0,0.75,8.821533203125,0.0,18.556225585937504,100
horizon_previous,Horizon SG-DQN June 6,horizon,reference,146,13.090261693151598,0.1870772925215053,0.001031367920601542,0.2425,0.1875,0.0625,0.75,0.0,0.75,9.016357421875,0.0,21.636865234375016,100
horizon_previous,Horizon SG-DQN June 6,horizon,reference,147,14.797174013115141,0.18081755800742338,0.0009130179801550334,0.2225,0.19,0.06,0.75,0.0,0.76,8.809623718261719,0.0,22.09763183593751,100
horizon_previous,Horizon SG-DQN June 6,horizon,reference,148,14.312512962198971,0.1777013040886642,0.0008689794172552088,0.22,0.195,0.055,0.75,0.0,0.78,8.65655517578125,0.0,18.137280273437508,100
horizon_previous,Horizon SG-DQN June 6,horizon,reference,149,14.595400265605603,0.18224987255668362,0.0009748194283271835,0.235,0.19,0.06,0.75,0.0,0.76,9.7462158203125,0.0,22.902014160156252,100
horizon_previous,Horizon SG-DQN June 6,horizon,reference,150,13.234464946624778,0.18575245140160299,0.0009922486024105653,0.245,0.2075,0.0425,0.75,0.0,0.83,8.13037109375,0.0,20.08223876953125,100
horizon_previous,Horizon SG-DQN June 6,horizon,reference,151,14.305688155442354,0.18039908040174565,0.001017945276591499,0.24,0.205,0.045,0.75,0.0,0.82,7.347381591796875,0.0,21.01545410156251,100
horizon_previous,Horizon SG-DQN June 6,horizon,reference,152,15.07112240751773,0.18062939354479732,0.0009370301032662299,0.23,0.19,0.06,0.75,0.0,0.76,7.8800048828125,0.0,20.969726562500007,100
horizon_previous,Horizon SG-DQN June 6,horizon,reference,153,14.594557380125462,0.17759461979254168,0.0009781640904582148,0.235,0.2,0.05,0.75,0.0,0.8,7.66455078125,0.0,21.781640625,100
horizon_previous,Horizon SG-DQN June 6,horizon,reference,154,14.478100053325054,0.17914761437698443,0.0008922603023227115,0.22,0.1875,0.0625,0.75,0.0,0.75,5.6204833984375,0.0,18.93629150390625,100
horizon_previous,Horizon SG-DQN June 6,horizon,reference,155,13.373790353909266,0.18709540109200787,0.001084873584542876,0.2425,0.1825,0.0675,0.75,0.0,0.73,7.1710205078125,0.0,18.01563720703125,100
horizon_previous,Horizon SG-DQN June 6,horizon,reference,156,15.34960471059302,0.17793731094532841,0.0009047600045018726,0.2275,0.2,0.05,0.75,0.0,0.8,7.5660400390625,0.0,22.9806396484375,100
horizon_previous,Horizon SG-DQN June 6,horizon,reference,157,14.471185036590878,0.17908089091449395,0.0008942712576753714,0.2225,0.17,0.08,0.75,0.0,0.68,4.52099609375,0.0,17.45957031250002,100
horizon_previous,Horizon SG-DQN June 6,horizon,reference,158,13.152135847857423,0.18124677681407764,0.0009382661533123599,0.23,0.1875,0.0625,0.75,0.0,0.75,7.479888916015625,0.0,20.32177734375,100
horizon_previous,Horizon SG-DQN June 6,horizon,reference,159,13.871632812939488,0.18176751306664374,0.0010730808179670128,0.25,0.1925,0.0575,0.75,0.0,0.77,8.1988525390625,0.0,24.332983398437502,100
horizon_previous,Horizon SG-DQN June 6,horizon,reference,160,12.12419460999687,0.1880399630182895,0.0010359186708455744,0.25,0.18,0.07,0.75,0.0,0.72,6.01708984375,0.0,29.971142578125004,100
horizon_previous,Horizon SG-DQN June 6,horizon,reference,161,13.367161454557944,0.1830387541569386,0.0009426573716761714,0.235,0.185,0.065,0.75,0.0,0.74,6.93072509765625,0.0,14.782153320312505,100
horizon_previous,Horizon SG-DQN June 6,horizon,reference,162,12.974407764276325,0.18608837559107322,0.0010355907462126217,0.255,0.19,0.06,0.75,0.0,0.76,6.831146240234375,0.0,16.223559570312503,100
horizon_previous,Horizon SG-DQN June 6,horizon,reference,163,13.275412893356176,0.17957463113535677,0.0009336078839837442,0.2475,0.19,0.06,0.75,0.0,0.76,4.1993408203125,0.0,18.057019042968754,100
horizon_previous,Horizon SG-DQN June 6,horizon,reference,164,13.404025112359813,0.18457949195457796,0.000988900232981372,0.245,0.1825,0.0675,0.75,0.0,0.73,5.702545166015625,0.0,15.6757568359375,100
horizon_previous,Horizon SG-DQN June 6,horizon,reference,165,12.266334578346743,0.18619005616737672,0.0009350446589128702,0.24,0.195,0.055,0.75,0.0,0.78,9.005126953125,0.0,21.68153076171875,100
horizon_previous,Horizon SG-DQN June 6,horizon,reference,166,12.81316209484911,0.18519581833686946,0.0010197685655771815,0.24,0.1775,0.0725,0.75,0.0,0.71,5.836395263671875,0.0,20.4256591796875,100
horizon_previous,Horizon SG-DQN June 6,horizon,reference,167,11.076979025640025,0.1882441849991563,0.0009561052161765223,0.245,0.2075,0.0425,0.75,0.0,0.83,7.710693359375,0.0,19.769128417968766,100
horizon_previous,Horizon SG-DQN June 6,horizon,reference,168,13.609885870497337,0.1820291811456823,0.001058640442875879,0.2625,0.1875,0.0625,0.75,0.0,0.75,8.7581787109375,0.0,19.708117675781253,100
horizon_previous,Horizon SG-DQN June 6,horizon,reference,169,13.420830756011702,0.18200467499345813,0.0010182844995234284,0.2575,0.1775,0.0725,0.75,0.0,0.71,4.91241455078125,0.0,18.297265625000005,100
horizon_previous,Horizon SG-DQN June 6,horizon,reference,170,12.86960772452088,0.18037362528667691,0.0009047586273913372,0.2375,0.1975,0.0525,0.75,0.0,0.79,7.07470703125,0.0,17.5743896484375,100
horizon_previous,Horizon SG-DQN June 6,horizon,reference,171,13.235456889751013,0.17998142560867805,0.000932246250915979,0.2525,0.1975,0.0525,0.75,0.0,0.79,7.266571044921875,0.0,17.166296386718752,100
horizon_previous,Horizon SG-DQN June 6,horizon,reference,172,15.433953268933328,0.17003381480309862,0.0008526053698491893,0.2375,0.1825,0.0675,0.75,0.0,0.73,5.1905517578125,0.0,17.31968994140625,100
horizon_previous,Horizon SG-DQN June 6,horizon,reference,173,13.393187980527726,0.17894523012200378,0.0009681836257411874,0.245,0.19,0.06,0.75,0.0,0.76,6.72259521484375,0.0,20.33175048828125,100
horizon_previous,Horizon SG-DQN June 6,horizon,reference,174,13.20662573959909,0.17892706931988964,0.0009907864404879504,0.275,0.195,0.055,0.75,0.0,0.78,6.26812744140625,0.0,19.72819824218751,100
horizon_previous,Horizon SG-DQN June 6,horizon,reference,175,14.371026575732929,0.17532313588735932,0.0009918388938562378,0.2575,0.1975,0.0525,0.75,0.0,0.79,6.8232421875,0.0,16.241931152343756,100
horizon_previous,Horizon SG-DQN June 6,horizon,reference,176,12.246801616515736,0.17883906483812764,0.0009895983194996734,0.265,0.1925,0.0575,0.75,0.0,0.77,7.4637451171875,0.0,17.863439941406252,100
horizon_previous,Horizon SG-DQN June 6,horizon,reference,177,14.434049412145702,0.17643495408840926,0.0010264850737004248,0.2625,0.19,0.06,0.75,0.0,0.76,7.766845703125,0.0,18.08002929687501,100
horizon_previous,Horizon SG-DQN June 6,horizon,reference,178,12.416760996128492,0.18199260191073705,0.0010002057930142694,0.2725,0.195,0.055,0.75,0.0,0.78,8.50445556640625,0.0,20.052880859375,100
horizon_previous,Horizon SG-DQN June 6,horizon,reference,179,12.513416160301803,0.18190600717453978,0.0009817280610138694,0.25,0.215,0.035,0.75,0.0,0.86,8.80889892578125,0.0,17.9353515625,100
horizon_previous,Horizon SG-DQN June 6,horizon,reference,180,14.280071266805892,0.17616925556471316,0.0008908116044949027,0.2425,0.22,0.03,0.75,0.0,0.88,8.98828125,0.0,17.60615234375,100
horizon_previous,Horizon SG-DQN June 6,horizon,reference,181,12.492489752436834,0.1855698218183931,0.001005811593874066,0.2525,0.2225,0.0275,0.75,0.0,0.89,8.45196533203125,0.0,17.605029296875006,100
horizon_previous,Horizon SG-DQN June 6,horizon,reference,182,15.31056680915971,0.1710881343582202,0.0008654868857184389,0.2325,0.215,0.035,0.75,0.0,0.86,7.7843017578125,0.0,17.393725585937503,100
horizon_previous,Horizon SG-DQN June 6,horizon,reference,183,11.884432252929887,0.18664493108938005,0.0010178896078878875,0.255,0.21,0.04,0.75,0.0,0.84,9.2620849609375,0.0,19.95391845703125,100
horizon_previous,Horizon SG-DQN June 6,horizon,reference,184,12.166499181432886,0.18786776144122008,0.0010607019793124812,0.2525,0.225,0.025,0.75,0.0,0.9,9.321502685546875,0.09008789062500003,16.7765869140625,100
horizon_previous,Horizon SG-DQN June 6,horizon,reference,185,13.590316343908684,0.1786820374344818,0.0009238764203660485,0.235,0.215,0.035,0.75,0.0,0.86,7.7845458984375,0.0,17.014233398437508,100
horizon_previous,Horizon SG-DQN June 6,horizon,reference,186,13.041581161418758,0.1863998535324669,0.0010203341503387555,0.2475,0.22,0.03,0.75,0.0,0.88,8.357421875,0.0,16.1318603515625,100
horizon_previous,Horizon SG-DQN June 6,horizon,reference,187,13.3124201362033,0.18176092150772682,0.0009061400885133974,0.2275,0.215,0.035,0.75,0.0,0.86,8.939697265625,0.0,20.256665039062504,100
horizon_previous,Horizon SG-DQN June 6,horizon,reference,188,14.09699713294142,0.1769873270232909,0.0009296842536416078,0.23,0.225,0.025,0.75,0.0,0.9,7.955810546875,0.35727539062500013,17.600830078125004,100
horizon_previous,Horizon SG-DQN June 6,horizon,reference,189,14.994806617872303,0.1790761918754653,0.0009783431064630064,0.2325,0.215,0.035,0.75,0.0,0.86,7.490966796875,0.0,17.577746582031253,100
horizon_previous,Horizon SG-DQN June 6,horizon,reference,190,15.122604435150198,0.1786403442438216,0.0009691194185369026,0.2225,0.215,0.035,0.75,0.0,0.86,6.947509765625,0.0,19.12521972656251,100
horizon_previous,Horizon SG-DQN June 6,horizon,reference,191,13.327454148791558,0.18127376589549374,0.0009860828166910632,0.235,0.2,0.05,0.75,0.0,0.8,7.259033203125,0.0,20.148876953125,100
horizon_previous,Horizon SG-DQN June 6,horizon,reference,192,12.651744572685843,0.18187276122574184,0.0009996531447918633,0.2275,0.2075,0.0425,0.75,0.0,0.83,8.241943359375,0.0,21.855810546875002,100
horizon_previous,Horizon SG-DQN June 6,horizon,reference,193,10.18726913664862,0.19252830691829836,0.0009980607346474857,0.2225,0.205,0.045,0.75,0.0,0.82,6.27874755859375,0.0,19.066796875000005,100
horizon_previous,Horizon SG-DQN June 6,horizon,reference,194,9.765524313499222,0.18502562984331583,0.0010902706320277252,0.235,0.22,0.03,0.75,0.0,0.88,8.10888671875,0.0,20.124023437500007,100
horizon_previous,Horizon SG-DQN June 6,horizon,reference,195,9.418375493125478,0.18945398706233507,0.0010487974393051061,0.235,0.2125,0.0375,0.75,0.0,0.85,11.84619140625,0.0,24.070581054687505,100
horizon_previous,Horizon SG-DQN June 6,horizon,reference,196,10.066427771640958,0.18865220532813554,0.001000911232195162,0.2375,0.2175,0.0325,0.75,0.0,0.87,10.6724853515625,0.0,21.595996093750003,100
horizon_previous,Horizon SG-DQN June 6,horizon,reference,197,12.22007138672527,0.17762227224844435,0.0009187149821552747,0.2275,0.2275,0.0225,0.75,0.0,0.91,10.754638671875,0.6431640625000001,21.5712646484375,100
horizon_previous,Horizon SG-DQN June 6,horizon,reference,198,12.402394116730024,0.1768990563385715,0.0008478521444102022,0.2325,0.2275,0.0225,0.75,0.0,0.91,9.8109130859375,0.33584594726562506,18.638854980468754,100
horizon_previous,Horizon SG-DQN June 6,horizon,reference,199,11.725505574444494,0.18207192226620067,0.0010170075323172826,0.2575,0.2325,0.0175,0.75,0.0,0.93,9.351318359375,1.23740234375,18.48818359375,100
horizon_previous,Horizon SG-DQN June 6,horizon,reference,200,11.677230134320753,0.18185615196237243,0.0009993905496348044,0.275,0.2475,0.0025,0.75,0.0,0.99,19.99847412109375,8.71123046875,23.30678710937505,100
dueling_current,Dueling SG-DQN replay40k,dueling horizon,current,1,-2.4757971343220584,0.2927707191778444,0.002622321657885212,0.4425,0.0,0.0,0.0,0.0,nan,nan,nan,nan,0
dueling_current,Dueling SG-DQN replay40k,dueling horizon,current,2,7.874069683245648,0.18594152231035466,0.0015049713189922193,0.2525,0.0,0.0,0.0,0.0,nan,nan,nan,nan,0
dueling_current,Dueling SG-DQN replay40k,dueling horizon,current,3,7.9847975595233605,0.18505905208111023,0.00149940613132385,0.2525,0.0,0.0,0.0,0.0,nan,nan,nan,nan,0
dueling_current,Dueling SG-DQN replay40k,dueling horizon,current,4,8.105924556201765,0.18410211055489434,0.0014935419865018456,0.2525,0.0,0.0,0.0,0.0,nan,nan,nan,nan,0
dueling_current,Dueling SG-DQN replay40k,dueling horizon,current,5,8.225657526245664,0.18307196649804552,0.0014873741488288144,0.255,0.0,0.0,0.0,0.0,nan,nan,nan,nan,0
dueling_current,Dueling SG-DQN replay40k,dueling horizon,current,6,8.348965000563991,0.18196566273979833,0.0014809316486112634,0.25,0.0,0.0,0.0,0.0,nan,nan,nan,nan,0
dueling_current,Dueling SG-DQN replay40k,dueling horizon,current,7,8.481938704380315,0.18077234278615023,0.0014741697172206752,0.25,0.0,0.0,0.0,0.0,nan,nan,nan,nan,0
dueling_current,Dueling SG-DQN replay40k,dueling horizon,current,8,8.646113114652538,0.17952075608766044,0.0014670518705704732,0.2525,0.0,0.0,0.0,0.0,nan,nan,nan,nan,0
dueling_current,Dueling SG-DQN replay40k,dueling horizon,current,9,8.806242397490184,0.1784467768279042,0.0014595864385182817,0.2475,0.0,0.0,0.0,0.0,nan,nan,nan,nan,0
dueling_current,Dueling SG-DQN replay40k,dueling horizon,current,10,8.921790762841676,0.17753237362988525,0.0014515408397545338,0.2475,0.0,0.0,0.0,0.0,nan,nan,nan,nan,0
dueling_current,Dueling SG-DQN replay40k,dueling horizon,current,11,9.070162947450875,0.1765178214087376,0.0014432441652684016,0.245,0.0,0.9975,0.0,0.0,0.0,nan,nan,nan,399
dueling_current,Dueling SG-DQN replay40k,dueling horizon,current,12,9.243795266627322,0.17539656692687244,0.0014346148404482768,0.2425,0.0,1.0,0.0,0.0,0.0,nan,nan,nan,400
dueling_current,Dueling SG-DQN replay40k,dueling horizon,current,13,9.454461497921823,0.17419942079565698,0.001425550484335849,0.2375,0.0,1.0,0.0,0.0,0.0,nan,nan,nan,400
dueling_current,Dueling SG-DQN replay40k,dueling horizon,current,14,10.92097971069885,0.18404118532757252,0.001015072268193928,0.2775,0.1075,0.145,0.7475,0.0,0.42574257425742573,0.0,-8.305060577392577,20.016047382354774,101
dueling_current,Dueling SG-DQN replay40k,dueling horizon,current,15,9.950648404419708,0.17412123816714067,0.0009188940324114534,0.2375,0.08,0.17,0.75,0.0,0.32,0.0,-15.527359819412231,16.404604053497316,100
dueling_current,Dueling SG-DQN replay40k,dueling horizon,current,16,10.385297186170062,0.16958162084873535,0.0011169372362936467,0.235,0.0775,0.1725,0.75,0.0,0.31,0.0,-8.127051877975463,6.985985946655277,100
dueling_current,Dueling SG-DQN replay40k,dueling horizon,current,17,11.050542554773688,0.17168867521850756,0.0011264220548271953,0.2325,0.075,0.175,0.75,0.0,0.3,0.0,-33.61373252868652,1.8765054702758794,100
dueling_current,Dueling SG-DQN replay40k,dueling horizon,current,18,13.200624815930786,0.16694654208587253,0.0011053448215328568,0.2475,0.0875,0.1625,0.75,0.0,0.35,0.0,-13.70624599456787,3.537585926055911,100
dueling_current,Dueling SG-DQN replay40k,dueling horizon,current,19,10.935061752681598,0.1685113586020028,0.001001061899404142,0.2175,0.0925,0.1575,0.75,0.0,0.37,0.0,-11.575525379180904,3.782381057739261,100
dueling_current,Dueling SG-DQN replay40k,dueling horizon,current,20,11.687309768211275,0.1686667129550316,0.0010954690492605806,0.2175,0.085,0.165,0.75,0.0,0.34,0.0,-7.980543375015254,1.2351935625076296,100
dueling_current,Dueling SG-DQN replay40k,dueling horizon,current,21,12.827656980017064,0.1655597099279798,0.0010648670556205175,0.23,0.0925,0.1575,0.75,0.0,0.37,0.0,-48.12085189819336,3.2877716064453146,100
dueling_current,Dueling SG-DQN replay40k,dueling horizon,current,22,14.100310347845612,0.1635773167518798,0.0008840769637279344,0.23,0.08,0.17,0.75,0.0,0.32,0.0,-2.6727738380432124,1.2664312362670909,100
dueling_current,Dueling SG-DQN replay40k,dueling horizon,current,23,15.37020595770436,0.1642104986044262,0.0009089171583075273,0.2675,0.0825,0.1675,0.75,0.0,0.33,0.0,-16.70359287261963,2.7733634114265455,100
dueling_current,Dueling SG-DQN replay40k,dueling horizon,current,24,12.193673395915594,0.1671785027599293,0.001130990324522897,0.21,0.085,0.165,0.75,0.0,0.34,0.0,-30.054519271850584,1.3155218124389685,100
dueling_current,Dueling SG-DQN replay40k,dueling horizon,current,25,13.221460281113956,0.17095967099349133,0.0012408503249776404,0.2525,0.0925,0.1575,0.75,0.0,0.37,0.0,-19.196733093261713,1.1965687751770022,100
dueling_current,Dueling SG-DQN replay40k,dueling horizon,current,26,13.055079692061698,0.17005665320737262,0.0011476679702935935,0.255,0.0825,0.1675,0.75,0.0,0.33,0.0,-28.655489540100092,1.7266111373901367,100
dueling_current,Dueling SG-DQN replay40k,dueling horizon,current,27,11.561747863003198,0.17136832618859535,0.0010695283937789098,0.23,0.095,0.155,0.75,0.0,0.38,0.0,-7.753517949581144,1.3704881668090834,100
dueling_current,Dueling SG-DQN replay40k,dueling horizon,current,28,12.95355503772991,0.17037810366925954,0.0011750238497491025,0.2225,0.085,0.165,0.75,0.0,0.34,0.0,-18.885851860046387,1.4109912872314454,100
dueling_current,Dueling SG-DQN replay40k,dueling horizon,current,29,10.730579280358757,0.17162183035543507,0.001166570996982285,0.23,0.085,0.165,0.75,0.0,0.34,0.0,-49.20483245849609,1.1709152221679688,100
dueling_current,Dueling SG-DQN replay40k,dueling horizon,current,30,11.845821424348484,0.17113163810960408,0.0012646838037086224,0.2275,0.08,0.17,0.75,0.0,0.32,0.0,-11.151958084106441,1.1485152244567878,100
dueling_current,Dueling SG-DQN replay40k,dueling horizon,current,31,12.332627315375372,0.16996162338468365,0.0010829555906910146,0.2575,0.0825,0.1675,0.75,0.0,0.33,0.0,-0.6108860492706298,2.1859805107116705,100
dueling_current,Dueling SG-DQN replay40k,dueling horizon,current,32,12.32388357622608,0.1669683008374115,0.0009671405198130807,0.2225,0.08,0.17,0.75,0.0,0.32,0.0,-38.98988571166991,1.6477544784545917,100
dueling_current,Dueling SG-DQN replay40k,dueling horizon,current,33,11.494974686721596,0.17311759530116433,0.0011446312876307336,0.2325,0.0825,0.1675,0.75,0.0,0.33,0.0,-4.877082633972162,1.5997099876403829,100
dueling_current,Dueling SG-DQN replay40k,dueling horizon,current,34,11.344314748392891,0.17573045112712168,0.0012720142402445787,0.23,0.085,0.165,0.75,0.0,0.34,0.0,-31.24603424072265,1.9626153945922853,100
dueling_current,Dueling SG-DQN replay40k,dueling horizon,current,35,10.83667527916006,0.17804901313757768,0.0011797677761492449,0.28,0.0775,0.1725,0.75,0.0,0.31,0.0,-16.87254600524902,1.7614135742187502,100
dueling_current,Dueling SG-DQN replay40k,dueling horizon,current,36,11.329399940601684,0.1812634361451189,0.0012081694518794538,0.25,0.0925,0.1575,0.75,0.0,0.37,0.0,-68.89801025390625,3.0309089660644544,100
dueling_current,Dueling SG-DQN replay40k,dueling horizon,current,37,11.581129077778387,0.18263962102564274,0.0011184865876235812,0.2675,0.085,0.165,0.75,0.0,0.34,0.0,-37.138843536376946,3.1253787994384767,100
dueling_current,Dueling SG-DQN replay40k,dueling horizon,current,38,10.571761324578947,0.18321010102284277,0.0012086779864351077,0.265,0.0775,0.1725,0.75,0.0,0.31,0.0,-4.919620394706724,2.946145439147951,100
dueling_current,Dueling SG-DQN replay40k,dueling horizon,current,39,11.4458190372026,0.1861864837358544,0.0014027531077685704,0.27,0.065,0.185,0.75,0.0,0.26,0.0,-33.04725799560546,3.660887813568117,100
dueling_current,Dueling SG-DQN replay40k,dueling horizon,current,40,10.250934263974523,0.18778037935710537,0.0011451276622126032,0.2675,0.085,0.165,0.75,0.0,0.34,0.0,-36.973586273193355,2.4069000244140635,100
dueling_current,Dueling SG-DQN replay40k,dueling horizon,current,41,10.76553588179221,0.189554491536928,0.0013252525352119723,0.25,0.0775,0.1725,0.75,0.0,0.31,0.0,-58.84888916015625,3.05018577575684,100
dueling_current,Dueling SG-DQN replay40k,dueling horizon,current,42,10.78643587242744,0.1906318680788935,0.0013048761160525519,0.29,0.065,0.185,0.75,0.0,0.26,0.0,-52.52857284545898,4.095356070995332,100
dueling_current,Dueling SG-DQN replay40k,dueling horizon,current,43,9.005642709000217,0.19420972111285428,0.0013306595303399762,0.245,0.065,0.185,0.75,0.0,0.26,0.0,-1.9584964752197265,3.8003879547119146,100
dueling_current,Dueling SG-DQN replay40k,dueling horizon,current,44,8.322295321555707,0.19688302160674234,0.0012895801240338652,0.26,0.0775,0.1725,0.75,0.0,0.31,0.0,-67.81508712768554,3.262337112426761,100
dueling_current,Dueling SG-DQN replay40k,dueling horizon,current,45,9.055304938182537,0.1963863185929409,0.0011830219103119574,0.245,0.065,0.185,0.75,0.0,0.26,0.0,-1.4081571578979473,3.155322265625004,100
dueling_current,Dueling SG-DQN replay40k,dueling horizon,current,46,8.888015069562842,0.19502286766400145,0.0012309042275684067,0.225,0.0625,0.1875,0.75,0.0,0.25,0.0,-60.27533264160156,3.9879875183105478,100
dueling_current,Dueling SG-DQN replay40k,dueling horizon,current,47,9.181636386117875,0.1942316204385253,0.001413257682822503,0.23,0.0825,0.1675,0.75,0.0,0.33,0.0,-59.768667602539054,3.1960178375244155,100
dueling_current,Dueling SG-DQN replay40k,dueling horizon,current,48,10.274303547410213,0.1914911060279347,0.0011650553940337387,0.24,0.045,0.205,0.75,0.0,0.18,0.0,-77.14072723388672,3.0386245727539065,100
dueling_current,Dueling SG-DQN replay40k,dueling horizon,current,49,7.185197082956915,0.2035289398643759,0.0012736680144592469,0.2425,0.0675,0.1825,0.75,0.0,0.27,0.0,-81.52439880371094,6.153982543945315,100
dueling_current,Dueling SG-DQN replay40k,dueling horizon,current,50,5.835911896029333,0.2098783900259808,0.00119318007943281,0.2375,0.075,0.175,0.75,0.0,0.3,0.0,-55.46619758605957,5.243387603759775,100
dueling_current,Dueling SG-DQN replay40k,dueling horizon,current,51,10.596990226543753,0.19157682927268335,0.0012258744942104216,0.2075,0.0675,0.1825,0.75,0.0,0.27,0.0,-86.82104187011718,2.356067657470704,100
dueling_current,Dueling SG-DQN replay40k,dueling horizon,current,52,9.682967081749087,0.19276546704912811,0.0013867199794811512,0.2225,0.0825,0.1675,0.75,0.0,0.33,0.0,-46.49277610778808,2.4213638305664125,100
dueling_current,Dueling SG-DQN replay40k,dueling horizon,current,53,9.160577636629705,0.19312230583736212,0.001452512245976173,0.235,0.065,0.185,0.75,0.0,0.26,0.0,-30.456562805175782,4.393048095703126,100
dueling_current,Dueling SG-DQN replay40k,dueling horizon,current,54,9.6071324076836,0.19349486135723698,0.0015353885707068144,0.27,0.085,0.165,0.75,0.0,0.34,0.0,-1.9296112060546873,2.07918395996094,100
dueling_current,Dueling SG-DQN replay40k,dueling horizon,current,55,9.578082037266093,0.19395554436925566,0.0015446030043305453,0.2475,0.075,0.175,0.75,0.0,0.3,0.0,-22.530168914794917,2.030525970458985,100
dueling_current,Dueling SG-DQN replay40k,dueling horizon,current,56,8.527347012443556,0.1953756983623503,0.001451568774583471,0.2425,0.075,0.175,0.75,0.0,0.3,0.0,-41.21312561035155,2.5423202514648464,100
dueling_current,Dueling SG-DQN replay40k,dueling horizon,current,57,9.253934481199892,0.1926524624865719,0.0012096730118896864,0.2375,0.0725,0.1775,0.75,0.0,0.29,0.0,-33.39306106567382,1.947821426391603,100
dueling_current,Dueling SG-DQN replay40k,dueling horizon,current,58,9.066963745336748,0.1941829580393,0.0015299081349838548,0.2475,0.0775,0.1725,0.75,0.0,0.31,0.0,-102.9398208618164,2.8626586914062537,100
dueling_current,Dueling SG-DQN replay40k,dueling horizon,current,59,10.377694690031326,0.19398252425459325,0.0014818097312334273,0.2575,0.0725,0.1775,0.75,0.0,0.29,0.0,0.0,3.9023155212402503,100
dueling_current,Dueling SG-DQN replay40k,dueling horizon,current,60,9.488333044178084,0.19268061364552547,0.0015438420761901507,0.2625,0.0925,0.1575,0.75,0.0,0.37,0.0,-4.093837165832517,2.7530812263488778,100
dueling_current,Dueling SG-DQN replay40k,dueling horizon,current,61,9.158792936302119,0.18914278883418917,0.0013097522999375615,0.2425,0.08,0.17,0.75,0.0,0.32,0.0,-20.098860549926755,2.830052185058595,100
dueling_current,Dueling SG-DQN replay40k,dueling horizon,current,62,8.874747987417953,0.1915602536176676,0.001469947761947961,0.25,0.0775,0.1725,0.75,0.0,0.31,0.0,-56.459504699707026,3.008045959472658,100
dueling_current,Dueling SG-DQN replay40k,dueling horizon,current,63,9.378532764657525,0.18957777039648063,0.0015056510753647839,0.265,0.0875,0.1625,0.75,0.0,0.35,0.0,-15.532615280151363,3.188551330566408,100
dueling_current,Dueling SG-DQN replay40k,dueling horizon,current,64,9.934177629426307,0.1978907508380614,0.0014829870899342851,0.2675,0.095,0.155,0.75,0.0,0.38,0.0,-0.08639945983886714,9.56784667968751,100
dueling_current,Dueling SG-DQN replay40k,dueling horizon,current,65,10.666594532649679,0.18988537566267538,0.0013223961942074442,0.3,0.08,0.17,0.75,0.0,0.32,0.0,-3.7404764175415024,3.8376686096191417,100
dueling_current,Dueling SG-DQN replay40k,dueling horizon,current,66,8.084867404186186,0.2064480604620572,0.0012984366398241362,0.2975,0.1025,0.1475,0.75,0.0,0.41,0.0,-103.6186798095703,14.69735794067383,100
dueling_current,Dueling SG-DQN replay40k,dueling horizon,current,67,11.333637879888679,0.1877700450938775,0.001281958957472063,0.2875,0.085,0.165,0.75,0.0,0.34,0.0,-14.620499420166016,3.860867309570314,100
dueling_current,Dueling SG-DQN replay40k,dueling horizon,current,68,10.903738941530197,0.19179372433164435,0.0013371114614347175,0.295,0.095,0.155,0.75,0.0,0.38,0.0,-2.785709762573241,5.454071044921893,100
dueling_current,Dueling SG-DQN replay40k,dueling horizon,current,69,12.260060645716758,0.18156174449528353,0.001328957742446954,0.2675,0.0725,0.1775,0.75,0.0,0.29,0.0,-4.286648941040031,2.902083206176762,100
dueling_current,Dueling SG-DQN replay40k,dueling horizon,current,70,7.804664804783167,0.19120889262810273,0.00142134351655818,0.27,0.0575,0.1925,0.75,0.0,0.23,0.0,-3.2971045494079583,1.3403533935546879,100
dueling_current,Dueling SG-DQN replay40k,dueling horizon,current,71,9.690083673474167,0.19201018820048568,0.0013439243196949882,0.285,0.0825,0.1675,0.75,0.0,0.33,0.0,-1.9278200149536129,2.5755763053894065,100
dueling_current,Dueling SG-DQN replay40k,dueling horizon,current,72,10.805674248589787,0.19304287513545082,0.001287913206784964,0.275,0.09,0.16,0.75,0.0,0.36,0.0,-19.494982910156235,8.694662475585938,100
dueling_current,Dueling SG-DQN replay40k,dueling horizon,current,73,9.392569445765963,0.19390424627742078,0.0014522275835176658,0.2575,0.0675,0.1825,0.75,0.0,0.27,0.0,-2.4113891601562485,4.225511932373047,100
dueling_current,Dueling SG-DQN replay40k,dueling horizon,current,74,11.996245260735904,0.19078240344646635,0.001351812366402899,0.2925,0.075,0.175,0.75,0.0,0.3,0.0,-16.719094085693353,4.819696235656741,100
dueling_current,Dueling SG-DQN replay40k,dueling horizon,current,75,9.870313827749978,0.19585185793047685,0.0013317856919692912,0.285,0.0825,0.1675,0.75,0.0,0.33,0.0,-49.31064453124999,7.592532348632813,100
dueling_current,Dueling SG-DQN replay40k,dueling horizon,current,76,8.46748603268089,0.19776547498125335,0.001426102379867361,0.255,0.0825,0.1675,0.75,0.0,0.33,0.0,-7.802959632873535,5.850549316406262,100
dueling_current,Dueling SG-DQN replay40k,dueling horizon,current,77,11.490428069920783,0.19161102295030688,0.0014156777345371567,0.26,0.0775,0.1725,0.75,0.0,0.31,0.0,-20.836009216308593,7.743234252929704,100
dueling_current,Dueling SG-DQN replay40k,dueling horizon,current,78,8.94313464314508,0.19574049543840236,0.0014184709118044128,0.2525,0.0925,0.1575,0.75,0.0,0.37,0.0,-8.782864379882808,4.527655029296876,100
dueling_current,Dueling SG-DQN replay40k,dueling horizon,current,79,8.48971657332172,0.19997611216768857,0.0014397771049345937,0.2625,0.0925,0.1575,0.75,0.0,0.37,0.0,-138.26007995605468,9.78440017700196,100
dueling_current,Dueling SG-DQN replay40k,dueling horizon,current,80,12.148374563582804,0.18804545640377682,0.0014038260850519468,0.265,0.075,0.175,0.75,0.0,0.3,0.0,-7.84920272827148,7.113492774963383,100
dueling_current,Dueling SG-DQN replay40k,dueling horizon,current,81,11.92955989202551,0.18780334230642265,0.0013751601610868492,0.2575,0.0775,0.1725,0.75,0.0,0.31,0.0,-50.88504333496093,6.736695098876956,100
dueling_current,Dueling SG-DQN replay40k,dueling horizon,current,82,10.87305389215104,0.19522323712516246,0.0013380426880992243,0.25,0.085,0.165,0.75,0.0,0.34,0.0,-5.849740600585937,17.625518798828136,100
dueling_current,Dueling SG-DQN replay40k,dueling horizon,current,83,9.490548841068906,0.19903228122290556,0.001444304868626125,0.32,0.1025,0.1475,0.75,0.0,0.41,0.0,-30.130024719238275,7.575119781494148,100
dueling_current,Dueling SG-DQN replay40k,dueling horizon,current,84,10.173088819104636,0.19571764202380235,0.0013911686842626757,0.265,0.095,0.155,0.75,0.0,0.38,0.0,-112.82225799560547,14.618902587890638,100
dueling_current,Dueling SG-DQN replay40k,dueling horizon,current,85,9.562268713185812,0.198442504099461,0.0015317386411188682,0.2625,0.0925,0.1575,0.75,0.0,0.37,0.0,0.0,13.617911529541043,100
dueling_current,Dueling SG-DQN replay40k,dueling horizon,current,86,7.697689982460827,0.2107549763954063,0.0014767185404113308,0.2925,0.1,0.15,0.75,0.0,0.4,0.0,-124.35032348632812,27.143575286865275,100
dueling_current,Dueling SG-DQN replay40k,dueling horizon,current,87,10.821406882736728,0.19450159342800524,0.0013706667026578035,0.275,0.095,0.155,0.75,0.0,0.38,0.0,0.0,11.723587036132862,100
dueling_current,Dueling SG-DQN replay40k,dueling horizon,current,88,11.653468819793472,0.1915493042790672,0.001405550357326564,0.26,0.08,0.17,0.75,0.0,0.32,0.0,-74.40282897949218,13.787139892578129,100
dueling_current,Dueling SG-DQN replay40k,dueling horizon,current,89,13.166852817747156,0.18446044796805716,0.0012999511457567553,0.235,0.0675,0.1825,0.75,0.0,0.27,0.0,-57.31454772949218,5.540975952148438,100
dueling_current,Dueling SG-DQN replay40k,dueling horizon,current,90,12.904536758124568,0.18632865575731114,0.001369869820742353,0.2575,0.09,0.16,0.75,0.0,0.36,0.0,-10.520099639892576,16.082864379882817,100
dueling_current,Dueling SG-DQN replay40k,dueling horizon,current,91,7.118151135332183,0.20184903205570712,0.0014958096406196743,0.2575,0.0925,0.1575,0.75,0.0,0.37,0.0,-8.564883947372437,14.123709106445313,100
dueling_current,Dueling SG-DQN replay40k,dueling horizon,current,92,8.371057653092302,0.20166676485977447,0.0013602902232343961,0.255,0.09,0.16,0.75,0.0,0.36,0.0,-1.3364257812499998,13.933593750000034,100
dueling_current,Dueling SG-DQN replay40k,dueling horizon,current,93,6.332258916593725,0.20964023648128405,0.0014653823224912849,0.285,0.1,0.15,0.75,0.0,0.4,0.0,0.0,24.65278625488283,100
dueling_current,Dueling SG-DQN replay40k,dueling horizon,current,94,12.04050948410188,0.1893780806039098,0.0013143004983851637,0.31,0.0775,0.1725,0.75,0.0,0.31,0.0,-18.8179214477539,8.881774902343784,100
dueling_current,Dueling SG-DQN replay40k,dueling horizon,current,95,9.005604589134487,0.19522498006656883,0.0012254447919829623,0.23,0.0925,0.1575,0.75,0.0,0.37,0.0,-45.38248062133786,13.657000732421892,100
dueling_current,Dueling SG-DQN replay40k,dueling horizon,current,96,9.762362863110397,0.1927845544785761,0.0013718979841752963,0.2825,0.0875,0.1625,0.75,0.0,0.35,0.0,-121.50333862304687,11.490270996093798,100
dueling_current,Dueling SG-DQN replay40k,dueling horizon,current,97,8.74682999895477,0.19599224503529136,0.0013578571386056945,0.2525,0.1075,0.1425,0.75,0.0,0.43,0.0,0.0,22.505123901367195,100
dueling_current,Dueling SG-DQN replay40k,dueling horizon,current,98,10.758866164474348,0.18834390358895825,0.001242381030478676,0.2925,0.09,0.16,0.75,0.0,0.36,0.0,-3.2033752441406182,9.293334960937507,100
dueling_current,Dueling SG-DQN replay40k,dueling horizon,current,99,8.962809720872187,0.1958082841838071,0.0013359664294786285,0.28,0.1125,0.1375,0.75,0.0,0.45,0.0,-0.9131034851074218,11.974938964843753,100
dueling_current,Dueling SG-DQN replay40k,dueling horizon,current,100,10.470110141580424,0.18550511162295094,0.001248108320782454,0.235,0.1125,0.1375,0.75,0.0,0.45,0.0,-0.7713084697723388,18.152325439453136,100
dueling_current,Dueling SG-DQN replay40k,dueling horizon,current,101,12.280008027440209,0.18031240863139225,0.0010334111694232067,0.255,0.1075,0.1425,0.75,0.0,0.43,0.0,0.0,11.570928955078145,100
dueling_current,Dueling SG-DQN replay40k,dueling horizon,current,102,13.061247504503553,0.17916480415528022,0.001073882463203141,0.2825,0.1025,0.1475,0.75,0.0,0.41,0.0,0.0,15.91495361328127,100
dueling_current,Dueling SG-DQN replay40k,dueling horizon,current,103,11.184729554824095,0.18078837588034816,0.001068355908915137,0.2875,0.12,0.13,0.75,0.0,0.48,0.0,0.0,10.681413269042979,100
dueling_current,Dueling SG-DQN replay40k,dueling horizon,current,104,11.555890783553608,0.17630372862233412,0.001101382859662602,0.215,0.125,0.125,0.75,0.0,0.5,0.1660308837890625,-4.396591186523433,13.685315704345724,100
dueling_current,Dueling SG-DQN replay40k,dueling horizon,current,105,13.686225886624438,0.1704833774977766,0.001004743783959676,0.255,0.1325,0.1175,0.75,0.0,0.53,0.40386199951171875,0.0,12.824322509765631,100
dueling_current,Dueling SG-DQN replay40k,dueling horizon,current,106,14.88259246563491,0.1646819280017796,0.000984778821985844,0.2525,0.125,0.125,0.75,0.0,0.5,0.03900146484375,0.0,9.542123317718508,100
dueling_current,Dueling SG-DQN replay40k,dueling horizon,current,107,15.880169585628893,0.16089673071563715,0.0008961881389476224,0.24,0.1475,0.1025,0.75,0.0,0.59,1.811614990234375,0.0,11.788665103912358,100
dueling_current,Dueling SG-DQN replay40k,dueling horizon,current,108,15.684123912812687,0.15766781370815994,0.0008624342171620932,0.22,0.1275,0.1225,0.75,0.0,0.51,0.60137939453125,-17.790488052368154,9.460296249389652,100
dueling_current,Dueling SG-DQN replay40k,dueling horizon,current,109,15.078877156150659,0.1644997336140917,0.0010410287303405106,0.265,0.1225,0.1275,0.75,0.0,0.49,0.0,-40.28386383056638,12.52280731201172,100
dueling_current,Dueling SG-DQN replay40k,dueling horizon,current,110,12.405596725161779,0.16951322471048771,0.001061125397934012,0.1675,0.1325,0.1175,0.75,0.0,0.53,0.4962921142578125,0.0,9.965991973876953,100
dueling_current,Dueling SG-DQN replay40k,dueling horizon,current,111,13.340862919084591,0.16966032742567635,0.0009295921747886511,0.2475,0.1175,0.1325,0.75,0.0,0.47,0.0,0.0,11.472957611083984,100
dueling_current,Dueling SG-DQN replay40k,dueling horizon,current,112,14.341505625703089,0.16811343710357027,0.0009474838920419841,0.2625,0.1125,0.1375,0.75,0.0,0.45,0.0,0.0,10.221383666992205,100
dueling_current,Dueling SG-DQN replay40k,dueling horizon,current,113,13.643717757569402,0.17257267861765704,0.0009453766002189457,0.255,0.115,0.135,0.75,0.0,0.46,0.0,0.0,12.529348564147956,100
dueling_current,Dueling SG-DQN replay40k,dueling horizon,current,114,12.826484257871885,0.17697208324096583,0.0010377291154094403,0.2725,0.135,0.115,0.75,0.0,0.54,0.456878662109375,0.0,11.631604003906254,100
dueling_current,Dueling SG-DQN replay40k,dueling horizon,current,115,11.909778704142722,0.17766575890896041,0.0010559463602705706,0.29,0.1075,0.1425,0.75,0.0,0.43,0.0,-54.403790283203115,10.891582489013679,100
dueling_current,Dueling SG-DQN replay40k,dueling horizon,current,116,10.839903260969487,0.1848191763378088,0.0012165323738110778,0.24,0.125,0.125,0.75,0.0,0.5,0.0570220947265625,0.0,12.022998046875006,100
dueling_current,Dueling SG-DQN replay40k,dueling horizon,current,117,11.433503830295267,0.18484400016941485,0.0012654502740068179,0.3275,0.1175,0.1325,0.75,0.0,0.47,0.0,0.0,11.458772158622756,100
dueling_current,Dueling SG-DQN replay40k,dueling horizon,current,118,12.806982115031042,0.18292225818760705,0.0011124723465837322,0.2875,0.1025,0.1475,0.75,0.0,0.41,0.0,0.0,10.210550498962418,100
dueling_current,Dueling SG-DQN replay40k,dueling horizon,current,119,10.094174459584647,0.18799693530104883,0.0011770786045523201,0.3025,0.1075,0.1425,0.75,0.0,0.43,0.0,-0.03816223144531236,8.81712875366211,100
dueling_current,Dueling SG-DQN replay40k,dueling horizon,current,120,10.2925352810102,0.1896467191927847,0.0011807342817662626,0.3025,0.125,0.125,0.75,0.0,0.5,0.00569915771484375,0.0,13.640834045410168,100
dueling_current,Dueling SG-DQN replay40k,dueling horizon,current,121,10.425428611409725,0.1899821820027889,0.0012113705919936863,0.2725,0.1275,0.1225,0.75,0.0,0.51,0.13623046875,0.0,13.033026123046893,100
dueling_current,Dueling SG-DQN replay40k,dueling horizon,current,122,11.652694092538795,0.18561856955497774,0.0010688480588189103,0.27,0.13,0.12,0.75,0.0,0.52,0.23999404907226562,-0.32820739746093636,5.68589477539063,100
dueling_current,Dueling SG-DQN replay40k,dueling horizon,current,123,11.28003788338971,0.19493555471738946,0.001354860403417965,0.3225,0.1475,0.1025,0.75,0.0,0.59,0.3929786682128906,0.0,12.061282157897988,100
dueling_current,Dueling SG-DQN replay40k,dueling horizon,current,124,11.133128151923643,0.1931548512881387,0.001343304661487868,0.3125,0.1425,0.1075,0.75,0.0,0.57,0.407318115234375,0.0,11.374816894531259,100
dueling_current,Dueling SG-DQN replay40k,dueling horizon,current,125,10.649795316555013,0.19198987876300413,0.0012071350492261494,0.2775,0.1225,0.1275,0.75,0.0,0.49,0.0,0.0,10.422063064575202,100
dueling_current,Dueling SG-DQN replay40k,dueling horizon,current,126,8.943028133814488,0.19662102075594481,0.0013204689112410006,0.2825,0.1125,0.1375,0.75,0.0,0.45,0.0,-0.6266700744628905,13.95850830078131,100
dueling_current,Dueling SG-DQN replay40k,dueling horizon,current,127,11.829245621713238,0.18956471949049392,0.0013093655632873472,0.3125,0.1225,0.1275,0.75,0.0,0.49,0.0,0.0,12.182579803466865,100
dueling_current,Dueling SG-DQN replay40k,dueling horizon,current,128,10.906234473741621,0.19327524987246433,0.0013555042564724674,0.305,0.1175,0.1325,0.75,0.0,0.47,0.0,-15.42418823242187,8.86677856445313,100
dueling_current,Dueling SG-DQN replay40k,dueling horizon,current,129,13.821233892244882,0.18167271904623145,0.0011290698233669039,0.2725,0.1025,0.1475,0.75,0.0,0.41,0.0,0.0,8.003991699218773,100
dueling_current,Dueling SG-DQN replay40k,dueling horizon,current,130,9.050455549414295,0.19838320741308066,0.0013230005587011903,0.2675,0.1075,0.1425,0.75,0.0,0.43,0.0,0.0,8.753305816650398,100
dueling_current,Dueling SG-DQN replay40k,dueling horizon,current,131,8.563851098556864,0.19969189037279064,0.0013587059903590454,0.2975,0.11,0.14,0.75,0.0,0.44,0.0,0.0,14.216374206542971,100
dueling_current,Dueling SG-DQN replay40k,dueling horizon,current,132,13.19953132863287,0.18756736885366632,0.0013297994153973697,0.295,0.085,0.165,0.75,0.0,0.34,0.0,0.0,11.710639357566844,100
dueling_current,Dueling SG-DQN replay40k,dueling horizon,current,133,11.341755366123422,0.19607157258785599,0.0013929364562893453,0.3125,0.105,0.145,0.75,0.0,0.42,0.0,0.0,8.815648078918478,100
dueling_current,Dueling SG-DQN replay40k,dueling horizon,current,134,9.88778735194043,0.20239887816794702,0.0014056694146579382,0.2825,0.1025,0.1475,0.75,0.0,0.41,0.0,0.0,18.807548522949244,100
dueling_current,Dueling SG-DQN replay40k,dueling horizon,current,135,13.254649562173034,0.1871040081690073,0.001370481128978535,0.3025,0.0925,0.1575,0.75,0.0,0.37,0.0,-3.779891967773437,10.905175781250003,100
dueling_current,Dueling SG-DQN replay40k,dueling horizon,current,136,14.561516515124579,0.18627155376447505,0.001204546626447579,0.2825,0.1075,0.1425,0.75,0.0,0.43,0.0,0.0,12.481146907806398,100
dueling_current,Dueling SG-DQN replay40k,dueling horizon,current,137,14.158929515043997,0.1845633786012665,0.001230597771077409,0.295,0.11,0.14,0.75,0.0,0.44,0.0,-7.650781249999973,9.899685120582594,100
dueling_current,Dueling SG-DQN replay40k,dueling horizon,current,138,10.896636120651491,0.1931511363497507,0.001328410502067116,0.2975,0.1175,0.1325,0.75,0.0,0.47,0.0,0.0,11.877245712280304,100
dueling_current,Dueling SG-DQN replay40k,dueling horizon,current,139,13.058641377077741,0.18910969268736075,0.001215209125990103,0.2875,0.14,0.11,0.75,0.0,0.56,0.4071044921875,0.0,11.372984409332282,100
dueling_current,Dueling SG-DQN replay40k,dueling horizon,current,140,13.284766541815216,0.19093189260892912,0.0011756119499604608,0.285,0.1225,0.1275,0.75,0.0,0.49,0.0,0.0,8.887858581542973,100
dueling_current,Dueling SG-DQN replay40k,dueling horizon,current,141,10.89909952609174,0.18832819760933853,0.0012555634329073507,0.2825,0.12,0.13,0.75,0.0,0.48,0.0,0.0,13.068517684936552,100
dueling_current,Dueling SG-DQN replay40k,dueling horizon,current,142,9.25077343685737,0.19765044440046825,0.0013620366654336817,0.305,0.1025,0.1475,0.75,0.0,0.41,0.0,0.0,11.046450471878053,100
dueling_current,Dueling SG-DQN replay40k,dueling horizon,current,143,8.57153682866452,0.200367629827595,0.0013899971140591072,0.265,0.09,0.16,0.75,0.0,0.36,0.0,-0.0753051757812499,8.078755950927741,100
dueling_current,Dueling SG-DQN replay40k,dueling horizon,current,144,12.456132840329674,0.18643044614619117,0.0011358511844064237,0.275,0.0925,0.1575,0.75,0.0,0.37,0.0,0.0,11.351123428344733,100
dueling_current,Dueling SG-DQN replay40k,dueling horizon,current,145,10.423984414064796,0.195523546519613,0.0012631896684093338,0.2675,0.115,0.135,0.75,0.0,0.46,0.0,0.0,10.702553939819344,100
dueling_current,Dueling SG-DQN replay40k,dueling horizon,current,146,10.282712234681913,0.19874242671009043,0.0012122764368586649,0.2725,0.09,0.16,0.75,0.0,0.36,0.0,0.0,13.214526367187524,100
dueling_current,Dueling SG-DQN replay40k,dueling horizon,current,147,8.289913910561314,0.19866780639296366,0.001127547835751459,0.28,0.07,0.18,0.75,0.0,0.28,0.0,-6.301388549804674,9.275278472900412,100
dueling_current,Dueling SG-DQN replay40k,dueling horizon,current,148,12.904862699324797,0.1869473683814097,0.0011326401422006977,0.2725,0.0875,0.1625,0.75,0.0,0.35,0.0,0.0,9.296392059326173,100
dueling_current,Dueling SG-DQN replay40k,dueling horizon,current,149,11.824484704845444,0.18677841202350606,0.0010291881792693926,0.2525,0.0975,0.1525,0.75,0.0,0.39,0.0,0.0,10.40531311035157,100
dueling_current,Dueling SG-DQN replay40k,dueling horizon,current,150,13.340319119867932,0.18938693916525637,0.0011938133112764041,0.2825,0.1025,0.1475,0.75,0.0,0.41,0.0,0.0,12.928562164306651,100
dueling_current,Dueling SG-DQN replay40k,dueling horizon,current,151,13.327157842656412,0.1884831463705808,0.001249602241451763,0.295,0.1,0.15,0.75,0.0,0.4,0.0,0.0,12.385669136047364,100
dueling_current,Dueling SG-DQN replay40k,dueling horizon,current,152,9.87256464080905,0.19792406646499422,0.001338857565308086,0.3175,0.11,0.14,0.75,0.0,0.44,0.0,0.0,12.343354797363286,100
dueling_current,Dueling SG-DQN replay40k,dueling horizon,current,153,11.854666699151744,0.19236997501821324,0.001202365332961499,0.285,0.09,0.16,0.75,0.0,0.36,0.0,0.0,9.59720916748047,100
dueling_current,Dueling SG-DQN replay40k,dueling horizon,current,154,10.294570255641311,0.19798889798329314,0.0012048743455362234,0.2675,0.0975,0.1525,0.75,0.0,0.39,0.0,0.0,13.166589355468751,100
dueling_current,Dueling SG-DQN replay40k,dueling horizon,current,155,14.73942390837174,0.18053635666583814,0.0010318188271174619,0.265,0.1175,0.1325,0.75,0.0,0.47,0.0,0.0,11.691033172607426,100
dueling_current,Dueling SG-DQN replay40k,dueling horizon,current,156,9.573156234509762,0.19843876665391755,0.0012099595087350862,0.2825,0.11,0.14,0.75,0.0,0.44,0.0,0.0,11.063362121582035,100
dueling_current,Dueling SG-DQN replay40k,dueling horizon,current,157,12.801445717490811,0.1850176272535326,0.0011626170229261075,0.29,0.1475,0.1025,0.75,0.0,0.59,0.644775390625,0.0,13.669724273681654,100
dueling_current,Dueling SG-DQN replay40k,dueling horizon,current,158,9.766483473047684,0.19883900073172747,0.0012057163090943015,0.285,0.1275,0.1225,0.75,0.0,0.51,0.039703369140625,0.0,13.145922470092783,100
dueling_current,Dueling SG-DQN replay40k,dueling horizon,current,159,11.541758194402792,0.19330329573682015,0.0012181268239080667,0.3,0.16,0.09,0.75,0.0,0.64,0.7586822509765625,0.0,13.82208175659181,100
dueling_current,Dueling SG-DQN replay40k,dueling horizon,current,160,11.415258795404684,0.19374403698434747,0.0011736935790200632,0.2825,0.15,0.1,0.75,0.0,0.6,0.57440185546875,0.0,10.528417968750004,100
dueling_current,Dueling SG-DQN replay40k,dueling horizon,current,161,9.942402348732532,0.1956955537451569,0.0012783937347707944,0.2925,0.125,0.125,0.75,0.0,0.5,0.026123046875,-0.18611145019531183,12.91708278656006,100
dueling_current,Dueling SG-DQN replay40k,dueling horizon,current,162,10.06337187030159,0.1998484019099471,0.0011582598401828606,0.2775,0.155,0.095,0.75,0.0,0.62,0.34033203125,0.0,13.016192626953146,100
dueling_current,Dueling SG-DQN replay40k,dueling horizon,current,163,12.814049497928059,0.18763603044029784,0.0010912173575130563,0.2825,0.1525,0.0975,0.75,0.0,0.61,0.435302734375,0.0,15.339752197265648,100
dueling_current,Dueling SG-DQN replay40k,dueling horizon,current,164,11.40384358273564,0.19476228028559966,0.0012236851417054182,0.2975,0.1525,0.0975,0.75,0.0,0.61,0.336151123046875,0.0,11.623860931396488,100
dueling_current,Dueling SG-DQN replay40k,dueling horizon,current,165,14.186218476036206,0.18203122284839213,0.0009671483105639545,0.265,0.15,0.1,0.75,0.0,0.6,0.3680572509765625,0.0,10.131106615066535,100
dueling_current,Dueling SG-DQN replay40k,dueling horizon,current,166,13.116300462126315,0.18967882803093303,0.0010278169253796644,0.265,0.1675,0.0825,0.75,0.0,0.67,0.7247772216796875,0.0,15.744964599609387,100
dueling_current,Dueling SG-DQN replay40k,dueling horizon,current,167,14.543441770634104,0.17878512056713938,0.0009645524239340633,0.26,0.1375,0.1125,0.75,0.0,0.55,0.253143310546875,0.0,8.202326965332034,100
dueling_current,Dueling SG-DQN replay40k,dueling horizon,current,168,10.502900484588704,0.1945261906909442,0.0011025161266661847,0.2875,0.1525,0.0975,0.75,0.0,0.61,0.472747802734375,0.0,14.407794189453126,100
dueling_current,Dueling SG-DQN replay40k,dueling horizon,current,169,12.938478492306158,0.1873083987713109,0.0010947449456625456,0.28,0.155,0.095,0.75,0.0,0.62,0.515869140625,0.0,8.896539306640634,100
dueling_current,Dueling SG-DQN replay40k,dueling horizon,current,170,11.478806187281089,0.18905476277751426,0.0010454597932911458,0.2725,0.1525,0.0975,0.75,0.0,0.61,0.8982086181640625,0.0,7.997088623046875,100
dueling_current,Dueling SG-DQN replay40k,dueling horizon,current,171,12.544432602680763,0.18755801292077515,0.0010855445800669516,0.28,0.1475,0.1025,0.75,0.0,0.59,0.5672531127929688,0.0,10.638744735717777,100
dueling_current,Dueling SG-DQN replay40k,dueling horizon,current,172,13.488841898761967,0.18291545058838657,0.001105144694844504,0.2875,0.1475,0.1025,0.75,0.0,0.59,0.740142822265625,0.0,9.882245635986356,100
dueling_current,Dueling SG-DQN replay40k,dueling horizon,current,173,13.360634235466907,0.18618054008919102,0.0011071837620013614,0.295,0.1725,0.0775,0.75,0.0,0.69,0.6817626953125,0.0,11.794206237793002,100
dueling_current,Dueling SG-DQN replay40k,dueling horizon,current,174,13.778067796674554,0.1812036880180272,0.001035880547055005,0.2825,0.1625,0.0875,0.75,0.0,0.65,0.59844970703125,0.0,9.379597854614259,100
dueling_current,Dueling SG-DQN replay40k,dueling horizon,current,175,12.833015769391368,0.1828729268389346,0.0009786647593318621,0.2625,0.165,0.085,0.75,0.0,0.66,0.8109130859375,0.0,10.108837890625004,100
dueling_current,Dueling SG-DQN replay40k,dueling horizon,current,176,11.20275093469077,0.18524029624515148,0.0009969242762340714,0.2625,0.1325,0.1175,0.75,0.0,0.53,0.229217529296875,0.0,12.177294921875003,100
dueling_current,Dueling SG-DQN replay40k,dueling horizon,current,177,11.613702672921752,0.1859136432181954,0.0010434246939927615,0.28,0.1425,0.1075,0.75,0.0,0.57,0.49609375,0.0,10.414160537719729,100
dueling_current,Dueling SG-DQN replay40k,dueling horizon,current,178,13.379067804797005,0.1845285950275314,0.000952613656370747,0.2625,0.1275,0.1225,0.75,0.0,0.51,0.04453277587890625,0.0,9.601300048828133,100
dueling_current,Dueling SG-DQN replay40k,dueling horizon,current,179,13.361168491381331,0.18654364427600453,0.0009673895509134121,0.2625,0.145,0.105,0.75,0.0,0.58,0.43951416015625,0.0,10.19555511474614,100
dueling_current,Dueling SG-DQN replay40k,dueling horizon,current,180,13.098279384292027,0.18703413706689853,0.0010813763693385784,0.2825,0.1425,0.1075,0.75,0.0,0.57,0.320953369140625,0.0,11.76478424072269,100
dueling_current,Dueling SG-DQN replay40k,dueling horizon,current,181,10.978086156955014,0.19247329389202492,0.001061136457888336,0.2575,0.135,0.115,0.75,0.0,0.54,0.234375,0.0,8.79363708496094,100
dueling_current,Dueling SG-DQN replay40k,dueling horizon,current,182,12.141896527292225,0.19098009298257385,0.0010248953737353858,0.2525,0.1575,0.0925,0.75,0.0,0.63,0.700775146484375,0.0,11.580181884765627,100
dueling_current,Dueling SG-DQN replay40k,dueling horizon,current,183,11.072287831366056,0.19469905850639393,0.0011959421791457034,0.2875,0.14,0.11,0.75,0.0,0.56,0.31488037109375,0.0,10.000961303710955,100
dueling_current,Dueling SG-DQN replay40k,dueling horizon,current,184,11.05855791531792,0.1942409918589526,0.0010734618986981714,0.2525,0.1475,0.1025,0.75,0.0,0.59,0.8979949951171875,0.0,13.010056686401374,100
dueling_current,Dueling SG-DQN replay40k,dueling horizon,current,185,14.451520041642317,0.17834932884513463,0.0008513821587039005,0.22,0.1425,0.1075,0.75,0.0,0.57,0.301544189453125,0.0,9.133065795898446,100
dueling_current,Dueling SG-DQN replay40k,dueling horizon,current,186,10.366714278699725,0.19700207891546576,0.0012211732766607497,0.2825,0.1225,0.1275,0.75,0.0,0.49,0.0,0.0,12.908882141113283,100
dueling_current,Dueling SG-DQN replay40k,dueling horizon,current,187,13.080357931774389,0.18287692293959215,0.0009757190816897624,0.24,0.1675,0.0825,0.75,0.0,0.67,0.7784423828125,0.0,7.0794403076172,100
dueling_current,Dueling SG-DQN replay40k,dueling horizon,current,188,10.479095955556959,0.1940759155632843,0.001069061866451652,0.2575,0.13,0.12,0.75,0.0,0.52,0.077362060546875,0.0,9.356552124023443,100
dueling_current,Dueling SG-DQN replay40k,dueling horizon,current,189,8.889851133076773,0.20034024668615255,0.001273800092437505,0.2925,0.15,0.1,0.75,0.0,0.6,0.825225830078125,0.0,12.264125823974622,100
dueling_current,Dueling SG-DQN replay40k,dueling horizon,current,190,9.463595908119032,0.1988036013295403,0.0012848073257836071,0.28,0.135,0.115,0.75,0.0,0.54,0.8185272216796875,0.0,11.956290173530581,100
dueling_current,Dueling SG-DQN replay40k,dueling horizon,current,191,11.862449110696367,0.1903067942290637,0.0009748433474733626,0.225,0.1175,0.1325,0.75,0.0,0.47,0.0,0.0,5.210926818847669,100
dueling_current,Dueling SG-DQN replay40k,dueling horizon,current,192,11.632924980040183,0.18698167466133406,0.0010395727598174135,0.2475,0.115,0.135,0.75,0.0,0.46,0.0,0.0,11.444607877731343,100
dueling_current,Dueling SG-DQN replay40k,dueling horizon,current,193,11.085834117847117,0.1907404956765876,0.001116233579632066,0.245,0.125,0.125,0.75,0.0,0.5,0.0809326171875,0.0,10.832659912109378,100
dueling_current,Dueling SG-DQN replay40k,dueling horizon,current,194,10.155668497861157,0.19365536834805827,0.0010092987465327046,0.2225,0.14,0.11,0.75,0.0,0.56,0.3714599609375,0.0,11.973181152343754,100
dueling_current,Dueling SG-DQN replay40k,dueling horizon,current,195,12.194830013394217,0.18432462701397767,0.0010398242675602285,0.25,0.15,0.1,0.75,0.0,0.6,0.857330322265625,0.0,12.703400158882141,100
dueling_current,Dueling SG-DQN replay40k,dueling horizon,current,196,9.62887952650776,0.19454754867396673,0.0011098219506915877,0.25,0.1375,0.1125,0.75,0.0,0.55,0.105712890625,0.0,8.70317535400391,100
dueling_current,Dueling SG-DQN replay40k,dueling horizon,current,197,13.208851450991824,0.17925426129426267,0.0009697003684315472,0.2425,0.1375,0.1125,0.75,0.0,0.55,0.3984375,0.0,8.607386779785163,100
dueling_current,Dueling SG-DQN replay40k,dueling horizon,current,198,9.96468005042113,0.19245145671499514,0.001182741423360708,0.285,0.1675,0.0825,0.75,0.0,0.67,0.477142333984375,0.0,10.336190032958987,100
dueling_current,Dueling SG-DQN replay40k,dueling horizon,current,199,14.548675134251647,0.17596419838344457,0.0009069608316558615,0.255,0.1425,0.1075,0.75,0.0,0.57,0.11944580078125,0.0,8.287733078002933,100
dueling_current,Dueling SG-DQN replay40k,dueling horizon,current,200,11.104202759356605,0.18336910308771615,0.000990914008261707,0.2575,0.0975,0.1525,0.75,0.0,0.39,0.0,0.0,8.904835510253907,100
dueling_wide,Dueling SG-DQN June 4 wide,dueling horizon,reference,1,-2.4757971343220584,0.2927707191778444,0.002622321657885212,0.4425,0.0,0.0,0.0,0.0,nan,nan,nan,nan,0
dueling_wide,Dueling SG-DQN June 4 wide,dueling horizon,reference,2,7.874069683245648,0.18594152231035466,0.0015049713189922193,0.2525,0.0,0.0,0.0,0.0,nan,nan,nan,nan,0
dueling_wide,Dueling SG-DQN June 4 wide,dueling horizon,reference,3,7.9847975595233605,0.18505905208111023,0.00149940613132385,0.2525,0.0,0.0,0.0,0.0,nan,nan,nan,nan,0
dueling_wide,Dueling SG-DQN June 4 wide,dueling horizon,reference,4,8.105924556201765,0.18410211055489434,0.0014935419865018456,0.2525,0.0,0.0,0.0,0.0,nan,nan,nan,nan,0
dueling_wide,Dueling SG-DQN June 4 wide,dueling horizon,reference,5,8.225657526245664,0.18307196649804552,0.0014873741488288144,0.255,0.0,0.0,0.0,0.0,nan,nan,nan,nan,0
dueling_wide,Dueling SG-DQN June 4 wide,dueling horizon,reference,6,8.348965000563991,0.18196566273979833,0.0014809316486112634,0.25,0.0,0.0,0.0,0.0,nan,nan,nan,nan,0
dueling_wide,Dueling SG-DQN June 4 wide,dueling horizon,reference,7,8.481938704380315,0.18077234278615023,0.0014741697172206752,0.25,0.0,0.0,0.0,0.0,nan,nan,nan,nan,0
dueling_wide,Dueling SG-DQN June 4 wide,dueling horizon,reference,8,8.646113114652538,0.17952075608766044,0.0014670518705704732,0.2525,0.0,0.0,0.0,0.0,nan,nan,nan,nan,0
dueling_wide,Dueling SG-DQN June 4 wide,dueling horizon,reference,9,8.806242397490184,0.1784467768279042,0.0014595864385182817,0.2475,0.0,0.0,0.0,0.0,nan,nan,nan,nan,0
dueling_wide,Dueling SG-DQN June 4 wide,dueling horizon,reference,10,8.921790762841676,0.17753237362988525,0.0014515408397545338,0.2475,0.0,0.0,0.0,0.0,nan,nan,nan,nan,0
dueling_wide,Dueling SG-DQN June 4 wide,dueling horizon,reference,11,9.070162947450875,0.1765178214087376,0.0014432441652684016,0.245,0.0,0.9975,0.0,0.0,0.0,nan,nan,nan,399
dueling_wide,Dueling SG-DQN June 4 wide,dueling horizon,reference,12,9.243795266627322,0.17539656692687244,0.0014346148404482768,0.2425,0.0,1.0,0.0,0.0,0.0,nan,nan,nan,400
dueling_wide,Dueling SG-DQN June 4 wide,dueling horizon,reference,13,9.454461497921823,0.17419942079565698,0.001425550484335849,0.2375,0.0,1.0,0.0,0.0,0.0,nan,nan,nan,400
dueling_wide,Dueling SG-DQN June 4 wide,dueling horizon,reference,14,8.147107517173314,0.19549295617485624,0.0009483651308107552,0.2425,0.11,0.1425,0.7475,0.0,0.43564356435643564,0.0,-5.924300456047057,21.00732684135437,101
dueling_wide,Dueling SG-DQN June 4 wide,dueling horizon,reference,15,10.591501720385928,0.1816688708168301,0.0010168286119762975,0.26,0.07,0.18,0.75,0.0,0.28,0.0,-10.070344650745392,7.808297049999248,100
dueling_wide,Dueling SG-DQN June 4 wide,dueling horizon,reference,16,10.798718047121433,0.18086152511276457,0.0010213866034271834,0.2775,0.075,0.175,0.75,0.0,0.3,0.0,-14.014293193817139,6.0855791091919125,100
dueling_wide,Dueling SG-DQN June 4 wide,dueling horizon,reference,17,8.403708030901493,0.18876321493855397,0.0011649772335512426,0.235,0.09,0.16,0.75,0.0,0.36,0.0,-32.66404266357421,6.089165878295899,100
dueling_wide,Dueling SG-DQN June 4 wide,dueling horizon,reference,18,-0.8735133823524638,0.24543425982222616,0.0011794172000398246,0.335,0.105,0.145,0.75,0.0,0.42,0.0,-18.277707099914547,27.940247344970714,100
dueling_wide,Dueling SG-DQN June 4 wide,dueling horizon,reference,19,6.62625046951007,0.20062277045746227,0.0009026511910453105,0.265,0.0975,0.1525,0.75,0.0,0.39,0.0,-4.377128121256827,8.968318247795118,100
dueling_wide,Dueling SG-DQN June 4 wide,dueling horizon,reference,20,2.3065757335951673,0.20939823930075308,0.0016155381926881407,0.27,0.125,0.125,0.75,0.0,0.5,0.0464167594909668,-6.506825876235961,7.5998239517212065,100
dueling_wide,Dueling SG-DQN June 4 wide,dueling horizon,reference,21,5.91047584491361,0.19629267291395114,0.0017181554527163914,0.215,0.1075,0.1425,0.75,0.0,0.43,0.0,-27.659404563903806,15.755309677124027,100
dueling_wide,Dueling SG-DQN June 4 wide,dueling horizon,reference,22,14.314119289172714,0.16366944965588323,0.0012409250241031571,0.2575,0.0925,0.1575,0.75,0.0,0.37,0.0,-11.964466953277588,12.579433822631874,100
dueling_wide,Dueling SG-DQN June 4 wide,dueling horizon,reference,23,16.16437324173735,0.15643899862487,0.0008255294739262173,0.2425,0.0825,0.1675,0.75,0.0,0.33,0.0,-35.747747039794916,3.15489444732667,100
dueling_wide,Dueling SG-DQN June 4 wide,dueling horizon,reference,24,10.407367320517288,0.18086105022029575,0.0009199669518836959,0.26,0.075,0.175,0.75,0.0,0.3,0.0,-32.21952240467071,3.7740699768066417,100
dueling_wide,Dueling SG-DQN June 4 wide,dueling horizon,reference,25,9.643621278604428,0.18185102748984078,0.0012774203810843843,0.2425,0.1025,0.1475,0.75,0.0,0.41,0.0,-33.57598533630371,11.704887008667047,100
dueling_wide,Dueling SG-DQN June 4 wide,dueling horizon,reference,26,6.564623614824099,0.2022440843969896,0.0013828688243752258,0.2775,0.0775,0.1725,0.75,0.0,0.31,0.0,-23.502585506439207,23.28314056396489,100
dueling_wide,Dueling SG-DQN June 4 wide,dueling horizon,reference,27,13.271671703019875,0.16757121042589823,0.0010096288873921164,0.25,0.095,0.155,0.75,0.0,0.38,0.0,-61.311536598205564,8.396338081359906,100
dueling_wide,Dueling SG-DQN June 4 wide,dueling horizon,reference,28,9.056170991875524,0.18665043463998907,0.0013468990397080586,0.2775,0.095,0.155,0.75,0.0,0.38,0.0,-8.08139543533325,4.59514884948731,100
dueling_wide,Dueling SG-DQN June 4 wide,dueling horizon,reference,29,9.637939088732283,0.1750608224384563,0.0013032360585908368,0.2475,0.11,0.14,0.75,0.0,0.44,0.0,-76.25909118652343,10.372263717651379,100
dueling_wide,Dueling SG-DQN June 4 wide,dueling horizon,reference,30,5.401275889370927,0.20240154815533962,0.0017346136970908456,0.195,0.1075,0.1425,0.75,0.0,0.43,0.0,-22.56235885620117,20.073545837402378,100
dueling_wide,Dueling SG-DQN June 4 wide,dueling horizon,reference,31,7.990337909216887,0.19940155172598728,0.0012828731086525513,0.2825,0.095,0.155,0.75,0.0,0.38,0.0,-17.37889863848686,19.58334541320805,100
dueling_wide,Dueling SG-DQN June 4 wide,dueling horizon,reference,32,9.17519222527438,0.19246616036288128,0.0013442684847583836,0.3075,0.105,0.145,0.75,0.0,0.42,0.0,-52.74116134643554,17.729869842529336,100
dueling_wide,Dueling SG-DQN June 4 wide,dueling horizon,reference,33,4.598702839931932,0.20440274651303966,0.0017654340668369437,0.2625,0.1225,0.1275,0.75,0.0,0.49,0.0,-1.6865216732025143,17.02724075317388,100
dueling_wide,Dueling SG-DQN June 4 wide,dueling horizon,reference,34,4.311688444138236,0.21533851413431115,0.0014446736684895053,0.3175,0.0975,0.1525,0.75,0.0,0.39,0.0,-13.64718346595764,13.086763763427793,100
dueling_wide,Dueling SG-DQN June 4 wide,dueling horizon,reference,35,4.841668472464981,0.21100306884886266,0.001561704078113117,0.2575,0.09,0.16,0.75,0.0,0.36,0.0,-31.82112579345703,4.938292312622073,100
dueling_wide,Dueling SG-DQN June 4 wide,dueling horizon,reference,36,6.018610020423668,0.21893983776713394,0.001341667973295958,0.2925,0.0925,0.1575,0.75,0.0,0.37,0.0,-64.37339859008789,10.600643920898449,100
dueling_wide,Dueling SG-DQN June 4 wide,dueling horizon,reference,37,2.4685688465413613,0.2296029155102505,0.001363311741416826,0.32,0.085,0.165,0.75,0.0,0.34,0.0,-41.599589014053336,13.231327438354494,100
dueling_wide,Dueling SG-DQN June 4 wide,dueling horizon,reference,38,10.770979153487174,0.19181976905846185,0.0013327457955332072,0.295,0.0925,0.1575,0.75,0.0,0.37,0.0,-65.22490005493164,6.490129089355479,100
dueling_wide,Dueling SG-DQN June 4 wide,dueling horizon,reference,39,1.9161238318440938,0.24008563573861966,0.0016400221851372242,0.2775,0.0975,0.1525,0.75,0.0,0.39,0.0,-89.77505111694336,23.096414566040057,100
dueling_wide,Dueling SG-DQN June 4 wide,dueling horizon,reference,40,0.6483449069678613,0.22831161081200013,0.0016272616500983363,0.2275,0.1,0.15,0.75,0.0,0.4,0.0,-2.936518383026121,6.993083953857423,100
dueling_wide,Dueling SG-DQN June 4 wide,dueling horizon,reference,41,2.257454759662446,0.21803444878002481,0.0013249857583849467,0.2875,0.09,0.16,0.75,0.0,0.36,0.0,-57.05726318359375,15.142814636230474,100
dueling_wide,Dueling SG-DQN June 4 wide,dueling horizon,reference,42,-0.047779128871354715,0.24263203106739475,0.0016842951303459592,0.29,0.1,0.15,0.75,0.0,0.4,0.0,-86.2265121459961,15.278369140625028,100
dueling_wide,Dueling SG-DQN June 4 wide,dueling horizon,reference,43,6.498907712465048,0.20576032601418667,0.001816146940719747,0.2725,0.1175,0.1325,0.75,0.0,0.47,0.0,-11.165457916259763,8.426078796386722,100
dueling_wide,Dueling SG-DQN June 4 wide,dueling horizon,reference,44,5.647946783334401,0.21469379440579586,0.0018572289334770756,0.3,0.1325,0.1175,0.75,0.0,0.53,0.1719818115234375,-42.34818649291992,9.999954223632859,100
dueling_wide,Dueling SG-DQN June 4 wide,dueling horizon,reference,45,-3.8200812249588023,0.26439092589961943,0.0020240765418645017,0.3775,0.1325,0.1175,0.75,0.0,0.53,0.49674224853515625,-1.8605682373046866,25.464550781250136,100
dueling_wide,Dueling SG-DQN June 4 wide,dueling horizon,reference,46,4.2973455845043205,0.21936222588844806,0.0019213051328859487,0.28,0.1625,0.0875,0.75,0.0,0.65,1.111785888671875,0.0,11.239637756347658,100
dueling_wide,Dueling SG-DQN June 4 wide,dueling horizon,reference,47,2.0483872706897888,0.22919793883952003,0.002135897943558035,0.2925,0.1225,0.1275,0.75,0.0,0.49,0.0,-64.45236167907714,10.263723754882838,100
dueling_wide,Dueling SG-DQN June 4 wide,dueling horizon,reference,48,-1.2641771741381944,0.25114984943745106,0.0022281332467149035,0.275,0.1475,0.1025,0.75,0.0,0.59,1.1350440979003906,-77.63250732421875,11.858010482788094,100
dueling_wide,Dueling SG-DQN June 4 wide,dueling horizon,reference,49,-1.237834702468519,0.25391448082570006,0.002370170777462962,0.3575,0.1575,0.0925,0.75,0.0,0.63,1.3974685668945312,-55.93908538818359,21.708917236328126,100
dueling_wide,Dueling SG-DQN June 4 wide,dueling horizon,reference,50,-5.692649703356105,0.2767935936215106,0.0023782612630594228,0.3175,0.135,0.115,0.75,0.0,0.54,0.5722684860229492,-38.421907043457026,23.517257308960158,100
dueling_wide,Dueling SG-DQN June 4 wide,dueling horizon,reference,51,2.6130111629558064,0.22278542275046093,0.0015482922928938417,0.2325,0.1075,0.1425,0.75,0.0,0.43,0.0,-3.2394104003906197,11.187985229492188,100
dueling_wide,Dueling SG-DQN June 4 wide,dueling horizon,reference,52,-2.4066876489428624,0.24926891277794694,0.0023476860519033456,0.2725,0.1275,0.1225,0.75,0.0,0.51,0.34299802780151367,-73.36986694335937,16.405882263183592,100
dueling_wide,Dueling SG-DQN June 4 wide,dueling horizon,reference,53,0.8960433478730556,0.23775551087498903,0.00209541868532175,0.24,0.1275,0.1225,0.75,0.0,0.51,0.04342079162597656,-11.35781497955321,13.431637573242206,100
dueling_wide,Dueling SG-DQN June 4 wide,dueling horizon,reference,54,3.0630932312027297,0.22223636907296884,0.0022135279952219204,0.265,0.1325,0.1175,0.75,0.0,0.53,0.48447418212890625,-8.600740027427673,7.955401611328147,100
dueling_wide,Dueling SG-DQN June 4 wide,dueling horizon,reference,55,3.01221208232895,0.224770254291358,0.0022983219234103225,0.2575,0.125,0.125,0.75,0.0,0.5,0.04115438461303711,-4.954079818725586,18.226163864135742,100
dueling_wide,Dueling SG-DQN June 4 wide,dueling horizon,reference,56,5.238617658267811,0.20054266191240747,0.0015930074565210083,0.2375,0.1,0.15,0.75,0.0,0.4,0.0,-97.49308929443359,9.003219604492188,100
dueling_wide,Dueling SG-DQN June 4 wide,dueling horizon,reference,57,-3.6920509974957256,0.2512289826916014,0.0021060880360674666,0.31,0.13,0.12,0.75,0.0,0.52,0.19872140884399414,-0.15614109039306584,14.753968048095714,100
dueling_wide,Dueling SG-DQN June 4 wide,dueling horizon,reference,58,6.063898938245114,0.2100456987077368,0.0019707960432527516,0.28,0.1225,0.1275,0.75,0.0,0.49,0.0,-66.4052017211914,15.36722106933594,100
dueling_wide,Dueling SG-DQN June 4 wide,dueling horizon,reference,59,8.27959105688293,0.1924776330661554,0.0016054403473595399,0.24,0.0975,0.1525,0.75,0.0,0.39,0.0,-40.64402046203613,8.85134277343751,100
dueling_wide,Dueling SG-DQN June 4 wide,dueling horizon,reference,60,-6.707006187096088,0.26548298249022007,0.0021768274039611012,0.275,0.145,0.105,0.75,0.0,0.58,0.47591686248779297,-14.379703521728505,15.114210176468006,100
dueling_wide,Dueling SG-DQN June 4 wide,dueling horizon,reference,61,-6.581500514547881,0.26790794361341197,0.002075231867726549,0.2725,0.1475,0.1025,0.75,0.0,0.59,1.116337776184082,-0.10098571777343714,17.718289184570324,100
dueling_wide,Dueling SG-DQN June 4 wide,dueling horizon,reference,62,-0.7087001746446628,0.2541677003232277,0.0017065747497181877,0.36,0.1175,0.1325,0.75,0.0,0.47,0.0,-9.853750991821283,22.110089874267715,100
dueling_wide,Dueling SG-DQN June 4 wide,dueling horizon,reference,63,5.11498816966601,0.226354737482936,0.0013446013839675563,0.3,0.09,0.16,0.75,0.0,0.36,0.0,-96.22447357177734,13.47611236572266,100
dueling_wide,Dueling SG-DQN June 4 wide,dueling horizon,reference,64,-3.7106336305677687,0.2546651825786502,0.0019299643991944747,0.2775,0.1325,0.1175,0.75,0.0,0.53,0.5967426300048828,-26.741625213623045,11.250683593750015,100
dueling_wide,Dueling SG-DQN June 4 wide,dueling horizon,reference,65,-4.591660465123951,0.2514182558371943,0.0021394588256623413,0.265,0.1625,0.0875,0.75,0.0,0.65,1.1058883666992188,0.0,16.46697387695316,100
dueling_wide,Dueling SG-DQN June 4 wide,dueling horizon,reference,66,6.545011338014759,0.1980027320740644,0.0017785187911504125,0.235,0.115,0.135,0.75,0.0,0.46,0.0,-39.888189697265624,7.7914348602294945,100
dueling_wide,Dueling SG-DQN June 4 wide,dueling horizon,reference,67,-3.8071846282976582,0.24828603663965304,0.0019495528001012695,0.2425,0.1325,0.1175,0.75,0.0,0.53,0.4448814392089844,-32.20311126708984,16.45516052246094,100
dueling_wide,Dueling SG-DQN June 4 wide,dueling horizon,reference,68,3.9293965113161495,0.2069304987478379,0.001841529400589727,0.2625,0.1425,0.1075,0.75,0.0,0.57,0.5505380630493164,-6.250610351562493,16.70763931274415,100
dueling_wide,Dueling SG-DQN June 4 wide,dueling horizon,reference,69,-4.041345383421478,0.25566249807037955,0.0023083621793128623,0.2875,0.1475,0.1025,0.75,0.0,0.59,0.9567718505859375,0.0,17.298909759521553,100
dueling_wide,Dueling SG-DQN June 4 wide,dueling horizon,reference,70,-6.1821087632636615,0.2557314463258837,0.001944739447949241,0.265,0.125,0.125,0.75,0.0,0.5,0.008457183837890625,-78.94373779296875,13.886541748046884,100
dueling_wide,Dueling SG-DQN June 4 wide,dueling horizon,reference,71,6.462336823119736,0.19782620715371724,0.002105170966397811,0.27,0.1325,0.1175,0.75,0.0,0.53,0.4953880310058594,-6.7096955299377425,8.062403106689459,100
dueling_wide,Dueling SG-DQN June 4 wide,dueling horizon,reference,72,7.698535945006452,0.201867749157698,0.0015830857682127839,0.25,0.12,0.13,0.75,0.0,0.48,0.0,-3.851593780517578,13.845568847656256,100
dueling_wide,Dueling SG-DQN June 4 wide,dueling horizon,reference,73,-4.859883178412307,0.26111487569669306,0.0021812828470303435,0.275,0.1375,0.1125,0.75,0.0,0.55,0.8001575469970703,-8.30677795410156,17.475636291503964,100
dueling_wide,Dueling SG-DQN June 4 wide,dueling horizon,reference,74,12.818165120434887,0.18013937554404372,0.0009066819448590599,0.2325,0.0675,0.1825,0.75,0.0,0.27,0.0,-20.17112050056457,8.678066253662116,100
dueling_wide,Dueling SG-DQN June 4 wide,dueling horizon,reference,75,2.726978690985163,0.2162618054569244,0.0017410257857314038,0.2325,0.135,0.115,0.75,0.0,0.54,0.6440830230712891,-105.01000213623047,15.121933364868166,100
dueling_wide,Dueling SG-DQN June 4 wide,dueling horizon,reference,76,6.054221581641928,0.2045964435188349,0.001658733267858718,0.2575,0.135,0.115,0.75,0.0,0.54,0.411376953125,-80.58901672363281,12.755953979492194,100
dueling_wide,Dueling SG-DQN June 4 wide,dueling horizon,reference,77,0.8066067454722173,0.2304677006221392,0.0019292560875456665,0.2475,0.15,0.1,0.75,0.0,0.6,1.1291627883911133,-34.01188659667968,16.98153686523438,100
dueling_wide,Dueling SG-DQN June 4 wide,dueling horizon,reference,78,-3.0615946859967598,0.2455940912403349,0.001889801672318358,0.245,0.14,0.11,0.75,0.0,0.56,0.9321002960205078,-0.3033615112304677,16.13532028198243,100
dueling_wide,Dueling SG-DQN June 4 wide,dueling horizon,reference,79,-6.557165154688605,0.2698638012839138,0.0021209358200255345,0.29,0.145,0.105,0.75,0.0,0.58,0.8273143768310547,-2.5968722343444814,16.364309692382935,100
dueling_wide,Dueling SG-DQN June 4 wide,dueling horizon,reference,80,0.06665514460681835,0.22593975203193306,0.0016560628597941465,0.2075,0.1125,0.1375,0.75,0.0,0.45,0.0,-53.05255279541016,12.982769775390635,100
dueling_wide,Dueling SG-DQN June 4 wide,dueling horizon,reference,81,2.6409514902802704,0.22258192796832812,0.001559842948038078,0.2375,0.1175,0.1325,0.75,0.0,0.47,0.0,-7.586422348022461,13.660192871093766,100
dueling_wide,Dueling SG-DQN June 4 wide,dueling horizon,reference,82,0.5602710438020415,0.2352489072064544,0.0020468384483149434,0.255,0.14,0.11,0.75,0.0,0.56,0.6308975219726562,-8.625833129882794,14.211865234375002,100
dueling_wide,Dueling SG-DQN June 4 wide,dueling horizon,reference,83,-2.4857493589728374,0.2524211659758807,0.0020148290503259614,0.26,0.1575,0.0925,0.75,0.0,0.63,1.3449077606201172,0.0,15.672488403320331,100
dueling_wide,Dueling SG-DQN June 4 wide,dueling horizon,reference,84,-4.994697326579116,0.25474916512721374,0.0019536285016376696,0.255,0.1225,0.1275,0.75,0.0,0.49,0.0,-2.8891389369964595,12.26134185791016,100
dueling_wide,Dueling SG-DQN June 4 wide,dueling horizon,reference,85,-0.9974206404374467,0.22891034946606273,0.0019338938801321897,0.2475,0.1275,0.1225,0.75,0.0,0.51,0.2646360397338867,-44.53299255371093,10.49053878784182,100
dueling_wide,Dueling SG-DQN June 4 wide,dueling horizon,reference,86,2.5812495050812094,0.23723616774596487,0.0012121158225811563,0.2775,0.11,0.14,0.75,0.0,0.44,0.0,-2.587084960937491,11.626098632812505,100
dueling_wide,Dueling SG-DQN June 4 wide,dueling horizon,reference,87,6.781801223906808,0.2131499849314106,0.0019213758356069826,0.2975,0.12,0.13,0.75,0.0,0.48,0.0,-10.135278320312484,19.26193008422854,100
dueling_wide,Dueling SG-DQN June 4 wide,dueling horizon,reference,88,-8.225401169002186,0.2750531491833989,0.002430822774315969,0.3025,0.155,0.095,0.75,0.0,0.62,1.9294567108154297,0.0,38.82488403320314,100
dueling_wide,Dueling SG-DQN June 4 wide,dueling horizon,reference,89,3.6916664359964098,0.21852767763274308,0.001997455616918058,0.235,0.1375,0.1125,0.75,0.0,0.55,0.8758103847503662,-1.5784683227539058,23.891690063476577,100
dueling_wide,Dueling SG-DQN June 4 wide,dueling horizon,reference,90,-1.2291519671615567,0.23197375920807023,0.00196533759097468,0.24,0.125,0.125,0.75,0.0,0.5,0.147064208984375,-4.63709087371826,17.18574523925782,100
dueling_wide,Dueling SG-DQN June 4 wide,dueling horizon,reference,91,-8.914280201850307,0.27014816423484644,0.0021665515603825312,0.2625,0.15,0.1,0.75,0.0,0.6,1.6300902366638184,-10.4709289550781,21.328277587890636,100
dueling_wide,Dueling SG-DQN June 4 wide,dueling horizon,reference,92,4.6152406934626145,0.201405091304366,0.001962747691060248,0.2275,0.1425,0.1075,0.75,0.0,0.57,1.2381305694580078,-4.398105812072753,14.375183105468754,100
dueling_wide,Dueling SG-DQN June 4 wide,dueling horizon,reference,93,-1.3748516722357456,0.2321053910334131,0.001882410677634176,0.225,0.14,0.11,0.75,0.0,0.56,0.8956339359283447,-0.1494614124298091,12.587997436523443,100
dueling_wide,Dueling SG-DQN June 4 wide,dueling horizon,reference,94,-1.0651136989922427,0.23442870873686722,0.00198979773356912,0.2475,0.135,0.115,0.75,0.0,0.54,1.002793312072754,-0.1679668426513666,17.0218444824219,100
dueling_wide,Dueling SG-DQN June 4 wide,dueling horizon,reference,95,11.646128122899436,0.18558945361096718,0.0013638580489155074,0.2725,0.11,0.14,0.75,0.0,0.44,0.0,-1.3529609680175776,13.600776672363317,100
dueling_wide,Dueling SG-DQN June 4 wide,dueling horizon,reference,96,6.89400694432624,0.19358565571113368,0.0017580006724471741,0.2575,0.1375,0.1125,0.75,0.0,0.55,0.6593589782714844,-3.3777008056640607,10.170800781250033,100
dueling_wide,Dueling SG-DQN June 4 wide,dueling horizon,reference,97,1.05018877594922,0.2241276882816541,0.001659553330679593,0.2225,0.16,0.09,0.75,0.0,0.64,1.209855079650879,-3.326139831542968,15.725183105468751,100
dueling_wide,Dueling SG-DQN June 4 wide,dueling horizon,reference,98,6.0197552024273815,0.21418995384832826,0.0013924028762969628,0.3075,0.1525,0.0975,0.75,0.0,0.61,1.3295440673828125,0.0,16.303564453125038,100
dueling_wide,Dueling SG-DQN June 4 wide,dueling horizon,reference,99,0.028436081993916673,0.23007311276081666,0.0015886795544355656,0.2075,0.1525,0.0975,0.75,0.0,0.61,1.1738624572753906,-2.670199584960937,14.833247375488313,100
dueling_wide,Dueling SG-DQN June 4 wide,dueling horizon,reference,100,5.763670161747212,0.20718008324833054,0.0015359199658639417,0.2875,0.145,0.105,0.75,0.0,0.58,0.7459716796875,-1.7678100585937495,14.575418090820321,100
dueling_wide,Dueling SG-DQN June 4 wide,dueling horizon,reference,101,6.367769108958337,0.21383131924547236,0.0014888058275605595,0.315,0.1375,0.1125,0.75,0.0,0.55,0.3933734893798828,0.0,18.817857360839863,100
dueling_wide,Dueling SG-DQN June 4 wide,dueling horizon,reference,102,7.015536909801037,0.21151129396051233,0.0014113882215391349,0.2975,0.1625,0.0875,0.75,0.0,0.65,0.8645172119140625,0.0,12.543035888671898,100
dueling_wide,Dueling SG-DQN June 4 wide,dueling horizon,reference,103,5.288994939834749,0.20104776186026765,0.0014244406702349807,0.255,0.15,0.1,0.75,0.0,0.6,1.3789710998535156,0.0,12.507033538818373,100
dueling_wide,Dueling SG-DQN June 4 wide,dueling horizon,reference,104,6.28286774065746,0.20764709684381394,0.0012703854944443255,0.2875,0.1625,0.0875,0.75,0.0,0.65,1.127716064453125,0.0,19.654376220703128,100
dueling_wide,Dueling SG-DQN June 4 wide,dueling horizon,reference,105,13.086639869411108,0.1774810456726813,0.0010908498647863062,0.255,0.17,0.08,0.75,0.0,0.68,1.3211822509765625,-18.855757141113255,17.944970703125,100
dueling_wide,Dueling SG-DQN June 4 wide,dueling horizon,reference,106,10.01536182349144,0.1854226579636192,0.0011702032235125569,0.2775,0.16,0.09,0.75,0.0,0.64,1.8943443298339844,0.0,20.666517639160162,100
dueling_wide,Dueling SG-DQN June 4 wide,dueling horizon,reference,107,11.787586327334768,0.17832657613710964,0.001088296317042045,0.25,0.17,0.08,0.75,0.0,0.68,2.39801025390625,0.0,15.999202346801795,100
dueling_wide,Dueling SG-DQN June 4 wide,dueling horizon,reference,108,13.288091638946376,0.15985208829654546,0.0008587163063923832,0.2275,0.155,0.095,0.75,0.0,0.62,0.6746673583984375,0.0,11.955364990234377,100
dueling_wide,Dueling SG-DQN June 4 wide,dueling horizon,reference,109,9.356025973513914,0.18363357352500662,0.0011491996846433635,0.26,0.1625,0.0875,0.75,0.0,0.65,0.9011154174804688,-0.6427931785583473,13.365593719482423,100
dueling_wide,Dueling SG-DQN June 4 wide,dueling horizon,reference,110,10.882744575846525,0.1851045503262543,0.001103796067780933,0.255,0.1525,0.0975,0.75,0.0,0.61,0.6054229736328125,-1.9380981445312495,11.601078796386739,100
dueling_wide,Dueling SG-DQN June 4 wide,dueling horizon,reference,111,11.338423508691015,0.18290083238082397,0.0012201845307495836,0.2725,0.16,0.09,0.75,0.0,0.64,1.0608177185058594,0.0,18.082678985595713,100
dueling_wide,Dueling SG-DQN June 4 wide,dueling horizon,reference,112,10.822081372070148,0.1872073608469963,0.001062693797079936,0.26,0.16,0.09,0.75,0.0,0.64,1.031829833984375,0.0,13.94465904235842,100
dueling_wide,Dueling SG-DQN June 4 wide,dueling horizon,reference,113,9.209393761379527,0.19279905708668182,0.0012583901511274867,0.2625,0.1525,0.0975,0.75,0.0,0.61,0.3653564453125,-12.05016822814941,14.625897216796886,100
dueling_wide,Dueling SG-DQN June 4 wide,dueling horizon,reference,114,3.6903704056662794,0.21879897207944946,0.0009879255331859153,0.27,0.1675,0.0825,0.75,0.0,0.67,1.2020263671875,-0.4220947265624985,13.944369506835947,100
dueling_wide,Dueling SG-DQN June 4 wide,dueling horizon,reference,115,6.920505571573869,0.20657468296864415,0.0012711349044849472,0.295,0.1675,0.0825,0.75,0.0,0.67,1.713409423828125,0.0,19.641003417968758,100
dueling_wide,Dueling SG-DQN June 4 wide,dueling horizon,reference,116,5.3767572025695936,0.21855811754486132,0.0013286741893667267,0.2975,0.1425,0.1075,0.75,0.0,0.57,0.2494964599609375,-0.1007781028747555,20.23450927734375,100
dueling_wide,Dueling SG-DQN June 4 wide,dueling horizon,reference,117,4.3484571131901895,0.22356828932305992,0.00138630924793885,0.31,0.16,0.09,0.75,0.0,0.64,1.05340576171875,0.0,19.01956176757813,100
dueling_wide,Dueling SG-DQN June 4 wide,dueling horizon,reference,118,4.904019748037147,0.221209378602186,0.0013797632985249348,0.3,0.13,0.12,0.75,0.0,0.52,0.2457275390625,0.0,22.663242340087947,100
dueling_wide,Dueling SG-DQN June 4 wide,dueling horizon,reference,119,3.7940926048040025,0.2256774062934818,0.0015553743556625734,0.3425,0.1375,0.1125,0.75,0.0,0.55,0.5344009399414062,-0.10292205810546838,20.199473571777347,100
dueling_wide,Dueling SG-DQN June 4 wide,dueling horizon,reference,120,11.558476792542567,0.1884230492176759,0.0013345150418119286,0.29,0.11,0.14,0.75,0.0,0.44,0.0,0.0,12.12998962402344,100
dueling_wide,Dueling SG-DQN June 4 wide,dueling horizon,reference,121,0.5535554585089654,0.23959874884614232,0.0014351821310856728,0.315,0.145,0.105,0.75,0.0,0.58,0.725311279296875,0.0,25.90482025146485,100
dueling_wide,Dueling SG-DQN June 4 wide,dueling horizon,reference,122,4.277544879892786,0.23439570290876433,0.0015764206844995654,0.3275,0.1375,0.1125,0.75,0.0,0.55,0.29205322265625,0.0,15.44254150390627,100
dueling_wide,Dueling SG-DQN June 4 wide,dueling horizon,reference,123,-0.2305422297332825,0.24703284368335293,0.0014443072540301408,0.3175,0.155,0.095,0.75,0.0,0.62,1.105499267578125,0.0,21.57333068847657,100
dueling_wide,Dueling SG-DQN June 4 wide,dueling horizon,reference,124,3.627202663503101,0.2190928210777556,0.0019047188713425883,0.3075,0.1525,0.0975,0.75,0.0,0.61,1.664093017578125,-0.24091682434081965,20.069509887695368,100
dueling_wide,Dueling SG-DQN June 4 wide,dueling horizon,reference,125,-1.1319647209912926,0.24672456039368812,0.0020496393534688616,0.3225,0.145,0.105,0.75,0.0,0.58,1.0158233642578125,-0.28700714111328024,20.191418457031357,100
dueling_wide,Dueling SG-DQN June 4 wide,dueling horizon,reference,126,-2.4597080373977804,0.2554112285670328,0.0015294038434831945,0.3375,0.1425,0.1075,0.75,0.0,0.57,0.5115966796875,0.0,22.773974609375024,100
dueling_wide,Dueling SG-DQN June 4 wide,dueling horizon,reference,127,-1.701490899229185,0.25295477128353033,0.0019932821710664434,0.355,0.1425,0.1075,0.75,0.0,0.57,0.777862548828125,-87.08510437011718,21.618853759765628,100
dueling_wide,Dueling SG-DQN June 4 wide,dueling horizon,reference,128,-4.919816580376536,0.2610778567899154,0.0019103690168617768,0.335,0.1625,0.0875,0.75,0.0,0.65,1.765838623046875,0.0,17.233143615722668,100
dueling_wide,Dueling SG-DQN June 4 wide,dueling horizon,reference,129,-4.0563332763556295,0.2621602141961558,0.0016466707899800558,0.3375,0.1425,0.1075,0.75,0.0,0.57,0.497100830078125,-63.8754409790039,13.395848846435584,100
dueling_wide,Dueling SG-DQN June 4 wide,dueling horizon,reference,130,8.89895489776183,0.20432779559016936,0.0016475671266158226,0.3375,0.1375,0.1125,0.75,0.0,0.55,0.558319091796875,-3.6346023559570297,23.79480590820317,100
dueling_wide,Dueling SG-DQN June 4 wide,dueling horizon,reference,131,11.104553139989582,0.18543551287240856,0.0015812972436545431,0.2675,0.16,0.09,0.75,0.0,0.64,2.0025291442871094,0.0,11.254673194885253,100
dueling_wide,Dueling SG-DQN June 4 wide,dueling horizon,reference,132,-3.366402806442724,0.26510069290481136,0.0018403187216766942,0.2975,0.16,0.09,0.75,0.0,0.64,1.9391021728515625,0.0,29.688385009765643,100
dueling_wide,Dueling SG-DQN June 4 wide,dueling horizon,reference,133,10.136789374053631,0.19901129277366358,0.00157212581332264,0.3025,0.145,0.105,0.75,0.0,0.58,0.5527801513671875,0.0,30.278143310546877,100
dueling_wide,Dueling SG-DQN June 4 wide,dueling horizon,reference,134,10.454572071632215,0.19014462843824614,0.001719604177329601,0.265,0.1775,0.0725,0.75,0.0,0.71,1.2195415496826172,0.0,21.37602348327637,100
dueling_wide,Dueling SG-DQN June 4 wide,dueling horizon,reference,135,11.249499959968917,0.1863123328075741,0.0014854900772029334,0.24,0.17,0.08,0.75,0.0,0.68,1.4012069702148438,0.0,13.94889526367188,100
dueling_wide,Dueling SG-DQN June 4 wide,dueling horizon,reference,136,6.409314078363971,0.21212511029079273,0.001503998786647255,0.275,0.1325,0.1175,0.75,0.0,0.53,0.28912353515625,-10.064427947998043,26.38743896484375,100
dueling_wide,Dueling SG-DQN June 4 wide,dueling horizon,reference,137,-1.8981607458471428,0.25735395091688856,0.0017619129075188433,0.3025,0.16,0.09,0.75,0.0,0.64,1.350006103515625,0.0,38.60241088867191,100
dueling_wide,Dueling SG-DQN June 4 wide,dueling horizon,reference,138,-0.5132675071868892,0.2502554140416769,0.0015461842860171903,0.3125,0.1275,0.1225,0.75,0.0,0.51,0.091064453125,-0.22048339843749923,26.572485351562516,100
dueling_wide,Dueling SG-DQN June 4 wide,dueling horizon,reference,139,10.900673273796771,0.19585060170312216,0.0016723727695362803,0.2775,0.14,0.11,0.75,0.0,0.56,0.603363037109375,0.0,27.874557495117188,100
dueling_wide,Dueling SG-DQN June 4 wide,dueling horizon,reference,140,12.237266687444363,0.19243227184959316,0.001447018467601696,0.275,0.16,0.09,0.75,0.0,0.64,0.9759521484375,0.0,22.20097656250004,100
dueling_wide,Dueling SG-DQN June 4 wide,dueling horizon,reference,141,10.584201140095624,0.19811007713222475,0.0016300393981021483,0.3275,0.15,0.1,0.75,0.0,0.6,0.68353271484375,0.0,15.011981201171963,100
dueling_wide,Dueling SG-DQN June 4 wide,dueling horizon,reference,142,8.138881904052404,0.2000258830283842,0.0016459009225598517,0.295,0.1625,0.0875,0.75,0.0,0.65,1.62725830078125,0.0,17.883502197265653,100
dueling_wide,Dueling SG-DQN June 4 wide,dueling horizon,reference,143,10.380222265240555,0.2000118222467227,0.0015712207561305294,0.2975,0.1425,0.1075,0.75,0.0,0.57,0.789093017578125,0.0,30.497264099121097,100
dueling_wide,Dueling SG-DQN June 4 wide,dueling horizon,reference,144,15.479919879204658,0.17884826443263996,0.0013145377148300397,0.295,0.145,0.105,0.75,0.0,0.58,0.92449951171875,-2.874658203124996,13.503860473632812,100
dueling_wide,Dueling SG-DQN June 4 wide,dueling horizon,reference,145,13.24598857697757,0.1884547439314575,0.0016232610946321235,0.3075,0.1425,0.1075,0.75,0.0,0.57,0.708984375,0.0,16.40350646972659,100
dueling_wide,Dueling SG-DQN June 4 wide,dueling horizon,reference,146,12.099655633944035,0.1890829272215838,0.0017005876416304765,0.33,0.1475,0.1025,0.75,0.0,0.59,1.048095703125,0.0,17.873832702636804,100
dueling_wide,Dueling SG-DQN June 4 wide,dueling horizon,reference,147,0.542970926946017,0.24216555583700802,0.0016665254758124117,0.2975,0.175,0.075,0.75,0.0,0.7,1.43377685546875,0.0,25.088461303710943,100
dueling_wide,Dueling SG-DQN June 4 wide,dueling horizon,reference,148,2.5119370370161698,0.2265725656070022,0.0016679393572024005,0.2775,0.1375,0.1125,0.75,0.0,0.55,0.7222633361816406,0.0,19.26064453125002,100
dueling_wide,Dueling SG-DQN June 4 wide,dueling horizon,reference,149,10.814588821476036,0.19624998825096993,0.0015369972823548617,0.305,0.1625,0.0875,0.75,0.0,0.65,1.3791694641113281,0.0,16.662176513671884,100
dueling_wide,Dueling SG-DQN June 4 wide,dueling horizon,reference,150,10.195395108533887,0.20173086549491934,0.001808735358268062,0.31,0.15,0.1,0.75,0.0,0.6,1.04974365234375,-0.05409698486328106,14.965748596191421,100
dueling_wide,Dueling SG-DQN June 4 wide,dueling horizon,reference,151,2.3045337155882284,0.23606386543111102,0.0013804367462090233,0.285,0.165,0.085,0.75,0.0,0.66,0.6739501953125,0.0,19.973876953125046,100
dueling_wide,Dueling SG-DQN June 4 wide,dueling horizon,reference,152,-2.0634356800401203,0.2610348600841469,0.0014013041694749342,0.2925,0.16,0.09,0.75,0.0,0.64,1.246551513671875,0.0,14.573437500000068,100
dueling_wide,Dueling SG-DQN June 4 wide,dueling horizon,reference,153,14.37528150066462,0.18026743545184887,0.0015279586202769468,0.31,0.17,0.08,0.75,0.0,0.68,1.560211181640625,0.0,12.831338500976583,100
dueling_wide,Dueling SG-DQN June 4 wide,dueling horizon,reference,154,11.65144910645145,0.19449037810364228,0.0014082509904921531,0.3225,0.1525,0.0975,0.75,0.0,0.61,0.9451904296875,0.0,26.304510498046913,100
dueling_wide,Dueling SG-DQN June 4 wide,dueling horizon,reference,155,-0.24389547644198045,0.25306706559415576,0.0018398794793654848,0.3525,0.1625,0.0875,0.75,0.0,0.65,1.52362060546875,0.0,13.799676513671875,100
dueling_wide,Dueling SG-DQN June 4 wide,dueling horizon,reference,156,10.314597164657721,0.20180623311049062,0.0013440044806570688,0.3025,0.1525,0.0975,0.75,0.0,0.61,0.861328125,0.0,22.032446289062573,100
dueling_wide,Dueling SG-DQN June 4 wide,dueling horizon,reference,157,9.238262750663976,0.20097542858894207,0.0017330292859951114,0.2775,0.16,0.09,0.75,0.0,0.64,1.0203056335449219,0.0,18.27237548828126,100
dueling_wide,Dueling SG-DQN June 4 wide,dueling horizon,reference,158,7.654050432388082,0.2140247275859695,0.0013380663307766927,0.2975,0.1625,0.0875,0.75,0.0,0.65,0.8131103515625,0.0,12.9113220214844,100
dueling_wide,Dueling SG-DQN June 4 wide,dueling horizon,reference,159,12.283407078281423,0.19203405680325994,0.0014639566847325326,0.335,0.165,0.085,0.75,0.0,0.66,1.290863037109375,0.0,23.52898416519166,100
dueling_wide,Dueling SG-DQN June 4 wide,dueling horizon,reference,160,-2.3416480550397956,0.2533098083127119,0.0017569014145787725,0.365,0.1425,0.1075,0.75,0.0,0.57,0.58245849609375,0.0,24.54306793212892,100
dueling_wide,Dueling SG-DQN June 4 wide,dueling horizon,reference,161,0.09975244474382122,0.25089516283604996,0.001578990530128009,0.3425,0.185,0.065,0.75,0.0,0.74,1.045562744140625,0.0,32.85673828125002,100
dueling_wide,Dueling SG-DQN June 4 wide,dueling horizon,reference,162,1.0088443472840891,0.24928379556633676,0.0013792895202923018,0.315,0.1675,0.0825,0.75,0.0,0.67,1.27520751953125,0.0,17.615917968750097,100
dueling_wide,Dueling SG-DQN June 4 wide,dueling horizon,reference,163,-1.5989535300145081,0.24774882394513145,0.0015533589929978093,0.335,0.145,0.105,0.75,0.0,0.58,0.423919677734375,0.0,27.325488281250056,100
dueling_wide,Dueling SG-DQN June 4 wide,dueling horizon,reference,164,0.22289568354975245,0.24611471012635866,0.0015952952991867375,0.345,0.17,0.08,0.75,0.0,0.68,1.19580078125,0.0,12.560629272460968,100
dueling_wide,Dueling SG-DQN June 4 wide,dueling horizon,reference,165,1.75416654987465,0.24125052416469941,0.0014791829038037952,0.32,0.15,0.1,0.75,0.0,0.6,1.0383148193359375,0.0,12.645664215087892,100
dueling_wide,Dueling SG-DQN June 4 wide,dueling horizon,reference,166,1.7771478295662633,0.24364070849010466,0.0014940075241479556,0.3125,0.155,0.095,0.75,0.0,0.62,0.757354736328125,0.0,27.487023925781337,100
dueling_wide,Dueling SG-DQN June 4 wide,dueling horizon,reference,167,0.15495604437086627,0.25130529184114464,0.0015067463033808636,0.33,0.1625,0.0875,0.75,0.0,0.65,1.399200439453125,0.0,34.316363525390656,100
dueling_wide,Dueling SG-DQN June 4 wide,dueling horizon,reference,168,2.3437208360456947,0.23852055729866806,0.0012842687255304897,0.3075,0.16,0.09,0.75,0.0,0.64,1.03546142578125,0.0,26.281742858886734,100
dueling_wide,Dueling SG-DQN June 4 wide,dueling horizon,reference,169,2.1399372109055186,0.24057297745082032,0.0013266630010394422,0.3125,0.16,0.09,0.75,0.0,0.64,1.319671630859375,0.0,35.806002807617205,100
dueling_wide,Dueling SG-DQN June 4 wide,dueling horizon,reference,170,5.931266229696252,0.22542254270294287,0.0013723661342023982,0.2975,0.1525,0.0975,0.75,0.0,0.61,1.027557373046875,0.0,16.74986572265625,100
dueling_wide,Dueling SG-DQN June 4 wide,dueling horizon,reference,171,0.1316346406965215,0.2487565068672355,0.001384641507773154,0.3425,0.185,0.065,0.75,0.0,0.74,1.897491455078125,0.0,37.23078613281254,100
dueling_wide,Dueling SG-DQN June 4 wide,dueling horizon,reference,172,4.694860010004717,0.22913100437282494,0.0014869985309550905,0.325,0.185,0.065,0.75,0.0,0.74,1.305694580078125,0.0,23.586740112304692,100
dueling_wide,Dueling SG-DQN June 4 wide,dueling horizon,reference,173,5.589495283269919,0.22656826745170489,0.001405317377816242,0.31,0.155,0.095,0.75,0.0,0.62,1.061279296875,0.0,25.022265625000006,100
dueling_wide,Dueling SG-DQN June 4 wide,dueling horizon,reference,174,2.265689490339347,0.2391440467767893,0.0014058961709847813,0.32,0.175,0.075,0.75,0.0,0.7,2.1949310302734375,0.0,25.486633300781328,100
dueling_wide,Dueling SG-DQN June 4 wide,dueling horizon,reference,175,15.97537235119584,0.17158661790216329,0.0008236814471071767,0.2525,0.18,0.07,0.75,0.0,0.72,1.66900634765625,0.0,9.805322265625017,100
dueling_wide,Dueling SG-DQN June 4 wide,dueling horizon,reference,176,2.5057471108740312,0.23077602196427796,0.0011491779278694663,0.295,0.165,0.085,0.75,0.0,0.66,2.0006103515625,0.0,23.42776489257813,100
dueling_wide,Dueling SG-DQN June 4 wide,dueling horizon,reference,177,2.511266631535422,0.231034372236238,0.0012265194980470284,0.305,0.15,0.1,0.75,0.0,0.6,0.731475830078125,0.0,21.985021877288847,100
dueling_wide,Dueling SG-DQN June 4 wide,dueling horizon,reference,178,15.446654751165033,0.17459894565825482,0.0009315248269732176,0.2625,0.1575,0.0925,0.75,0.0,0.63,0.47198486328125,0.0,14.485925292968759,100
dueling_wide,Dueling SG-DQN June 4 wide,dueling horizon,reference,179,5.216229457607519,0.22623235885991494,0.0014366349940673805,0.3025,0.175,0.075,0.75,0.0,0.7,1.19293212890625,0.0,23.086972045898573,100
dueling_wide,Dueling SG-DQN June 4 wide,dueling horizon,reference,180,0.22557112280406727,0.24469341202243736,0.0013556569274459462,0.32,0.18,0.07,0.75,0.0,0.72,1.37188720703125,0.0,13.141967773437514,100
dueling_wide,Dueling SG-DQN June 4 wide,dueling horizon,reference,181,10.430238841457786,0.19564391963962913,0.001185003741698749,0.275,0.1725,0.0775,0.75,0.0,0.69,1.2303924560546875,0.0,18.469934082031255,100
dueling_wide,Dueling SG-DQN June 4 wide,dueling horizon,reference,182,6.4765008163813675,0.21859805268922333,0.001416912541874409,0.3175,0.145,0.105,0.75,0.0,0.58,0.72869873046875,0.0,26.45753326416017,100
dueling_wide,Dueling SG-DQN June 4 wide,dueling horizon,reference,183,6.030606396432338,0.22032133798283723,0.0014521506593952467,0.3225,0.15,0.1,0.75,0.0,0.6,0.85687255859375,0.0,19.72482299804693,100
dueling_wide,Dueling SG-DQN June 4 wide,dueling horizon,reference,184,-0.05168471292123684,0.2506467696369841,0.0012926664378287648,0.285,0.1725,0.0775,0.75,0.0,0.69,1.353515625,0.0,19.589324951171893,100
dueling_wide,Dueling SG-DQN June 4 wide,dueling horizon,reference,185,7.149814660002116,0.21368985217177056,0.0014895534761454558,0.315,0.175,0.075,0.75,0.0,0.7,1.233449935913086,0.0,15.645812988281252,100
dueling_wide,Dueling SG-DQN June 4 wide,dueling horizon,reference,186,12.334704436466884,0.18208239437095283,0.0011761198883221374,0.2625,0.1575,0.0925,0.75,0.0,0.63,0.970245361328125,0.0,17.957910156250012,100
dueling_wide,Dueling SG-DQN June 4 wide,dueling horizon,reference,187,-2.595495986952999,0.2616428033407546,0.0015161136278486161,0.34,0.17,0.08,0.75,0.0,0.68,1.52398681640625,0.0,20.235957527160647,100
dueling_wide,Dueling SG-DQN June 4 wide,dueling horizon,reference,188,1.944248492326845,0.2365310295434302,0.0014864028634081717,0.32,0.1575,0.0925,0.75,0.0,0.63,1.605712890625,0.0,21.43659057617188,100
dueling_wide,Dueling SG-DQN June 4 wide,dueling horizon,reference,189,-3.929918501747126,0.2584819409568267,0.001522905595039019,0.2825,0.1775,0.0725,0.75,0.0,0.71,1.8289871215820312,0.0,14.12611999511724,100
dueling_wide,Dueling SG-DQN June 4 wide,dueling horizon,reference,190,10.746572117532642,0.19777788504154606,0.0014890659515768801,0.285,0.1775,0.0725,0.75,0.0,0.71,2.467529296875,0.0,16.196179199218836,100
dueling_wide,Dueling SG-DQN June 4 wide,dueling horizon,reference,191,9.729920755075707,0.20298767527396042,0.0017389230119551618,0.3275,0.1525,0.0975,0.75,0.0,0.61,1.125244140625,0.0,19.76040954589845,100
dueling_wide,Dueling SG-DQN June 4 wide,dueling horizon,reference,192,8.775006981062928,0.19518357699810068,0.0014493154712050655,0.31,0.1825,0.0675,0.75,0.0,0.73,1.6932296752929688,0.0,11.076409912109378,100
dueling_wide,Dueling SG-DQN June 4 wide,dueling horizon,reference,193,10.650306601267566,0.19512785163615287,0.0014821344324813595,0.28,0.1975,0.0525,0.75,0.0,0.79,1.900909423828125,0.0,19.101446533203152,100
dueling_wide,Dueling SG-DQN June 4 wide,dueling horizon,reference,194,11.853950705322633,0.18512741000975802,0.0015833489779991112,0.29,0.215,0.035,0.75,0.0,0.86,3.1204071044921875,0.0,17.491198730468753,100
dueling_wide,Dueling SG-DQN June 4 wide,dueling horizon,reference,195,12.789674486237372,0.1863509218806687,0.0015494540043858767,0.295,0.1925,0.0575,0.75,0.0,0.77,2.244110107421875,0.0,13.382409667968757,100
dueling_wide,Dueling SG-DQN June 4 wide,dueling horizon,reference,196,6.546157051084526,0.21283334207941046,0.0017010773055855704,0.3225,0.205,0.045,0.75,0.0,0.82,1.935272216796875,0.0,16.67500305175788,100
dueling_wide,Dueling SG-DQN June 4 wide,dueling horizon,reference,197,4.47889483394086,0.21945894557310763,0.0012044576675624907,0.2775,0.195,0.055,0.75,0.0,0.78,2.4088134765625,0.0,26.579309082031344,100
dueling_wide,Dueling SG-DQN June 4 wide,dueling horizon,reference,198,6.499795268467803,0.2055581088982949,0.0014315866588494866,0.3175,0.185,0.065,0.75,0.0,0.74,1.39581298828125,0.0,15.122137451171886,100
dueling_wide,Dueling SG-DQN June 4 wide,dueling horizon,reference,199,2.3110515851807083,0.22975494385305545,0.0014750478620140688,0.315,0.1825,0.0675,0.75,0.0,0.73,1.10113525390625,0.0,22.40775756835943,100
dueling_wide,Dueling SG-DQN June 4 wide,dueling horizon,reference,200,4.915107016729685,0.2167792415516047,0.001313968427022518,0.2775,0.2225,0.0275,0.75,0.0,0.89,2.443359375,0.0,12.573028564453152,100
