kind,run,episode,current_reward,q1,q2,r1,r2,policy_action_sat98,requested_action_sat98,cap_projection_frac,fallback_frac
baseline,OF-MPC,1,-2.476675969510907,,,,,,,,
baseline,OF-MPC,2,7.873268440319639,,,,,,,,
baseline,OF-MPC,3,7.984065811175101,,,,,,,,
baseline,OF-MPC,4,8.105314648841453,,,,,,,,
baseline,OF-MPC,5,8.225176767892254,,,,,,,,
baseline,OF-MPC,6,8.348162221262948,,,,,,,,
baseline,OF-MPC,7,8.481457057038652,,,,,,,,
baseline,OF-MPC,8,8.645506168281027,,,,,,,,
baseline,OF-MPC,9,8.805426287438875,,,,,,,,
baseline,OF-MPC,10,8.92119540916416,,,,,,,,
baseline,OF-MPC,11,9.069503086859898,,,,,,,,
baseline,OF-MPC,12,9.243185570367876,,,,,,,,
baseline,OF-MPC,13,9.45387380507967,,,,,,,,
baseline,OF-MPC,14,9.61788057954454,,,,,,,,
baseline,OF-MPC,15,10.100128986671564,,,,,,,,
baseline,OF-MPC,16,10.176873784431722,,,,,,,,
baseline,OF-MPC,17,10.219684132854095,,,,,,,,
baseline,OF-MPC,18,10.264523988789927,,,,,,,,
baseline,OF-MPC,19,10.30937578095216,,,,,,,,
baseline,OF-MPC,20,10.35485349832279,,,,,,,,
baseline,OF-MPC,21,10.401200014757492,,,,,,,,
baseline,OF-MPC,22,10.448583628614108,,,,,,,,
baseline,OF-MPC,23,10.496895861215647,,,,,,,,
baseline,OF-MPC,24,10.54544063381245,,,,,,,,
baseline,OF-MPC,25,10.59335721509868,,,,,,,,
baseline,OF-MPC,26,10.643358103697313,,,,,,,,
baseline,OF-MPC,27,10.692889207875144,,,,,,,,
baseline,OF-MPC,28,10.742518071456754,,,,,,,,
baseline,OF-MPC,29,10.793186449238156,,,,,,,,
baseline,OF-MPC,30,10.844988742232466,,,,,,,,
baseline,OF-MPC,31,10.89685595228568,,,,,,,,
baseline,OF-MPC,32,10.158011037998962,,,,,,,,
baseline,OF-MPC,33,9.944378844136448,,,,,,,,
baseline,OF-MPC,34,9.451666614244294,,,,,,,,
baseline,OF-MPC,35,9.014879891842476,,,,,,,,
baseline,OF-MPC,36,8.597737526049297,,,,,,,,
baseline,OF-MPC,37,8.196275536822368,,,,,,,,
baseline,OF-MPC,38,7.853028297506255,,,,,,,,
baseline,OF-MPC,39,7.551944271923657,,,,,,,,
baseline,OF-MPC,40,7.264850161607337,,,,,,,,
baseline,OF-MPC,41,7.002541474482475,,,,,,,,
baseline,OF-MPC,42,6.800034482563541,,,,,,,,
baseline,OF-MPC,43,6.573252606329734,,,,,,,,
baseline,OF-MPC,44,6.364201858330659,,,,,,,,
baseline,OF-MPC,45,6.157954441059336,,,,,,,,
baseline,OF-MPC,46,5.887413530440242,,,,,,,,
baseline,OF-MPC,47,5.730695471434379,,,,,,,,
baseline,OF-MPC,48,5.479958658694686,,,,,,,,
baseline,OF-MPC,49,5.643162620116858,,,,,,,,
baseline,OF-MPC,50,5.10956248506398,,,,,,,,
baseline,OF-MPC,51,5.286139646568635,,,,,,,,
baseline,OF-MPC,52,5.4598006850109115,,,,,,,,
baseline,OF-MPC,53,5.562988276479739,,,,,,,,
baseline,OF-MPC,54,5.68596509159391,,,,,,,,
baseline,OF-MPC,55,5.872359298117765,,,,,,,,
baseline,OF-MPC,56,6.060408403566564,,,,,,,,
baseline,OF-MPC,57,6.189391655366002,,,,,,,,
baseline,OF-MPC,58,6.351840641714521,,,,,,,,
baseline,OF-MPC,59,6.503650312827745,,,,,,,,
baseline,OF-MPC,60,6.676103710998977,,,,,,,,
baseline,OF-MPC,61,6.790329580861189,,,,,,,,
baseline,OF-MPC,62,6.940895732690129,,,,,,,,
baseline,OF-MPC,63,7.110965111310391,,,,,,,,
baseline,OF-MPC,64,7.293888415807614,,,,,,,,
baseline,OF-MPC,65,7.4901018962943455,,,,,,,,
baseline,OF-MPC,66,8.088654491733344,,,,,,,,
baseline,OF-MPC,67,8.061275135720997,,,,,,,,
baseline,OF-MPC,68,7.981085236199107,,,,,,,,
baseline,OF-MPC,69,7.8943467860872785,,,,,,,,
baseline,OF-MPC,70,7.817140536180359,,,,,,,,
baseline,OF-MPC,71,7.743074595047205,,,,,,,,
baseline,OF-MPC,72,7.665119364175399,,,,,,,,
baseline,OF-MPC,73,7.591221097437804,,,,,,,,
baseline,OF-MPC,74,7.521673713423663,,,,,,,,
baseline,OF-MPC,75,7.460781355493362,,,,,,,,
baseline,OF-MPC,76,7.404162137971807,,,,,,,,
baseline,OF-MPC,77,7.352644168661485,,,,,,,,
baseline,OF-MPC,78,7.312549683131399,,,,,,,,
baseline,OF-MPC,79,7.2691036095272485,,,,,,,,
baseline,OF-MPC,80,7.197487597196195,,,,,,,,
baseline,OF-MPC,81,7.11581775238301,,,,,,,,
baseline,OF-MPC,82,7.045060516457707,,,,,,,,
baseline,OF-MPC,83,6.988472081656312,,,,,,,,
baseline,OF-MPC,84,6.926389313609362,,,,,,,,
baseline,OF-MPC,85,6.856472919754368,,,,,,,,
baseline,OF-MPC,86,6.819777732744428,,,,,,,,
baseline,OF-MPC,87,6.780319981103694,,,,,,,,
baseline,OF-MPC,88,6.7063133422790635,,,,,,,,
baseline,OF-MPC,89,6.63493042837759,,,,,,,,
baseline,OF-MPC,90,5.799678543703757,,,,,,,,
baseline,OF-MPC,91,5.916998268207581,,,,,,,,
baseline,OF-MPC,92,6.134241600192885,,,,,,,,
baseline,OF-MPC,93,6.3731798546090275,,,,,,,,
baseline,OF-MPC,94,6.537733512666039,,,,,,,,
baseline,OF-MPC,95,6.760803288837756,,,,,,,,
baseline,OF-MPC,96,7.006732350971806,,,,,,,,
baseline,OF-MPC,97,7.2580014237053705,,,,,,,,
baseline,OF-MPC,98,7.516087748346076,,,,,,,,
baseline,OF-MPC,99,7.787305872536573,,,,,,,,
baseline,OF-MPC,100,8.132037194666463,,,,,,,,
baseline,OF-MPC,101,8.431144428481307,,,,,,,,
baseline,OF-MPC,102,8.84270480580574,,,,,,,,
baseline,OF-MPC,103,9.191440860350978,,,,,,,,
baseline,OF-MPC,104,9.59439093229934,,,,,,,,
baseline,OF-MPC,105,10.056588160318318,,,,,,,,
baseline,OF-MPC,106,10.581009788989432,,,,,,,,
baseline,OF-MPC,107,11.14741605239739,,,,,,,,
baseline,OF-MPC,108,12.230856112907947,,,,,,,,
baseline,OF-MPC,109,11.802129248179245,,,,,,,,
baseline,OF-MPC,110,11.364806886446837,,,,,,,,
baseline,OF-MPC,111,10.946537830832645,,,,,,,,
baseline,OF-MPC,112,10.555302726708357,,,,,,,,
baseline,OF-MPC,113,10.156464121695757,,,,,,,,
baseline,OF-MPC,114,9.873571493254374,,,,,,,,
baseline,OF-MPC,115,9.598478751987052,,,,,,,,
baseline,OF-MPC,116,9.305611528530562,,,,,,,,
baseline,OF-MPC,117,9.022138179472224,,,,,,,,
baseline,OF-MPC,118,8.805917957610005,,,,,,,,
baseline,OF-MPC,119,8.529527569096803,,,,,,,,
baseline,OF-MPC,120,8.295505386847609,,,,,,,,
baseline,OF-MPC,121,8.089680861698866,,,,,,,,
baseline,OF-MPC,122,7.89238091418817,,,,,,,,
baseline,OF-MPC,123,7.717679737211893,,,,,,,,
baseline,OF-MPC,124,7.533905518074375,,,,,,,,
baseline,OF-MPC,125,7.356470361884339,,,,,,,,
baseline,OF-MPC,126,7.199040859644793,,,,,,,,
baseline,OF-MPC,127,7.08475741480806,,,,,,,,
baseline,OF-MPC,128,6.9603903078046025,,,,,,,,
baseline,OF-MPC,129,6.789587114656187,,,,,,,,
baseline,OF-MPC,130,6.643118587493276,,,,,,,,
baseline,OF-MPC,131,6.544649672157035,,,,,,,,
baseline,OF-MPC,132,6.959331901479978,,,,,,,,
baseline,OF-MPC,133,6.670059323089269,,,,,,,,
baseline,OF-MPC,134,6.695852057032908,,,,,,,,
baseline,OF-MPC,135,6.718349777981229,,,,,,,,
baseline,OF-MPC,136,6.747630585799065,,,,,,,,
baseline,OF-MPC,137,6.778287952922654,,,,,,,,
baseline,OF-MPC,138,6.806772363676224,,,,,,,,
baseline,OF-MPC,139,6.831513150723431,,,,,,,,
baseline,OF-MPC,140,6.855510024014518,,,,,,,,
baseline,OF-MPC,141,6.868483482777176,,,,,,,,
baseline,OF-MPC,142,6.879554724597752,,,,,,,,
baseline,OF-MPC,143,6.892892791402423,,,,,,,,
baseline,OF-MPC,144,6.906810990443725,,,,,,,,
baseline,OF-MPC,145,6.928842452532158,,,,,,,,
baseline,OF-MPC,146,6.95378183762135,,,,,,,,
baseline,OF-MPC,147,6.982907644041454,,,,,,,,
baseline,OF-MPC,148,7.0143045893721565,,,,,,,,
baseline,OF-MPC,149,7.036144358196537,,,,,,,,
baseline,OF-MPC,150,7.05579453781208,,,,,,,,
baseline,OF-MPC,151,7.076619503545521,,,,,,,,
baseline,OF-MPC,152,7.098584740805673,,,,,,,,
baseline,OF-MPC,153,7.122416157308999,,,,,,,,
baseline,OF-MPC,154,7.148556959930254,,,,,,,,
baseline,OF-MPC,155,7.176077118718796,,,,,,,,
baseline,OF-MPC,156,7.204872710392483,,,,,,,,
baseline,OF-MPC,157,6.885154227837259,,,,,,,,
baseline,OF-MPC,158,6.9958534863825355,,,,,,,,
baseline,OF-MPC,159,7.058482360333255,,,,,,,,
baseline,OF-MPC,160,7.133230520658649,,,,,,,,
baseline,OF-MPC,161,7.220362541614925,,,,,,,,
baseline,OF-MPC,162,7.315996423109495,,,,,,,,
baseline,OF-MPC,163,7.4191460841365755,,,,,,,,
baseline,OF-MPC,164,7.5272219867727745,,,,,,,,
baseline,OF-MPC,165,7.6357314415228394,,,,,,,,
baseline,OF-MPC,166,7.759176522549776,,,,,,,,
baseline,OF-MPC,167,7.8542950512584255,,,,,,,,
baseline,OF-MPC,168,7.96128666223119,,,,,,,,
baseline,OF-MPC,169,8.079440423339856,,,,,,,,
baseline,OF-MPC,170,8.200192090555722,,,,,,,,
baseline,OF-MPC,171,8.321048542197866,,,,,,,,
baseline,OF-MPC,172,8.449744480853946,,,,,,,,
baseline,OF-MPC,173,8.607246467293862,,,,,,,,
baseline,OF-MPC,174,8.77472471780527,,,,,,,,
baseline,OF-MPC,175,8.8802892822519,,,,,,,,
baseline,OF-MPC,176,8.864399048609773,,,,,,,,
baseline,OF-MPC,177,8.65630831774841,,,,,,,,
baseline,OF-MPC,178,8.387164532068418,,,,,,,,
baseline,OF-MPC,179,8.171433086835789,,,,,,,,
baseline,OF-MPC,180,7.972028922533843,,,,,,,,
baseline,OF-MPC,181,7.799357269178459,,,,,,,,
baseline,OF-MPC,182,7.605532199893221,,,,,,,,
baseline,OF-MPC,183,7.427264057066595,,,,,,,,
baseline,OF-MPC,184,7.259926338165053,,,,,,,,
baseline,OF-MPC,185,7.124195574285044,,,,,,,,
baseline,OF-MPC,186,7.024983406052622,,,,,,,,
baseline,OF-MPC,187,6.852017886055087,,,,,,,,
baseline,OF-MPC,188,6.721886613719089,,,,,,,,
baseline,OF-MPC,189,6.585217724831753,,,,,,,,
baseline,OF-MPC,190,6.444371745397555,,,,,,,,
baseline,OF-MPC,191,6.263412712907577,,,,,,,,
baseline,OF-MPC,192,6.103808512695573,,,,,,,,
baseline,OF-MPC,193,6.002944238107996,,,,,,,,
baseline,OF-MPC,194,4.693654039167194,,,,,,,,
baseline,OF-MPC,195,4.488489332146679,,,,,,,,
baseline,OF-MPC,196,4.941753208850347,,,,,,,,
baseline,OF-MPC,197,5.377501576007403,,,,,,,,
baseline,OF-MPC,198,5.837302069624602,,,,,,,,
baseline,OF-MPC,199,6.339231715493111,,,,,,,,
baseline,OF-MPC,200,6.926159462874596,,,,,,,,
td3,20260521_150600,1,-2.4757971343220584,1.0,1.0,1.0,1.0,0.0,,,
td3,20260521_150600,2,7.874069683245648,1.0,1.0,1.0,1.0,0.0,,,
td3,20260521_150600,3,7.9847975595233605,1.0,1.0,1.0,1.0,0.0,,,
td3,20260521_150600,4,8.105924556201765,1.0,1.0,1.0,1.0,0.0,,,
td3,20260521_150600,5,8.225657526245664,1.0,1.0,1.0,1.0,0.0,,,
td3,20260521_150600,6,8.348965000563991,1.0,1.0,1.0,1.0,0.0,,,
td3,20260521_150600,7,8.481938704380315,1.0,1.0,1.0,1.0,0.0,,,
td3,20260521_150600,8,8.646113114652538,1.0,1.0,1.0,1.0,0.0,,,
td3,20260521_150600,9,8.806242397490184,1.0,1.0,1.0,1.0,0.0,,,
td3,20260521_150600,10,8.921790762841676,1.0,1.0,1.0,1.0,0.0,,,
td3,20260521_150600,11,9.070162947450875,1.0,1.0,1.0,1.0,0.0,,,
td3,20260521_150600,12,9.243795266627322,1.0,1.0,1.0,1.0,0.0,,,
td3,20260521_150600,13,9.454461497921823,1.0,1.0,1.0,1.0,0.0,,,
td3,20260521_150600,14,9.618426407206169,1.0,1.0,1.0,1.0,0.0,,,
td3,20260521_150600,15,10.100520077602875,1.0,1.0,1.0,1.0,0.0,,,
td3,20260521_150600,16,13.821363947629566,1.2493261015648023,1.289442507121712,1.3421395033039152,1.282796523012221,0.85875,,,
td3,20260521_150600,17,-3.2882246158108184,1.4186779987998306,1.3250078172422945,1.3430875134654343,1.2276509566232563,0.978125,,,
td3,20260521_150600,18,-9.223319059825338,1.1852677008137107,1.1826352586736903,1.2773670183494688,1.304785350197926,0.64125,,,
td3,20260521_150600,19,-7.511297852067305,1.1778101816773414,1.3090416999533772,1.106285872682929,1.3871313285082578,0.5475,,,
td3,20260521_150600,20,-2.0109581561868413,1.187500934302807,1.2691344962280708,1.0226936941500753,1.2812497779726981,0.570625,,,
td3,20260521_150600,21,-9.422427746397421,1.0377790911123157,1.252711358293891,1.1186752738431096,1.2843749527819455,0.565,,,
td3,20260521_150600,22,7.229198515148979,1.0694518071599304,1.3750292181968689,0.992505377298221,1.4593708862550556,0.53,,,
td3,20260521_150600,23,-0.10454693774466335,1.0721617803588743,1.292828594148159,0.9926421780604869,1.2854206844815053,0.57625,,,
td3,20260521_150600,24,8.752050701710527,1.0694215735420585,1.2916001774952748,1.0203410949616227,1.313752144703176,0.5625,,,
td3,20260521_150600,25,10.69941400428275,0.9907068354077637,1.2837696178816258,0.9062242988031357,1.254009962361306,0.553125,,,
td3,20260521_150600,26,-0.7447542282293795,0.9956027595326304,1.285552711971104,0.9593729862011969,1.241261680831667,0.563125,,,
td3,20260521_150600,27,-6.416066482700004,1.0526333098881877,1.2204304076265544,0.8281588639132679,1.353796551330015,0.56875,,,
td3,20260521_150600,28,13.569389227256044,1.0077745625399985,1.2663831804879009,0.8468059305101633,1.1771599627099931,0.55875,,,
td3,20260521_150600,29,3.4692539479382343,1.022885806893464,1.1569640138652175,0.8123725153505802,1.3049475972275104,0.58375,,,
td3,20260521_150600,30,10.16520453203573,0.8767303062137216,1.100380464765476,0.8809659653808921,1.1871911253780127,0.571875,,,
td3,20260521_150600,31,8.956286299633199,0.9750270258635283,1.1363402114482597,0.813124060165137,1.3089921163395046,0.59,,,
td3,20260521_150600,32,2.043357159788185,0.97396697900258,1.178114314712002,0.7752901941537857,1.3175449597416447,0.588125,,,
td3,20260521_150600,33,8.9673862132303,0.8838282639160753,1.1233403668797108,0.7624939079396427,1.2762718502432109,0.57625,,,
td3,20260521_150600,34,7.0063900609475285,0.8290162790566683,1.189980122540146,0.7750002444721759,1.2433931196574122,0.583125,,,
td3,20260521_150600,35,8.675116945458662,0.7716974643291905,1.1091170936240815,0.7511562593281269,1.2833233647514135,0.579375,,,
td3,20260521_150600,36,5.911330561828429,0.7999975542537868,1.1872044018586165,0.7656240184791386,1.285523451131303,0.58625,,,
td3,20260521_150600,37,5.258685957749365,0.7909939856268465,1.1618563965545037,0.75,1.1869757606764324,0.581875,,,
td3,20260521_150600,38,8.609037597746523,0.7753868088126182,1.0135045270901173,0.7502163464203477,1.3101078097708523,0.5575,,,
td3,20260521_150600,39,0.8298432339670373,0.7500000002793967,1.1081267714034766,0.75,1.278339757025242,0.599375,,,
td3,20260521_150600,40,1.847741161164227,0.7500052998773754,1.0416548331384547,0.750000013411045,1.230883030872792,0.58,,,
td3,20260521_150600,41,7.70067452015523,0.7748561939224601,1.021981271263212,0.75,1.1968209735001438,0.575,,,
td3,20260521_150600,42,7.349979684173991,0.7564005949068815,1.0376664072624409,0.7500000209547579,1.2067643306101672,0.566875,,,
td3,20260521_150600,43,7.131156023630415,0.7500267137773335,1.1081752151250839,0.75,1.0879975225776435,0.570625,,,
td3,20260521_150600,44,5.231250750644028,0.7500078639015555,1.0263968967454276,0.75,1.2696067071519792,0.573125,,,
td3,20260521_150600,45,4.201580008154261,0.7955968076828868,1.1902527906000615,0.75,1.1775307969888673,0.586875,,,
td3,20260521_150600,46,-12.229036840180292,0.8825632142834365,1.0415348413971515,0.7500000000931323,1.1460535379475913,0.6175,,,
td3,20260521_150600,47,8.146924506371336,0.9072536903433501,1.0241920278393082,0.75,1.1883747164392844,0.59125,,,
td3,20260521_150600,48,-12.57241326078856,1.0887716782395729,1.0021341416169889,0.75,1.2180896756297444,0.61875,,,
td3,20260521_150600,49,-2.972446742185854,1.0662678921646147,0.9672008170222398,0.75,1.0562831814226228,0.646875,,,
td3,20260521_150600,50,-6.764838473178649,1.0399752830388025,1.018354214268038,0.75,1.1235881166765467,0.65,,,
td3,20260521_150600,51,7.021271859683518,1.127704778953921,0.9316865749657154,0.75,1.1889208743281414,0.6375,,,
td3,20260521_150600,52,-2.537404005215634,1.015362807083875,0.9247156293597072,0.75,1.1456680320203305,0.64125,,,
td3,20260521_150600,53,13.455353682523098,0.9943095677066595,0.994782472634688,0.75,1.125092453218531,0.575625,,,
td3,20260521_150600,54,13.764694371014617,0.9383422540267929,1.0843788745230996,0.75,0.9830677690217271,0.5325,,,
td3,20260521_150600,55,-17.53679896917307,0.9214998743147589,1.0321725201094523,0.75,1.058451896131737,0.58,,,
td3,20260521_150600,56,12.65520202550416,0.8736549044493586,1.024229282928718,0.75,1.0204957286594436,0.55625,,,
td3,20260521_150600,57,12.49550998028078,0.971888888371177,1.035488452244317,0.75,1.017064433475025,0.57125,,,
td3,20260521_150600,58,-8.14600125295275,1.2118195842020214,0.8972729145665653,0.75,1.027220359398052,0.628125,,,
td3,20260521_150600,59,9.591143626952018,1.1139826329192146,0.9785911063812819,0.75,1.15890758158057,0.600625,,,
td3,20260521_150600,60,19.403480698561207,0.9102631192305125,1.0440621717716567,0.75,1.1762727556051686,0.559375,,,
td3,20260521_150600,61,4.900258245505343,0.9524117551569361,0.9605074909602991,0.75,1.1796302469570947,0.5825,,,
td3,20260521_150600,62,9.906460661786241,1.0233323078602552,1.0007724173163297,0.75,1.1255313195521013,0.59125,,,
td3,20260521_150600,63,17.14078788247054,0.8729098943294957,1.1276012064630776,0.75,1.0758377105310502,0.5725,,,
td3,20260521_150600,64,3.936369293882213,0.9701507207937539,1.0867205100352293,0.75,1.0741861036236515,0.58375,,,
td3,20260521_150600,65,-3.6788888116904213,1.0560990980739007,1.0593661306222202,0.75,1.0436696100048721,0.598125,,,
td3,20260521_150600,66,8.950425282347576,1.0360740514617646,1.0573718994419323,0.75,1.0872028534649871,0.59,,,
td3,20260521_150600,67,8.517704016144018,1.0158332832877932,1.168615926279017,0.75,1.0433805867505725,0.60375,,,
td3,20260521_150600,68,0.03138012219362224,1.0512936996878124,1.0075714536986198,0.7500000063329935,1.0879004078553407,0.60625,,,
td3,20260521_150600,69,-5.498794908317556,1.2261316737072776,1.058830626407871,0.75,0.9913355180702638,0.605,,,
td3,20260521_150600,70,-2.0334887976593534,1.128903301336686,0.9535852257024089,0.75,1.056815180531703,0.614375,,,
td3,20260521_150600,71,2.3800736669554134,1.1422614556737245,1.0245315104407382,0.75,1.1758833136875182,0.62125,,,
td3,20260521_150600,72,4.344127797771558,1.1082866899494548,1.0219527544279117,0.75,1.1279690458846745,0.6075,,,
td3,20260521_150600,73,12.991981371739332,1.0028265073720832,1.0783706747017276,0.75,1.1693737435969525,0.588125,,,
td3,20260521_150600,74,9.9222564534458,0.9936739559285342,1.131982009420608,0.75,1.0339761400595306,0.5925,,,
td3,20260521_150600,75,12.84950483763414,1.0232441277534234,1.03566998091992,0.75,1.140026847885747,0.58375,,,
td3,20260521_150600,76,10.74759180701254,0.9531231037224643,1.1839737796064582,0.75,1.1269899692801117,0.604375,,,
td3,20260521_150600,77,12.226929237497139,0.8997683489695192,1.2570250096432574,0.75,1.1600939192773694,0.58375,,,
td3,20260521_150600,78,14.849876782737518,0.8854464623262175,1.2710734727137605,0.75,1.0570795556588564,0.56,,,
td3,20260521_150600,79,17.280903903577368,0.8715488839312456,1.1800695043326415,0.75,1.1436558997025714,0.56875,,,
td3,20260521_150600,80,11.60851525759625,0.8749448277638294,1.1406216597966705,0.75,1.1005913014807447,0.579375,,,
td3,20260521_150600,81,10.674003166672646,0.8906391297001391,1.141530735716151,0.75,1.177857302702614,0.583125,,,
td3,20260521_150600,82,0.0427745810214617,1.1753051429725019,0.9673716878409323,0.75,1.2049814506972325,0.6175,,,
td3,20260521_150600,83,7.385937002109479,0.9484457444632426,1.1237805398995988,0.75,1.2810692079379806,0.585,,,
td3,20260521_150600,84,4.203024247053642,1.0403043892001733,0.9599279920435947,0.75,1.1651576235475658,0.6175,,,
td3,20260521_150600,85,5.230433460488282,0.9934888833056903,1.0822007694398053,0.75,1.1742534209653968,0.59875,,,
td3,20260521_150600,86,16.931142600658678,0.9175190751673654,1.19767601096828,0.75,1.046664698661516,0.565,,,
td3,20260521_150600,87,13.002434701746246,0.989184726215899,1.1155321137157443,0.750000000372529,1.1391385836235712,0.59625,,,
td3,20260521_150600,88,15.037121876705628,0.9448343870928511,1.1716975347549123,0.7500000017695129,1.1479853461496532,0.5675,,,
td3,20260521_150600,89,10.063037202380343,0.9431048033875413,1.1721427780341855,0.75,1.1859867657249197,0.590625,,,
td3,20260521_150600,90,14.025415207133301,0.8987407273147255,1.2586969346126353,0.75,1.214323888304716,0.57375,,,
td3,20260521_150600,91,6.531259192933659,0.9963139534025686,1.1814395964989672,0.75,1.1593789783335524,0.5975,,,
td3,20260521_150600,92,17.278021425564678,0.9153661939781159,1.201878022407982,0.75,1.146324948646543,0.569375,,,
td3,20260521_150600,93,16.430515160410643,0.9941625852079596,1.1949584044981747,0.75,1.1213405191108905,0.59125,,,
td3,20260521_150600,94,18.828618344941216,0.8555608199443668,1.318198877623945,0.75,1.1915401101978205,0.55875,,,
td3,20260521_150600,95,18.87934672285492,0.8671102871070616,1.3797332446469226,0.75,1.2554705328278941,0.55125,,,
td3,20260521_150600,96,15.995648994702535,0.9168656976311468,1.345280423395161,0.75,1.2819799537341168,0.55125,,,
td3,20260521_150600,97,13.583494965727468,0.961907181609422,1.4479713380031172,0.750000003632158,1.253594471469114,0.55875,,,
td3,20260521_150600,98,15.48594658912213,0.975300421071006,1.4203968690882902,0.75,1.2174152585452247,0.564375,,,
td3,20260521_150600,99,14.993476011671264,0.9518548224063125,1.4258887495223462,0.75,1.2698835688457621,0.56875,,,
td3,20260521_150600,100,19.91263109969753,0.9995185070671141,1.3544199744246725,0.7500000008381903,1.2924044727682484,0.585625,,,
td3,20260521_150600,101,14.660412024599939,1.0071148403454573,1.4224202711127873,0.7500000011175871,1.1713360457979434,0.574375,,,
td3,20260521_150600,102,10.786591915148874,1.030371351390204,1.4854780298261177,0.7500000131316483,1.340799174370113,0.56,,,
td3,20260521_150600,103,13.99031226311596,1.2843768495589756,1.4129176070749963,0.7500000013038516,1.3770771760304341,0.578125,,,
td3,20260521_150600,104,12.681517341198441,1.2841732885979582,1.3837616219298525,0.7500000042840839,1.3605902524690463,0.585625,,,
td3,20260521_150600,105,18.342688872953136,1.0661248970660382,1.3879480147181311,0.7500000698491931,1.293467658967711,0.475625,,,
td3,20260521_150600,106,16.91143999139344,1.1039369786863973,1.2658502529437101,0.750000010523945,1.1936141793354182,0.5425,,,
td3,20260521_150600,107,16.142290388502385,1.1160050710990617,1.2025812873554969,0.7500000046566129,1.1236739027281146,0.53875,,,
td3,20260521_150600,108,13.40120231624359,1.1453719832163187,1.1913673546259815,0.750000000745058,1.1536885590569,0.51,,,
td3,20260521_150600,109,13.802430188268477,1.1616018850258114,1.2249291632469976,0.7500000079162419,1.126800948935852,0.5425,,,
td3,20260521_150600,110,15.814096742799482,1.1409752687992296,1.2589820255758242,0.7500000142492353,1.1199575713559171,0.526875,,,
td3,20260521_150600,111,14.44734944457899,1.1446242468962737,1.204696690968558,0.750000000372529,1.1200118672684767,0.564375,,,
td3,20260521_150600,112,15.301446678425854,1.1315472909682285,1.2155164460327796,0.7500000004656613,1.2081064244186563,0.5625,,,
td3,20260521_150600,113,16.900830212466484,1.08515157483489,1.1845916364072764,0.75,1.1570265012109302,0.54375,,,
td3,20260521_150600,114,17.264867802118733,1.0672819618543143,1.2437872886868717,0.75,1.1627869016283512,0.53125,,,
td3,20260521_150600,115,14.866555790093061,1.1115974531858228,1.2686350031057372,0.7500000000931323,1.2139148465761536,0.54,,,
td3,20260521_150600,116,19.76830464616774,1.090703053199104,1.2371065542451105,0.75,1.1548235999656753,0.535,,,
td3,20260521_150600,117,14.126848640829808,1.1088584984809131,1.238412138876447,0.7500000001862646,1.1976717433833983,0.5275,,,
td3,20260521_150600,118,20.86259722095209,1.0532808809548442,1.244321855500857,0.75,1.128275994557771,0.518125,,,
td3,20260521_150600,119,17.42299062983708,1.0875101067224022,1.3013775052153504,0.75,1.1569914087929647,0.53875,,,
td3,20260521_150600,120,14.35123388463494,1.1328386262030108,1.2216731923239421,0.75,1.1721030845027598,0.53875,,,
td3,20260521_150600,121,17.71298663116697,1.101653301625629,1.3247232802823419,0.75,1.1476667677576189,0.53375,,,
td3,20260521_150600,122,20.51801840388155,1.08586359898909,1.3787227618187898,0.7500000140629709,1.162245297359823,0.5525,,,
td3,20260521_150600,123,19.589380155951968,1.0943547182207112,1.304373505579133,0.7500000054948032,1.010677528603992,0.52375,,,
td3,20260521_150600,124,15.306974146605116,1.2689980345690857,1.2193546272814273,0.750000000745058,1.0835783223594262,0.586875,,,
td3,20260521_150600,125,18.38539749302556,1.1900701095644763,1.2905462386843283,0.7500000027008354,1.11063922303656,0.523125,,,
td3,20260521_150600,126,13.525667739646678,1.2795867544336943,1.2289219480429892,0.7500000001862646,1.1440539557752345,0.503125,,,
td3,20260521_150600,127,15.095511481053208,1.1193545370348148,1.2534584668304887,0.7500000046566129,1.0630241443908743,0.441875,,,
td3,20260521_150600,128,20.617063661707743,1.313245157561323,1.285202522428517,0.750000004004687,1.0572189850441647,0.464375,,,
td3,20260521_150600,129,9.284317822057908,1.3001463858734497,1.2563916829982191,0.7500000015832484,1.0391971677847323,0.4625,,,
td3,20260521_150600,130,13.95996614320518,1.404543705481774,1.291320654678475,0.7500000002793967,1.0630896172071516,0.49,,,
td3,20260521_150600,131,12.096591544822404,1.294375701458921,1.3027719196805265,0.7500000048428774,0.9371019669895759,0.461875,,,
td3,20260521_150600,132,14.59639577638132,1.1765099263191587,1.2095312187353557,0.7500000026077032,0.9547998526340962,0.4575,,,
td3,20260521_150600,133,15.566869234859674,1.2372269019784654,1.2036704029054817,0.7500000016763806,1.03770661857925,0.463125,,,
td3,20260521_150600,134,13.744687344448131,1.2416930908377253,1.2616913641555585,0.7500000156462192,1.0191841449479397,0.440625,,,
td3,20260521_150600,135,14.559719202765177,1.2611739902247792,1.3256030784745234,0.7500002264045179,0.9783463551670138,0.473125,,,
td3,20260521_150600,136,20.57730732349361,1.3648772656772052,1.253250488338017,0.7500000141561032,1.0192651504024979,0.478125,,,
td3,20260521_150600,137,16.473864739179337,1.2696958548600379,1.3258321073320984,0.7500000453554094,0.9428161333780736,0.429375,,,
td3,20260521_150600,138,21.62350831203923,1.3193161695446178,1.3023688772969764,0.7505885487422347,1.1100082482993456,0.324375,,,
td3,20260521_150600,139,13.476908913592922,1.3422103723481995,1.1553832607591175,0.7554774274118244,1.1908259817195357,0.378125,,,
td3,20260521_150600,140,17.650187513514155,1.3787509624205996,1.1299352481160896,0.7565007294528187,1.2009044080157765,0.34125,,,
td3,20260521_150600,141,19.7835944883631,1.3463240822253284,1.1880630248861053,0.7646701380610466,1.2162497529439862,0.3825,,,
td3,20260521_150600,142,14.612016599988722,1.3905498150674247,1.21801872390497,0.7633823662996292,1.2434349025192204,0.3975,,,
td3,20260521_150600,143,18.16108768552941,1.2229823182991821,1.074607353432293,0.7835243361536414,1.1697335454828135,0.38,,,
td3,20260521_150600,144,3.243069364115703,1.2123559585757904,1.1439140377944568,0.7766377977328375,1.1878218536498024,0.404375,,,
td3,20260521_150600,145,17.159133239970373,1.2872383039721171,1.1731994974798,0.8394697265466675,1.1663959917917963,0.308125,,,
td3,20260521_150600,146,19.868819814469248,1.2293188647730857,1.2436520941515483,0.816083080865792,1.1932516455824953,0.288125,,,
td3,20260521_150600,147,16.641642236777876,1.2469527522578574,1.2189423459087265,0.8314807185961399,1.2074944867534214,0.28,,,
td3,20260521_150600,148,18.79050782605128,1.2284237185158873,1.2037569376625015,0.8427337263987283,1.15467450581491,0.300625,,,
td3,20260521_150600,149,12.865541620709248,1.2532215411702055,1.3220232348234275,0.8651992738661647,1.2409777388820658,0.35875,,,
td3,20260521_150600,150,7.775411046376282,1.2934473143963259,1.427890781869064,0.8289617300164537,1.277692095041857,0.360625,,,
td3,20260521_150600,151,22.087623482123533,1.2222819269292813,1.3141991824260912,0.8562091763422359,1.2290894331716118,0.273125,,,
td3,20260521_150600,152,18.29319081245951,1.2565222322955378,1.3588967503397726,0.8897276065923506,1.1787138976244023,0.304375,,,
td3,20260521_150600,153,15.991282666965262,1.1010460478195454,1.3661018698495355,0.9379689926543506,1.16567717611033,0.28875,,,
td3,20260521_150600,154,13.51856156903936,1.2667198692935926,1.226861315259157,0.9323055197892245,1.1388111307431246,0.296875,,,
td3,20260521_150600,155,11.754495474126374,1.2601684242262308,1.2096217042476383,0.9090314675297122,1.1513008003086724,0.323125,,,
td3,20260521_150600,156,17.04307478149842,1.2967365188989788,1.1723257920471952,0.9096422193557373,1.1744050039109424,0.3175,,,
td3,20260521_150600,157,12.822663925628069,1.3042650662362576,1.1586933553247944,0.888474486884661,1.1380585023776804,0.343125,,,
td3,20260521_150600,158,17.79090317763381,1.31942609280959,1.16249256436422,0.9516928070224822,1.198602887665038,0.35875,,,
td3,20260521_150600,159,13.042929116753266,1.3899846612093825,1.1603986853777315,0.8970919656760088,1.1300410504816683,0.359375,,,
td3,20260521_150600,160,9.910167284279503,1.4563217345028534,1.1044586104610061,0.9016173994765267,1.2479965001191886,0.42625,,,
td3,20260521_150600,161,2.544999317017415,1.4433779757466254,1.1584301957554999,0.861603292718064,1.2321127924631583,0.416875,,,
td3,20260521_150600,162,-1.001630583890143,1.4194616458607925,1.2349328605923802,0.8697187804733403,1.2525440830745538,0.389375,,,
td3,20260521_150600,163,7.481401018756069,1.4240295500181674,1.1685422130933147,0.9036404410257092,1.2060734506929294,0.353125,,,
td3,20260521_150600,164,7.275493265987394,1.4274534570457036,1.2410044520380326,0.917959360817622,1.1863091775230714,0.37125,,,
td3,20260521_150600,165,15.184398634306271,1.3705045274240546,1.1913621274012258,0.9348794800667747,1.2115346873470116,0.319375,,,
td3,20260521_150600,166,17.88303954194747,1.3420648859144422,1.2709417388221482,0.9103376323648262,1.2088494300198362,0.300625,,,
td3,20260521_150600,167,21.445117162369502,1.3226275640903622,1.2260123591424417,0.9106341332080774,1.2299155903536303,0.305,,,
td3,20260521_150600,168,20.2661876862258,1.323648267785029,1.2183979947585613,0.9097156231408008,1.2665049037634162,0.293125,,,
td3,20260521_150600,169,15.116495955850759,1.3224431968926638,1.2941436920984415,0.9064886518521235,1.172236247200999,0.306875,,,
td3,20260521_150600,170,18.349482403272475,1.3675170260083178,1.3297608043931177,0.9504297922598198,1.2052462506002484,0.290625,,,
td3,20260521_150600,171,19.620942176926054,1.358227145348792,1.3158937731321203,0.9687977023684653,1.1894132682296914,0.285,,,
td3,20260521_150600,172,21.210855811372753,1.3373533120921366,1.3139623776645748,0.97518313632645,1.1271124276951014,0.28625,,,
td3,20260521_150600,173,17.018252424701153,1.3711938709457172,1.2987847015268925,0.9507877466763602,1.1396285369268297,0.290625,,,
td3,20260521_150600,174,14.288764996215182,1.380846505343652,1.2834686665664776,0.963833893294941,1.1502650640111824,0.295625,,,
td3,20260521_150600,175,19.772208303693866,1.433824148752592,1.3547009340745717,0.979102533762125,1.2084583157924498,0.278125,,,
td3,20260521_150600,176,15.543629160107685,1.4124229549055145,1.3054684460512362,0.9315339224477611,1.193624086354248,0.279375,,,
td3,20260521_150600,177,22.44790893149959,1.4055482885269157,1.3220502587093506,0.9037987746862199,1.2168496329464689,0.279375,,,
td3,20260521_150600,178,19.585601558633954,1.3822238866254337,1.3727708628801794,0.8982020092305902,1.2574945134725568,0.2825,,,
td3,20260521_150600,179,16.263501826796873,1.438746887099478,1.334221217609229,0.9126225579384482,1.2161906214653755,0.286875,,,
td3,20260521_150600,180,17.201297287922948,1.4548113550688868,1.3284586300746013,0.8997606953431386,1.1560737731637345,0.275625,,,
td3,20260521_150600,181,11.95105490520185,1.4860152375462348,1.3113469083051315,0.8976141218640805,1.1863281676096449,0.283125,,,
td3,20260521_150600,182,14.457008671970144,1.4346935583107552,1.2994148320412933,0.9180491998497018,1.1692940619686851,0.2775,,,
td3,20260521_150600,183,20.138297180767243,1.4681716620500083,1.2420147931421526,0.9091468013299163,1.2184176144929553,0.27875,,,
td3,20260521_150600,184,21.36773176760952,1.468422240475411,1.2381583696183043,0.8724617360290722,1.2185593968046304,0.30875,,,
td3,20260521_150600,185,21.899890552064154,1.454823799899168,1.4000667161892124,0.8877227569231764,1.1631848668883322,0.264375,,,
td3,20260521_150600,186,18.316544586597708,1.429400404385524,1.3511752726823034,0.9079211534059141,1.1782535956075662,0.265625,,,
td3,20260521_150600,187,13.699202024344702,1.3836499560688025,1.3628392959001758,0.904275346724171,1.1558559962886192,0.2775,,,
td3,20260521_150600,188,16.45282256470438,1.3932984083490738,1.3560831136404885,0.8765577266807668,1.1555304439229075,0.2675,,,
td3,20260521_150600,189,12.11289124849652,1.365409357220051,1.3292395843128362,0.8497095827715384,1.0724120467155445,0.263125,,,
td3,20260521_150600,190,16.592886819418617,1.3901383657845146,1.3805805745701947,0.8200511634495342,1.0276071967768075,0.34625,,,
td3,20260521_150600,191,16.9648202170171,1.3910814333740291,1.3812281911574247,0.8437516207748559,1.0460406164413143,0.2975,,,
td3,20260521_150600,192,14.949232478844992,1.3743047543228386,1.392246564247762,0.8634833270101808,1.0463128218529163,0.3125,,,
td3,20260521_150600,193,16.690398987076186,1.3780267533187724,1.3510639129829543,0.8382546741373517,1.102439546905225,0.298125,,,
td3,20260521_150600,194,12.161181833490005,1.3870180504567542,1.3324513264420603,0.8796951373748015,1.0037141162749321,0.316875,,,
td3,20260521_150600,195,11.468535889917764,1.6615072687915926,1.5833927693965961,0.7610270648496226,0.9785966246388853,0.48375,,,
td3,20260521_150600,196,8.667661697895904,1.6839558841727922,1.5464863388704544,0.7590960598317906,0.9326735571306927,0.5375,,,
td3,20260521_150600,197,17.96975822199476,1.656931004631042,1.503160334938002,0.7615257363999263,1.0200583502941298,0.536875,,,
td3,20260521_150600,198,18.2032724694813,1.6094308148050913,1.5167622166158252,0.7650524691387546,1.0615660525936619,0.489375,,,
td3,20260521_150600,199,19.991569641333225,1.4972587296673736,1.483670349347267,0.7913570477394387,1.0595622062115582,0.411875,,,
td3,20260521_150600,200,18.507249908878165,1.6473726287251338,1.5117363010031113,0.7576427308842539,1.0929910757586185,0.47875,,,
td3,20260528_194904,1,-2.3537868267600652,1.0275412083417175,1.025042184027843,1.0398877826519308,1.0436842044349757,0.2625,,,
td3,20260528_194904,2,9.676516466176928,1.0418749916926024,1.0699376728129573,1.0333287810441105,1.0492496391572057,1.0,,,
td3,20260528_194904,3,8.512936950852314,1.0639379605185244,1.0811325079132805,1.065624185614288,1.0918720791582022,1.0,,,
td3,20260528_194904,4,1.5235672435210057,1.0880675815790894,1.1125326341111217,1.0666281298547986,1.1100013253837826,1.0,,,
td3,20260528_194904,5,8.630162053534647,1.1671805046498775,1.0600653240166138,1.0631197195878486,1.1390652047935874,1.0,,,
td3,20260528_194904,6,-1.983523391408776,1.1397167668677863,1.1704421608243134,1.1652627167291936,1.1462191597931084,1.0,,,
td3,20260528_194904,7,13.939475922274042,1.1574972244910893,1.1325323101505635,1.1661204159585756,1.2179818181111475,0.685625,,,
td3,20260528_194904,8,6.954233417009487,1.2326909995079043,1.0449729191511872,1.2130332662281582,1.2135319351591172,0.735,,,
td3,20260528_194904,9,-1.2626536646595687,1.22000291175209,0.9977000586595389,1.2840624510496854,1.3457517188042403,0.7475,,,
td3,20260528_194904,10,3.320333182119852,1.303179679904133,1.0086275185924023,1.3033450052549598,1.2822768929880113,0.738125,,,
td3,20260528_194904,11,-5.120641132907621,1.315905597107485,0.9557923680171371,1.3468787217512728,1.3320779626257717,0.7475,,,
td3,20260528_194904,12,-9.153550608848667,1.37871677732619,0.9145699476357549,1.2022698186454364,1.2592929651029408,0.721875,,,
td3,20260528_194904,13,-25.5981648212023,1.286072824522853,0.9873727883212269,1.2651774402707816,1.3791642131982371,0.74125,,,
td3,20260528_194904,14,-2.617878907495444,1.2276648391503842,0.8942383643239736,1.2190836087800563,1.2810797300538979,0.73625,,,
td3,20260528_194904,15,-2.5281674252300754,1.3273404329316691,0.8607138141524047,1.1465939786343369,1.27822377756238,0.7425,,,
td3,20260528_194904,16,-10.699399635157437,1.278379243100062,0.9344553301576525,1.2472961308900268,1.2882808349459083,0.74,,,
td3,20260528_194904,17,-3.6566795064239814,1.2762374006444588,0.8031187008135021,1.2750514269559061,1.2139109649928286,0.745,,,
td3,20260528_194904,18,-25.308695453605246,1.3473650497158816,0.818750919494778,1.192494726763107,1.2701515033957549,0.785,,,
td3,20260528_194904,19,-13.907255649891049,1.3454849306493997,0.8340708062169142,1.1901548399589956,1.2866277583059855,0.700625,,,
td3,20260528_194904,20,-15.544631088047858,1.2856317215191666,0.8000991685315967,1.1251413330435753,1.1759199417196213,0.694375,,,
td3,20260528_194904,21,-0.11531448612735716,1.2965334357693792,0.8000476092100144,1.2036004192894325,1.3667312955018134,0.581875,,,
td3,20260528_194904,22,3.0381059864362947,1.3994794245809317,0.8171348209492862,1.1867258879734437,1.252180581074208,0.6,,,
td3,20260528_194904,23,-4.2882873101998396,1.3344185566995292,0.8071960509754718,1.2297716486267745,1.1698338352609425,0.603125,,,
td3,20260528_194904,24,6.441170853094147,1.3247041457332671,0.7898352079559118,1.1424061307363444,1.2630686080650775,0.61625,,,
td3,20260528_194904,25,-1.9014926153320815,1.3264486521482468,0.777966009452939,1.158976179920137,1.215590195939876,0.626875,,,
td3,20260528_194904,26,-25.77523463763122,1.3211018770933152,0.7875008846633136,1.124225221737288,1.2533662336645648,0.62125,,,
td3,20260528_194904,27,5.568996143649754,1.1868478323885938,0.7999911368824542,1.1656280482951842,1.2235919615253805,0.60375,,,
td3,20260528_194904,28,1.8452787906942145,1.2760589598066872,0.7743091920390726,1.0398268335033207,1.2469032266933937,0.628125,,,
td3,20260528_194904,29,-2.7177332165441612,1.2675207534739457,0.7500002916902304,1.1049803333386081,1.194610578659922,0.58625,,,
td3,20260528_194904,30,0.713242768417335,1.3277755356888519,0.7500000054016709,0.9431043925695122,1.2727826224407182,0.63,,,
td3,20260528_194904,31,-1.3373670936359467,1.3031419666018338,0.750003092829138,1.0652270225313258,1.155620296050256,0.639375,,,
td3,20260528_194904,32,-10.351654902646874,1.265257125440985,0.7625001434236764,0.9832350550219416,1.2635382341337391,0.615,,,
td3,20260528_194904,33,7.415047921682925,1.2360362182022073,0.7500000016763806,0.9430827160715125,1.2999277819297277,0.619375,,,
td3,20260528_194904,34,5.147926385777534,1.284348799608415,0.7589632951188833,1.0360435733105988,1.2383938026963732,0.611875,,,
td3,20260528_194904,35,-7.191866145421581,1.1744098539638799,0.7750000363215804,0.9665276642888785,1.273022478655912,0.638125,,,
td3,20260528_194904,36,-63.33855156799262,1.3969140344997868,0.7502081118524074,0.9696489577414468,1.2056477764304874,0.67,,,
td3,20260528_194904,37,7.874067428895776,1.2995400975458324,0.7508175431750714,0.8963511394336819,1.196307064915891,0.496875,,,
td3,20260528_194904,38,-15.159835019918633,1.2951311244396493,0.75,0.8785327790435986,1.202994554720317,0.48125,,,
td3,20260528_194904,39,3.5974542133291307,1.2132556039374323,0.75,0.9276857694843784,1.1932786348450464,0.50625,,,
td3,20260528_194904,40,-15.970625714650405,1.191685906710336,0.750000000372529,0.8638323576014955,1.182597288134275,0.45375,,,
td3,20260528_194904,41,8.848275578080733,1.1724796056980267,0.7512168580666184,0.9313614021055401,1.1605731504270806,0.454375,,,
td3,20260528_194904,42,-32.43377687539179,1.227790595125407,0.7500000010244549,0.8358686255007342,1.1997951811936218,0.50625,,,
td3,20260528_194904,43,-8.845723374833838,1.216144617050304,0.7500000000931323,0.8384054934213054,1.0945185277203564,0.4975,,,
td3,20260528_194904,44,-8.275696312125756,1.3683039216441102,0.75,0.8892518064094475,1.0925307503901422,0.448125,,,
td3,20260528_194904,45,-3.3376075109921515,1.321274475910468,0.75,0.8825506820576265,1.0788630443566944,0.484375,,,
td3,20260528_194904,46,-12.986105617297234,1.3449858502237475,0.750000000372529,0.8636030658963136,1.1592458138009534,0.441875,,,
td3,20260528_194904,47,-96.1321013349187,1.333378397198976,0.75,0.9211367802286986,1.150201822537929,0.42375,,,
td3,20260528_194904,48,0.5289459003157674,1.2944599999929778,0.7500000001862646,0.8745583249987249,1.1400359232793562,0.419375,,,
td3,20260528_194904,49,3.523457354483103,1.3451326602793414,0.7500000016763806,0.9109100361994933,1.1734349574930092,0.455625,,,
td3,20260528_194904,50,-6.76124642923613,1.3204511576826916,0.75,0.841253680223599,1.2064790993812493,0.455,,,
td3,20260528_194904,51,6.830808610337593,1.2095016428153031,0.75,0.8831125726224854,1.168732540932251,0.480625,,,
td3,20260528_194904,52,8.3948907090524,1.3658317033260574,0.75,0.8881521819803311,1.241730264914804,0.44625,,,
td3,20260528_194904,53,2.6602343623311504,1.2221860763154837,0.75,1.0236628302620374,1.1221024747821502,0.460625,,,
td3,20260528_194904,54,-22.161418639717432,1.213537512662515,0.7500000013038516,0.9314527843031101,1.141436735507159,0.451875,,,
td3,20260528_194904,55,3.372356321013301,1.2331004709121771,0.75,0.9619326603831724,1.2846572789756465,0.458125,,,
td3,20260528_194904,56,-1.3532428789230209,1.210701510473882,0.75,1.0024609462882381,1.1606929802161177,0.44625,,,
td3,20260528_194904,57,2.3284316631023625,1.269439131580293,0.750000000372529,1.0981898937490768,1.0666547549716596,0.419375,,,
td3,20260528_194904,58,-1.3406646550138241,1.2163037463833462,0.7500000062398613,1.028031508019194,1.0932596288243075,0.4425,,,
td3,20260528_194904,59,-4.254058964974726,1.2076650268558295,0.75,1.0674044138460885,1.07297343033988,0.425,,,
td3,20260528_194904,60,5.732484505696935,1.2412616943960528,0.7500000000931323,1.058115319231001,1.3817822416167473,0.441875,,,
td3,20260528_194904,61,2.5573221840409137,1.2246540867374278,0.75,1.035291186707036,1.1957963409768126,0.42875,,,
td3,20260528_194904,62,0.50069620026959,1.3087601012492087,0.750000000372529,1.129423787239648,1.2310132120619528,0.4475,,,
td3,20260528_194904,63,4.971510628775946,1.2919950145616894,0.7500000037252903,1.237230981263565,1.2194136969875218,0.438125,,,
td3,20260528_194904,64,6.985423990792376,1.2816008440771838,0.7500000004656613,1.1887900232701214,1.2792480546886509,0.451875,,,
td3,20260528_194904,65,6.714198903045444,1.208195273392994,0.7500000063329935,1.2925893315084978,1.1747029017249588,0.424375,,,
td3,20260528_194904,66,9.363710005233848,1.3138929893786553,0.75,1.1932494749955367,1.2902026900637793,0.436875,,,
td3,20260528_194904,67,3.4248162949634082,1.3588282521312067,0.7500000012107193,1.3134100195435168,1.2768777807214065,0.444375,,,
td3,20260528_194904,68,-6.724748313194904,1.3541524665415636,0.75,1.3873240577668184,1.2518877278649598,0.431875,,,
td3,20260528_194904,69,5.600587676576772,1.2951246498530964,0.75,1.2460879987338558,1.1166800459352089,0.449375,,,
td3,20260528_194904,70,-2.4446105001012017,1.2430082417291488,0.7500000001862646,1.3381970120812183,1.233481755068351,0.463125,,,
td3,20260528_194904,71,1.2175799169548305,1.2753475773100944,0.750000000745058,1.3613422958209411,1.2062644727440783,0.41875,,,
td3,20260528_194904,72,7.078577497194606,1.3571851833385153,0.7500000000931323,1.2628078637455473,1.1938330332202896,0.41625,,,
td3,20260528_194904,73,-0.00622181538155985,1.350778347189771,0.7500000011175871,1.237795745881158,1.0894373101087695,0.4125,,,
td3,20260528_194904,74,3.950842476100123,1.2445454822533066,0.75,1.229086913097126,1.1513768737848296,0.4025,,,
td3,20260528_194904,75,-0.29430264456420047,1.3144551251469239,0.7500000002793967,1.1906483208960708,1.135041729378281,0.3825,,,
td3,20260528_194904,76,4.570059852091422,1.276150301726375,0.7500000031664967,1.2136502618581289,1.222154075789149,0.388125,,,
td3,20260528_194904,77,-20.74611446622118,1.3636834772623843,0.75,1.3173138252110221,1.149659655067444,0.42375,,,
td3,20260528_194904,78,4.948116753742704,1.31715790170565,0.7500000022351742,1.3228640373023608,1.121917562263843,0.400625,,,
td3,20260528_194904,79,6.8466805089874905,1.222895770247669,0.75,1.249135391501477,1.0893290035484824,0.39625,,,
td3,20260528_194904,80,1.207553962741601,1.2757086273253662,0.7500000005587936,1.2408111411907157,1.1001499611847976,0.390625,,,
td3,20260528_194904,81,5.618791368522127,1.2591295258040192,0.750000000372529,1.2754999335315005,1.096208952087909,0.371875,,,
td3,20260528_194904,82,7.901778980795534,1.3077359285089187,0.750000000372529,1.1898551473030239,1.1042426031053765,0.38625,,,
td3,20260528_194904,83,10.229782587072087,1.2586541337845119,0.7500000043772161,1.207084732063231,1.1708897852273368,0.398125,,,
td3,20260528_194904,84,1.6801113126054827,1.211922117062204,0.75,1.2397044774668757,1.0678961777390215,0.424375,,,
td3,20260528_194904,85,5.814504499027713,1.3802769975969569,0.750000000372529,1.2260239793260552,1.2059018674699473,0.398125,,,
td3,20260528_194904,86,7.325732581700447,1.3938277529374319,0.7500000035390257,1.2779776698934255,1.199316153320615,0.328125,,,
td3,20260528_194904,87,5.2957087698879,1.3089716288031923,0.7500000014901161,1.3527681135497915,1.088024349269108,0.345,,,
td3,20260528_194904,88,8.216799028881766,1.3359186591140315,0.7500000023283064,1.3439979021284671,1.1501992804562178,0.358125,,,
td3,20260528_194904,89,2.0488292434408506,1.3349334670892858,0.7500000048428774,1.3298016448039562,1.0829184315327438,0.3675,,,
td3,20260528_194904,90,2.4068295882690256,1.251322042611082,0.7500001229345798,1.3387045701238094,1.1813818058377366,0.360625,,,
td3,20260528_194904,91,-1.3102098729279066,1.3372852628397596,0.750000006146729,1.3671741046462558,1.1535608716083516,0.38,,,
td3,20260528_194904,92,3.430532939662716,1.3603442977961095,0.7500000044703483,1.3734514210096678,1.199769880870008,0.3525,,,
td3,20260528_194904,93,6.883465637749996,1.3811428987130057,0.7500000289641321,1.3027489974730997,1.2541261890684836,0.3475,,,
td3,20260528_194904,94,6.3016428554093,1.2812114120824845,0.7500000023283064,1.300140880656818,1.0944430184346856,0.333125,,,
td3,20260528_194904,95,6.619035014785611,1.2839356200396197,0.750000090431422,1.250610103129111,1.133739148720815,0.325,,,
td3,20260528_194904,96,7.8441084984648635,1.3775780716212467,0.7500000306405127,1.2468766414203856,1.0705860305410169,0.34,,,
td3,20260528_194904,97,1.5236953092623065,1.318316045874235,0.7500000044703483,1.276033038178093,1.067179080279311,0.378125,,,
td3,20260528_194904,98,-0.4797608961944292,1.323798794029426,0.7500001997686923,1.3207675847828795,1.0559282049391185,0.376875,,,
td3,20260528_194904,99,6.547995993909503,1.2699514152031042,0.750000027846545,1.246593185668462,1.0490113745530834,0.369375,,,
td3,20260528_194904,100,9.900570616572987,1.2344256297976244,0.7500001395121216,1.2649382543844694,1.0342228890163825,0.395,,,
td3,20260528_194904,101,6.145623842077772,1.3163058799153078,1.077068583197979,1.4537743372988188,1.11621489172976,0.42625,,,
td3,20260528_194904,102,5.300024986283343,1.2633535982437025,1.2735676178708673,1.4682425991166383,1.0795532451709733,0.488125,,,
td3,20260528_194904,103,8.703506107041491,1.358498225724179,1.2591599577106536,1.5534899106482043,1.0628032320382772,0.48,,,
td3,20260528_194904,104,6.740015505995509,1.2354966756867725,1.2892057715915144,1.5343120467165137,1.0827678690657194,0.504375,,,
td3,20260528_194904,105,9.561753619283529,1.357305269905919,1.3063073012628592,1.5168713049526559,1.1214118462696205,0.543125,,,
td3,20260528_194904,106,12.079722033781763,1.3366836558154318,1.3311752060893922,1.5388298074976774,1.077736513412674,0.525,,,
td3,20260528_194904,107,9.308372191961293,1.2707588517470867,1.3328899190295487,1.5139469645026111,1.0996429091424944,0.53625,,,
td3,20260528_194904,108,9.915337541046084,1.3847701569895434,1.3045452841557563,1.481637013904401,0.9956556428078329,0.5575,,,
td3,20260528_194904,109,12.701037185646578,1.3119670091888112,1.3538931917399168,1.473818610276794,0.9930880519154016,0.560625,,,
td3,20260528_194904,110,-7.2899231412956915,1.2634340750759292,1.2272699854394886,1.4356946484156652,0.9428998488343495,0.57625,,,
td3,20260528_194904,111,-7.277085712001992,1.1623176198714646,1.3542412851005792,1.4628559302072972,0.9036509422301606,0.585625,,,
td3,20260528_194904,112,-17.284970464533682,1.2331145530275536,1.3791313769295812,1.5020872684979623,0.9527949046925641,0.595,,,
td3,20260528_194904,113,-3.4334830233758806,1.2328200799936895,1.4352857879828662,1.4517463933501857,1.0529157902612496,0.515625,,,
td3,20260528_194904,114,6.209423654505931,1.2943242238879975,1.3624863657314563,1.422380962358875,1.1277209639403736,0.500625,,,
td3,20260528_194904,115,6.988151197474064,1.3322453630484232,1.4716435239752172,1.4315714585130082,1.2445713207387599,0.35125,,,
td3,20260528_194904,116,5.487447193896194,1.3467887272898225,1.7524556302712881,1.452736467276918,1.2712274904188234,0.400625,,,
td3,20260528_194904,117,2.7887693912804923,1.3788442707504145,1.7722017386520748,1.360879739397933,1.4075169386582274,0.39875,,,
td3,20260528_194904,118,17.399931783366586,1.5356556106089556,1.700380518357997,1.417516578559298,1.420961321327195,0.348125,,,
td3,20260528_194904,119,12.139522805570996,1.252346251351355,1.7453172641107813,1.483767855152837,1.3936723559134407,0.415625,,,
td3,20260528_194904,120,14.74371110478235,1.2290216699093435,1.5857900472008624,1.2975937233190051,1.4298734438983502,0.426875,,,
td3,20260528_194904,121,12.767963713597732,1.27998649594374,1.6885938674909995,1.1986776326666586,1.3496399735915474,0.435625,,,
td3,20260528_194904,122,7.376264167325801,1.2797008927969729,1.506635815089885,1.3502305743430043,1.4406955975253368,0.348125,,,
td3,20260528_194904,123,7.916785722888909,1.491624789996422,1.5507543752013588,1.1547715113498271,1.4547312033408162,0.314375,,,
td3,20260528_194904,124,14.871067778603559,1.5031194322963528,1.470873401928111,1.311379317199362,1.2809995597664965,0.2525,,,
td3,20260528_194904,125,10.19583208032803,1.5458761022227008,1.6048911209141807,1.278556425544957,1.3923985161505699,0.29375,,,
td3,20260528_194904,126,11.9502761382198,1.5486935372493462,1.61251778816586,1.3006629806099226,1.3546599298078945,0.2625,,,
td3,20260528_194904,127,15.385860847783169,1.5239681140472385,1.5332299423360383,1.374525199750724,1.3851297770612292,0.2825,,,
td3,20260528_194904,128,16.926934634280634,1.5099063865936841,1.5257350112584391,1.5907751777849626,1.4076754422480007,0.24,,,
td3,20260528_194904,129,16.047399614056427,1.5328793589949783,1.4532562267435423,1.6084894202416762,1.3958464302084395,0.25,,,
td3,20260528_194904,130,15.272437382413827,1.5023264348490557,1.5946349069243297,1.5900485558755464,1.352304009445288,0.23375,,,
td3,20260528_194904,131,15.03309695992685,1.4311401986293277,1.3435201776836039,1.5934669821115677,1.3305530018634273,0.253125,,,
td3,20260528_194904,132,15.632690714654073,1.50665689035377,1.4455318335725678,1.7187046605686191,1.318966062131858,0.2275,,,
td3,20260528_194904,133,10.162642773648656,1.5002663779885552,1.486273126670858,1.7472124451829587,1.311887940528686,0.221875,,,
td3,20260528_194904,134,14.960248458643816,1.5073125220369548,1.4283287601705523,1.754855414206395,1.3362286748189944,0.251875,,,
td3,20260528_194904,135,12.605389771571229,1.5094908477083664,1.4762705741995887,1.6951991310881567,1.3760632393117702,0.2275,,,
td3,20260528_194904,136,16.793677555741226,1.687219566051499,1.438398862275062,1.5809040504391305,1.3299372624838726,0.244375,,,
td3,20260528_194904,137,14.725303086804626,1.7451782538089902,1.54443482029601,1.5594503799555242,1.4062121362268953,0.24,,,
td3,20260528_194904,138,21.08394051044661,1.720027848922473,1.5667099067257368,1.5381141861025753,1.33938153788622,0.2025,,,
td3,20260528_194904,139,18.34352592841401,1.7572500905411288,1.5253561115605863,1.5474489117954362,1.4735558651038445,0.1975,,,
td3,20260528_194904,140,20.787766674860208,1.775834549505089,1.6202275917619773,1.5006475415679232,1.4266972543569865,0.22875,,,
td3,20260528_194904,141,20.424842043581915,1.7722434097202495,1.592110080755083,1.542111229270813,1.3772947800971451,0.210625,,,
td3,20260528_194904,142,13.767896007310737,1.7732828677704675,1.517086872449363,1.5938589896744815,1.4016529221946257,0.263125,,,
td3,20260528_194904,143,17.398826770854633,1.7464252715217299,1.4983846948045993,1.5350667317885383,1.3556989303739102,0.203125,,,
td3,20260528_194904,144,17.21740487611389,1.745726915740488,1.5026587489352097,1.5403190181361424,1.4742304737177618,0.295,,,
td3,20260528_194904,145,16.90984756024166,1.7095817518915282,1.5851863476151267,1.5967580101023942,1.4390270752141077,0.26375,,,
td3,20260528_194904,146,19.528086451636163,1.7338168204063549,1.578956298426783,1.5879477974347538,1.3696556361839611,0.29875,,,
td3,20260528_194904,147,21.969907913846544,1.7910831769554534,1.699366586803808,1.546516945620533,1.292483226658078,0.35125,,,
td3,20260528_194904,148,19.66513742302755,1.7405383059473933,1.6243999786849599,1.470665903936606,1.1938067973829676,0.365625,,,
td3,20260528_194904,149,16.85935579799093,1.7912759874245239,1.7818082604248047,1.4836308094375,1.0231838256207992,0.408125,,,
td3,20260528_194904,150,18.306886155522587,1.7904003529678447,1.7698900427378248,1.484793384698787,1.0344409036492834,0.3925,,,
td3,20260528_194904,151,19.180638283844864,1.7457614627932343,1.6955141594080487,1.5835860000454431,1.1385559681453743,0.315625,,,
td3,20260528_194904,152,21.356202534049707,1.7029435085671139,1.780886935001763,1.5534148940219894,1.135671374123558,0.31,,,
td3,20260528_194904,153,20.445241849847143,1.7503209902031813,1.773430242485483,1.5652998067438602,1.1272670176585962,0.314375,,,
td3,20260528_194904,154,21.324073491679158,1.7310042779259676,1.7392067906563171,1.5453600867356727,1.2113044542091302,0.2575,,,
td3,20260528_194904,155,20.567546168825434,1.6722598006070257,1.770737210586958,1.523445860611173,1.1855017079295067,0.224375,,,
td3,20260528_194904,156,18.338697790464483,1.7035458018623104,1.6781191350368316,1.5337040645630622,1.131882249226328,0.22625,,,
td3,20260528_194904,157,22.394799535106895,1.682362161547826,1.6712240790665418,1.50781650747831,1.1794383708911482,0.215625,,,
td3,20260528_194904,158,17.76295078103547,1.6296873093257092,1.6497952620426077,1.4678336951619713,1.2200607433955155,0.21125,,,
td3,20260528_194904,159,19.594210182291228,1.6444871616026375,1.7173404899946036,1.5048921643210633,1.146713782443112,0.20125,,,
td3,20260528_194904,160,22.75340738936234,1.612438912349171,1.7116967488377213,1.4263926284587343,1.2255502923493622,0.21875,,,
td3,20260528_194904,161,19.926860643782934,1.5498538510193611,1.698235496642883,1.4167153060587225,1.2265914554560369,0.248125,,,
td3,20260528_194904,162,19.275263861882394,1.5717291980152368,1.6415532935034207,1.3913789636222647,1.2899237757229458,0.213125,,,
td3,20260528_194904,163,12.619188823091932,1.5073379551555264,1.528043541986608,1.4562090794486722,1.153732145783033,0.244375,,,
td3,20260528_194904,164,14.876350222479086,1.5072878814259638,1.507773817407724,1.3919530519095134,1.1908263386074396,0.2125,,,
td3,20260528_194904,165,14.423790716976788,1.4824249693767342,1.485038180894844,1.4231069580644544,1.212435555902084,0.168125,,,
td3,20260528_194904,166,15.034868848144033,1.5871144002616346,1.5965524842043124,1.3681489305192371,1.1961530381071952,0.17125,,,
td3,20260528_194904,167,19.042056253649367,1.573740890175395,1.5076220952469157,1.3699764311648324,1.2047456033160415,0.159375,,,
td3,20260528_194904,168,15.525603257185821,1.4967122779748023,1.514226359029999,1.3150861490586976,1.147886907663451,0.180625,,,
td3,20260528_194904,169,13.553196441043285,1.5785870161627826,1.5637700892839348,1.3254871441145952,1.2562755864055362,0.210625,,,
td3,20260528_194904,170,19.17948337164427,1.5771895026948186,1.590088821707468,1.358673887790701,1.155999478904596,0.159375,,,
td3,20260528_194904,171,19.003345066381268,1.552868091200071,1.4615730834071656,1.3837547667091712,1.2188939592922907,0.155,,,
td3,20260528_194904,172,17.441811321959936,1.519409543826805,1.347002101765429,1.3600805514925014,1.255862286399133,0.15375,,,
td3,20260528_194904,173,18.67005150169996,1.5424390282685636,1.3561407120760123,1.4098458498319815,1.2848994146841506,0.126875,,,
td3,20260528_194904,174,18.107240776939257,1.5351642285053457,1.3622180166195903,1.3566729531565216,1.2299265358837146,0.145,,,
td3,20260528_194904,175,17.532691145034292,1.5644757620400924,1.3152250183047727,1.3669750617322278,1.2755980692752473,0.146875,,,
td3,20260528_194904,176,15.117401828864345,1.533952057044735,1.3302501721940643,1.3795196927222606,1.2517840128977695,0.145625,,,
td3,20260528_194904,177,19.231958015849376,1.5015965214182416,1.3379016041919385,1.3581125348589012,1.2910733807904762,0.135625,,,
td3,20260528_194904,178,15.953853724096403,1.5544204518503648,1.2691376789713105,1.3833731271850411,1.2855815532970154,0.135625,,,
td3,20260528_194904,179,16.118011090004433,1.3877547669260821,1.4505357120135158,1.3634153640687146,1.3488898834948486,0.135625,,,
td3,20260528_194904,180,15.873597723486295,1.4118010416168545,1.454735064272245,1.3757416665510391,1.2707327169144265,0.120625,,,
td3,20260528_194904,181,14.919643107281559,1.4108777971937798,1.4326378344085242,1.3387166058102593,1.3453861415095616,0.165,,,
td3,20260528_194904,182,14.901479772885029,1.4350418239060674,1.353328912685538,1.3736188601972117,1.2939044099074635,0.139375,,,
td3,20260528_194904,183,16.89058230800125,1.4023980669633602,1.445610893610501,1.412945549388678,1.269866832869593,0.165625,,,
td3,20260528_194904,184,16.21826343165711,1.3438354631754919,1.3898500656126997,1.4215368994635356,1.2432881561711837,0.191875,,,
td3,20260528_194904,185,16.265525159547234,1.4664125222312578,1.3064072088644025,1.4560186686423549,1.2359960895588302,0.134375,,,
td3,20260528_194904,186,17.476474889402763,1.475175467468216,1.394329042884965,1.476466662385974,1.3050992510457946,0.130625,,,
td3,20260528_194904,187,14.86711548824008,1.496709396810911,1.244857471913565,1.4842878608983483,1.2396077268115733,0.128125,,,
td3,20260528_194904,188,17.736319407165396,1.4368738654724438,1.2907704212500903,1.4384897324869599,1.2788212428124097,0.108125,,,
td3,20260528_194904,189,19.51696040849907,1.4642759820912032,1.3821242782265473,1.5063693966629217,1.2816850019837147,0.093125,,,
td3,20260528_194904,190,14.170207953124654,1.5184436055693369,1.304642361207516,1.540076392017363,1.2058610840555049,0.17625,,,
td3,20260528_194904,191,13.293087438201766,1.3070694362014366,1.3875183078322153,1.3636878080469614,1.2385113402255228,0.1175,,,
td3,20260528_194904,192,12.37893086089371,1.363822480268118,1.3177801976225054,1.4191421852665371,1.2200071806044435,0.131875,,,
td3,20260528_194904,193,13.668688584428505,1.3527446668904304,1.378043022401107,1.3756790239349357,1.2349224630866957,0.1375,,,
td3,20260528_194904,194,14.510139648193809,1.4687728785380387,1.279370978845509,1.4323972262525786,1.2088588254686328,0.24625,,,
td3,20260528_194904,195,17.645034827176733,1.2709605846663181,1.3901193561250693,1.4063134535625068,1.220632518597995,0.139375,,,
td3,20260528_194904,196,16.30500590723981,1.3476818113344051,1.3822863515586505,1.2900009976152433,1.214074302348672,0.130625,,,
td3,20260528_194904,197,18.91990171600596,1.386251313910907,1.577151670094827,1.2474979616878046,1.171967922677868,0.151875,,,
td3,20260528_194904,198,20.543500238618012,1.3477692591834056,1.646619571176052,1.2359686287233216,1.1866143198874852,0.193125,,,
td3,20260528_194904,199,18.850633625296695,1.4287031692027086,1.59231323017666,1.202423675697355,1.1995938332672722,0.16375,,,
td3,20260528_194904,200,19.77336805153662,1.423499402237212,1.5157885324239486,1.2008718585537281,1.195983975805575,0.135625,,,
td3,20260530_220604,1,-2.4757971343220584,1.0,1.0,1.0,1.0,0.235,0.988125,0.0,0.0
td3,20260530_220604,2,7.874069683245648,1.0,1.0,1.0,1.0,1.0,0.993125,0.0,0.0
td3,20260530_220604,3,7.9847975595233605,1.0,1.0,1.0,1.0,1.0,0.99625,0.0,0.0
td3,20260530_220604,4,8.105924556201765,1.0,1.0,1.0,1.0,1.0,0.9975,0.0,0.0
td3,20260530_220604,5,8.225657526245664,1.0,1.0,1.0,1.0,1.0,0.990625,0.0,0.0
td3,20260530_220604,6,8.348965000563991,1.0,1.0,1.0,1.0,1.0,0.98875,0.0,0.0
td3,20260530_220604,7,8.481938704380315,1.0,1.0,1.0,1.0,1.0,0.995,0.0,0.0
td3,20260530_220604,8,8.646113114652538,1.0,1.0,1.0,1.0,1.0,0.994375,0.0,0.0
td3,20260530_220604,9,8.806242397490184,1.0,1.0,1.0,1.0,1.0,0.99,0.0,0.0
td3,20260530_220604,10,8.921790762841676,1.0,1.0,1.0,1.0,1.0,0.993125,0.0,0.0
td3,20260530_220604,11,9.760827850616986,1.0052499999999998,0.9982806839346884,0.993763310715556,0.9996820834279058,1.0,0.98875,0.7575,0.0
td3,20260530_220604,12,7.872651153242909,1.0003220387503893,0.9940616110655769,0.9870231279391669,1.0025249640338025,1.0,0.981875,0.8725,0.0
td3,20260530_220604,13,8.436450858655682,0.9488922422286765,0.9783207051450836,0.9678124855070791,0.9772370689655173,1.0,0.9925,0.8125,0.0
td3,20260530_220604,14,8.067858655477387,0.9425205322442386,0.9702102387921309,0.9461906026971753,0.9770821754583,1.0,0.98125,0.795,0.0
td3,20260530_220604,15,7.324438955629822,0.9100963058764563,0.9483622811231119,0.9517418625633521,0.8777801612350962,1.0,0.985625,0.785,0.0
td3,20260530_220604,16,10.895465416900183,0.9319137410531781,0.9232449941235626,0.9138424266679531,0.9055204466478577,1.0,0.985625,0.8275,0.0
td3,20260530_220604,17,4.074924378780039,0.8359958633210127,0.9609581076119353,0.8501070312610186,0.8540375941159397,1.0,0.98625,0.79,0.0
td3,20260530_220604,18,5.562526677318801,0.8833544355466446,0.826568352867817,0.9618345090274153,0.890870637728094,1.0,0.985,0.8125,0.0
td3,20260530_220604,19,10.977716848098552,0.8026238011468587,0.8185288891982415,0.9097705023293866,0.824787092160241,1.0,0.98125,0.765,0.0
td3,20260530_220604,20,-3.7873647023866623,0.8192468683529518,0.8923216114845769,0.8068720286807108,0.8862560016184017,1.0,0.988125,0.81,0.0
td3,20260530_220604,21,-3.2871521524652474,0.7608426973963606,0.8512502808745566,0.797040502997308,0.8515547682221595,1.0,0.989375,0.71,0.0
td3,20260530_220604,22,-7.938789321455934,0.8566823313246513,0.842181449753457,0.8424255349194181,0.7630197305609954,1.0,0.98,0.725,0.0
td3,20260530_220604,23,-0.2867502168821372,0.8687911515348944,0.8491998992870594,0.9099394650284586,0.900042836835672,1.0,0.98375,0.825,0.0
td3,20260530_220604,24,-4.242729098202042,0.8368044745433946,0.8913785449135406,0.7888169236327041,0.9369312891579908,1.0,0.980625,0.705,0.0
td3,20260530_220604,25,-0.32405447687038375,0.9433620689655174,0.8910992082792881,0.8958361229852869,0.9350750207644086,1.0,0.979375,0.78,0.0
td3,20260530_220604,26,-8.172804414159156,0.8635598615587786,0.903400230484276,0.9059281186903344,0.8415049873230787,1.0,0.98125,0.7275,0.0
td3,20260530_220604,27,6.842583077930678,0.8726612191446895,0.9481746918001563,0.8554517026058044,0.804859604463238,1.0,0.976875,0.6825,0.0
td3,20260530_220604,28,4.266828306433613,0.927492752981372,0.8415893197071191,0.9083062947734163,1.0190568175387793,1.0,0.9725,0.71,0.0
td3,20260530_220604,29,1.2829155016037095,0.9731720972251275,0.878280950526739,0.9858313128485762,0.8970578670567866,1.0,0.97625,0.73,0.0
td3,20260530_220604,30,-7.284953167943671,1.0157369245195698,0.9081062671388018,1.02580364761235,0.909617506072953,1.0,0.973125,0.6975,0.0
td3,20260530_220604,31,12.215538218211595,0.8877382198189352,0.8634116308021135,0.8916351757517148,0.9455333077979498,0.9975,0.966875,0.645,0.0
td3,20260530_220604,32,-10.454608268898287,0.5971840964884594,1.1405815210599968,1.217491154780162,1.219945151404261,0.69125,0.95375,0.79,0.0
td3,20260530_220604,33,-13.820129489283163,0.5664966636392577,1.0850713376952654,1.1294360569926172,1.5814815488333398,0.705,0.929375,0.8325,0.0
td3,20260530_220604,34,2.2542293798176787,0.5000006049871445,0.9600000482502168,1.1111831776586196,1.4577659834430006,0.660625,0.9475,0.785,0.0
td3,20260530_220604,35,5.216345545385673,0.5000054250657558,0.9381750867567186,0.9709262924042755,1.4178702881526613,0.654375,0.92625,0.6925,0.0
td3,20260530_220604,36,-18.767634168694848,0.5140395810028602,1.0088753922628078,1.262456699697686,1.3810273780793367,0.6775,0.929375,0.7525,0.0
td3,20260530_220604,37,-21.298778036839167,0.5000000005960464,1.0334735852541594,1.177495907972406,1.395349277993128,0.636875,0.91875,0.73,0.0
td3,20260530_220604,38,-6.4711868027522845,0.5403708375918455,1.1017273082820025,1.2428519574739039,1.4038440682691486,0.56375,0.903125,0.7075,0.0
td3,20260530_220604,39,-9.066208274088401,0.5390495301002058,1.109817906495055,1.1390107429822314,1.4513884475292829,0.5225,0.931875,0.7225,0.0
td3,20260530_220604,40,-13.64949769056981,0.5001798932254314,0.9897947459109128,1.2030447012414385,1.4150657489658494,0.50375,0.91875,0.0025,0.0
td3,20260530_220604,41,-35.46627926467508,0.5068293485790492,0.9634389381483197,1.4675837127305567,1.4663850669935345,0.57875,0.9225,0.0,0.0
td3,20260530_220604,42,-15.244704963456714,0.5198255431652069,1.0139840502245352,1.4330487211048604,1.3290610409970396,0.5675,0.896875,0.0,0.0
td3,20260530_220604,43,-20.47336506438178,0.5035662353970111,1.0563101573335008,1.4987090253271163,1.2407211966905742,0.569375,0.893125,0.0,0.0
td3,20260530_220604,44,-14.166129567250927,0.500018465667963,1.1213503448152915,1.2905274828569964,1.4551609987253322,0.57125,0.871875,0.0,0.0
td3,20260530_220604,45,-43.57711927897216,0.5000950455665588,0.8305281105916947,1.4095617250166834,1.5639308536984027,0.595625,0.884375,0.0,0.0
td3,20260530_220604,46,-33.73235465514361,0.5000155578553677,0.8367658563307486,1.3967917529540137,1.3936547440290452,0.57625,0.880625,0.0,0.0
td3,20260530_220604,47,-14.305534897204705,0.5000017704069615,0.8655851690517739,1.6069898660678883,1.378126049444545,0.51875,0.84625,0.0,0.0
td3,20260530_220604,48,-40.58953858554012,0.5001257047057152,0.8537905072420835,1.57919127068948,1.329242590777576,0.614375,0.884375,0.0,0.0
td3,20260530_220604,49,-19.61178897468241,0.5000009290874005,1.0290312790777534,1.6089799441490322,1.3887781114457176,0.535625,0.8525,0.0,0.0
td3,20260530_220604,50,-90.10193500003088,0.5000000210106372,0.9125868359673768,1.6236217499081977,1.2550313242524862,0.638125,0.894375,0.0,0.0
td3,20260530_220604,51,-35.24998551270807,0.5000045971572399,1.022715860423632,1.6561439686926314,1.3830899658286944,0.57125,0.84125,0.0,0.0
td3,20260530_220604,52,-46.55076633714786,0.5000020481646061,0.85976246078033,1.5060804758314044,1.405664628939703,0.560625,0.83125,0.0,0.0
td3,20260530_220604,53,-23.191001152532127,0.5002703082561493,0.8621453339420259,1.5677735360502265,1.4052507996186614,0.536875,0.83875,0.0,0.0
td3,20260530_220604,54,-29.896108959677395,0.5000058470666409,0.9262773467600346,1.4007081565493718,1.2742575566843153,0.539375,0.82,0.0,0.0
td3,20260530_220604,55,-12.845878210653346,0.5003558596968651,0.8776388332154602,1.580091219038004,1.3388901637168602,0.50625,0.77625,0.0,0.0
td3,20260530_220604,56,-12.887920252900008,0.5001440714299679,0.912240145864198,1.3173260721808766,1.361553406356834,0.4,0.73,0.0,0.0
td3,20260530_220604,57,-3.116729019565948,0.5002059864997864,0.9464753700816072,1.28089696084382,1.377224233088782,0.368125,0.690625,0.0,0.0
td3,20260530_220604,58,-11.15188192929834,0.5001258608698845,0.9226662269182271,1.2967371880891734,1.2920492588356138,0.425,0.73625,0.0,0.0
td3,20260530_220604,59,-8.731532269728747,0.5037158518284559,0.8210347082093358,1.3350672567239963,1.5244144449196755,0.42125,0.7125,0.0,0.0
td3,20260530_220604,60,-3.2065012169655263,0.5068144775182009,1.0741622731927782,1.2194909536186607,1.4310957818850876,0.375,0.66875,0.0,0.0
td3,20260530_220604,61,1.8252703273605602,0.5089768074452877,1.0850127258477733,1.19940358373482,1.3765204811282457,0.324375,0.648125,0.0,0.0
td3,20260530_220604,62,-2.400970498314079,0.5029991464316845,1.2085210182494484,1.0793528504576535,1.485967699061148,0.37,0.64625,0.0,0.0
td3,20260530_220604,63,-6.473370689821621,0.5346013451274484,1.2793850924633443,1.0895320018520578,1.424061876736232,0.36375,0.675,0.0,0.0
td3,20260530_220604,64,-6.216821597490577,0.7496446690801531,1.4307838776148856,1.1804419300390874,1.601449963201885,0.468125,0.65625,0.0,0.0
td3,20260530_220604,65,-25.85485328603452,0.5002511195838452,1.0525240661855788,1.20484888875857,1.2004740844340995,0.376875,0.70125,0.0,0.0
td3,20260530_220604,66,-16.32332146822606,0.5089775922521949,1.1724137451278511,1.093268773406744,1.2907729888521136,0.33,0.62125,0.0,0.0
td3,20260530_220604,67,-8.982524374447888,0.5015312005579472,1.016459220231045,1.0815747009590269,1.3504616031004115,0.306875,0.601875,0.0,0.0
td3,20260530_220604,68,0.1948044457902134,0.5068562479317188,1.1886660811351613,1.0270710082436563,1.2583559130434878,0.265625,0.56,0.0,0.0
td3,20260530_220604,69,-4.714246801919347,0.5123839964345097,1.1552818917809053,0.9701016088970937,1.3880813500871592,0.270625,0.51625,0.0,0.0
td3,20260530_220604,70,-6.506426086457071,0.5227451144903899,1.1335958404488338,1.0663022646611353,1.3404020197712816,0.27875,0.51,0.0,0.0
td3,20260530_220604,71,-4.052480058871177,0.641540248868987,1.3630639127152973,1.0903534498700174,1.3925142501649679,0.34125,0.52125,0.0,0.0
td3,20260530_220604,72,0.9432779113170988,0.5277395380381494,1.2669932778924704,0.9824476919035078,1.3943785576260417,0.264375,0.513125,0.0,0.0
td3,20260530_220604,73,-1.7933089210469046,0.5173350619524717,1.2480848355893976,0.8705930050113239,1.3269424333737698,0.311875,0.5075,0.0,0.0
td3,20260530_220604,74,-8.628874953223294,0.5135515135526657,1.2469858867675065,0.9856066414620728,1.231761946984334,0.31,0.54375,0.0,0.0
td3,20260530_220604,75,-1.9664441692242673,0.5109903525561095,1.2133217549521942,0.9860734625719487,1.275872528703185,0.313125,0.480625,0.0,0.0
td3,20260530_220604,76,-13.748257423097698,0.5089625734835863,1.0455975985049735,0.9478425221843645,1.3708137142157648,0.330625,0.5475,0.0,0.0
td3,20260530_220604,77,-11.267637165719629,0.5036310747265815,1.1491072106045612,0.9754546238470357,1.2797011613697395,0.304375,0.498125,0.0,0.0
td3,20260530_220604,78,1.9933247386962905,0.5321919625252485,1.2494712213077583,1.0014295332855545,1.1682588207477238,0.290625,0.48,0.0,0.0
td3,20260530_220604,79,2.479367301613056,0.5267883905395866,1.2070111629206803,0.9289161466622318,1.2612897057482042,0.270625,0.466875,0.0,0.0
td3,20260530_220604,80,-3.999342187129757,0.5216897604148835,1.3086278888367815,0.9260844523378182,1.210501515727956,0.29125,0.473125,0.0,0.0
td3,20260530_220604,81,-7.508438119984418,0.5105744238197804,1.1783813927305165,1.022122087214084,1.167462548952317,0.295625,0.4525,0.0,0.0
td3,20260530_220604,82,0.05427021861066578,0.5496837005019188,1.2083378840050136,0.9395463663991541,1.152648883947404,0.266875,0.404375,0.0,0.0
td3,20260530_220604,83,-12.6597432504367,0.5153128559887409,1.2830425636703149,1.0005985511501785,1.257102734420332,0.2875,0.444375,0.0,0.0
td3,20260530_220604,84,-19.21272137938108,0.5365215146355331,1.3854618975985795,0.8765329348855448,1.1555745191359892,0.32,0.411875,0.0,0.0
td3,20260530_220604,85,0.30497698528865586,0.6033878811611794,1.347592927047517,1.0309094841570186,1.2529031073511578,0.339375,0.414375,0.0,0.0
td3,20260530_220604,86,3.8434084448814874,0.6160220159683376,1.3887683989701327,0.8295984815905103,1.1619762694765814,0.281875,0.395625,0.0,0.0
td3,20260530_220604,87,-1.1433386969400454,0.5887317616518704,1.5174219450738746,0.8402340622595511,1.290461012829619,0.260625,0.356875,0.0,0.0
td3,20260530_220604,88,7.135263395658119,0.7276527381874621,1.4700529736862518,1.044176927516237,1.274509853993659,0.33875,0.345625,0.0,0.0
td3,20260530_220604,89,-30.133551139214106,0.9080118278414011,1.3634421553323046,0.9180398447136394,1.0984580611390993,0.4225,0.423125,0.0,0.0
td3,20260530_220604,90,-29.54545420200761,0.7283259546849876,1.3532700992742321,0.7980209216405637,1.3042358723294456,0.346875,0.4025,0.0,0.0
td3,20260530_220604,91,-0.6852648874488062,0.671144697368145,1.4367236208575196,0.9222618456277268,1.3226583603210746,0.2575,0.299375,0.0,0.0
td3,20260530_220604,92,5.751080884164349,0.7471658688993194,1.3645515476597938,1.0330087014335732,1.273572261717054,0.248125,0.29375,0.0,0.0
td3,20260530_220604,93,8.731316671598362,1.0597119739616756,1.2528012628894067,1.2103152662725187,1.4226917407975999,0.284375,0.375,0.0,0.0
td3,20260530_220604,94,7.851407795035,1.0342648210376502,1.0729658378264866,1.247013649221044,1.460509554115706,0.35875,0.439375,0.0,0.0
td3,20260530_220604,95,12.13518758101024,0.8130317838149494,1.206150836837478,0.9689316223561764,1.2021583899355028,0.218125,0.26625,0.0,0.0
td3,20260530_220604,96,1.5867705076054641,1.0650766901369206,1.0669053865852767,1.163121252695564,1.329135636020801,0.285,0.365,0.0,0.0
td3,20260530_220604,97,8.330908071254798,0.9753992519353051,1.0440333166136406,1.0933186420163838,1.5586038963799365,0.26125,0.33,0.0,0.0
td3,20260530_220604,98,7.584436111724633,1.069717973836232,1.0562203638348728,0.9130753417080268,1.6058687002533407,0.2975,0.375,0.0,0.0
td3,20260530_220604,99,9.033696251703283,1.2082975210400764,1.251105318745831,1.1969431297294795,1.7230778960706084,0.37875,0.415625,0.0,0.0
td3,20260530_220604,100,4.494271553634163,1.0167174081178383,1.2102197985292877,1.2774421446901396,1.6320862122986,0.313125,0.39625,0.0,0.0
td3,20260530_220604,101,3.6210010613871275,0.8597140124478028,1.4437338387221097,1.1118147565156686,1.4016524962766561,0.30875,0.3475,0.0,0.0
td3,20260530_220604,102,10.107831986023232,0.8496420763153583,1.5343082883721217,0.9997909756404988,1.401662294745911,0.28875,0.34375,0.0,0.0
td3,20260530_220604,103,6.472449564601128,0.8443929541739635,1.5289200788608286,0.9917782771299244,1.4717212567001114,0.270625,0.318125,0.0,0.0
td3,20260530_220604,104,-4.383555362793702,0.8231841397844255,1.6707140771119158,0.9889260431047296,1.4574516268158915,0.281875,0.3375,0.0,0.0
td3,20260530_220604,105,-5.8277330450057505,0.9043348310049624,1.616462602188112,1.022267685313127,1.592560841004597,0.31125,0.34625,0.0,0.0
td3,20260530_220604,106,5.620967424073451,0.9156192727287998,1.7026571187842636,0.9403545008593938,1.4710842884820885,0.315625,0.328125,0.0,0.0
td3,20260530_220604,107,-5.513260915451709,0.7979654522426426,1.6639210636843926,1.0258395154378377,1.5327966962242499,0.345,0.344375,0.0,0.0
td3,20260530_220604,108,1.050134351414944,0.8231752868893091,1.617894666264474,0.9904455831251107,1.6314298115388375,0.281875,0.294375,0.0,0.0
td3,20260530_220604,109,9.00508281821503,0.7727903789427364,1.6998719109164084,0.9595514236745657,1.596059032358462,0.2975,0.30875,0.0,0.0
td3,20260530_220604,110,12.493254997070649,0.7896865801035893,1.619043952259235,1.0601719840595616,1.7203269806469326,0.238125,0.265,0.0,0.0
td3,20260530_220604,111,11.752539034472342,0.8081049194047227,1.792606978166732,1.0409828669743728,1.6514553633076139,0.2725,0.31125,0.0,0.0
td3,20260530_220604,112,12.625016144031845,0.8184488904436875,1.794249547420768,1.1095551374042407,1.6767399938148446,0.259375,0.27375,0.0,0.0
td3,20260530_220604,113,11.155900105216443,0.8163132509344723,1.7861672830348834,1.1339801403385354,1.6087389995763077,0.264375,0.301875,0.0,0.0
td3,20260530_220604,114,13.410416111070454,0.8297186584246811,1.6779689938097726,1.146757269508671,1.7127075196721124,0.195625,0.25375,0.0,0.0
td3,20260530_220604,115,10.772698187159499,0.7840860071801581,1.7071886871615425,1.069997807663749,1.6246148128260394,0.255,0.28,0.0,0.0
td3,20260530_220604,116,11.455352152546203,0.7349215148575604,1.6962756388215348,1.0657592125423252,1.6471851596958005,0.276875,0.339375,0.0,0.0
td3,20260530_220604,117,8.316305751330358,0.7747250603022985,1.6677316975477152,1.222027074302896,1.6901881634024902,0.223125,0.285,0.0,0.0
td3,20260530_220604,118,4.331429114689821,0.7318992239004001,1.762767352773808,1.1545768168423092,1.5658497929701116,0.280625,0.35,0.0,0.0
td3,20260530_220604,119,5.360666893240082,0.7470782818924636,1.720153964376077,1.114785667222459,1.6751845642668195,0.27,0.29875,0.0,0.0
td3,20260530_220604,120,7.657602181351088,0.7461678532813676,1.760765772832383,1.130310574490577,1.7053549885528627,0.26875,0.326875,0.0,0.0
td3,20260530_220604,121,6.342208520827623,0.7505015688110143,1.6407167939748615,1.0468728178134188,1.6730137748480773,0.281875,0.325625,0.0,0.0
td3,20260530_220604,122,9.848990488251289,0.7510031045554206,1.5684248695115093,1.1407938031549565,1.5654090936342255,0.260625,0.291875,0.0,0.0
td3,20260530_220604,123,8.031657370952008,0.7407188417296857,1.5992969184718095,1.1813534934353083,1.6293017052431242,0.2675,0.311875,0.0,0.0
td3,20260530_220604,124,9.00557181076192,0.8634892074135132,1.580316465641372,1.141184302479378,1.6041324224660638,0.2325,0.276875,0.0,0.0
td3,20260530_220604,125,10.013839572726559,0.7811279676761478,1.6582423231261783,1.2128046089346753,1.470635811907705,0.254375,0.295625,0.0,0.0
td3,20260530_220604,126,6.63168841944683,0.7596950879506766,1.6151105819165241,1.1769317275407958,1.5890394518931863,0.27125,0.32,0.0,0.0
td3,20260530_220604,127,3.906856085884103,0.8340109669882804,1.4473161431599875,1.309567384691909,1.6126603381847964,0.21625,0.249375,0.0,0.0
td3,20260530_220604,128,13.390283267331895,0.844320735943038,1.5465573021583259,1.2652627652639057,1.532716756058944,0.181875,0.228125,0.0,0.0
td3,20260530_220604,129,10.1613069979069,0.7946760137774982,1.5053041221870809,1.202979663129081,1.6322491200114018,0.234375,0.2625,0.0,0.0
td3,20260530_220604,130,-1.38608904010136,0.819049019976228,1.5359140053438023,1.111525237839087,1.4784102689661085,0.31,0.311875,0.0,0.0
td3,20260530_220604,131,6.966333805838665,0.7976084346941207,1.514294649833464,1.2019851820194163,1.5968252324406058,0.279375,0.275,0.0,0.0
td3,20260530_220604,132,6.908008821378933,0.7833407520339825,1.512726546386257,1.1388677292401552,1.5720111756015103,0.29,0.300625,0.0,0.0
td3,20260530_220604,133,8.979385131231174,0.7976032334117917,1.3678792795492336,1.2033526061550948,1.7310809642809908,0.260625,0.27125,0.0,0.0
td3,20260530_220604,134,9.010253089364236,0.8265551520464942,1.4034808432194403,1.2477770788874478,1.55370015956345,0.2475,0.26125,0.0,0.0
td3,20260530_220604,135,10.49205428624934,0.8044185090248357,1.5219140304718166,1.2781669815909118,1.4999408630770632,0.295,0.291875,0.0,0.0
td3,20260530_220604,136,8.587341838217133,0.7958332606218755,1.5471704253437928,1.2005485869949917,1.5319116386969107,0.30875,0.298125,0.0,0.0
td3,20260530_220604,137,6.708122515202847,0.7895446022506803,1.5400960607547314,1.2154050606529927,1.4582008999877143,0.325625,0.341875,0.0,0.0
td3,20260530_220604,138,8.893867491852356,0.8017663544323296,1.5916111472947523,1.2460850420914358,1.6237211105949245,0.31625,0.31625,0.0,0.0
td3,20260530_220604,139,9.053130230592835,0.7503177054249681,1.422349954554811,1.3033629342511994,1.510784065223852,0.301875,0.303125,0.0,0.0
td3,20260530_220604,140,3.1169599033683735,0.7852273092488758,1.3160705854161643,1.253289000145669,1.5788056054199116,0.294375,0.28125,0.0,0.0
td3,20260530_220604,141,10.965623664801699,0.7813385090837255,1.3798548977950122,1.3195228803571082,1.6443715125124436,0.251875,0.25375,0.0,0.0
td3,20260530_220604,142,5.83736657486628,0.7892704946781305,1.333211886975623,1.2898803284580935,1.5706628824793734,0.2975,0.276875,0.0,0.0
td3,20260530_220604,143,8.025066559854306,0.813498815658968,1.5063388806232252,1.2585197866777162,1.5637578927841969,0.268125,0.2575,0.0,0.0
td3,20260530_220604,144,4.823183617510551,0.8793512269714847,1.3984319827792933,1.2891135066721473,1.5843302451766794,0.265,0.248125,0.0,0.0
td3,20260530_220604,145,10.636816328610337,0.8462994582904503,1.2276986285102611,1.3481535953910497,1.637966191843734,0.2425,0.221875,0.0,0.0
td3,20260530_220604,146,7.04484882761933,0.8311907685687765,1.3667684538662435,1.2232958863442764,1.5836364477302414,0.258125,0.24375,0.0,0.0
td3,20260530_220604,147,10.124760694252897,0.8370087364118081,1.4252702567109372,1.3334638517565327,1.7144620514888083,0.23875,0.245,0.0,0.0
td3,20260530_220604,148,9.677351230616088,0.7872223196784034,1.5525268032506574,1.2635985474352491,1.559351356815896,0.255625,0.265,0.0,0.0
td3,20260530_220604,149,10.015793961088956,0.8567545442411211,1.4729293804068584,1.3177899808180518,1.6459977652801172,0.21,0.2275,0.0,0.0
td3,20260530_220604,150,10.465840663218316,0.8436965295812116,1.5381255658713053,1.3288980929813987,1.6399528876756084,0.204375,0.21125,0.0,0.0
td3,20260530_220604,151,10.006617863481829,0.8419115002651233,1.39611298732445,1.3852884009019908,1.661834247657098,0.193125,0.195,0.0,0.0
td3,20260530_220604,152,8.13302269062329,0.8044335162441711,1.4826847209036351,1.4351922191839548,1.7042807023553177,0.19625,0.206875,0.0,0.0
td3,20260530_220604,153,1.4036952374535576,1.0403106045874302,1.6717809642269277,1.5122213379049207,1.7403894426382613,0.226875,0.228125,0.0,0.0
td3,20260530_220604,154,5.840364743107054,1.2301350754126907,1.599957255656045,1.7219801890250528,1.5975953466258943,0.31125,0.3225,0.0,0.0
td3,20260530_220604,155,11.931689738157646,1.2881756589189173,1.4753413254267072,1.7268413159620832,1.7871383090346353,0.26125,0.265,0.0,0.0
td3,20260530_220604,156,10.967629786718534,1.2545719299837947,1.553021101789782,1.5873745685163885,1.6590415526530706,0.25,0.236875,0.0,0.0
td3,20260530_220604,157,9.766096319837892,1.2145238945353776,1.4536597514525056,1.6162847777479328,1.678618671403674,0.218125,0.230625,0.0,0.0
td3,20260530_220604,158,11.60944385038979,1.1278934162133374,1.5760026829128038,1.6505663523508702,1.5873695294337813,0.204375,0.205,0.0,0.0
td3,20260530_220604,159,14.282009124958206,1.187778389903251,1.619470999862533,1.7141626386955613,1.7280707568931393,0.25,0.206875,0.0,0.0
td3,20260530_220604,160,12.3262778556115,1.1898612121702172,1.5701146601710934,1.658923217020929,1.5954105317416543,0.230625,0.200625,0.0,0.0
td3,20260530_220604,161,10.064208724375307,1.027997764442116,1.6464051169085723,1.7082914128167612,1.644125775778666,0.2075,0.209375,0.0,0.0
td3,20260530_220604,162,11.483833893690571,1.0110187376604882,1.76904181446007,1.5960190867219353,1.5551695490101702,0.23,0.239375,0.0,0.0
td3,20260530_220604,163,14.653639379800133,1.1044138102128636,1.557492681236763,1.7393137168425892,1.6035090979919187,0.23625,0.22125,0.0,0.0
td3,20260530_220604,164,12.311568237362998,1.0426249026879668,1.733000050940318,1.595683349207975,1.4299885895045008,0.27,0.2525,0.0,0.0
td3,20260530_220604,165,12.55660891597085,1.154486799989827,1.782925797533244,1.6188699145847931,1.5154870677227155,0.219375,0.21125,0.0,0.0
td3,20260530_220604,166,12.739117293969556,0.9676729926932603,1.6923273471773428,1.506668880848447,1.446041980771697,0.22125,0.21125,0.0,0.0
td3,20260530_220604,167,8.882349482099166,0.9443884661869378,1.6905701779876836,1.497683347200509,1.4705781109486997,0.229375,0.21875,0.0,0.0
td3,20260530_220604,168,13.416062519076847,1.0424506622878835,1.4730862898519264,1.5526121952749237,1.5178325972124003,0.201875,0.189375,0.0,0.0
td3,20260530_220604,169,11.326230584281978,0.9270654933631886,1.6279017812694656,1.389256589813158,1.424821182978485,0.26125,0.25625,0.0,0.0
td3,20260530_220604,170,7.582805974603,0.9446449356456287,1.7861320337164215,1.4142814197963163,1.4624974946462317,0.266875,0.265,0.0,0.0
td3,20260530_220604,171,11.087572762076295,0.954272821880877,1.735256936022779,1.4303109105228213,1.419856389289489,0.258125,0.254375,0.0,0.0
td3,20260530_220604,172,9.270805889796433,0.9438310230430216,1.7658148759571486,1.5068552540888778,1.4579194887785707,0.273125,0.26375,0.0,0.0
td3,20260530_220604,173,12.11478283980109,0.9964217460411601,1.6831840140814893,1.5082878201127459,1.488592376238812,0.258125,0.253125,0.0,0.0
td3,20260530_220604,174,12.907529692289943,1.0030328147231922,1.660057180034928,1.434750450028805,1.4910091491675121,0.23125,0.22,0.0,0.0
td3,20260530_220604,175,11.114068251802452,0.9508298184032902,1.7867931991774821,1.4855727854385623,1.4459215405298165,0.266875,0.258125,0.0,0.0
td3,20260530_220604,176,9.269988492565426,0.9123550868779421,1.741559103672189,1.3275583504894894,1.3090743270696112,0.275,0.26375,0.0,0.0
td3,20260530_220604,177,12.290634382962558,0.9111829307489097,1.8304110467038117,1.3411641316988971,1.3540109821298392,0.26125,0.254375,0.0,0.0
td3,20260530_220604,178,11.57153699288959,0.9669404946011491,1.862384096662281,1.3144522770716138,1.343155718317139,0.265625,0.26125,0.0,0.0
td3,20260530_220604,179,11.765646260497833,0.8805789746099617,1.7554475941710552,1.31416764419846,1.3599859223623936,0.25625,0.24625,0.0,0.0
td3,20260530_220604,180,13.133725426525805,0.9435690438363236,1.7075594049692153,1.415327813066542,1.3755510966347355,0.223125,0.22125,0.0,0.0
td3,20260530_220604,181,11.917639676321862,0.9071900070121046,1.715595649924944,1.316573117041844,1.3275685361470824,0.2325,0.2275,0.0,0.0
td3,20260530_220604,182,9.115811403753577,0.9438132733711972,1.8097522143131937,1.3822426091344096,1.354553447063081,0.241875,0.245,0.0,0.0
td3,20260530_220604,183,10.078168273265527,0.9376393518853001,1.8209458907687803,1.3302861586096697,1.314714634786942,0.25125,0.245625,0.0,0.0
td3,20260530_220604,184,11.137614557652034,0.9004455914581194,1.834162091256585,1.3569383263221244,1.3897346664572252,0.21375,0.21125,0.0,0.0
td3,20260530_220604,185,11.544905077456079,0.8879107075557112,1.8143367736611982,1.399130394468084,1.481724994389151,0.205,0.20875,0.0,0.0
td3,20260530_220604,186,11.69441370749149,0.8789511873316951,1.7014494923711754,1.3597322200977942,1.4922687064833007,0.159375,0.1625,0.0,0.0
td3,20260530_220604,187,8.667882859831073,0.9287700473653967,1.6762822017478174,1.3880627259472385,1.6563765745230195,0.16375,0.165,0.0,0.0
td3,20260530_220604,188,6.7027559184445655,1.0003720375336707,1.7441152572177816,1.3580906737752958,1.75086005117686,0.20875,0.21375,0.0,0.0
td3,20260530_220604,189,11.809193534065951,0.8764735394250601,1.7679588543524734,1.4392618517379743,1.5780773523711833,0.174375,0.173125,0.0,0.0
td3,20260530_220604,190,7.229219133910721,0.9203822680487065,1.8130069597232796,1.3571270811451541,1.5069021028664429,0.220625,0.21875,0.0,0.0
td3,20260530_220604,191,10.797977714625658,0.9640258707175963,1.8347206572361756,1.4164091374499548,1.6694541551930888,0.171875,0.18,0.0,0.0
td3,20260530_220604,192,10.769658678642909,0.9691263209911994,1.6956389215547825,1.3692412653571226,1.4607889006975165,0.18,0.195,0.0,0.0
td3,20260530_220604,193,12.302795746652572,0.971251863307698,1.8227710785204545,1.347520288804735,1.5666251381766052,0.16375,0.16625,0.0,0.0
td3,20260530_220604,194,9.665777936269313,1.0504425595258362,1.803954823083768,1.4429017042796477,1.5701950793110881,0.170625,0.17625,0.0,0.0
td3,20260530_220604,195,-0.9455512184731202,0.9796514858864248,1.7817622915089304,1.3241482817783252,1.5737796950343181,0.22875,0.22625,0.0,0.0
td3,20260530_220604,196,10.121205510225916,1.1759814532753081,1.632195484425174,1.1993799294041674,1.649614380831481,0.19,0.19375,0.0,0.0
td3,20260530_220604,197,5.520974097836836,1.0957669667492156,1.678417723892926,1.3138800812573754,1.6154395616939292,0.21,0.2175,0.0,0.0
td3,20260530_220604,198,11.351292128238779,1.2493588110338896,1.6128634533367585,1.6716312322189333,1.7031164933461695,0.15125,0.15625,0.0,0.0
td3,20260530_220604,199,12.548803968083021,1.2868017735891044,1.6153111435845495,1.741921667814022,1.7231494907545857,0.288125,0.246875,0.0,0.0
td3,20260530_220604,200,13.856999950169602,1.3213567713508383,1.6106676358386176,1.767175715257763,1.7557403802356566,0.278125,0.278125,0.0,0.0
td3,20260601_155305,1,-2.4757971343220584,1.0,1.0,1.0,1.0,0.22875,0.99375,0.0,0.0
td3,20260601_155305,2,7.874069683245648,1.0,1.0,1.0,1.0,1.0,0.99875,0.0,0.0
td3,20260601_155305,3,7.9847975595233605,1.0,1.0,1.0,1.0,1.0,0.986875,0.0,0.0
td3,20260601_155305,4,8.105924556201765,1.0,1.0,1.0,1.0,1.0,0.9975,0.0,0.0
td3,20260601_155305,5,8.225657526245664,1.0,1.0,1.0,1.0,1.0,0.9925,0.0,0.0
td3,20260601_155305,6,8.348965000563991,1.0,1.0,1.0,1.0,1.0,0.9975,0.0,0.0
td3,20260601_155305,7,8.481938704380315,1.0,1.0,1.0,1.0,1.0,0.99125,0.0,0.0
td3,20260601_155305,8,8.646113114652538,1.0,1.0,1.0,1.0,1.0,0.998125,0.0,0.0
td3,20260601_155305,9,8.806242397490184,1.0,1.0,1.0,1.0,1.0,0.99,0.0,0.0
td3,20260601_155305,10,8.921790762841676,1.0,1.0,1.0,1.0,1.0,0.9875,0.0,0.0
td3,20260601_155305,11,8.801807061595865,1.0244562488365916,1.0138144003450866,1.0306418049931523,1.0179111311808224,1.0,0.989375,0.0,0.0
td3,20260601_155305,12,9.699012296370183,1.0147153111453617,1.0296623284400535,0.9959529887459656,1.021928415573234,1.0,0.985,0.8475,0.0
td3,20260601_155305,13,9.564686318398282,1.009751433815482,0.9940922412686051,1.0243270720497641,1.0093063191872347,1.0,0.98125,0.84,0.0
td3,20260601_155305,14,10.767689556844726,1.0096652257068661,1.004430683432982,0.998146383992814,0.9997335603623171,1.0,0.984375,0.795,0.0
td3,20260601_155305,15,9.617550303577719,0.991704182743191,0.981703589985165,0.9876664084923806,1.0196356381890523,1.0,0.9875,0.8375,0.0
td3,20260601_155305,16,9.337870369107977,0.9981820871686111,1.0013763403242515,0.9797238297299963,0.9740292421605051,1.0,0.976875,0.87,0.0
td3,20260601_155305,17,9.952857110839956,1.003431826277411,0.9442468393573472,0.9781459375256029,1.0464695734532612,1.0,0.98,0.8125,0.0
td3,20260601_155305,18,8.837943655321881,0.954244946976674,0.957212512329863,1.0255699655264616,0.9810654306346231,1.0,0.98125,0.805,0.0
td3,20260601_155305,19,7.8803112568750695,0.9485913349934052,0.9476949352288042,0.9702959456682883,0.9765926237807707,1.0,0.9775,0.7775,0.0
td3,20260601_155305,20,4.504779707235598,0.9653153946690969,0.962834964425271,0.9357253096360586,0.9801161117516459,1.0,0.984375,0.845,0.0
td3,20260601_155305,21,8.531523248278479,0.925473111634753,0.9834966513989173,0.9763688151470933,0.9784484954754068,1.0,0.979375,0.79,0.0
td3,20260601_155305,22,7.348327795880087,0.9242616298993858,0.8964071745621363,0.9446985743622023,0.9697118385743735,1.0,0.98125,0.72,0.0
td3,20260601_155305,23,7.206794649615598,0.9269547848666471,0.9938174609679343,0.9163675565638676,0.9940155866002054,1.0,0.98,0.7825,0.0
td3,20260601_155305,24,6.8663685749934675,0.9776745070028992,1.000528382681824,0.9162337243491462,1.060425613737055,1.0,0.978125,0.7925,0.0
td3,20260601_155305,25,4.553880970193186,0.9991350587619918,0.9853448295419844,1.015029022436316,0.9093861360083624,1.0,0.980625,0.7875,0.0
td3,20260601_155305,26,5.155245577218124,0.970143873402335,0.9540141086704259,0.9779307886255336,0.9759513216586302,1.0,0.9775,0.6575,0.0
td3,20260601_155305,27,3.6279242917139607,0.9876179503911527,1.0397803688360505,1.0167764450539394,1.0251922515987757,1.0,0.975,0.7725,0.0
td3,20260601_155305,28,2.9623822494999525,1.0203673689992905,1.05235086993232,1.0009526208396036,1.0323288917548812,1.0,0.96625,0.735,0.0
td3,20260601_155305,29,6.035462285222452,1.0021934013497726,0.9922079297789727,0.9676263664235394,1.0279676458592015,1.0,0.989375,0.6925,0.0
td3,20260601_155305,30,1.637184681856632,1.0576825834263501,1.022525123357773,1.0211680055947912,1.0460870210018718,1.0,0.98,0.7675,0.0
td3,20260601_155305,31,4.491056617435895,0.937881279166151,0.9580461651786103,1.0452189211926488,1.0341084520489556,1.0,0.973125,0.685,0.0
td3,20260601_155305,32,-0.8640849297817264,1.0095438314525027,0.9938467482932009,0.9237128539988049,1.0195860521335012,1.0,0.976875,0.6425,0.0
td3,20260601_155305,33,1.3770397917237776,1.110975076591018,0.9111067780354061,1.0863534979668596,1.023843132101417,1.0,0.9525,0.68,0.0
td3,20260601_155305,34,6.687152184606917,0.97693123755315,1.0352792741952883,0.9117057163054124,1.0264345999976685,1.0,0.971875,0.655,0.0
td3,20260601_155305,35,-2.9488379098250563,1.0393215552084791,1.050140133523896,0.9892002147717949,0.9822716347066333,1.0,0.964375,0.69,0.0
td3,20260601_155305,36,-0.5783869286280594,1.0253374808103104,1.0203675660879576,0.9759915909221203,1.1076830186774345,1.0,0.96625,0.69,0.0
td3,20260601_155305,37,-1.2610578809513202,1.0179505197080494,1.0411742586662978,1.089689606404976,1.105129055519781,1.0,0.973125,0.73,0.0
td3,20260601_155305,38,-1.0266587076225713,0.9970201181963985,0.973457632639028,1.0451926164582999,1.1351286056829166,1.0,0.968125,0.6675,0.0
td3,20260601_155305,39,3.5504675521533637,1.0246807461338447,1.1400586874907643,0.991803828516702,1.0067989951135141,1.0,0.9675,0.5825,0.0
td3,20260601_155305,40,3.687768787688828,1.0142648881484657,0.9802396529304699,1.0311570535946541,0.973192248120904,1.0,0.95875,0.0025,0.0
td3,20260601_155305,41,3.146665041216648,1.0473161330912262,0.9704888694221154,1.102783901966177,1.1149910299573094,1.0,0.9625,0.0,0.0
td3,20260601_155305,42,8.228576776699096,1.0031412089709193,1.043845765927108,1.0091838626421121,0.9895967682823539,1.0,0.94625,0.0,0.0
td3,20260601_155305,43,-1.7785257040383056,0.9636165577627253,1.0530719761001819,1.0251179217826576,1.083604408451356,1.0,0.964375,0.0,0.0
td3,20260601_155305,44,6.9304002208007125,0.963152212346904,1.0584019615780562,0.9629472754895687,0.9787157848360948,1.0,0.969375,0.0,0.0
td3,20260601_155305,45,9.555586373963619,1.059347612177953,1.1339932907605543,0.8944112356053665,1.0336962720612064,1.0,0.975,0.0,0.0
td3,20260601_155305,46,-1.857913794596268,0.9842935435473918,0.9880023890749726,0.9919754646252841,1.007648995469026,1.0,0.940625,0.0,0.0
td3,20260601_155305,47,3.9293126975504005,1.0822914217598736,1.06321963997907,0.9935880430450197,1.0856655914336444,1.0,0.958125,0.0,0.0
td3,20260601_155305,48,-3.227205808074919,1.1113156008999794,1.001870376081206,1.0388514920487069,0.9727002682629973,1.0,0.966875,0.0,0.0
td3,20260601_155305,49,-3.5765121367513975,0.9789607051818165,0.9704659854643978,1.047477721935138,0.9898018275620416,1.0,0.939375,0.0,0.0
td3,20260601_155305,50,2.4445842431251146,0.997077688202262,0.9846450411714613,0.899231071723625,0.9408217519056052,1.0,0.958125,0.0,0.0
td3,20260601_155305,51,-7.564013293879353,0.9188064872811083,0.8927558870316716,0.9660629002377391,1.0307856405968778,1.0,0.9625,0.0,0.0
td3,20260601_155305,52,-2.7188753831550176,0.85,0.811403408460319,0.9736068247351796,0.9858420456177555,1.0,0.984375,0.0,0.0
td3,20260601_155305,53,2.0929523710664637,0.7874999948777258,0.8062069400213658,0.9491068094037474,0.9200210282811895,1.0,0.98625,0.0,0.0
td3,20260601_155305,54,1.1508257044807226,0.8427218389464542,0.8374958566389978,1.096491850912571,0.8627258512133267,1.0,0.98625,0.0,0.0
td3,20260601_155305,55,-0.021334564837595736,0.767097027390264,0.8249999837949872,1.07638720292598,0.8873926755972207,1.0,0.98875,0.0,0.0
td3,20260601_155305,56,-5.321061816009717,0.8254467496648431,0.8166877910960466,0.9021115917246789,0.8874693526886404,1.0,0.975625,0.0,0.0
td3,20260601_155305,57,6.144469021544167,0.8637440145015717,0.8125563856214285,0.9016752500087023,0.8630946628749371,1.0,0.975625,0.0,0.0
td3,20260601_155305,58,-21.220426597361993,0.8125605151988566,0.8482190638780593,0.914892631371913,0.9232636923785321,1.0,0.975625,0.0,0.0
td3,20260601_155305,59,-3.9757091700509797,0.8249974034726619,0.8127980678342283,1.023816215340048,0.9071218217315618,1.0,0.985625,0.0,0.0
td3,20260601_155305,60,3.4834150403038633,0.76249996451661,0.7903616916853935,0.901021279534325,0.9022639682982116,1.0,0.9775,0.0,0.0
td3,20260601_155305,61,-8.68198907371523,0.8031640138477087,0.7750000219792128,0.9038445375976153,0.8556405622977763,1.0,0.974375,0.0,0.0
td3,20260601_155305,62,5.2026299919041,0.7997909859754145,0.8016775928437709,0.9012473335023969,0.9038690262474119,1.0,0.985625,0.0,0.0
td3,20260601_155305,63,0.8730517820805568,0.7712681081146002,0.8062922609271481,0.88864506771788,0.8837406417354942,1.0,0.9825,0.0,0.0
td3,20260601_155305,64,5.467316773067549,0.7504915839061141,0.7625392162241041,0.9478104043519124,0.8254289432894438,1.0,0.98125,0.0,0.0
td3,20260601_155305,65,7.182665900223921,0.7651118827518075,0.7625009264796972,0.93135909747798,0.8279343604110181,1.0,0.984375,0.0,0.0
td3,20260601_155305,66,5.4261875737915775,0.7933086260192794,0.75,0.9233529360964894,0.8381642261520028,1.0,0.989375,0.0,0.0
td3,20260601_155305,67,3.165219805209606,0.8055723242694512,0.775048684887588,0.9708592383809446,0.8347568201250397,1.0,0.96625,0.0,0.0
td3,20260601_155305,68,3.9141741870874087,0.7809012091369368,0.7600748558528722,0.9185633613727987,0.8134350282140076,1.0,0.980625,0.0,0.0
td3,20260601_155305,69,6.6428019121475845,0.8000005528330802,0.7705260514747352,0.9804047644603997,0.8168189413496293,1.0,0.97875,0.0,0.0
td3,20260601_155305,70,7.758071963300393,0.7874470713548363,0.7787602018623148,0.9602096484508366,0.7986959219910205,1.0,0.96875,0.0,0.0
td3,20260601_155305,71,4.76962659850091,0.7625000024214387,0.7750000010244549,0.8920061651617288,0.8327478042803704,1.0,0.989375,0.0,0.0
td3,20260601_155305,72,7.304355290070524,0.7500169677659869,0.7750147875398398,0.8651841370854527,0.8242868208326399,1.0,0.98875,0.0,0.0
td3,20260601_155305,73,7.68065653066261,0.7767084353603423,0.787473886553198,0.8764802113175392,0.843718001456,1.0,0.979375,0.0,0.0
td3,20260601_155305,74,7.404739222526579,0.75000029662624,0.7753039403818548,0.8572258629079442,0.8137371978722513,1.0,0.9775,0.0,0.0
td3,20260601_155305,75,6.977740089979857,0.7500065361149609,0.7691866655717604,0.887282123696059,0.8364654017030262,1.0,0.973125,0.0,0.0
td3,20260601_155305,76,6.881545077568769,0.7500463566742838,0.7500066888518632,0.8416127611882984,0.8217156338039786,1.0,0.990625,0.0,0.0
td3,20260601_155305,77,6.801203395247642,0.7625013309530914,0.7718265863601118,0.8922791135497391,0.8454373893095181,1.0,0.981875,0.0,0.0
td3,20260601_155305,78,6.61485739318951,0.7666389368474483,0.7616730260662734,0.8551517392043024,0.8125141083262861,1.0,0.986875,0.0,0.0
td3,20260601_155305,79,6.072512205510339,0.7500003667548298,0.762499999627471,0.8574465997517109,0.8098312357906252,1.0,0.991875,0.0,0.0
td3,20260601_155305,80,0.8252536120025331,0.7625,0.7687606632709503,0.9356866044225172,0.7809497512527741,1.0,0.975,0.0,0.0
td3,20260601_155305,81,0.3583507529823612,0.7500000037252903,0.7624995220452547,0.8859178144411999,0.762467339169234,1.0,0.98875,0.0,0.0
td3,20260601_155305,82,6.687080281822922,0.7624985537491739,0.750287714228034,0.8289007876999677,0.7883612476289272,1.0,0.9925,0.0,0.0
td3,20260601_155305,83,6.3336441121925295,0.7500000618398189,0.7523839822039008,0.8151859323494136,0.829641182650812,1.0,0.99375,0.0,0.0
td3,20260601_155305,84,0.38315380255706544,0.7624983304180205,0.750000000745058,0.7986939097754657,0.7871881688944995,1.0,0.991875,0.0,0.0
td3,20260601_155305,85,5.778514572574643,0.7621770927682519,0.75,0.8588098982581869,0.7957446382846683,1.0,0.98,0.0,0.0
td3,20260601_155305,86,4.655276758378878,0.7747836222872138,0.7631768039427698,0.8340116539038718,0.7707433715462685,1.0,0.984375,0.0,0.0
td3,20260601_155305,87,5.827150916010678,0.75,0.762593855895102,0.8652813194319606,0.7820685844868421,1.0,0.99,0.0,0.0
td3,20260601_155305,88,-0.9684817718863005,0.75,0.7528203804977238,0.8586715235374868,0.7786518027423881,1.0,0.9875,0.0,0.0
td3,20260601_155305,89,6.4351864685100075,0.7624979807063937,0.7500009656883776,0.7724088589980965,0.7625020951032638,1.0,0.9925,0.0,0.0
td3,20260601_155305,90,4.9890664827081705,0.750000000372529,0.75,0.8318177639972418,0.751165537443012,1.0,0.9875,0.0,0.0
td3,20260601_155305,91,4.4010215722877435,0.75,0.7500889016315341,0.7953508362639695,0.7591700947145,1.0,0.99375,0.0,0.0
td3,20260601_155305,92,5.775962268191359,0.7500000018626451,0.75,0.8215135615842882,0.7641056931577623,1.0,0.985,0.0,0.0
td3,20260601_155305,93,6.063859649430344,0.7505695646628737,0.7500002204440535,0.7873322373256088,0.7790163209894672,1.0,0.9875,0.0,0.0
td3,20260601_155305,94,5.987146684652148,0.7619577860459685,0.75,0.8247210358968005,0.792973532131873,1.0,0.98,0.0,0.0
td3,20260601_155305,95,6.284394824535782,0.750000000372529,0.75,0.8116390836425126,0.7500642624683678,1.0,0.994375,0.0,0.0
td3,20260601_155305,96,1.1517928892104639,0.7541417251806706,0.75,0.8162955489940942,0.7624944183975458,1.0,0.99,0.0,0.0
td3,20260601_155305,97,4.472282238908865,0.7500560084357858,0.7500000022351742,0.825252755638212,0.7535486808978021,1.0,0.9925,0.0,0.0
td3,20260601_155305,98,7.057245419271173,0.750021633785218,0.75,0.7631363439373672,0.7876275457441807,1.0,0.995,0.0,0.0
td3,20260601_155305,99,6.640575119231073,0.7500001037493348,0.7500000469386577,0.8251229565677931,0.761038749339059,1.0,0.9875,0.0,0.0
td3,20260601_155305,100,7.963360665775252,0.75,0.7500000144354999,0.8090782636310905,0.7500926237553358,1.0,0.9975,0.0,0.0
td3,20260601_155305,101,8.504246589623527,0.7500000037252903,0.7500009649433196,0.7638843410648406,0.7776784300105646,1.0,0.983125,0.0,0.0
td3,20260601_155305,102,8.649129593023671,0.7500000010244549,0.7500000903382897,0.7757421537302435,0.7625623387284577,1.0,0.995,0.0,0.0
td3,20260601_155305,103,9.050300916691219,0.750000000372529,0.75,0.8084502139594406,0.7500113880261778,1.0,0.9975,0.0,0.0
td3,20260601_155305,104,9.079980903762948,0.75,0.75,0.7902159218676388,0.7508305263705551,1.0,0.9875,0.0,0.0
td3,20260601_155305,105,10.061886494475532,0.7500000311993062,0.75,0.8024088295409456,0.7760405954904854,1.0,0.986875,0.0,0.0
td3,20260601_155305,106,9.660940855060245,0.750000013038516,0.75,0.7822909928159788,0.7625980120152235,1.0,0.9875,0.0,0.0
td3,20260601_155305,107,10.757634098777626,0.7500578330829739,0.7500003146938979,0.8371898313052952,0.7766036599874496,1.0,0.9875,0.0,0.0
td3,20260601_155305,108,12.182114251290498,0.75,0.75,0.7738560265861452,0.7503129553981125,1.0,0.995,0.0,0.0
td3,20260601_155305,109,11.044106116847363,0.7524405186995864,0.7500000022351742,0.783787012170069,0.7500000166706741,1.0,0.99,0.0,0.0
td3,20260601_155305,110,11.351572208427195,0.750000000372529,0.750000012665987,0.7643448465503753,0.7502545319497586,1.0,0.99125,0.0,0.0
td3,20260601_155305,111,10.912679239903012,0.75,0.75,0.7643472671508789,0.7500001712702214,1.0,0.9975,0.0,0.0
td3,20260601_155305,112,10.553095613862665,0.7500001267530024,0.7500000022351742,0.8085659479256719,0.750004437379539,1.0,0.9925,0.0,0.0
td3,20260601_155305,113,9.812046195193798,0.75,0.75,0.7798470712732524,0.7500001435168088,1.0,0.9975,0.0,0.0
td3,20260601_155305,114,9.762191987996417,0.750000000372529,0.75,0.7859631271101535,0.7609447007067501,1.0,0.9925,0.0,0.0
td3,20260601_155305,115,9.531134311851659,0.75,0.75,0.7752446743659676,0.7620585327968001,1.0,0.9925,0.0,0.0
td3,20260601_155305,116,8.819426927493332,0.7500000018626451,0.7500033502466976,0.7821754084550776,0.7746946282684803,1.0,0.99375,0.0,0.0
td3,20260601_155305,117,8.994605236247972,0.75,0.75,0.7603211343710428,0.7500032179057599,1.0,0.99,0.0,0.0
td3,20260601_155305,118,8.615093873177216,0.7500000014901161,0.75,0.7731319376267493,0.75,1.0,0.995,0.0,0.0
td3,20260601_155305,119,8.397669923249053,0.75,0.75,0.7661433522589505,0.7513710192404688,1.0,0.9925,0.0,0.0
td3,20260601_155305,120,8.559445880422976,0.75,0.75,0.7751345907337963,0.7500019050203264,1.0,1.0,0.0,0.0
td3,20260601_155305,121,8.104145529455662,0.75,0.75,0.7749096100218594,0.7500000059604645,1.0,0.9925,0.0,0.0
td3,20260601_155305,122,7.94140735241573,0.75,0.75,0.7568674559202918,0.750507194083184,1.0,0.99,0.0,0.0
td3,20260601_155305,123,7.600063898284242,0.75,0.75,0.764537408715114,0.7500000018626451,1.0,0.995,0.0,0.0
td3,20260601_155305,124,6.626244473471493,0.75,0.75,0.7720829463098198,0.7500000018626451,1.0,0.9975,0.0,0.0
td3,20260601_155305,125,7.213338673312818,0.750000000745058,0.75,0.7708467416581698,0.7501664102077484,1.0,0.9925,0.0,0.0
td3,20260601_155305,126,7.047039013298147,0.750000000745058,0.75,0.7576136073796078,0.7525006487965584,1.0,0.995,0.0,0.0
td3,20260601_155305,127,7.081134143968204,0.75,0.750000000372529,0.7570239685825072,0.7500012497417629,1.0,0.9975,0.0,0.0
td3,20260601_155305,128,6.864192673732582,0.75,0.75,0.7657133090309799,0.750001051928848,1.0,0.995,0.0,0.0
td3,20260601_155305,129,6.330681257791878,0.75,0.75,0.7893259880132973,0.7500001396983862,1.0,0.9925,0.0,0.0
td3,20260601_155305,130,6.509309872574026,0.75,0.75,0.757963397866115,0.7500000345520675,1.0,0.9925,0.0,0.0
td3,20260601_155305,131,1.0139191629443622,0.75,0.75,0.7866604346781969,0.75,1.0,0.99375,0.0,0.0
td3,20260601_155305,132,6.833366727182365,0.75,0.75,0.7563483526930213,0.75,1.0,0.9925,0.0,0.0
td3,20260601_155305,133,6.373468070599967,0.75,0.75,0.7621200905181468,0.75,1.0,0.99625,0.0,0.0
td3,20260601_155305,134,6.386091076904751,0.75,0.75,0.7591209703125059,0.7500000315718353,1.0,0.995,0.0,0.0
td3,20260601_155305,135,6.611021991153154,0.75,0.75,0.7624981565400958,0.75,1.0,1.0,0.0,0.0
td3,20260601_155305,136,6.40439156929028,0.75,0.75,0.7614431336522103,0.7500048925168812,1.0,0.9975,0.0,0.0
td3,20260601_155305,137,6.663724821853125,0.75,0.75,0.7743377821519971,0.75,1.0,0.9925,0.0,0.0
td3,20260601_155305,138,6.684598331564964,0.75,0.75,0.7500006292946637,0.7500003108754754,1.0,1.0,0.0,0.0
td3,20260601_155305,139,6.717695019157356,0.75,0.75,0.7500010536052286,0.75,1.0,1.0,0.0,0.0
td3,20260601_155305,140,6.753535197645115,0.75,0.75,0.7500046740286053,0.75,1.0,1.0,0.0,0.0
td3,20260601_155305,141,6.934210061561194,0.75,0.75,0.7587937210337259,0.75,1.0,0.995,0.0,0.0
td3,20260601_155305,142,6.3562462988681645,0.75,0.75,0.7625001633539796,0.7500032050535083,1.0,1.0,0.0,0.0
td3,20260601_155305,143,6.648023147175608,0.75,0.75,0.7750449924729764,0.750000080280006,1.0,1.0,0.0,0.0
td3,20260601_155305,144,6.805011499996162,0.75,0.75,0.7615032914094627,0.7500000232830644,1.0,0.9975,0.0,0.0
td3,20260601_155305,145,6.856370576991862,0.75,0.75,0.750004639942199,0.7500000521540642,1.0,1.0,0.0,0.0
td3,20260601_155305,146,6.739346281118474,0.75,0.75,0.7631741212680936,0.750000046286732,1.0,0.9975,0.0,0.0
td3,20260601_155305,147,6.890349755349485,0.75,0.75,0.750442529283464,0.7565111983625684,1.0,0.995,0.0,0.0
td3,20260601_155305,148,6.915692528140848,0.75,0.75,0.7500017267651856,0.75,1.0,1.0,0.0,0.0
td3,20260601_155305,149,4.914811944723435,0.75,0.75,0.7682539655943401,0.75,1.0,0.9975,0.0,0.0
td3,20260601_155305,150,6.95691796248961,0.75,0.75,0.7500395882874727,0.75,1.0,1.0,0.0,0.0
td3,20260601_155305,151,6.984839544957149,0.75,0.75,0.7500011652708054,0.7500000001862646,1.0,1.0,0.0,0.0
td3,20260601_155305,152,7.023069909054308,0.75,0.75,0.750311058294028,0.7500841595232487,1.0,0.9975,0.0,0.0
td3,20260601_155305,153,7.058452203770063,0.75,0.75,0.7500000800006091,0.75,1.0,1.0,0.0,0.0
td3,20260601_155305,154,7.098796636824359,0.75,0.75,0.7503909713588655,0.750000000745058,1.0,0.9975,0.0,0.0
td3,20260601_155305,155,7.1667217407553085,0.75,0.75,0.7501102535054087,0.7500095500610768,1.0,1.0,0.0,0.0
td3,20260601_155305,156,7.197234911734395,0.75,0.75,0.7500608928501606,0.75,1.0,1.0,0.0,0.0
td3,20260601_155305,157,6.883727653731191,0.75,0.75,0.7500000011175871,0.75,1.0,1.0,0.0,0.0
td3,20260601_155305,158,6.982586865932952,0.75,0.75,0.750503561925143,0.75,1.0,0.9975,0.0,0.0
td3,20260601_155305,159,6.861688842271551,0.75,0.75,0.7624424569308758,0.75,1.0,1.0,0.0,0.0
td3,20260601_155305,160,6.930478651523893,0.75,0.75,0.7622873613610863,0.7500008369795979,1.0,0.995,0.0,0.0
td3,20260601_155305,161,7.213902926316856,0.75,0.75,0.750000000372529,0.75000064894557,1.0,1.0,0.0,0.0
td3,20260601_155305,162,7.302713670510267,0.75,0.75,0.7513434398919344,0.7500000004656613,1.0,0.9975,0.0,0.0
td3,20260601_155305,163,7.409763736846416,0.75,0.75,0.7513511239551007,0.75,1.0,0.9975,0.0,0.0
td3,20260601_155305,164,7.514428746359388,0.75,0.75,0.7500097974203527,0.7500000551342965,1.0,1.0,0.0,0.0
td3,20260601_155305,165,7.622224197846897,0.75,0.75,0.7500001315958797,0.7500000018626451,1.0,1.0,0.0,0.0
td3,20260601_155305,166,7.743911145414952,0.75,0.75,0.7504686645232141,0.7501329205930233,1.0,0.995,0.0,0.0
td3,20260601_155305,167,7.843994669087647,0.75,0.75,0.7500003754161298,0.75,1.0,1.0,0.0,0.0
td3,20260601_155305,168,7.94916118099793,0.75,0.75,0.7500324081629515,0.75,1.0,1.0,0.0,0.0
td3,20260601_155305,169,8.052779833377386,0.75,0.75,0.750046786852181,0.7500000011175871,1.0,1.0,0.0,0.0
td3,20260601_155305,170,8.225088205562011,0.75,0.75,0.7500108327716589,0.750000000745058,1.0,1.0,0.0,0.0
td3,20260601_155305,171,8.31848828182778,0.75,0.75,0.750000000745058,0.75,1.0,1.0,0.0,0.0
td3,20260601_155305,172,8.45445212605695,0.75,0.75,0.750013555213809,0.7505472022108733,1.0,0.9975,0.0,0.0
td3,20260601_155305,173,8.600399431225092,0.75,0.75,0.7576845273841173,0.7500000014901161,1.0,0.9975,0.0,0.0
td3,20260601_155305,174,8.736766143518608,0.75,0.75,0.7524206136353314,0.75,1.0,0.9975,0.0,0.0
td3,20260601_155305,175,8.89089368079589,0.75,0.75,0.7500141864642501,0.75,1.0,1.0,0.0,0.0
td3,20260601_155305,176,8.861236201642882,0.75,0.75,0.750000215973705,0.75,1.0,1.0,0.0,0.0
td3,20260601_155305,177,8.653828597251211,0.75,0.75,0.7500001554377377,0.75,1.0,1.0,0.0,0.0
td3,20260601_155305,178,8.370663887159035,0.75,0.75,0.7501123597845435,0.750000000372529,1.0,1.0,0.0,0.0
td3,20260601_155305,179,8.17940144904695,0.75,0.75,0.7500018118880689,0.75,1.0,1.0,0.0,0.0
td3,20260601_155305,180,7.970098922705967,0.75,0.75,0.7500014557503164,0.75,1.0,1.0,0.0,0.0
td3,20260601_155305,181,7.796950237981482,0.75,0.75,0.7500000324100256,0.7500000014901161,1.0,1.0,0.0,0.0
td3,20260601_155305,182,7.6060498787917865,0.75,0.75,0.7500000233761966,0.75,1.0,1.0,0.0,0.0
td3,20260601_155305,183,7.4301446408527285,0.75,0.75,0.7500036067329348,0.75,1.0,1.0,0.0,0.0
td3,20260601_155305,184,7.260247199564849,0.75,0.75,0.7500037488527596,0.75,1.0,1.0,0.0,0.0
td3,20260601_155305,185,7.119827911330775,0.75,0.75,0.7500000247731805,0.75,1.0,1.0,0.0,0.0
td3,20260601_155305,186,7.01962075920198,0.75,0.75,0.7500000030733645,0.75,1.0,1.0,0.0,0.0
td3,20260601_155305,187,6.841207269998929,0.75,0.75,0.7501361608505249,0.75,1.0,0.999375,0.0,0.0
td3,20260601_155305,188,6.579154151004351,0.75,0.75,0.762500504590571,0.75,1.0,1.0,0.0,0.0
td3,20260601_155305,189,6.627677081763739,0.75,0.75,0.750000665243715,0.75,1.0,1.0,0.0,0.0
td3,20260601_155305,190,6.4558354845366015,0.75,0.75,0.7500013157725334,0.75,1.0,1.0,0.0,0.0
td3,20260601_155305,191,6.250774163973583,0.75,0.75,0.7500001020729542,0.75,1.0,1.0,0.0,0.0
td3,20260601_155305,192,6.067492256769767,0.75,0.75,0.7500000621192158,0.75,1.0,1.0,0.0,0.0
td3,20260601_155305,193,5.969570875399691,0.75,0.75,0.7500000312924385,0.75,1.0,1.0,0.0,0.0
td3,20260601_155305,194,4.713555256168591,0.75,0.75,0.7500093281269073,0.7500000577419996,1.0,1.0,0.0,0.0
td3,20260601_155305,195,4.420311348562561,0.75,0.75,0.7500003940425813,0.75,1.0,1.0,0.0,0.0
td3,20260601_155305,196,4.860606248487119,0.75,0.75,0.7500000040978193,0.75,1.0,1.0,0.0,0.0
td3,20260601_155305,197,5.367668663248784,0.75,0.75,0.7500000827945769,0.75,1.0,1.0,0.0,0.0
td3,20260601_155305,198,5.823900451810748,0.75,0.75,0.7500000754371285,0.75,1.0,1.0,0.0,0.0
td3,20260601_155305,199,6.356931391861873,0.75,0.75,0.7500000658445061,0.750000000745058,1.0,1.0,0.0,0.0
td3,20260601_155305,200,6.923575470327389,0.75,0.75,0.75,0.75,1.0,1.0,0.0,0.0
sac,20260518_142138,1,-2.4757971343220584,1.0,1.0,1.0,1.0,,,,
sac,20260518_142138,2,7.874069683245648,1.0,1.0,1.0,1.0,,,,
sac,20260518_142138,3,7.9847975595233605,1.0,1.0,1.0,1.0,,,,
sac,20260518_142138,4,8.105924556201765,1.0,1.0,1.0,1.0,,,,
sac,20260518_142138,5,8.225657526245664,1.0,1.0,1.0,1.0,,,,
sac,20260518_142138,6,8.348965000563991,1.0,1.0,1.0,1.0,,,,
sac,20260518_142138,7,8.481938704380315,1.0,1.0,1.0,1.0,,,,
sac,20260518_142138,8,8.646113114652538,1.0,1.0,1.0,1.0,,,,
sac,20260518_142138,9,8.806242397490184,1.0,1.0,1.0,1.0,,,,
sac,20260518_142138,10,8.921790762841676,1.0,1.0,1.0,1.0,,,,
sac,20260518_142138,11,8.68938386917095,0.803844242177147,0.8018302699603373,0.8110850218997803,0.8897997971065342,,,,
sac,20260518_142138,12,9.247383959717379,0.7504214998334646,0.7506196778267622,0.7505457810126245,0.7505894106812775,,,,
sac,20260518_142138,13,9.453179620373449,0.7502848548814655,0.7506613158620894,0.7503876879811286,0.7504377892240882,,,,
sac,20260518_142138,14,9.629344229748318,0.7503008301369846,0.7612901638261974,0.7503371125087142,0.7524533149786293,,,,
sac,20260518_142138,15,9.994382910320745,0.7506272136233747,0.9468824719777331,0.7509424576535821,1.033189980163297,,,,
sac,20260518_142138,16,11.022851574415201,0.7505504459142684,1.0254123624267777,0.7510357084684074,0.7529195331968367,,,,
sac,20260518_142138,17,10.825874136294685,0.7587051938287914,1.0072837847692426,0.7579615482129156,0.8483680254081264,,,,
sac,20260518_142138,18,10.254086148458446,1.0572358056771463,1.1996927484557092,1.1236140573404554,1.0512158174649813,,,,
sac,20260518_142138,19,10.235691579290659,0.9296326335675076,1.136685049481457,1.0529416104887788,0.973819310162844,,,,
sac,20260518_142138,20,9.510218974068122,0.9498548781106365,1.1694312787396484,1.03009583435487,0.976309332064875,,,,
sac,20260518_142138,21,9.003323807750675,0.9450726146347733,1.1996176879358245,1.0454232378397137,0.9790057987971522,,,,
sac,20260518_142138,22,9.44065271667217,0.995547029691761,1.2169927911440026,1.1153176827152493,1.0145664364594267,,,,
sac,20260518_142138,23,9.697095863196374,1.001345449330256,1.220235845897696,1.1398243080009707,1.0194326357206591,,,,
sac,20260518_142138,24,9.807145372299761,1.0166506305216898,1.227490395525092,1.1690150535301655,1.0179604500386177,,,,
sac,20260518_142138,25,9.806310888161908,0.9935575252067792,1.202193212189013,1.1582127583329567,0.9767574519315531,,,,
sac,20260518_142138,26,10.15983813396813,0.9570314481174137,1.1894436893806415,1.1090723486122442,0.9714048626858129,,,,
sac,20260518_142138,27,10.293148869430086,0.9871671775139476,1.224051218218665,1.15653180310037,1.0010193638281635,,,,
sac,20260518_142138,28,10.033257576380766,0.9946597204144382,1.2299490853969473,1.184240240402869,1.0010113172524142,,,,
sac,20260518_142138,29,10.464815896191537,0.9801785318384646,1.2020788527531294,1.1917255408101481,1.0209312855531607,,,,
sac,20260518_142138,30,10.16398635062959,0.8749707481823862,0.9911070844624191,0.8898585378658026,0.9955409226138727,,,,
sac,20260518_142138,31,10.009826064597696,0.8840866743354127,0.9979311776522082,0.8815230268519372,0.9825777492951602,,,,
sac,20260518_142138,32,9.655292175690551,0.8972863720962778,1.0279843922122383,0.9095896462677047,0.9728907109514694,,,,
sac,20260518_142138,33,9.913228036275521,0.8848490898963064,1.0256447811610996,0.9328060357445793,0.9886486783070723,,,,
sac,20260518_142138,34,9.754854881895433,0.8539802418090403,0.9948773188982158,0.9277591622027103,0.9623026491841301,,,,
sac,20260518_142138,35,8.932373209878227,0.821128215547651,0.9560158647596836,0.8687103264965117,0.9291798386354457,,,,
sac,20260518_142138,36,8.457274778097723,0.808187753520906,0.9195246319286525,0.8042992326430977,0.9109178717815667,,,,
sac,20260518_142138,37,7.873171188635455,0.7988292607944458,0.9184411488939077,0.8447612595744431,0.8649273773655295,,,,
sac,20260518_142138,38,8.29640345391825,0.7926795404404402,0.9365718061570079,0.8370372081641108,0.8480121613363736,,,,
sac,20260518_142138,39,8.35573281723695,0.7822117952629923,0.9116496805101633,0.810576766077429,0.8311200917465612,,,,
sac,20260518_142138,40,8.782393439971234,0.7783392891753464,0.877702459692955,0.7757645374163985,0.8061914211604744,,,,
sac,20260518_142138,41,9.437948162847508,0.7775962668005377,0.9569521057419479,0.7867753044702113,0.817427773909003,,,,
sac,20260518_142138,42,8.19679971666906,0.7875955258030445,0.9116193885914982,0.7817915835417807,0.8137725779786706,,,,
sac,20260518_142138,43,7.154554419650711,0.7721886659506708,0.8628432829398662,0.7613642335869372,0.8662012406349276,,,,
sac,20260518_142138,44,6.517354385634087,0.7703274340601638,0.8528378018178046,0.7579970899969339,0.8445267429429805,,,,
sac,20260518_142138,45,6.1562985531122605,0.7739296467741952,0.8321063461713493,0.7593475296162069,0.8376669219403994,,,,
sac,20260518_142138,46,4.696831141830034,0.7890360587276518,0.8445589918643236,0.7687844691798091,0.8335099569041631,,,,
sac,20260518_142138,47,2.5153393979811955,0.7827673577354289,0.8614464814774692,0.7628888810053468,0.8243343019799795,,,,
sac,20260518_142138,48,3.5566868170279573,0.7746336062438786,0.8480069084092975,0.7558938954025507,0.8075141679066291,,,,
sac,20260518_142138,49,2.171405586897512,0.7677546437662386,0.8027666660957038,0.7517110785469413,0.7956153022591025,,,,
sac,20260518_142138,50,1.7648025797093487,0.8196136287384433,0.845124582760036,0.773361427243799,0.8086125519286724,,,,
sac,20260518_142138,51,2.6829328265372725,0.8652840320806717,0.8512152051087469,0.7993106513284147,0.8027312717866153,,,,
sac,20260518_142138,52,2.4158770761138038,0.8873024303407874,0.8644592003431171,0.8071800888516009,0.8214267766103148,,,,
sac,20260518_142138,53,2.8624416803287236,0.899206185285584,0.8920888443477452,0.8178848896175623,0.8281428280111868,,,,
sac,20260518_142138,54,1.1774652147171651,0.9183698929380626,0.9067547417711467,0.8541141027584672,0.8385390327777713,,,,
sac,20260518_142138,55,0.21433190139742464,0.9294980949649471,0.9123717280104756,0.8834190756082535,0.8487227275734768,,,,
sac,20260518_142138,56,-2.0285562828681787,0.9238200091611362,0.8942921026842668,0.8577850374393166,0.8502176732290536,,,,
sac,20260518_142138,57,-3.975884944909603,0.9147646217606962,0.8867728574899957,0.8446937529370189,0.8536735164467245,,,,
sac,20260518_142138,58,-3.595739858260529,0.9116596350213513,0.8845429836306721,0.8381815384142101,0.8607494347728789,,,,
sac,20260518_142138,59,-3.081163199966218,0.9146362148574554,0.8945747985737398,0.8436881001573056,0.8747683588415385,,,,
sac,20260518_142138,60,-4.575697194527042,0.9136222899716813,0.8973365274257958,0.8428495118394495,0.8807692908216268,,,,
sac,20260518_142138,61,-3.0890966223283693,0.9155898519326001,0.8940265628159978,0.8404337949818,0.8823450286407024,,,,
sac,20260518_142138,62,-4.0951605659942185,0.910440726656816,0.8816642922989558,0.8438196283299476,0.9688545866170898,,,,
sac,20260518_142138,63,-3.6126871607957356,0.9105035109329037,0.8734675949439407,0.8467096600681543,0.9601781431741984,,,,
sac,20260518_142138,64,-4.399514382894155,0.9243002657458419,0.8735259956680238,0.8558249354362488,0.961494742003606,,,,
sac,20260518_142138,65,-2.9946105236314793,0.9896740645170212,0.9338674338068813,0.9107821245212108,0.9924977952876362,,,,
sac,20260518_142138,66,-1.6793405307607765,0.9823249928129372,0.9254631660412997,0.9038446702063083,0.9855123804383765,,,,
sac,20260518_142138,67,-0.7036920369604303,0.9763978637987748,0.9332946967333555,0.9078300203196704,0.9791226895216824,,,,
sac,20260518_142138,68,-1.1640358286060501,0.9534186134755146,0.947181406992604,0.9161762751347851,0.9824838452041149,,,,
sac,20260518_142138,69,-1.1443808993392315,0.9145754986209795,0.9330248384969309,0.904839590843767,1.0049813210191132,,,,
sac,20260518_142138,70,-0.9116607168290267,0.9225230577634648,0.8869057161267847,0.8839697178453207,0.9627913439806435,,,,
sac,20260518_142138,71,-0.44345416364245976,0.9422613894967071,0.8875158057897352,0.8746714806184173,0.9503812219918473,,,,
sac,20260518_142138,72,0.14914466546665636,0.9435239950915275,0.9417402916500578,0.8854088248335756,0.954655094363261,,,,
sac,20260518_142138,73,0.9887206551183584,0.9411650360794738,0.9553599447419401,0.8838954040780663,0.9585548716946505,,,,
sac,20260518_142138,74,1.1436379252214324,0.9480320488219149,0.9567320082367587,0.8862517339643091,0.9586538393865339,,,,
sac,20260518_142138,75,1.602458432433557,0.9583063512123772,0.9549434371556345,0.8944171032402665,0.9495962628352572,,,,
sac,20260518_142138,76,-0.38796112974510666,0.927427772001829,1.053995881168521,1.0177288811682956,1.0391732233365474,,,,
sac,20260518_142138,77,1.6978348744440037,0.9672634570742957,1.0070689789967673,0.9816370474058204,0.9758007589480258,,,,
sac,20260518_142138,78,2.4710553124966723,0.9779819832474459,0.9937103662945447,0.9460582036132109,0.9393129643984139,,,,
sac,20260518_142138,79,3.506459360237731,0.9903293077881244,0.9861494426340869,0.9315911483252421,0.9379434679576661,,,,
sac,20260518_142138,80,3.5786559424903577,0.9963639761183003,0.9897842064354336,0.9338273190660402,0.9326988185144728,,,,
sac,20260518_142138,81,4.0472794455628325,0.9746811339515261,0.9708661500968446,0.9136360297445207,0.9252271295612445,,,,
sac,20260518_142138,82,3.6272964667839642,0.9703649713250343,0.9618798136369151,0.9110645610140636,0.9033067670650781,,,,
sac,20260518_142138,83,5.815854355622896,0.9733505122734641,0.9603369325894164,0.9114268080098554,0.907580093992874,,,,
sac,20260518_142138,84,6.265498431610098,0.9802662914344182,0.9569381523819175,0.9148254673462362,0.9135033981176093,,,,
sac,20260518_142138,85,6.203783768068385,0.9781501620210292,0.9544357625272823,0.9155414576642216,0.9097518649257836,,,,
sac,20260518_142138,86,7.229159771083757,0.9663608615490376,0.9591674845287343,0.9037897695787251,0.9090800022240728,,,,
sac,20260518_142138,87,6.230509320234294,0.950282528589014,0.9583387440405204,0.8942024284973741,0.8965527040883898,,,,
sac,20260518_142138,88,7.219470595483239,0.9512600116198883,0.9542064927922184,0.8926858701743186,0.8958598247496411,,,,
sac,20260518_142138,89,6.927801316004889,0.9452722553316562,0.9781324371375376,0.9689132730127312,0.9564478758198675,,,,
sac,20260518_142138,90,7.578219339565577,0.9742665380457766,0.9841451867425348,0.9600884095096263,0.9419768585728889,,,,
sac,20260518_142138,91,7.858654118481944,0.9799205819988857,0.9922915503469995,0.9272628885344603,0.9078217037953437,,,,
sac,20260518_142138,92,7.384816933088011,0.970840872975532,0.9953318006206245,0.9431204418084235,0.9287633557978552,,,,
sac,20260518_142138,93,8.367349067666769,0.9917105568860279,0.9832402879423171,0.9408338804962113,0.9271646000008331,,,,
sac,20260518_142138,94,8.254233685490519,1.001566416271089,0.970486660124152,0.9381599387037568,0.9314023050945253,,,,
sac,20260518_142138,95,7.967268588391678,0.9881873153550259,0.9779733399867837,0.9340641876799054,0.937055490957573,,,,
sac,20260518_142138,96,8.443383515731007,0.9702513351745438,0.9930870943018817,0.9377951161703095,0.9426656775176525,,,,
sac,20260518_142138,97,7.804433934737656,0.9648785292258253,1.0135642272096448,0.948466888605617,0.9614792358435806,,,,
sac,20260518_142138,98,8.07061968428069,1.00582241456068,1.060610933899079,1.0035415414919953,0.9202422793954611,,,,
sac,20260518_142138,99,8.072212496876247,1.0029560788010712,1.0674873317737366,1.0136640540375084,0.9248890849761665,,,,
sac,20260518_142138,100,8.084072679797043,0.9826471878564916,1.0684587890041257,0.9986549259197091,0.9305924842949025,,,,
sac,20260518_142138,101,9.418409768565391,0.9810891573899425,1.0573034645143706,0.9778785946626158,0.9281946007278747,,,,
sac,20260518_142138,102,9.969752918465687,0.9734319446753943,1.0378804721352934,0.9529656104554306,0.9277623115340248,,,,
sac,20260518_142138,103,10.360444020571677,0.9633202795012039,0.9680860093096271,0.917299488489516,0.9801774428924546,,,,
sac,20260518_142138,104,11.088370363182916,0.9771319659637812,0.989799973013578,0.9215041987248697,0.9507339033616518,,,,
sac,20260518_142138,105,10.745787865011675,0.9455086617621419,0.9873197608598275,0.9132876005183789,0.9329074645227593,,,,
sac,20260518_142138,106,11.564064338240037,0.9357189896923955,0.9999487871216843,0.9193160860253556,0.9330846039229073,,,,
sac,20260518_142138,107,11.360978620419674,0.9187595862837042,1.0108869030235383,0.9011612966191024,0.9098889384302311,,,,
sac,20260518_142138,108,12.765669047045524,0.8305857322004158,0.9754012999936095,0.8716635872609914,0.916986553155948,,,,
sac,20260518_142138,109,12.013661543523927,0.8867231392854592,0.9881829081808974,0.8672820396488532,0.9024137087923009,,,,
sac,20260518_142138,110,11.810480531053777,0.9513411258209544,1.0299993547174382,0.8857732174026751,0.9474980804028746,,,,
sac,20260518_142138,111,11.589621629037305,0.9596033971094584,1.0284052870396407,0.9018292263615877,0.9399648605278343,,,,
sac,20260518_142138,112,10.980134378143072,0.9625369762870832,1.0071066810196498,0.9103856537025422,0.9311152878435678,,,,
sac,20260518_142138,113,11.210357385063617,0.9542056762889842,0.9976624085384174,0.8997366369119846,0.920060287637898,,,,
sac,20260518_142138,114,11.48171952256884,0.967915793361317,0.9836564959332463,0.8948709909105673,0.9274282773782033,,,,
sac,20260518_142138,115,11.525924312250089,0.9925521715576451,0.9840811724876403,0.8983873970340938,0.927112920867512,,,,
sac,20260518_142138,116,11.6286219370398,1.0090533815960954,0.9808567613446939,0.9144958840333857,0.9666353094067744,,,,
sac,20260518_142138,117,10.295225524403481,1.0131486685986146,0.9671637494062452,0.9207010103797074,0.9836314841642888,,,,
sac,20260518_142138,118,10.728921971005457,1.018640802097434,0.9736581464139817,0.9268567477469333,0.9838385457231198,,,,
sac,20260518_142138,119,10.811646978779162,1.017325570918183,0.9736606667982415,0.9283812930749263,0.98483653302319,,,,
sac,20260518_142138,120,10.650374898168423,1.015472972407224,0.9805276861592574,0.9353022445866372,0.9845613454541308,,,,
sac,20260518_142138,121,10.377229729604894,1.0098276914912276,0.9717092482198495,0.9301749759935773,0.9814880529593211,,,,
sac,20260518_142138,122,9.654637124241209,0.9995939325963263,0.983635425078137,0.9355769740242976,0.9744246051472146,,,,
sac,20260518_142138,123,11.03480369154056,0.9940984028216917,0.9888598518024082,0.931454717979068,0.969829554692842,,,,
sac,20260518_142138,124,10.075973122480404,1.0006482011343905,0.9889665316135506,0.9420763638598146,0.9801995129397255,,,,
sac,20260518_142138,125,10.784397126791331,0.997878490399944,0.9828293019338161,0.9434103095962201,0.9785944602423114,,,,
sac,20260518_142138,126,9.26215596760793,0.9979711783536913,0.9766082990863652,0.9483222462251433,0.9826569902361371,,,,
sac,20260518_142138,127,10.447699886800143,0.9973887678926985,0.9786356959004479,0.9488445326234796,0.9832671140666207,,,,
sac,20260518_142138,128,9.991368143409767,0.9970425668063398,0.9664295911454246,0.9410549253167119,0.9776560836355201,,,,
sac,20260518_142138,129,11.550205008783667,1.00221837812569,0.9701182319122381,0.9394206633503017,0.9677589859929867,,,,
sac,20260518_142138,130,11.128080486048807,1.0027678738460963,0.9747726319694265,0.9520313280489063,0.9695486512122443,,,,
sac,20260518_142138,131,10.171158046361658,1.0159346207459747,0.9689597091914038,0.9738421715795994,0.9757156583738833,,,,
sac,20260518_142138,132,11.155167559730303,1.0113387603254522,0.9779718875613981,0.97178390075278,0.9642744770739228,,,,
sac,20260518_142138,133,9.939885690680313,1.018616708686568,1.0016143831540831,0.9859793651537985,0.9901265529653756,,,,
sac,20260518_142138,134,10.461976362300584,1.0228261865648165,1.0051886613349779,0.9889224022874259,0.9821038504742319,,,,
sac,20260518_142138,135,10.720532366523207,1.008586316811852,0.9948927156212448,0.9952204775308928,0.9808802553568967,,,,
sac,20260518_142138,136,10.398420356920976,1.0061425542737197,0.9933589333973941,0.9820736791065429,0.9817506064333429,,,,
sac,20260518_142138,137,10.293979999795443,1.0086640437451933,0.9860674106719671,0.9722677478705009,0.9680984179365624,,,,
sac,20260518_142138,138,11.933985411859613,1.009966889430507,0.9782600150872895,0.9694929399061948,0.9827287647087359,,,,
sac,20260518_142138,139,10.726372291710707,1.0069207487913445,0.9867029352800273,0.9769207201978134,0.9653908144624438,,,,
sac,20260518_142138,140,11.541988337806691,1.015107923886717,0.9781810856526135,0.9839098530599586,0.9768049619306112,,,,
sac,20260518_142138,141,12.127813126375559,1.0192526514867495,0.9784196952321509,0.9897007601772202,0.9700830050598597,,,,
sac,20260518_142138,142,11.389353447849176,1.0108755099983682,0.9777120874252432,0.9991504172096028,0.9754151065717451,,,,
sac,20260518_142138,143,10.098509532133605,1.0091044140637677,0.9893780932144182,1.0153247300369912,0.9767378657357767,,,,
sac,20260518_142138,144,8.830168442298303,1.0152533713171579,0.9956798618019093,1.0056062384246616,0.9575297923016478,,,,
sac,20260518_142138,145,10.84566771122255,1.0371937197211083,0.9923141046543605,1.023055724905862,0.9740524950204417,,,,
sac,20260518_142138,146,9.999808617794573,1.0372697707025964,0.9903146212978754,1.0193877346959197,0.9689534174787695,,,,
sac,20260518_142138,147,9.829049256466995,1.0186686248864134,0.9958683078621107,1.0193648668180686,0.9772152447723783,,,,
sac,20260518_142138,148,10.805597971240411,1.0017517972963106,0.9892183590272907,1.0012301797170948,0.9733655324671417,,,,
sac,20260518_142138,149,10.25656139484863,1.0118433514152456,0.9936767913564836,1.0092513222858543,0.9588554387621115,,,,
sac,20260518_142138,150,10.377948186745684,0.9987103547919105,0.9877714346323045,1.0059041374719526,0.9740237431717105,,,,
sac,20260518_142138,151,11.218857209728103,1.0087723523567547,1.001772265994805,1.009274405209726,0.9745616076143051,,,,
sac,20260518_142138,152,10.904498588721403,1.005560144105766,0.9937567094206315,0.9922437681492738,0.9592808815650642,,,,
sac,20260518_142138,153,10.516413230485627,1.0151492818717087,0.9913632464274997,0.9951043765879148,0.9746581998817418,,,,
sac,20260518_142138,154,10.548174899748869,1.012947213908592,0.9963808823507861,1.0063274465836003,0.9622234010850661,,,,
sac,20260518_142138,155,11.763242943221377,1.0130219216272962,0.9933724251546664,1.0072486082721297,0.9696954240629566,,,,
sac,20260518_142138,156,11.584352314664232,1.0091562202651403,1.0103355728009773,1.0075811953473022,0.9565217043800658,,,,
sac,20260518_142138,157,8.765249032827482,1.0086524546451983,1.0026553232906736,1.018892938928002,0.9650706553919008,,,,
sac,20260518_142138,158,9.044536930226014,0.9908606027936913,0.9962700243946528,1.0010570436446868,0.9718214283522684,,,,
sac,20260518_142138,159,8.891031591163705,0.9952546347569295,1.0072595059697051,1.0072265409879038,0.9684647506976034,,,,
sac,20260518_142138,160,10.593219421395506,1.0056898607588665,1.0103228677522567,0.9993440608923265,0.9746413098066113,,,,
sac,20260518_142138,161,10.841852974705153,1.0049556045854842,1.0141071843110694,1.003586562356213,0.9781170765811111,,,,
sac,20260518_142138,162,8.79096780049807,1.0048912066748925,1.0040018273169153,1.000312089396175,0.9831863466242794,,,,
sac,20260518_142138,163,9.15540662996667,1.0275810056476984,1.0109215263611986,1.006460279255407,0.9644525522977346,,,,
sac,20260518_142138,164,9.885845975863385,1.0087697904637025,0.9944012778432807,0.9887121634747018,1.01348052218691,,,,
sac,20260518_142138,165,9.522290456641834,1.0127160112977436,1.018595219557028,0.9899102311035677,0.973876638332149,,,,
sac,20260518_142138,166,11.151326705698203,1.0229671829991276,1.0083421050017933,1.0032598907593637,0.9985996924119718,,,,
sac,20260518_142138,167,9.96388514902582,1.036805629794253,1.012000796797338,1.0129257875030817,1.0091359854362962,,,,
sac,20260518_142138,168,10.771006392818956,1.0270209007907396,0.9950037368456833,1.0157498033084267,1.030099172588234,,,,
sac,20260518_142138,169,10.294831040206502,1.0410751703208008,1.0114766382946982,1.0173083818001032,1.0141612717154203,,,,
sac,20260518_142138,170,9.348215222914604,1.0332084264155128,1.002696534491406,1.0419684183882054,1.0118956568196154,,,,
sac,20260518_142138,171,10.93729359927471,1.0378968531913415,0.9998163242218652,1.031246590736555,1.0398992369438929,,,,
sac,20260518_142138,172,10.431294790348211,1.0438493474357529,1.0094282829371877,1.0384604147323444,1.0407157480498426,,,,
sac,20260518_142138,173,10.127397912185431,1.0506461076995037,1.023122683159454,1.0487606225984565,1.0035535054152205,,,,
sac,20260518_142138,174,10.310295211097783,1.0432880793545336,1.0304542334808502,1.0432754850789479,1.0290177107977798,,,,
sac,20260518_142138,175,10.969031904138928,1.047979409463369,1.0254778757021996,1.0350934497379058,1.0418290486559272,,,,
sac,20260518_142138,176,10.707094357040962,1.039951656662288,1.0326220840315727,1.0308475196305154,1.0454693007544846,,,,
sac,20260518_142138,177,10.89984899058795,1.0525922445151081,1.0358137135503056,1.0472199108844507,0.9981128915125737,,,,
sac,20260518_142138,178,11.527743948721717,1.0619170256206871,1.0227349526423495,1.0416060827148612,0.9858697444287827,,,,
sac,20260518_142138,179,10.181050471428891,1.0528598503871762,1.030355860824784,1.0353576450534092,1.0086306974131731,,,,
sac,20260518_142138,180,9.355388745630659,1.0441298713614742,1.0157501549023435,1.018183142260932,0.9826466132890346,,,,
sac,20260518_142138,181,11.033767337418988,1.0537459398001374,1.0144025912262804,1.0243146754866757,0.9931683033748413,,,,
sac,20260518_142138,182,11.100295561093194,1.061097304174473,1.0213086986666895,1.0227236291764712,0.9839269098229124,,,,
sac,20260518_142138,183,10.942771016698574,1.0425041231203067,1.0137620177978532,1.0264565920508175,1.0123917949866155,,,,
sac,20260518_142138,184,9.398306272302404,1.0163762543812482,1.0544088842718338,1.0614032379089622,1.0658884955384564,,,,
sac,20260518_142138,185,10.44270156209281,1.0097763799235508,1.0526140249967284,1.0456615460452667,1.0561316766659274,,,,
sac,20260518_142138,186,11.465491960976513,1.0070931286609266,1.0504262054819264,1.0446466224908364,1.0504853736405493,,,,
sac,20260518_142138,187,11.690425836187295,1.0168427442991743,1.0201441392729975,1.0231401316828852,1.018301706357306,,,,
sac,20260518_142138,188,10.821477934229767,0.9980376751242147,1.027907768806017,1.0220431671621555,1.0175715035875328,,,,
sac,20260518_142138,189,11.378698294170329,0.9816304667550867,1.0431893572767876,1.030703849992642,1.0095255647131125,,,,
sac,20260518_142138,190,10.57559993893707,0.9853256798145594,1.0346248206406017,1.0345139832003043,0.9945499821571502,,,,
sac,20260518_142138,191,9.960497976903872,0.9835184724222927,1.0589463792995957,1.026457110564661,0.9975521367668989,,,,
sac,20260518_142138,192,11.760693379699434,0.9590131400138489,1.0468744182115188,1.0086867163066926,0.9776620726916008,,,,
sac,20260518_142138,193,9.952347649666335,0.9556494794378523,1.0922142123423328,1.02398335180078,0.9908612407733017,,,,
sac,20260518_142138,194,8.586925074617774,0.9471468722214922,1.0798096638260177,1.0183680638770967,1.0076857159896462,,,,
sac,20260518_142138,195,7.780034466437596,0.9753110506782832,1.0729824663350882,1.043710238742642,1.0231049495549087,,,,
sac,20260518_142138,196,8.45755550417351,0.9862238170288038,1.067552737436381,1.0506639530425672,1.0251118667996706,,,,
sac,20260518_142138,197,8.234613808353615,1.008038508212485,1.0368462883343454,1.0346628471801522,1.0060504704739288,,,,
sac,20260518_142138,198,8.401553344889614,1.0358581993141343,1.0700248903358442,1.062129399384503,1.0231891921801435,,,,
sac,20260518_142138,199,8.702627053992455,1.036398110821756,1.0812056833412498,1.08736284565166,1.056822518100671,,,,
sac,20260518_142138,200,8.92053122586962,0.9915683736936444,1.070598364907346,1.1013457327355354,1.0820600838305836,,,,
